# Cell World sim update 分段耗时日志

字段说明：
  - perceive_ms: 阶段1 感知并行（rayon par_iter）
  - snn_ms: 阶段2b 同步等 GPU/CPU 神经批（含同步往返开销）
  - actions_ms: 阶段2c 串行动作执行 + reward 计算
  - total_ms: world.update 总耗时
  - 判读: snn 占大头=GPU同步瓶颈; actions 占大头=CPU串行瓶颈

| 时间 | 生物 | perceive_ms | snn_ms | actions_ms | total_ms | snn占比 | actions占比 |
|------|------|-------------|--------|------------|----------|---------|-------------|
| 9406 | 50 | 0.080 | 1.253 | 0.051 | 1.386 | 90.4% | 3.6% |
| 9416 | 50 | 0.076 | 1.213 | 0.075 | 1.367 | 88.7% | 5.5% |
| 9426 | 50 | 0.108 | 1.147 | 0.052 | 1.310 | 87.5% | 4.0% |
| 9436 | 50 | 0.097 | 1.149 | 0.052 | 1.302 | 88.3% | 4.0% |
| 9446 | 51 | 0.098 | 1.206 | 0.063 | 1.371 | 88.0% | 4.6% |
| 9457 | 50 | 0.087 | 1.161 | 0.055 | 1.306 | 88.9% | 4.2% |
| 9467 | 50 | 0.081 | 1.164 | 0.056 | 1.304 | 89.3% | 4.3% |
| 9477 | 50 | 0.094 | 1.157 | 0.050 | 1.304 | 88.8% | 3.8% |
| 9487 | 50 | 0.073 | 1.177 | 0.052 | 1.305 | 90.2% | 4.0% |
| 9497 | 51 | 0.094 | 1.168 | 0.068 | 1.334 | 87.6% | 5.1% |
| 9507 | 50 | 0.122 | 1.221 | 0.047 | 1.393 | 87.6% | 3.4% |
| 9517 | 52 | 0.091 | 1.223 | 0.065 | 1.383 | 88.4% | 4.7% |
| 9528 | 52 | 0.091 | 2.029 | 0.074 | 2.197 | 92.3% | 3.4% |
| 9538 | 50 | 0.083 | 1.085 | 0.049 | 1.220 | 88.9% | 4.0% |
| 9548 | 50 | 0.076 | 1.168 | 0.054 | 1.301 | 89.7% | 4.2% |
| 9558 | 54 | 0.119 | 1.175 | 0.057 | 1.354 | 86.8% | 4.2% |
| 9568 | 50 | 0.091 | 1.147 | 0.059 | 1.300 | 88.2% | 4.5% |
| 9579 | 50 | 0.086 | 1.150 | 0.048 | 1.287 | 89.4% | 3.7% |
| 9589 | 50 | 0.142 | 1.688 | 0.057 | 1.890 | 89.3% | 3.0% |
| 9599 | 56 | 0.101 | 1.466 | 0.051 | 1.622 | 90.4% | 3.1% |
| 9609 | 59 | 0.122 | 1.377 | 0.066 | 1.569 | 87.7% | 4.2% |
| 9619 | 53 | 0.079 | 0.966 | 0.047 | 1.095 | 88.2% | 4.3% |
| 9630 | 60 | 0.091 | 1.144 | 0.053 | 1.292 | 88.5% | 4.1% |
| 9640 | 62 | 0.094 | 1.173 | 0.071 | 1.343 | 87.4% | 5.3% |
| 9650 | 75 | 0.108 | 1.250 | 0.071 | 1.436 | 87.1% | 5.0% |
| 9660 | 87 | 0.146 | 1.268 | 0.100 | 1.517 | 83.5% | 6.6% |
| 9670 | 99 | 0.118 | 1.211 | 0.101 | 1.436 | 84.3% | 7.0% |
| 9681 | 127 | 0.148 | 1.400 | 0.158 | 1.713 | 81.7% | 9.2% |
| 9691 | 147 | 0.193 | 1.313 | 0.196 | 1.711 | 76.8% | 11.4% |
| 9701 | 189 | 0.233 | 1.334 | 0.250 | 1.830 | 72.9% | 13.7% |
| 9711 | 223 | 0.232 | 1.730 | 0.284 | 2.261 | 76.5% | 12.6% |
| 9726 | 266 | 0.419 | 2.429 | 0.330 | 3.194 | 76.0% | 10.3% |
| 9736 | 325 | 0.349 | 1.445 | 0.440 | 2.255 | 64.1% | 19.5% |
| 9745 | 380 | 0.374 | 1.701 | 0.568 | 2.668 | 63.8% | 21.3% |
| 9754 | 438 | 0.430 | 1.809 | 0.614 | 2.879 | 62.8% | 21.3% |
| 9765 | 499 | 0.669 | 3.549 | 1.433 | 5.714 | 62.1% | 25.1% |
| 9777 | 589 | 0.670 | 3.010 | 1.204 | 4.918 | 61.2% | 24.5% |
| 9788 | 657 | 0.620 | 2.468 | 1.140 | 4.267 | 57.8% | 26.7% |
| 9797 | 712 | 0.764 | 3.382 | 1.512 | 5.715 | 59.2% | 26.5% |
| 9808 | 751 | 0.802 | 5.995 | 1.456 | 8.309 | 72.2% | 17.5% |
| 9817 | 799 | 0.795 | 4.064 | 1.543 | 6.469 | 62.8% | 23.9% |
| 9828 | 849 | 0.727 | 3.459 | 1.662 | 5.892 | 58.7% | 28.2% |
| 9838 | 868 | 0.900 | 3.381 | 1.718 | 6.052 | 55.9% | 28.4% |
| 9849 | 886 | 0.937 | 8.806 | 1.608 | 11.407 | 77.2% | 14.1% |
| 9858 | 898 | 0.930 | 3.430 | 1.786 | 6.218 | 55.2% | 28.7% |
| 9869 | 921 | 1.159 | 5.309 | 1.824 | 8.378 | 63.4% | 21.8% |
| 9881 | 929 | 0.955 | 4.045 | 2.098 | 7.167 | 56.4% | 29.3% |
| 9891 | 925 | 1.108 | 6.910 | 1.828 | 9.983 | 69.2% | 18.3% |
| 9900 | 890 | 0.950 | 5.936 | 1.936 | 8.890 | 66.8% | 21.8% |
| 9911 | 866 | 0.864 | 3.890 | 1.653 | 6.470 | 60.1% | 25.6% |
| 9922 | 829 | 1.007 | 6.232 | 1.445 | 8.758 | 71.2% | 16.5% |
| 9932 | 800 | 0.760 | 3.886 | 1.594 | 6.279 | 61.9% | 25.4% |
| 9943 | 778 | 0.756 | 3.414 | 1.493 | 5.726 | 59.6% | 26.1% |
| 9951 | 770 | 0.706 | 4.695 | 1.454 | 6.901 | 68.0% | 21.1% |
| 9962 | 783 | 0.771 | 3.957 | 1.727 | 6.523 | 60.7% | 26.5% |
| 9972 | 773 | 0.779 | 4.578 | 1.294 | 6.695 | 68.4% | 19.3% |
| 9983 | 783 | 0.683 | 3.346 | 1.553 | 5.630 | 59.4% | 27.6% |
| 9994 | 789 | 0.737 | 3.236 | 1.500 | 5.533 | 58.5% | 27.1% |
| 10005 | 754 | 0.715 | 3.861 | 1.371 | 5.991 | 64.5% | 22.9% |
| 10015 | 755 | 0.732 | 5.247 | 1.373 | 7.408 | 70.8% | 18.5% |
| 10024 | 749 | 0.615 | 3.027 | 1.346 | 5.036 | 60.1% | 26.7% |
| 10035 | 731 | 0.641 | 2.979 | 1.130 | 4.800 | 62.1% | 23.5% |
| 10046 | 705 | 0.595 | 3.186 | 1.188 | 5.018 | 63.5% | 23.7% |
| 10055 | 682 | 0.603 | 2.900 | 1.070 | 4.618 | 62.8% | 23.2% |
| 10065 | 663 | 0.738 | 6.238 | 1.046 | 8.069 | 77.3% | 13.0% |
| 10077 | 612 | 0.510 | 2.800 | 1.053 | 4.406 | 63.5% | 23.9% |
| 10085 | 550 | 0.527 | 2.862 | 1.144 | 4.574 | 62.6% | 25.0% |
| 10096 | 496 | 0.583 | 3.780 | 0.777 | 5.186 | 72.9% | 15.0% |
| 10106 | 435 | 0.399 | 2.328 | 0.683 | 3.445 | 67.6% | 19.8% |
| 10117 | 403 | 0.391 | 1.895 | 0.493 | 2.812 | 67.4% | 17.6% |
| 10129 | 360 | 0.373 | 2.026 | 0.515 | 2.940 | 68.9% | 17.5% |
| 10137 | 332 | 0.308 | 1.696 | 0.466 | 2.499 | 67.9% | 18.6% |
| 10147 | 306 | 0.302 | 1.577 | 0.389 | 2.290 | 68.8% | 17.0% |
| 10157 | 289 | 0.283 | 1.485 | 0.320 | 2.109 | 70.4% | 15.2% |
| 10167 | 277 | 0.278 | 1.683 | 0.401 | 2.383 | 70.6% | 16.8% |
| 10178 | 265 | 0.251 | 2.938 | 0.344 | 3.550 | 82.8% | 9.7% |
| 10188 | 255 | 0.258 | 1.596 | 0.323 | 2.194 | 72.7% | 14.7% |
| 10198 | 248 | 0.236 | 1.398 | 0.305 | 1.955 | 71.5% | 15.6% |
| 10209 | 240 | 0.277 | 1.542 | 0.302 | 2.139 | 72.1% | 14.1% |
| 10219 | 236 | 0.231 | 1.544 | 0.274 | 2.069 | 74.7% | 13.2% |
| 10229 | 238 | 0.248 | 1.717 | 0.246 | 2.230 | 77.0% | 11.0% |
| 10239 | 231 | 0.228 | 2.007 | 0.321 | 2.574 | 77.9% | 12.5% |
| 10249 | 216 | 0.256 | 1.466 | 0.265 | 2.004 | 73.2% | 13.2% |
| 10260 | 215 | 0.220 | 1.517 | 0.259 | 2.014 | 75.3% | 12.8% |
| 10270 | 207 | 0.218 | 2.333 | 0.259 | 2.824 | 82.6% | 9.2% |
| 10280 | 217 | 0.192 | 1.485 | 0.201 | 1.894 | 78.4% | 10.6% |
| 10290 | 225 | 0.276 | 1.970 | 0.276 | 2.543 | 77.5% | 10.9% |
| 10300 | 222 | 0.198 | 1.591 | 0.299 | 2.105 | 75.6% | 14.2% |
| 10311 | 213 | 0.197 | 1.320 | 0.222 | 1.754 | 75.2% | 12.6% |
| 10321 | 223 | 0.181 | 1.460 | 0.221 | 1.879 | 77.7% | 11.8% |
| 10331 | 213 | 0.210 | 1.746 | 0.224 | 2.197 | 79.5% | 10.2% |
| 10341 | 226 | 0.221 | 1.506 | 0.208 | 1.951 | 77.2% | 10.7% |
| 10356 | 242 | 0.243 | 1.754 | 0.311 | 2.326 | 75.4% | 13.4% |
| 10367 | 241 | 0.249 | 3.087 | 0.379 | 3.730 | 82.8% | 10.2% |
| 10377 | 247 | 0.215 | 1.570 | 0.268 | 2.070 | 75.9% | 12.9% |
| 10387 | 250 | 0.249 | 1.550 | 0.311 | 2.125 | 72.9% | 14.7% |
| 10397 | 266 | 0.278 | 1.596 | 0.328 | 2.219 | 71.9% | 14.8% |
| 10407 | 279 | 0.245 | 1.844 | 0.484 | 2.591 | 71.2% | 18.7% |
| 10418 | 302 | 0.275 | 1.717 | 0.389 | 2.404 | 71.4% | 16.2% |
| 10428 | 322 | 0.265 | 1.844 | 0.514 | 2.647 | 69.7% | 19.4% |
| 10438 | 338 | 0.285 | 1.535 | 0.351 | 2.195 | 69.9% | 16.0% |
| 10448 | 358 | 0.349 | 1.847 | 0.516 | 2.736 | 67.5% | 18.9% |
| 10457 | 380 | 0.329 | 1.674 | 0.522 | 2.551 | 65.6% | 20.5% |
| 10470 | 417 | 0.347 | 2.377 | 0.643 | 3.390 | 70.1% | 19.0% |
| 10477 | 424 | 0.388 | 2.113 | 0.649 | 3.178 | 66.5% | 20.4% |
| 10489 | 444 | 0.383 | 2.135 | 0.647 | 3.194 | 66.9% | 20.3% |
| 10499 | 473 | 0.433 | 3.305 | 0.679 | 4.450 | 74.3% | 15.3% |
| 10510 | 507 | 0.445 | 2.499 | 0.772 | 3.747 | 66.7% | 20.6% |
| 10519 | 524 | 0.481 | 4.192 | 0.782 | 5.493 | 76.3% | 14.2% |
| 10531 | 533 | 0.477 | 3.785 | 0.785 | 5.080 | 74.5% | 15.4% |
| 10542 | 559 | 0.455 | 3.197 | 0.968 | 4.655 | 68.7% | 20.8% |
| 10551 | 572 | 0.511 | 2.766 | 1.061 | 4.375 | 63.2% | 24.2% |
| 10562 | 578 | 0.567 | 4.509 | 0.995 | 6.111 | 73.8% | 16.3% |
| 10571 | 594 | 0.516 | 3.133 | 0.848 | 4.534 | 69.1% | 18.7% |
| 10582 | 607 | 0.454 | 2.756 | 1.031 | 4.275 | 64.5% | 24.1% |
| 10592 | 623 | 0.514 | 2.667 | 0.899 | 4.114 | 64.8% | 21.8% |
| 10602 | 623 | 0.561 | 3.771 | 1.014 | 5.377 | 70.1% | 18.9% |
| 10613 | 618 | 0.568 | 7.539 | 1.012 | 9.155 | 82.4% | 11.1% |
| 10623 | 645 | 0.503 | 2.795 | 0.930 | 4.266 | 65.5% | 21.8% |
| 10634 | 633 | 0.626 | 3.060 | 1.109 | 4.845 | 63.2% | 22.9% |
| 10644 | 632 | 0.563 | 3.037 | 0.884 | 4.522 | 67.2% | 19.6% |
| 10654 | 648 | 0.498 | 2.516 | 0.981 | 4.031 | 62.4% | 24.3% |
| 10664 | 645 | 0.599 | 5.053 | 0.955 | 6.665 | 75.8% | 14.3% |
| 10674 | 662 | 0.602 | 4.351 | 1.033 | 6.023 | 72.2% | 17.2% |
| 10687 | 674 | 0.613 | 3.859 | 1.057 | 5.569 | 69.3% | 19.0% |
| 10696 | 669 | 0.594 | 5.455 | 1.125 | 7.211 | 75.6% | 15.6% |
| 10706 | 649 | 0.670 | 4.378 | 1.052 | 6.139 | 71.3% | 17.1% |
| 10716 | 648 | 0.609 | 2.979 | 1.146 | 4.776 | 62.4% | 24.0% |
| 10728 | 661 | 0.518 | 3.354 | 1.162 | 5.085 | 65.9% | 22.9% |
| 10738 | 666 | 0.604 | 4.418 | 1.108 | 6.207 | 71.2% | 17.8% |
| 10747 | 677 | 0.665 | 3.042 | 1.137 | 4.886 | 62.3% | 23.3% |
| 10757 | 679 | 0.629 | 4.483 | 1.028 | 6.184 | 72.5% | 16.6% |
| 10769 | 668 | 0.632 | 2.848 | 1.175 | 4.706 | 60.5% | 25.0% |
| 10779 | 639 | 0.566 | 2.849 | 1.088 | 4.540 | 62.8% | 24.0% |
| 10789 | 612 | 0.516 | 3.166 | 0.931 | 4.652 | 68.1% | 20.0% |
| 10799 | 627 | 0.511 | 2.810 | 1.037 | 4.394 | 63.9% | 23.6% |
| 10810 | 614 | 0.586 | 2.954 | 1.056 | 4.631 | 63.8% | 22.8% |
| 10820 | 604 | 0.508 | 2.848 | 0.900 | 4.296 | 66.3% | 21.0% |
| 10831 | 602 | 0.555 | 4.062 | 0.974 | 5.629 | 72.2% | 17.3% |
| 10841 | 602 | 0.533 | 3.132 | 0.962 | 4.668 | 67.1% | 20.6% |
| 10851 | 622 | 0.593 | 4.008 | 1.027 | 5.662 | 70.8% | 18.1% |
| 10862 | 609 | 0.555 | 4.137 | 1.044 | 5.776 | 71.6% | 18.1% |
| 10872 | 596 | 0.522 | 3.235 | 1.183 | 4.980 | 65.0% | 23.8% |
| 10883 | 594 | 0.559 | 2.936 | 1.019 | 4.554 | 64.5% | 22.4% |
| 10893 | 602 | 0.549 | 2.767 | 1.028 | 4.382 | 63.2% | 23.4% |
| 10903 | 596 | 0.587 | 4.226 | 0.817 | 5.669 | 74.6% | 14.4% |
| 10914 | 592 | 0.486 | 2.741 | 0.960 | 4.226 | 64.9% | 22.7% |
| 10924 | 578 | 0.637 | 3.398 | 1.050 | 5.126 | 66.3% | 20.5% |
| 10933 | 551 | 0.474 | 2.545 | 0.866 | 3.921 | 64.9% | 22.1% |
| 10945 | 532 | 0.440 | 2.518 | 0.836 | 3.833 | 65.7% | 21.8% |
| 10953 | 505 | 0.409 | 2.380 | 0.806 | 3.631 | 65.5% | 22.2% |
| 10966 | 493 | 0.465 | 2.405 | 0.812 | 3.714 | 64.7% | 21.9% |
| 10975 | 492 | 0.405 | 2.331 | 0.802 | 3.572 | 65.3% | 22.5% |
| 10985 | 480 | 0.399 | 2.300 | 0.712 | 3.442 | 66.8% | 20.7% |
| 10995 | 452 | 0.380 | 2.246 | 0.678 | 3.337 | 67.3% | 20.3% |
| 11005 | 444 | 0.382 | 2.195 | 0.565 | 3.174 | 69.2% | 17.8% |
| 11015 | 443 | 0.434 | 4.324 | 0.609 | 5.394 | 80.2% | 11.3% |
| 11026 | 452 | 0.411 | 3.451 | 0.670 | 4.566 | 75.6% | 14.7% |
| 11036 | 465 | 0.398 | 2.333 | 0.778 | 3.544 | 65.8% | 22.0% |
| 11046 | 476 | 0.403 | 2.508 | 0.702 | 3.647 | 68.8% | 19.3% |
| 11058 | 473 | 0.418 | 2.548 | 0.684 | 3.684 | 69.2% | 18.6% |
| 11068 | 488 | 0.420 | 4.127 | 0.687 | 5.268 | 78.3% | 13.0% |
| 11077 | 489 | 0.421 | 2.466 | 0.732 | 3.648 | 67.6% | 20.1% |
| 11089 | 491 | 0.581 | 3.212 | 0.865 | 4.704 | 68.3% | 18.4% |
| 11098 | 502 | 0.477 | 4.324 | 0.805 | 5.638 | 76.7% | 14.3% |
| 11110 | 522 | 0.477 | 2.446 | 0.889 | 3.841 | 63.7% | 23.1% |
| 11119 | 538 | 0.531 | 1.594 | 0.671 | 2.841 | 56.1% | 23.6% |
| 11131 | 546 | 0.451 | 1.311 | 0.704 | 2.499 | 52.5% | 28.2% |
| 11141 | 536 | 0.498 | 2.246 | 0.936 | 3.715 | 60.4% | 25.2% |
| 11151 | 536 | 0.486 | 4.820 | 0.711 | 6.052 | 79.6% | 11.7% |
| 11160 | 530 | 0.458 | 2.356 | 0.814 | 3.661 | 64.4% | 22.2% |
| 11171 | 548 | 0.491 | 4.853 | 0.821 | 6.198 | 78.3% | 13.2% |
| 11180 | 541 | 0.503 | 3.733 | 0.803 | 5.075 | 73.6% | 15.8% |
| 11192 | 546 | 0.421 | 2.931 | 0.829 | 4.216 | 69.5% | 19.7% |
| 11201 | 548 | 0.456 | 2.667 | 0.945 | 4.107 | 64.9% | 23.0% |
| 11212 | 560 | 0.484 | 2.837 | 0.889 | 4.249 | 66.8% | 20.9% |
| 11224 | 558 | 0.430 | 2.664 | 0.881 | 4.011 | 66.4% | 22.0% |
| 11232 | 554 | 0.516 | 2.815 | 0.880 | 4.248 | 66.3% | 20.7% |
| 11244 | 557 | 0.528 | 4.869 | 1.139 | 6.573 | 74.1% | 17.3% |
| 11252 | 550 | 0.462 | 3.192 | 0.822 | 4.507 | 70.8% | 18.2% |
| 11264 | 555 | 0.545 | 2.678 | 0.867 | 4.125 | 64.9% | 21.0% |
| 11276 | 536 | 0.453 | 3.528 | 0.836 | 4.853 | 72.7% | 17.2% |
| 11285 | 512 | 0.377 | 2.823 | 0.800 | 4.033 | 70.0% | 19.8% |
| 11294 | 504 | 0.426 | 2.414 | 0.690 | 3.568 | 67.7% | 19.3% |
| 11306 | 509 | 0.396 | 5.599 | 0.854 | 6.882 | 81.4% | 12.4% |
| 11316 | 497 | 0.413 | 3.327 | 0.761 | 4.531 | 73.4% | 16.8% |
| 11325 | 498 | 0.417 | 3.774 | 0.817 | 5.040 | 74.9% | 16.2% |
| 11337 | 515 | 0.429 | 2.573 | 0.821 | 3.857 | 66.7% | 21.3% |
| 11346 | 512 | 0.399 | 3.095 | 0.813 | 4.341 | 71.3% | 18.7% |
| 11357 | 505 | 0.444 | 3.896 | 0.789 | 5.161 | 75.5% | 15.3% |
| 11366 | 508 | 0.469 | 2.628 | 1.019 | 4.155 | 63.2% | 24.5% |
| 11378 | 515 | 0.459 | 2.872 | 0.842 | 4.209 | 68.2% | 20.0% |
| 11387 | 511 | 0.407 | 2.545 | 0.728 | 3.708 | 68.6% | 19.6% |
| 11398 | 516 | 0.451 | 2.639 | 0.833 | 3.953 | 66.8% | 21.1% |
| 11410 | 528 | 0.480 | 3.117 | 0.831 | 4.463 | 69.8% | 18.6% |
| 11419 | 530 | 0.462 | 2.748 | 0.943 | 4.189 | 65.6% | 22.5% |
| 11431 | 507 | 0.399 | 2.772 | 0.745 | 3.951 | 70.2% | 18.8% |
| 11439 | 501 | 0.366 | 4.208 | 0.818 | 5.426 | 77.5% | 15.1% |
| 11451 | 501 | 0.542 | 2.836 | 0.947 | 4.376 | 64.8% | 21.6% |
| 11460 | 491 | 0.469 | 5.615 | 1.071 | 7.194 | 78.0% | 14.9% |
| 11470 | 506 | 0.418 | 2.559 | 0.793 | 3.802 | 67.3% | 20.8% |
| 11481 | 504 | 0.391 | 2.439 | 0.820 | 3.680 | 66.3% | 22.3% |
| 11490 | 493 | 0.442 | 3.292 | 0.837 | 4.604 | 71.5% | 18.2% |
| 11502 | 482 | 0.372 | 2.474 | 0.796 | 3.674 | 67.3% | 21.7% |
| 11512 | 465 | 0.386 | 3.012 | 0.755 | 4.183 | 72.0% | 18.1% |
| 11522 | 476 | 0.430 | 2.458 | 0.857 | 3.778 | 65.1% | 22.7% |
| 11531 | 480 | 0.463 | 4.581 | 0.714 | 5.796 | 79.0% | 12.3% |
| 11544 | 491 | 0.533 | 4.073 | 0.778 | 5.411 | 75.3% | 14.4% |
| 11553 | 506 | 0.450 | 4.604 | 0.826 | 5.914 | 77.8% | 14.0% |
| 11565 | 491 | 0.430 | 3.160 | 0.812 | 4.435 | 71.3% | 18.3% |
| 11574 | 510 | 0.497 | 2.449 | 0.766 | 3.740 | 65.5% | 20.5% |
| 11585 | 515 | 0.447 | 2.836 | 0.868 | 4.191 | 67.7% | 20.7% |
| 11594 | 529 | 0.457 | 2.547 | 0.949 | 3.988 | 63.9% | 23.8% |
| 11605 | 525 | 0.425 | 2.551 | 0.855 | 3.859 | 66.1% | 22.2% |
| 11617 | 527 | 0.539 | 2.773 | 0.915 | 4.267 | 65.0% | 21.4% |
| 11625 | 528 | 0.503 | 2.986 | 0.785 | 4.308 | 69.3% | 18.2% |
| 11637 | 523 | 0.449 | 2.745 | 0.852 | 4.080 | 67.3% | 20.9% |
| 11646 | 514 | 0.497 | 3.716 | 0.867 | 5.111 | 72.7% | 17.0% |
| 11657 | 515 | 0.463 | 2.802 | 0.931 | 4.229 | 66.3% | 22.0% |
| 11666 | 499 | 0.492 | 2.682 | 0.789 | 3.995 | 67.1% | 19.7% |
| 11678 | 491 | 0.409 | 2.486 | 0.766 | 3.693 | 67.3% | 20.7% |
| 11687 | 498 | 0.433 | 2.732 | 0.782 | 3.980 | 68.6% | 19.6% |
| 11699 | 507 | 0.568 | 4.691 | 0.906 | 6.196 | 75.7% | 14.6% |
| 11708 | 513 | 0.444 | 3.195 | 0.746 | 4.418 | 72.3% | 16.9% |
| 11720 | 503 | 0.452 | 2.541 | 0.786 | 3.813 | 66.6% | 20.6% |
| 11729 | 505 | 0.452 | 2.635 | 0.801 | 3.921 | 67.2% | 20.4% |
| 11738 | 494 | 0.478 | 3.202 | 0.640 | 4.353 | 73.6% | 14.7% |
| 11750 | 499 | 0.470 | 6.430 | 0.747 | 7.677 | 83.7% | 9.7% |
| 11759 | 489 | 0.522 | 2.498 | 0.785 | 3.832 | 65.2% | 20.5% |
| 11771 | 507 | 0.477 | 3.356 | 0.632 | 4.502 | 74.5% | 14.0% |
| 11780 | 503 | 0.465 | 2.469 | 0.799 | 3.767 | 65.6% | 21.2% |
| 11792 | 508 | 0.583 | 4.146 | 0.753 | 5.511 | 75.2% | 13.7% |
| 11800 | 510 | 0.493 | 2.573 | 1.028 | 4.126 | 62.4% | 24.9% |
| 11812 | 491 | 0.538 | 2.468 | 0.808 | 3.846 | 64.2% | 21.0% |
| 11822 | 479 | 0.410 | 2.724 | 0.737 | 3.897 | 69.9% | 18.9% |
| 11831 | 454 | 0.390 | 4.091 | 0.707 | 5.216 | 78.4% | 13.6% |
| 11844 | 467 | 0.370 | 2.330 | 0.649 | 3.377 | 69.0% | 19.2% |
| 11854 | 454 | 0.361 | 2.364 | 0.660 | 3.415 | 69.2% | 19.3% |
| 11864 | 450 | 0.379 | 2.518 | 0.670 | 3.593 | 70.1% | 18.6% |
| 11874 | 449 | 0.397 | 2.231 | 0.537 | 3.196 | 69.8% | 16.8% |
| 11884 | 441 | 0.448 | 4.328 | 0.640 | 5.444 | 79.5% | 11.7% |
| 11895 | 440 | 0.374 | 2.650 | 0.865 | 3.916 | 67.7% | 22.1% |
| 11905 | 461 | 0.358 | 2.707 | 0.733 | 3.826 | 70.7% | 19.2% |
| 11915 | 472 | 0.443 | 2.954 | 0.743 | 4.170 | 70.8% | 17.8% |
| 11925 | 474 | 0.405 | 2.400 | 0.682 | 3.519 | 68.2% | 19.4% |
| 11937 | 466 | 0.377 | 2.313 | 0.677 | 3.397 | 68.1% | 19.9% |
| 11947 | 469 | 0.418 | 5.923 | 0.815 | 7.193 | 82.3% | 11.3% |
| 11956 | 474 | 0.430 | 2.546 | 0.763 | 3.768 | 67.6% | 20.3% |
| 11966 | 485 | 0.492 | 4.487 | 0.797 | 5.809 | 77.3% | 13.7% |
| 11978 | 484 | 0.424 | 2.437 | 0.955 | 3.845 | 63.4% | 24.8% |
| 11988 | 492 | 0.447 | 5.346 | 0.909 | 6.734 | 79.4% | 13.5% |
| 11997 | 486 | 0.430 | 3.704 | 0.780 | 4.946 | 74.9% | 15.8% |
| 12009 | 489 | 0.520 | 2.615 | 0.743 | 3.907 | 66.9% | 19.0% |
| 12019 | 504 | 0.489 | 2.454 | 0.798 | 3.773 | 65.0% | 21.1% |
| 12027 | 494 | 0.414 | 2.935 | 0.772 | 4.154 | 70.6% | 18.6% |
| 12039 | 510 | 0.439 | 2.810 | 0.768 | 4.049 | 69.4% | 19.0% |
| 12048 | 515 | 0.462 | 4.954 | 0.854 | 6.301 | 78.6% | 13.5% |
| 12060 | 527 | 0.514 | 2.697 | 0.845 | 4.097 | 65.8% | 20.6% |
| 12071 | 542 | 0.433 | 2.619 | 0.792 | 3.878 | 67.5% | 20.4% |
| 12080 | 537 | 0.536 | 3.300 | 1.006 | 4.877 | 67.7% | 20.6% |
| 12091 | 559 | 0.579 | 4.088 | 0.949 | 5.648 | 72.4% | 16.8% |
| 12102 | 550 | 0.456 | 2.603 | 0.902 | 3.996 | 65.1% | 22.6% |
| 12111 | 552 | 0.498 | 4.169 | 0.874 | 5.575 | 74.8% | 15.7% |
| 12122 | 557 | 0.469 | 2.582 | 0.936 | 4.020 | 64.2% | 23.3% |
| 12134 | 545 | 0.435 | 2.604 | 0.869 | 3.942 | 66.1% | 22.0% |
| 12142 | 527 | 0.446 | 2.409 | 0.814 | 3.702 | 65.1% | 22.0% |
| 12154 | 528 | 0.485 | 3.159 | 0.809 | 4.496 | 70.3% | 18.0% |
| 12162 | 518 | 0.464 | 2.563 | 1.082 | 4.142 | 61.9% | 26.1% |
| 12174 | 507 | 0.424 | 4.791 | 0.796 | 6.037 | 79.4% | 13.2% |
| 12183 | 493 | 0.412 | 2.451 | 0.763 | 3.655 | 67.0% | 20.9% |
| 12195 | 506 | 0.398 | 2.399 | 0.824 | 3.654 | 65.7% | 22.5% |
| 12204 | 499 | 0.523 | 4.190 | 0.735 | 5.492 | 76.3% | 13.4% |
| 12213 | 507 | 0.465 | 2.564 | 0.837 | 3.899 | 65.8% | 21.5% |
| 12226 | 519 | 0.632 | 3.224 | 0.713 | 4.603 | 70.1% | 15.5% |
| 12234 | 506 | 0.436 | 2.630 | 0.787 | 3.881 | 67.8% | 20.3% |
| 12246 | 507 | 0.453 | 2.498 | 0.790 | 3.772 | 66.2% | 20.9% |
| 12267 | 515 | 0.520 | 3.161 | 0.843 | 4.554 | 69.4% | 18.5% |
| 12276 | 498 | 0.447 | 2.344 | 0.802 | 3.625 | 64.6% | 22.1% |
| 12285 | 499 | 0.554 | 3.991 | 0.674 | 5.255 | 75.9% | 12.8% |
| 12297 | 495 | 0.478 | 2.581 | 0.786 | 3.877 | 66.6% | 20.3% |
| 12306 | 492 | 0.414 | 2.482 | 0.880 | 3.807 | 65.2% | 23.1% |
| 12316 | 481 | 0.465 | 2.394 | 0.697 | 3.586 | 66.7% | 19.4% |
| 12328 | 477 | 0.458 | 2.562 | 0.817 | 3.865 | 66.3% | 21.1% |
| 12338 | 472 | 0.440 | 3.134 | 0.740 | 4.347 | 72.1% | 17.0% |
| 12348 | 486 | 0.405 | 2.284 | 0.773 | 3.494 | 65.4% | 22.1% |
| 12357 | 494 | 0.474 | 2.510 | 0.785 | 3.799 | 66.1% | 20.7% |
| 12367 | 474 | 0.409 | 3.894 | 0.809 | 5.143 | 75.7% | 15.7% |
| 12380 | 463 | 0.478 | 2.337 | 0.697 | 3.538 | 66.1% | 19.7% |
| 12390 | 467 | 0.488 | 2.295 | 0.591 | 3.403 | 67.4% | 17.4% |
| 12399 | 458 | 0.457 | 2.921 | 0.776 | 4.180 | 69.9% | 18.6% |
| 12409 | 457 | 0.445 | 3.089 | 0.708 | 4.271 | 72.3% | 16.6% |
| 12419 | 451 | 0.406 | 3.405 | 0.638 | 4.478 | 76.1% | 14.2% |
| 12429 | 462 | 0.382 | 2.390 | 0.622 | 3.425 | 69.8% | 18.2% |
| 12443 | 434 | 0.346 | 2.371 | 0.652 | 3.396 | 69.8% | 19.2% |
| 12453 | 443 | 0.433 | 2.331 | 0.706 | 3.499 | 66.6% | 20.2% |
| 12463 | 441 | 0.396 | 2.411 | 0.667 | 3.508 | 68.7% | 19.0% |
| 12473 | 451 | 0.407 | 3.281 | 0.662 | 4.378 | 74.9% | 15.1% |
| 12483 | 461 | 0.487 | 3.918 | 0.767 | 5.210 | 75.2% | 14.7% |
| 12493 | 477 | 0.431 | 2.343 | 0.843 | 3.648 | 64.2% | 23.1% |
| 12502 | 491 | 0.431 | 3.778 | 0.775 | 5.015 | 75.3% | 15.4% |
| 12512 | 508 | 0.415 | 2.561 | 0.792 | 3.807 | 67.3% | 20.8% |
| 12524 | 523 | 0.583 | 4.346 | 0.763 | 5.718 | 76.0% | 13.3% |
| 12535 | 533 | 0.506 | 4.101 | 0.837 | 5.478 | 74.9% | 15.3% |
| 12544 | 551 | 0.532 | 4.298 | 0.811 | 5.673 | 75.8% | 14.3% |
| 12555 | 564 | 0.462 | 2.955 | 0.806 | 4.259 | 69.4% | 18.9% |
| 12566 | 564 | 0.444 | 2.590 | 0.874 | 3.943 | 65.7% | 22.2% |
| 12575 | 573 | 0.458 | 3.060 | 0.960 | 4.508 | 67.9% | 21.3% |
| 12586 | 546 | 0.492 | 3.256 | 0.963 | 4.744 | 68.6% | 20.3% |
| 12597 | 541 | 0.501 | 3.114 | 0.841 | 4.492 | 69.3% | 18.7% |
| 12606 | 542 | 0.473 | 2.948 | 0.897 | 4.348 | 67.8% | 20.6% |
| 12617 | 533 | 0.407 | 2.554 | 0.867 | 3.862 | 66.1% | 22.5% |
| 12626 | 528 | 0.479 | 4.968 | 0.891 | 6.369 | 78.0% | 14.0% |
| 12637 | 509 | 0.416 | 2.481 | 0.836 | 3.765 | 65.9% | 22.2% |
| 12647 | 505 | 0.435 | 2.338 | 0.806 | 3.611 | 64.8% | 22.3% |
| 12659 | 478 | 0.372 | 4.360 | 0.742 | 5.506 | 79.2% | 13.5% |
| 12668 | 481 | 0.451 | 3.605 | 0.765 | 4.852 | 74.3% | 15.8% |
| 12678 | 475 | 0.445 | 3.678 | 0.760 | 4.915 | 74.8% | 15.5% |
| 12690 | 481 | 0.412 | 2.507 | 0.718 | 3.669 | 68.3% | 19.6% |
| 12700 | 479 | 0.397 | 2.780 | 0.932 | 4.141 | 67.1% | 22.5% |
| 12710 | 470 | 0.416 | 5.060 | 0.735 | 6.237 | 81.1% | 11.8% |
| 12720 | 473 | 0.581 | 2.398 | 0.893 | 3.901 | 61.5% | 22.9% |
| 12730 | 469 | 0.385 | 2.720 | 0.704 | 3.845 | 70.8% | 18.3% |
| 12739 | 442 | 0.403 | 2.338 | 0.866 | 3.632 | 64.4% | 23.8% |
| 12750 | 434 | 0.420 | 3.264 | 0.597 | 4.308 | 75.8% | 13.9% |
| 12760 | 410 | 0.360 | 2.106 | 0.578 | 3.072 | 68.5% | 18.8% |
| 12771 | 415 | 0.339 | 2.397 | 0.612 | 3.372 | 71.1% | 18.2% |
| 12781 | 398 | 0.324 | 2.238 | 0.552 | 3.141 | 71.2% | 17.6% |
| 12793 | 404 | 0.368 | 2.193 | 0.620 | 3.211 | 68.3% | 19.3% |
| 12804 | 402 | 0.359 | 2.141 | 0.589 | 3.116 | 68.7% | 18.9% |
| 12811 | 393 | 0.339 | 1.976 | 0.526 | 2.864 | 69.0% | 18.4% |
| 12822 | 414 | 0.394 | 2.412 | 0.567 | 3.400 | 70.9% | 16.7% |
| 12833 | 403 | 0.372 | 3.385 | 0.610 | 4.393 | 77.0% | 13.9% |
| 12845 | 398 | 0.314 | 4.693 | 0.560 | 5.596 | 83.9% | 10.0% |
| 12853 | 410 | 0.392 | 3.685 | 0.593 | 4.698 | 78.4% | 12.6% |
| 12864 | 427 | 0.351 | 2.179 | 0.612 | 3.172 | 68.7% | 19.3% |
| 12875 | 432 | 0.351 | 2.533 | 0.681 | 3.592 | 70.5% | 19.0% |
| 12885 | 434 | 0.407 | 3.582 | 0.652 | 4.685 | 76.5% | 13.9% |
| 12896 | 438 | 0.371 | 2.344 | 0.644 | 3.389 | 69.2% | 19.0% |
| 12907 | 459 | 0.360 | 2.697 | 0.804 | 3.891 | 69.3% | 20.7% |
| 12917 | 481 | 0.544 | 3.212 | 1.252 | 5.061 | 63.5% | 24.7% |
| 12926 | 497 | 0.469 | 2.484 | 0.740 | 3.724 | 66.7% | 19.9% |
| 12938 | 498 | 0.427 | 2.498 | 0.749 | 3.707 | 67.4% | 20.2% |
| 12947 | 495 | 0.462 | 4.138 | 0.829 | 5.464 | 75.7% | 15.2% |
| 12959 | 481 | 0.402 | 2.576 | 0.714 | 3.722 | 69.2% | 19.2% |
| 12968 | 486 | 0.429 | 2.534 | 0.742 | 3.738 | 67.8% | 19.9% |
| 12978 | 485 | 0.429 | 3.614 | 0.780 | 4.853 | 74.5% | 16.1% |
| 12987 | 484 | 0.410 | 4.701 | 0.807 | 5.948 | 79.0% | 13.6% |
| 13000 | 492 | 0.412 | 2.524 | 0.791 | 3.758 | 67.2% | 21.1% |
| 13009 | 480 | 0.563 | 2.629 | 0.758 | 3.977 | 66.1% | 19.1% |
| 13019 | 462 | 0.447 | 4.024 | 0.680 | 5.176 | 77.7% | 13.1% |
| 13032 | 454 | 0.430 | 2.433 | 0.771 | 3.659 | 66.5% | 21.1% |
| 13041 | 439 | 0.386 | 2.430 | 0.730 | 3.573 | 68.0% | 20.4% |
| 13052 | 438 | 0.430 | 2.375 | 0.644 | 3.473 | 68.4% | 18.6% |
| 13062 | 428 | 0.355 | 2.511 | 0.579 | 3.470 | 72.4% | 16.7% |
| 13072 | 423 | 0.339 | 1.992 | 0.576 | 2.936 | 67.9% | 19.6% |
| 13083 | 415 | 0.351 | 2.259 | 0.621 | 3.256 | 69.4% | 19.1% |
| 13094 | 448 | 0.405 | 2.584 | 0.673 | 3.690 | 70.0% | 18.2% |
| 13104 | 438 | 0.437 | 2.406 | 0.697 | 3.571 | 67.4% | 19.5% |
| 13114 | 419 | 0.394 | 3.369 | 0.669 | 4.459 | 75.6% | 15.0% |
| 13121 | 410 | 0.363 | 2.374 | 0.655 | 3.419 | 69.4% | 19.1% |
| 13132 | 409 | 0.345 | 2.311 | 0.576 | 3.257 | 71.0% | 17.7% |
| 13142 | 414 | 0.347 | 2.513 | 0.623 | 3.506 | 71.7% | 17.8% |
| 13154 | 395 | 0.311 | 4.674 | 0.604 | 5.616 | 83.2% | 10.8% |
| 13165 | 422 | 0.371 | 2.041 | 0.647 | 3.084 | 66.2% | 21.0% |
| 13176 | 428 | 0.327 | 2.134 | 0.631 | 3.117 | 68.5% | 20.3% |
| 13183 | 434 | 0.387 | 2.295 | 0.614 | 3.322 | 69.1% | 18.5% |
| 13194 | 449 | 0.386 | 2.178 | 0.694 | 3.288 | 66.2% | 21.1% |
| 13204 | 434 | 0.371 | 2.666 | 0.662 | 3.728 | 71.5% | 17.8% |
| 13214 | 441 | 0.385 | 2.151 | 0.692 | 3.256 | 66.1% | 21.3% |
| 13228 | 426 | 0.334 | 2.029 | 0.512 | 2.901 | 69.9% | 17.6% |
| 13238 | 442 | 0.389 | 2.355 | 0.663 | 3.433 | 68.6% | 19.3% |
| 13249 | 446 | 0.449 | 3.102 | 0.686 | 4.270 | 72.6% | 16.1% |
| 13259 | 441 | 0.428 | 5.011 | 0.633 | 6.103 | 82.1% | 10.4% |
| 13269 | 439 | 0.402 | 4.106 | 0.721 | 5.258 | 78.1% | 13.7% |
| 13279 | 431 | 0.375 | 2.605 | 0.656 | 3.663 | 71.1% | 17.9% |
| 13289 | 429 | 0.412 | 2.315 | 0.641 | 3.395 | 68.2% | 18.9% |
| 13300 | 420 | 0.380 | 2.317 | 0.508 | 3.229 | 71.7% | 15.7% |
| 13311 | 412 | 0.442 | 3.167 | 0.639 | 4.271 | 74.2% | 15.0% |
| 13318 | 415 | 0.340 | 2.098 | 0.569 | 3.033 | 69.2% | 18.8% |
| 13328 | 404 | 0.395 | 3.246 | 0.546 | 4.214 | 77.0% | 12.9% |
| 13339 | 373 | 0.315 | 2.028 | 0.445 | 2.814 | 72.1% | 15.8% |
| 13351 | 377 | 0.341 | 2.049 | 0.527 | 2.943 | 69.6% | 17.9% |
| 13359 | 385 | 0.369 | 2.082 | 0.579 | 3.056 | 68.1% | 18.9% |
| 13371 | 394 | 0.305 | 1.994 | 0.456 | 2.783 | 71.7% | 16.4% |
| 13383 | 404 | 0.354 | 2.158 | 0.554 | 3.094 | 69.7% | 17.9% |
| 13391 | 396 | 0.368 | 2.415 | 0.555 | 3.366 | 71.7% | 16.5% |
| 13402 | 405 | 0.330 | 2.083 | 0.488 | 2.926 | 71.2% | 16.7% |
| 13413 | 442 | 0.379 | 2.158 | 0.621 | 3.185 | 67.7% | 19.5% |
| 13424 | 464 | 0.416 | 2.326 | 0.655 | 3.426 | 67.9% | 19.1% |
| 13434 | 472 | 0.457 | 2.359 | 0.873 | 3.718 | 63.5% | 23.5% |
| 13444 | 491 | 0.401 | 2.414 | 0.730 | 3.576 | 67.5% | 20.4% |
| 13453 | 511 | 0.440 | 3.826 | 0.795 | 5.092 | 75.1% | 15.6% |
| 13465 | 522 | 0.436 | 2.685 | 0.795 | 3.948 | 68.0% | 20.1% |
| 13474 | 515 | 0.442 | 2.563 | 0.811 | 3.848 | 66.6% | 21.1% |
| 13486 | 509 | 0.463 | 2.489 | 0.766 | 3.748 | 66.4% | 20.4% |
| 13494 | 503 | 0.423 | 2.593 | 0.770 | 3.818 | 67.9% | 20.2% |
| 13507 | 486 | 0.485 | 2.398 | 0.748 | 3.658 | 65.6% | 20.5% |
| 13517 | 487 | 0.457 | 3.520 | 0.759 | 4.767 | 73.8% | 15.9% |
| 13526 | 494 | 0.439 | 5.515 | 0.698 | 6.679 | 82.6% | 10.4% |
| 13536 | 495 | 0.366 | 2.403 | 0.745 | 3.543 | 67.8% | 21.0% |
| 13548 | 502 | 0.439 | 2.692 | 0.765 | 3.930 | 68.5% | 19.5% |
| 13557 | 502 | 0.516 | 4.398 | 0.813 | 5.765 | 76.3% | 14.1% |
| 13566 | 505 | 0.459 | 2.523 | 0.747 | 3.764 | 67.0% | 19.8% |
| 13578 | 533 | 0.433 | 2.734 | 0.916 | 4.116 | 66.4% | 22.2% |
| 13587 | 522 | 0.503 | 3.645 | 0.762 | 4.938 | 73.8% | 15.4% |
| 13599 | 533 | 0.576 | 4.059 | 0.834 | 5.497 | 73.8% | 15.2% |
| 13608 | 538 | 0.474 | 5.828 | 0.829 | 7.161 | 81.4% | 11.6% |
| 13620 | 520 | 0.392 | 2.518 | 0.787 | 3.727 | 67.6% | 21.1% |
| 13628 | 530 | 0.465 | 3.063 | 0.863 | 4.426 | 69.2% | 19.5% |
| 13640 | 513 | 0.422 | 2.528 | 0.774 | 3.756 | 67.3% | 20.6% |
| 13649 | 503 | 0.403 | 3.141 | 0.775 | 4.350 | 72.2% | 17.8% |
| 13662 | 499 | 0.448 | 2.557 | 0.704 | 3.737 | 68.4% | 18.8% |
| 13671 | 487 | 0.426 | 3.649 | 0.827 | 4.930 | 74.0% | 16.8% |
| 13680 | 489 | 0.574 | 4.202 | 0.784 | 5.587 | 75.2% | 14.0% |
| 13693 | 476 | 0.450 | 2.421 | 0.762 | 3.663 | 66.1% | 20.8% |
| 13703 | 482 | 0.404 | 2.594 | 0.932 | 3.959 | 65.5% | 23.5% |
| 13712 | 481 | 0.383 | 2.337 | 0.711 | 3.458 | 67.6% | 20.6% |
| 13722 | 475 | 0.476 | 3.986 | 0.679 | 5.173 | 77.1% | 13.1% |
| 13731 | 481 | 0.486 | 2.412 | 0.826 | 3.756 | 64.2% | 22.0% |
| 13744 | 487 | 0.440 | 2.538 | 0.716 | 3.730 | 68.1% | 19.2% |
| 13754 | 479 | 0.436 | 2.542 | 0.838 | 3.851 | 66.0% | 21.8% |
| 13763 | 492 | 0.465 | 2.565 | 0.750 | 3.808 | 67.4% | 19.7% |
| 13775 | 486 | 0.494 | 2.599 | 0.692 | 3.815 | 68.1% | 18.1% |
| 13785 | 474 | 0.445 | 2.928 | 0.742 | 4.146 | 70.6% | 17.9% |
| 13794 | 477 | 0.393 | 2.415 | 0.713 | 3.553 | 68.0% | 20.1% |
| 13804 | 486 | 0.443 | 2.517 | 0.623 | 3.612 | 69.7% | 17.2% |
| 13816 | 506 | 0.410 | 2.501 | 0.791 | 3.734 | 67.0% | 21.2% |
| 13825 | 486 | 0.432 | 2.860 | 0.782 | 4.110 | 69.6% | 19.0% |
| 13837 | 491 | 0.435 | 2.705 | 0.853 | 4.029 | 67.1% | 21.2% |
| 13846 | 489 | 0.594 | 3.619 | 0.721 | 4.965 | 72.9% | 14.5% |
| 13856 | 482 | 0.456 | 2.697 | 0.895 | 4.089 | 66.0% | 21.9% |
| 13868 | 473 | 0.431 | 2.451 | 0.781 | 3.696 | 66.3% | 21.1% |
| 13878 | 479 | 0.392 | 5.256 | 0.725 | 6.406 | 82.0% | 11.3% |
| 13887 | 473 | 0.391 | 2.422 | 0.725 | 3.572 | 67.8% | 20.3% |
| 13897 | 458 | 0.468 | 3.546 | 0.725 | 4.772 | 74.3% | 15.2% |
| 13907 | 442 | 0.409 | 2.758 | 0.670 | 3.867 | 71.3% | 17.3% |
| 13917 | 462 | 0.394 | 2.284 | 0.706 | 3.415 | 66.9% | 20.7% |
| 13927 | 443 | 0.425 | 3.648 | 0.683 | 4.782 | 76.3% | 14.3% |
| 13938 | 445 | 0.415 | 4.469 | 0.606 | 5.519 | 81.0% | 11.0% |
| 13948 | 438 | 0.352 | 2.162 | 0.647 | 3.191 | 67.8% | 20.3% |
| 13959 | 416 | 0.343 | 2.353 | 0.608 | 3.331 | 70.6% | 18.3% |
| 13969 | 436 | 0.385 | 2.383 | 0.625 | 3.422 | 69.6% | 18.3% |
| 13979 | 416 | 0.368 | 2.572 | 0.591 | 3.559 | 72.3% | 16.6% |
| 13990 | 411 | 0.402 | 3.305 | 0.589 | 4.325 | 76.4% | 13.6% |
| 14001 | 421 | 0.339 | 2.277 | 0.507 | 3.149 | 72.3% | 16.1% |
| 14012 | 426 | 0.375 | 2.317 | 0.662 | 3.382 | 68.5% | 19.6% |
| 14022 | 432 | 0.379 | 2.321 | 0.647 | 3.374 | 68.8% | 19.2% |
| 14033 | 442 | 0.432 | 2.400 | 0.662 | 3.579 | 67.0% | 18.5% |
| 14043 | 446 | 0.358 | 2.316 | 0.614 | 3.319 | 69.8% | 18.5% |
| 14053 | 441 | 0.395 | 3.509 | 0.580 | 4.532 | 77.4% | 12.8% |
| 14064 | 450 | 0.406 | 2.170 | 0.712 | 3.330 | 65.2% | 21.4% |
| 14074 | 468 | 0.370 | 2.319 | 0.721 | 3.437 | 67.5% | 21.0% |
| 14084 | 454 | 0.423 | 3.596 | 0.753 | 4.801 | 74.9% | 15.7% |
| 14094 | 477 | 0.382 | 3.088 | 0.721 | 4.223 | 73.1% | 17.1% |
| 14104 | 485 | 0.390 | 2.277 | 0.728 | 3.428 | 66.4% | 21.2% |
| 14114 | 501 | 0.460 | 3.894 | 0.805 | 5.204 | 74.8% | 15.5% |
| 14126 | 513 | 0.414 | 2.425 | 0.869 | 3.739 | 64.9% | 23.2% |
| 14135 | 509 | 0.384 | 2.386 | 0.811 | 3.613 | 66.0% | 22.5% |
| 14147 | 500 | 0.437 | 2.678 | 0.726 | 3.869 | 69.2% | 18.8% |
| 14156 | 510 | 0.616 | 3.395 | 0.800 | 4.838 | 70.2% | 16.5% |
| 14167 | 506 | 0.427 | 2.289 | 0.773 | 3.522 | 65.0% | 21.9% |
| 14177 | 485 | 0.423 | 2.890 | 0.850 | 4.195 | 68.9% | 20.3% |
| 14186 | 487 | 0.441 | 3.620 | 0.738 | 4.829 | 75.0% | 15.3% |
| 14198 | 502 | 0.469 | 2.504 | 0.786 | 3.792 | 66.0% | 20.7% |
| 14207 | 502 | 0.424 | 2.535 | 0.829 | 3.820 | 66.4% | 21.7% |
| 14219 | 490 | 0.409 | 2.485 | 0.782 | 3.709 | 67.0% | 21.1% |
| 14229 | 470 | 0.389 | 2.540 | 0.741 | 3.701 | 68.6% | 20.0% |
| 14238 | 470 | 0.488 | 6.031 | 0.745 | 7.295 | 82.7% | 10.2% |
| 14248 | 464 | 0.382 | 2.336 | 0.714 | 3.458 | 67.6% | 20.7% |
| 14261 | 454 | 0.356 | 2.423 | 0.650 | 3.459 | 70.1% | 18.8% |
| 14271 | 464 | 0.418 | 6.039 | 0.742 | 7.231 | 83.5% | 10.3% |
| 14281 | 464 | 0.426 | 3.540 | 0.766 | 4.763 | 74.3% | 16.1% |
| 14290 | 463 | 0.396 | 3.216 | 0.738 | 4.385 | 73.3% | 16.8% |
| 14300 | 472 | 0.403 | 2.566 | 0.820 | 3.819 | 67.2% | 21.5% |
| 14313 | 473 | 0.378 | 2.787 | 0.749 | 3.945 | 70.6% | 19.0% |
| 14322 | 471 | 0.384 | 2.681 | 0.739 | 3.833 | 69.9% | 19.3% |
| 14332 | 471 | 0.458 | 3.564 | 0.987 | 5.042 | 70.7% | 19.6% |
| 14342 | 460 | 0.423 | 3.923 | 0.692 | 5.066 | 77.4% | 13.7% |
| 14352 | 456 | 0.405 | 3.927 | 0.723 | 5.085 | 77.2% | 14.2% |
| 14362 | 457 | 0.382 | 3.115 | 0.670 | 4.197 | 74.2% | 16.0% |
| 14375 | 451 | 0.391 | 2.840 | 0.695 | 3.955 | 71.8% | 17.6% |
| 14385 | 446 | 0.430 | 2.441 | 0.833 | 3.734 | 65.4% | 22.3% |
| 14395 | 422 | 0.338 | 4.994 | 0.593 | 5.954 | 83.9% | 10.0% |
| 14405 | 429 | 0.397 | 2.398 | 0.629 | 3.455 | 69.4% | 18.2% |
| 14416 | 442 | 0.364 | 2.240 | 0.806 | 3.436 | 65.2% | 23.5% |
| 14426 | 427 | 0.385 | 2.311 | 0.520 | 3.242 | 71.3% | 16.0% |
| 14437 | 424 | 0.342 | 2.174 | 0.619 | 3.163 | 68.7% | 19.6% |
| 14447 | 432 | 0.370 | 2.226 | 0.517 | 3.137 | 71.0% | 16.5% |
| 14454 | 432 | 0.392 | 2.329 | 0.668 | 3.416 | 68.2% | 19.6% |
| 14465 | 434 | 0.398 | 2.324 | 0.608 | 3.361 | 69.2% | 18.1% |
| 14476 | 444 | 0.402 | 3.034 | 0.641 | 4.105 | 73.9% | 15.6% |
| 14486 | 443 | 0.364 | 2.250 | 0.686 | 3.348 | 67.2% | 20.5% |
| 14497 | 431 | 0.401 | 3.452 | 0.614 | 4.491 | 76.9% | 13.7% |
| 14507 | 442 | 0.520 | 2.304 | 0.647 | 3.497 | 65.9% | 18.5% |
| 14517 | 450 | 0.377 | 2.915 | 0.652 | 3.972 | 73.4% | 16.4% |
| 14527 | 474 | 0.429 | 3.466 | 0.696 | 4.623 | 75.0% | 15.1% |
| 14540 | 459 | 0.374 | 2.357 | 0.685 | 3.447 | 68.4% | 19.9% |
| 14550 | 457 | 0.404 | 2.467 | 0.703 | 3.606 | 68.4% | 19.5% |
| 14560 | 462 | 0.439 | 2.446 | 0.705 | 3.629 | 67.4% | 19.4% |
| 14570 | 446 | 0.368 | 2.326 | 0.649 | 3.374 | 68.9% | 19.2% |
| 14580 | 450 | 0.402 | 2.401 | 0.614 | 3.446 | 69.7% | 17.8% |
| 14590 | 456 | 0.404 | 2.508 | 0.663 | 3.604 | 69.6% | 18.4% |
| 14600 | 462 | 0.442 | 2.425 | 0.861 | 3.758 | 64.5% | 22.9% |
| 14610 | 460 | 0.422 | 3.812 | 0.687 | 4.947 | 77.1% | 13.9% |
| 14623 | 490 | 0.475 | 3.640 | 0.775 | 4.920 | 74.0% | 15.7% |
| 14632 | 480 | 0.435 | 3.911 | 0.748 | 5.125 | 76.3% | 14.6% |
| 14642 | 469 | 0.446 | 2.463 | 0.924 | 3.862 | 63.8% | 23.9% |
| 14652 | 458 | 0.414 | 2.592 | 0.772 | 3.809 | 68.0% | 20.3% |
| 14662 | 451 | 0.405 | 2.181 | 0.674 | 3.287 | 66.4% | 20.5% |
| 14672 | 443 | 0.401 | 3.428 | 0.661 | 4.520 | 75.8% | 14.6% |
| 14682 | 440 | 0.435 | 3.968 | 0.597 | 5.029 | 78.9% | 11.9% |
| 14692 | 425 | 0.377 | 3.487 | 0.576 | 4.464 | 78.1% | 12.9% |
| 14703 | 432 | 0.410 | 2.371 | 0.777 | 3.587 | 66.1% | 21.7% |
| 14713 | 408 | 0.333 | 2.912 | 0.609 | 3.881 | 75.0% | 15.7% |
| 14724 | 415 | 0.430 | 3.184 | 0.603 | 4.240 | 75.1% | 14.2% |
| 14735 | 424 | 0.398 | 3.137 | 0.668 | 4.227 | 74.2% | 15.8% |
| 14745 | 443 | 0.409 | 2.309 | 0.618 | 3.361 | 68.7% | 18.4% |
| 14755 | 471 | 0.422 | 2.298 | 0.699 | 3.448 | 66.6% | 20.3% |
| 14765 | 465 | 0.388 | 2.329 | 0.688 | 3.433 | 67.8% | 20.0% |
| 14775 | 477 | 0.393 | 2.433 | 0.749 | 3.608 | 67.4% | 20.8% |
| 14785 | 463 | 0.407 | 2.417 | 0.744 | 3.594 | 67.2% | 20.7% |
| 14798 | 470 | 0.427 | 2.497 | 0.704 | 3.658 | 68.2% | 19.2% |
| 14808 | 473 | 0.461 | 2.971 | 0.583 | 4.045 | 73.5% | 14.4% |
| 14818 | 460 | 0.452 | 2.680 | 0.691 | 3.851 | 69.6% | 17.9% |
| 14828 | 442 | 0.418 | 2.418 | 0.705 | 3.570 | 67.7% | 19.7% |
| 14838 | 442 | 0.360 | 2.233 | 0.633 | 3.256 | 68.6% | 19.5% |
| 14848 | 433 | 0.370 | 2.452 | 0.634 | 3.482 | 70.4% | 18.2% |
| 14858 | 438 | 0.344 | 2.199 | 0.636 | 3.207 | 68.6% | 19.8% |
| 14869 | 446 | 0.363 | 2.377 | 0.700 | 3.469 | 68.5% | 20.2% |
| 14879 | 456 | 0.410 | 3.794 | 0.683 | 4.916 | 77.2% | 13.9% |
| 14889 | 441 | 0.384 | 2.789 | 0.618 | 3.819 | 73.0% | 16.2% |
| 14899 | 448 | 0.361 | 4.719 | 0.727 | 5.852 | 80.6% | 12.4% |
| 14912 | 449 | 0.363 | 2.282 | 0.656 | 3.324 | 68.7% | 19.7% |
| 14922 | 467 | 0.426 | 2.749 | 0.698 | 3.904 | 70.4% | 17.9% |
| 14932 | 478 | 0.408 | 2.454 | 0.730 | 3.623 | 67.7% | 20.2% |
| 14941 | 487 | 0.395 | 2.350 | 0.750 | 3.526 | 66.7% | 21.3% |
| 14951 | 503 | 0.541 | 4.128 | 0.753 | 5.458 | 75.6% | 13.8% |
| 14963 | 486 | 0.438 | 4.695 | 0.690 | 5.856 | 80.2% | 11.8% |
| 14972 | 489 | 0.398 | 2.685 | 0.756 | 3.867 | 69.4% | 19.6% |
| 14985 | 485 | 0.382 | 5.231 | 0.750 | 6.395 | 81.8% | 11.7% |
| 14994 | 488 | 0.406 | 2.406 | 0.744 | 3.592 | 67.0% | 20.7% |
| 15004 | 468 | 0.498 | 3.566 | 0.833 | 4.925 | 72.4% | 16.9% |
| 15014 | 484 | 0.425 | 4.524 | 0.817 | 5.794 | 78.1% | 14.1% |
| 15023 | 468 | 0.401 | 2.436 | 0.734 | 3.601 | 67.6% | 20.4% |
| 15036 | 465 | 0.484 | 2.531 | 0.701 | 3.741 | 67.6% | 18.7% |
| 15046 | 472 | 0.434 | 5.845 | 0.639 | 6.949 | 84.1% | 9.2% |
| 15056 | 469 | 0.423 | 2.447 | 0.708 | 3.609 | 67.8% | 19.6% |
| 15066 | 469 | 0.419 | 2.364 | 0.702 | 3.517 | 67.2% | 20.0% |
| 15076 | 482 | 0.450 | 2.992 | 0.737 | 4.209 | 71.1% | 17.5% |
| 15085 | 467 | 0.385 | 2.457 | 0.703 | 3.575 | 68.7% | 19.7% |
| 15098 | 460 | 0.395 | 3.920 | 0.669 | 5.014 | 78.2% | 13.3% |
| 15108 | 454 | 0.362 | 2.300 | 0.708 | 3.397 | 67.7% | 20.8% |
| 15118 | 463 | 0.425 | 2.449 | 0.744 | 3.646 | 67.2% | 20.4% |
| 15128 | 471 | 0.463 | 2.392 | 0.766 | 3.643 | 65.6% | 21.0% |
| 15138 | 469 | 0.400 | 2.392 | 0.721 | 3.542 | 67.5% | 20.3% |
| 15147 | 484 | 0.486 | 4.236 | 0.743 | 5.494 | 77.1% | 13.5% |
| 15159 | 478 | 0.393 | 2.515 | 0.748 | 3.687 | 68.2% | 20.3% |
| 15168 | 495 | 0.370 | 2.393 | 0.763 | 3.553 | 67.3% | 21.5% |
| 15180 | 499 | 0.479 | 2.900 | 0.882 | 4.291 | 67.6% | 20.6% |
| 15189 | 479 | 0.408 | 2.512 | 0.708 | 3.659 | 68.7% | 19.4% |
| 15202 | 473 | 0.399 | 2.473 | 0.722 | 3.624 | 68.2% | 19.9% |
| 15211 | 462 | 0.373 | 2.796 | 0.776 | 3.971 | 70.4% | 19.5% |
| 15221 | 457 | 0.397 | 2.386 | 0.738 | 3.551 | 67.2% | 20.8% |
| 15231 | 458 | 0.430 | 3.904 | 0.564 | 4.927 | 79.2% | 11.5% |
| 15241 | 459 | 0.412 | 5.617 | 0.834 | 6.891 | 81.5% | 12.1% |
| 15251 | 469 | 0.423 | 2.388 | 0.750 | 3.589 | 66.5% | 20.9% |
| 15263 | 471 | 0.428 | 2.739 | 0.688 | 3.884 | 70.5% | 17.7% |
| 15273 | 473 | 0.418 | 2.350 | 0.659 | 3.456 | 68.0% | 19.1% |
| 15282 | 466 | 0.428 | 4.807 | 0.747 | 6.008 | 80.0% | 12.4% |
| 15292 | 476 | 0.400 | 2.407 | 0.750 | 3.587 | 67.1% | 20.9% |
| 15304 | 491 | 0.433 | 2.540 | 0.757 | 3.759 | 67.6% | 20.1% |
| 15314 | 490 | 0.398 | 2.433 | 0.739 | 3.602 | 67.6% | 20.5% |
| 15323 | 484 | 0.387 | 2.452 | 0.763 | 3.631 | 67.5% | 21.0% |
| 15336 | 462 | 0.409 | 2.317 | 0.694 | 3.450 | 67.2% | 20.1% |
| 15346 | 452 | 0.384 | 2.369 | 0.628 | 3.411 | 69.5% | 18.4% |
| 15356 | 447 | 0.391 | 2.349 | 0.691 | 3.462 | 67.9% | 20.0% |
| 15366 | 444 | 0.353 | 5.523 | 0.754 | 6.659 | 82.9% | 11.3% |
| 15376 | 444 | 0.387 | 2.299 | 0.796 | 3.508 | 65.5% | 22.7% |
| 15386 | 438 | 0.389 | 3.765 | 0.531 | 4.709 | 79.9% | 11.3% |
| 15397 | 422 | 0.385 | 2.509 | 0.688 | 3.610 | 69.5% | 19.1% |
| 15407 | 419 | 0.342 | 2.218 | 0.765 | 3.355 | 66.1% | 22.8% |
| 15415 | 417 | 0.382 | 2.186 | 0.608 | 3.202 | 68.3% | 19.0% |
| 15426 | 414 | 0.352 | 2.171 | 0.491 | 3.044 | 71.3% | 16.1% |
| 15438 | 419 | 0.353 | 2.572 | 0.594 | 3.547 | 72.5% | 16.7% |
| 15448 | 451 | 0.420 | 2.221 | 0.679 | 3.345 | 66.4% | 20.3% |
| 15459 | 453 | 0.399 | 2.228 | 0.685 | 3.343 | 66.7% | 20.5% |
| 15469 | 463 | 0.377 | 2.383 | 0.712 | 3.499 | 68.1% | 20.3% |
| 15480 | 464 | 0.372 | 2.329 | 0.662 | 3.390 | 68.7% | 19.5% |
| 15490 | 490 | 0.408 | 2.423 | 0.656 | 3.517 | 68.9% | 18.6% |
| 15499 | 512 | 0.491 | 4.032 | 0.815 | 5.373 | 75.0% | 15.2% |
| 15511 | 515 | 0.474 | 3.887 | 0.800 | 5.192 | 74.9% | 15.4% |
| 15520 | 526 | 0.527 | 2.451 | 0.839 | 3.851 | 63.6% | 21.8% |
| 15532 | 539 | 0.558 | 2.458 | 0.695 | 3.737 | 65.8% | 18.6% |
| 15541 | 532 | 0.451 | 2.555 | 0.790 | 3.826 | 66.8% | 20.6% |
| 15552 | 539 | 0.527 | 4.611 | 0.867 | 6.043 | 76.3% | 14.3% |
| 15561 | 536 | 0.604 | 4.300 | 0.946 | 5.891 | 73.0% | 16.1% |
| 15573 | 544 | 0.463 | 4.315 | 0.927 | 5.739 | 75.2% | 16.1% |
| 15582 | 531 | 0.442 | 2.700 | 0.843 | 4.021 | 67.2% | 21.0% |
| 15593 | 534 | 0.461 | 5.751 | 0.715 | 6.960 | 82.6% | 10.3% |
| 15602 | 512 | 0.420 | 2.499 | 0.794 | 3.747 | 66.7% | 21.2% |
| 15614 | 491 | 0.404 | 2.322 | 0.741 | 3.500 | 66.3% | 21.2% |
| 15624 | 475 | 0.411 | 2.486 | 0.763 | 3.691 | 67.4% | 20.7% |
| 15633 | 459 | 0.380 | 2.332 | 0.805 | 3.547 | 65.7% | 22.7% |
| 15643 | 447 | 0.359 | 2.327 | 0.654 | 3.371 | 69.0% | 19.4% |
| 15654 | 428 | 0.369 | 2.449 | 0.683 | 3.531 | 69.3% | 19.3% |
| 15664 | 411 | 0.386 | 4.950 | 0.782 | 6.142 | 80.6% | 12.7% |
| 15675 | 402 | 0.343 | 2.156 | 0.485 | 3.013 | 71.6% | 16.1% |
| 15685 | 390 | 0.344 | 2.043 | 0.641 | 3.051 | 67.0% | 21.0% |
| 15697 | 406 | 0.351 | 3.379 | 0.762 | 4.521 | 74.8% | 16.9% |
| 15708 | 417 | 0.378 | 2.589 | 0.699 | 3.694 | 70.1% | 18.9% |
| 15715 | 428 | 0.400 | 2.918 | 0.602 | 3.946 | 73.9% | 15.3% |
| 15726 | 417 | 0.408 | 3.459 | 0.612 | 4.518 | 76.5% | 13.5% |
| 15736 | 415 | 0.380 | 2.031 | 0.616 | 3.056 | 66.5% | 20.2% |
| 15747 | 426 | 0.366 | 2.122 | 0.607 | 3.123 | 67.9% | 19.4% |
| 15758 | 462 | 0.399 | 2.313 | 0.744 | 3.487 | 66.3% | 21.3% |
| 15768 | 467 | 0.415 | 4.252 | 0.705 | 5.400 | 78.7% | 13.1% |
| 15778 | 472 | 0.388 | 2.354 | 0.728 | 3.501 | 67.2% | 20.8% |
| 15789 | 455 | 0.367 | 2.317 | 0.677 | 3.392 | 68.3% | 20.0% |
| 15799 | 470 | 0.432 | 2.428 | 0.711 | 3.598 | 67.5% | 19.8% |
| 15809 | 469 | 0.465 | 5.395 | 0.842 | 6.732 | 80.1% | 12.5% |
| 15822 | 477 | 0.438 | 3.955 | 0.735 | 5.158 | 76.7% | 14.2% |
| 15832 | 460 | 0.396 | 2.231 | 0.716 | 3.374 | 66.1% | 21.2% |
| 15842 | 446 | 0.357 | 2.660 | 0.596 | 3.643 | 73.0% | 16.4% |
| 15852 | 432 | 0.370 | 2.318 | 0.706 | 3.420 | 67.8% | 20.6% |
| 15859 | 410 | 0.418 | 2.239 | 0.495 | 3.178 | 70.5% | 15.6% |
| 15870 | 383 | 0.331 | 2.142 | 0.578 | 3.077 | 69.6% | 18.8% |
| 15882 | 373 | 0.373 | 3.623 | 0.551 | 4.577 | 79.2% | 12.0% |
| 15894 | 351 | 0.292 | 1.987 | 0.496 | 2.800 | 71.0% | 17.7% |
| 15902 | 338 | 0.286 | 1.868 | 0.558 | 2.735 | 68.3% | 20.4% |
| 15911 | 334 | 0.311 | 1.704 | 0.485 | 2.523 | 67.5% | 19.2% |
| 15920 | 332 | 0.243 | 1.510 | 0.454 | 2.227 | 67.8% | 20.4% |
| 15935 | 328 | 0.289 | 2.871 | 0.434 | 3.612 | 79.5% | 12.0% |
| 15945 | 325 | 0.274 | 1.548 | 0.441 | 2.284 | 67.8% | 19.3% |
| 15955 | 331 | 0.278 | 1.958 | 0.444 | 2.701 | 72.5% | 16.5% |
| 15965 | 340 | 0.267 | 1.591 | 0.452 | 2.333 | 68.2% | 19.4% |
| 15974 | 341 | 0.310 | 1.956 | 0.446 | 2.735 | 71.5% | 16.3% |
| 15984 | 348 | 0.323 | 1.892 | 0.483 | 2.721 | 69.5% | 17.8% |
| 15994 | 347 | 0.291 | 1.619 | 0.381 | 2.315 | 69.9% | 16.4% |
| 16003 | 348 | 0.275 | 1.947 | 0.458 | 2.703 | 72.0% | 17.0% |
| 16017 | 342 | 0.263 | 1.574 | 0.440 | 2.301 | 68.4% | 19.1% |
| 16027 | 347 | 0.320 | 1.721 | 0.731 | 2.797 | 61.5% | 26.2% |
| 16036 | 356 | 0.338 | 1.813 | 0.502 | 2.676 | 67.7% | 18.8% |
| 16045 | 356 | 0.348 | 1.829 | 0.527 | 2.728 | 67.1% | 19.3% |
| 16059 | 372 | 0.350 | 2.138 | 0.593 | 3.105 | 68.9% | 19.1% |
| 16068 | 388 | 0.353 | 1.780 | 0.566 | 2.721 | 65.4% | 20.8% |
| 16077 | 402 | 0.365 | 1.676 | 0.484 | 2.551 | 65.7% | 19.0% |
| 16088 | 422 | 0.389 | 3.129 | 0.618 | 4.165 | 75.1% | 14.8% |
| 16099 | 440 | 0.375 | 2.903 | 0.664 | 3.968 | 73.2% | 16.7% |
| 16110 | 451 | 0.414 | 2.233 | 1.018 | 3.690 | 60.5% | 27.6% |
| 16120 | 450 | 0.465 | 2.407 | 0.721 | 3.622 | 66.5% | 19.9% |
| 16130 | 471 | 0.429 | 2.373 | 0.705 | 3.538 | 67.1% | 19.9% |
| 16140 | 497 | 0.420 | 2.362 | 0.999 | 3.809 | 62.0% | 26.2% |
| 16152 | 525 | 0.430 | 2.983 | 0.701 | 4.147 | 71.9% | 16.9% |
| 16161 | 519 | 0.509 | 3.715 | 0.960 | 5.223 | 71.1% | 18.4% |
| 16173 | 505 | 0.396 | 2.432 | 0.846 | 3.705 | 65.6% | 22.8% |
| 16182 | 521 | 0.485 | 2.746 | 0.846 | 4.109 | 66.8% | 20.6% |
| 16191 | 504 | 0.403 | 3.021 | 0.827 | 4.282 | 70.6% | 19.3% |
| 16203 | 480 | 0.403 | 2.317 | 0.844 | 3.596 | 64.4% | 23.5% |
| 16213 | 460 | 0.389 | 2.282 | 0.681 | 3.382 | 67.5% | 20.1% |
| 16223 | 439 | 0.348 | 2.271 | 0.642 | 3.287 | 69.1% | 19.5% |
| 16234 | 426 | 0.351 | 4.896 | 0.641 | 5.917 | 82.7% | 10.8% |
| 16244 | 413 | 0.500 | 2.107 | 0.745 | 3.379 | 62.4% | 22.0% |
| 16255 | 413 | 0.379 | 2.264 | 0.593 | 3.262 | 69.4% | 18.2% |
| 16266 | 413 | 0.331 | 2.132 | 0.624 | 3.117 | 68.4% | 20.0% |
| 16273 | 414 | 0.384 | 4.226 | 0.617 | 5.253 | 80.5% | 11.8% |
| 16284 | 408 | 0.322 | 2.131 | 0.576 | 3.058 | 69.7% | 18.8% |
| 16295 | 411 | 0.325 | 1.982 | 0.584 | 2.919 | 67.9% | 20.0% |
| 16306 | 407 | 0.319 | 4.095 | 0.593 | 5.031 | 81.4% | 11.8% |
| 16314 | 393 | 0.337 | 2.659 | 0.572 | 3.595 | 74.0% | 15.9% |
| 16325 | 381 | 0.361 | 2.057 | 0.538 | 2.984 | 68.9% | 18.0% |
| 16337 | 357 | 0.301 | 1.917 | 0.494 | 2.736 | 70.1% | 18.1% |
| 16346 | 343 | 0.285 | 1.831 | 0.482 | 2.620 | 69.9% | 18.4% |
| 16358 | 346 | 0.295 | 1.922 | 0.412 | 2.653 | 72.4% | 15.5% |
| 16367 | 352 | 0.297 | 1.631 | 0.389 | 2.341 | 69.7% | 16.6% |
| 16376 | 365 | 0.410 | 2.124 | 0.510 | 3.069 | 69.2% | 16.6% |
| 16390 | 364 | 0.289 | 1.718 | 0.498 | 2.528 | 68.0% | 19.7% |
| 16399 | 382 | 0.310 | 1.706 | 0.423 | 2.464 | 69.3% | 17.2% |
| 16407 | 394 | 0.380 | 1.842 | 0.606 | 2.854 | 64.6% | 21.2% |
| 16419 | 405 | 0.327 | 2.104 | 0.558 | 3.016 | 69.8% | 18.5% |
| 16431 | 417 | 0.389 | 2.063 | 0.642 | 3.122 | 66.1% | 20.6% |
| 16441 | 431 | 0.388 | 2.326 | 0.648 | 3.390 | 68.6% | 19.1% |
| 16452 | 426 | 0.550 | 2.416 | 0.616 | 3.608 | 67.0% | 17.1% |
| 16462 | 440 | 0.394 | 2.558 | 0.584 | 3.562 | 71.8% | 16.4% |
| 16473 | 464 | 0.362 | 2.882 | 0.704 | 3.974 | 72.5% | 17.7% |
| 16482 | 501 | 0.403 | 2.500 | 0.756 | 3.692 | 67.7% | 20.5% |
| 16491 | 520 | 0.481 | 3.057 | 1.017 | 4.586 | 66.6% | 22.2% |
| 16503 | 534 | 0.527 | 4.374 | 0.816 | 5.749 | 76.1% | 14.2% |
| 16512 | 534 | 0.459 | 2.700 | 0.847 | 4.038 | 66.9% | 21.0% |
| 16524 | 534 | 0.463 | 4.063 | 0.887 | 5.444 | 74.6% | 16.3% |
| 16532 | 564 | 0.501 | 3.320 | 0.870 | 4.720 | 70.3% | 18.4% |
| 16544 | 562 | 0.490 | 3.856 | 0.897 | 5.278 | 73.1% | 17.0% |
| 16553 | 568 | 0.452 | 3.186 | 1.069 | 4.743 | 67.2% | 22.5% |
| 16564 | 568 | 0.514 | 4.555 | 0.903 | 6.026 | 75.6% | 15.0% |
| 16575 | 567 | 0.455 | 3.095 | 1.036 | 4.620 | 67.0% | 22.4% |
| 16584 | 545 | 0.443 | 2.607 | 0.894 | 3.987 | 65.4% | 22.4% |
| 16596 | 549 | 0.524 | 2.612 | 0.889 | 4.053 | 64.4% | 21.9% |
| 16604 | 546 | 0.439 | 5.652 | 0.959 | 7.083 | 79.8% | 13.5% |
| 16616 | 550 | 0.431 | 2.697 | 1.244 | 4.407 | 61.2% | 28.2% |
| 16627 | 535 | 0.509 | 4.797 | 0.727 | 6.067 | 79.1% | 12.0% |
| 16636 | 505 | 0.474 | 2.439 | 0.792 | 3.737 | 65.3% | 21.2% |
| 16648 | 500 | 0.414 | 2.431 | 0.852 | 3.725 | 65.3% | 22.9% |
| 16656 | 488 | 0.425 | 2.433 | 0.790 | 3.680 | 66.1% | 21.5% |
| 16669 | 486 | 0.504 | 2.724 | 0.797 | 4.051 | 67.2% | 19.7% |
| 16678 | 495 | 0.479 | 3.919 | 0.777 | 5.207 | 75.3% | 14.9% |
| 16687 | 478 | 0.435 | 2.587 | 0.804 | 3.856 | 67.1% | 20.8% |
| 16700 | 485 | 0.425 | 2.419 | 0.767 | 3.642 | 66.4% | 21.1% |
| 16709 | 477 | 0.411 | 2.405 | 0.662 | 3.506 | 68.6% | 18.9% |
| 16719 | 478 | 0.377 | 2.502 | 0.769 | 3.676 | 68.1% | 20.9% |
| 16728 | 475 | 0.412 | 2.496 | 0.763 | 3.703 | 67.4% | 20.6% |
| 16741 | 484 | 0.442 | 3.949 | 0.764 | 5.187 | 76.1% | 14.7% |
| 16750 | 481 | 0.397 | 3.829 | 0.696 | 4.955 | 77.3% | 14.1% |
| 16759 | 486 | 0.455 | 2.548 | 0.883 | 3.916 | 65.1% | 22.5% |
| 16771 | 483 | 0.376 | 2.776 | 0.799 | 3.984 | 69.7% | 20.1% |
| 16781 | 476 | 0.434 | 3.517 | 0.678 | 4.657 | 75.5% | 14.6% |
| 16791 | 459 | 0.402 | 2.507 | 0.747 | 3.685 | 68.0% | 20.3% |
| 16800 | 460 | 0.388 | 2.908 | 0.749 | 4.072 | 71.4% | 18.4% |
| 16813 | 460 | 0.384 | 2.297 | 0.614 | 3.325 | 69.1% | 18.5% |
| 16823 | 438 | 0.404 | 2.266 | 0.697 | 3.397 | 66.7% | 20.5% |
| 16833 | 445 | 0.491 | 2.491 | 0.855 | 3.863 | 64.5% | 22.1% |
| 16843 | 464 | 0.455 | 2.501 | 0.769 | 3.751 | 66.7% | 20.5% |
| 16852 | 459 | 0.365 | 2.349 | 0.703 | 3.444 | 68.2% | 20.4% |
| 16862 | 440 | 0.365 | 2.209 | 0.640 | 3.240 | 68.2% | 19.8% |
| 16873 | 436 | 0.425 | 3.992 | 0.702 | 5.145 | 77.6% | 13.6% |
| 16886 | 424 | 0.447 | 2.610 | 0.818 | 3.902 | 66.9% | 21.0% |
| 16893 | 416 | 0.318 | 2.208 | 0.561 | 3.115 | 70.9% | 18.0% |
| 16904 | 401 | 0.400 | 3.383 | 0.594 | 4.405 | 76.8% | 13.5% |
| 16915 | 399 | 0.355 | 2.163 | 0.585 | 3.127 | 69.2% | 18.7% |
| 16926 | 398 | 0.315 | 1.852 | 0.475 | 2.669 | 69.4% | 17.8% |
| 16934 | 393 | 0.368 | 2.225 | 0.559 | 3.181 | 69.9% | 17.6% |
| 16945 | 403 | 0.331 | 2.028 | 0.475 | 2.860 | 70.9% | 16.6% |
| 16956 | 416 | 0.366 | 1.956 | 0.621 | 2.971 | 65.8% | 20.9% |
| 16967 | 409 | 0.364 | 2.316 | 0.638 | 3.344 | 69.3% | 19.1% |
| 16977 | 416 | 0.332 | 2.185 | 0.608 | 3.153 | 69.3% | 19.3% |
| 16988 | 425 | 0.414 | 3.461 | 0.633 | 4.532 | 76.4% | 14.0% |
| 16998 | 420 | 0.408 | 2.365 | 0.655 | 3.460 | 68.4% | 18.9% |
| 17009 | 418 | 0.321 | 2.152 | 0.607 | 3.110 | 69.2% | 19.5% |
| 17019 | 422 | 0.360 | 4.887 | 0.614 | 5.891 | 83.0% | 10.4% |
| 17029 | 402 | 0.383 | 4.623 | 0.585 | 5.617 | 82.3% | 10.4% |
| 17040 | 419 | 0.348 | 2.102 | 0.664 | 3.143 | 66.9% | 21.1% |
| 17051 | 405 | 0.382 | 1.945 | 0.594 | 2.949 | 66.0% | 20.2% |
| 17059 | 395 | 0.371 | 2.966 | 0.573 | 3.932 | 75.4% | 14.6% |
| 17070 | 399 | 0.325 | 4.510 | 0.578 | 5.439 | 82.9% | 10.6% |
| 17081 | 406 | 0.348 | 2.124 | 0.684 | 3.181 | 66.8% | 21.5% |
| 17092 | 417 | 0.352 | 2.116 | 0.709 | 3.205 | 66.0% | 22.1% |
| 17102 | 417 | 0.351 | 6.714 | 0.657 | 7.748 | 86.6% | 8.5% |
| 17113 | 420 | 0.379 | 2.250 | 0.612 | 3.270 | 68.8% | 18.7% |
| 17123 | 440 | 0.365 | 2.557 | 0.620 | 3.571 | 71.6% | 17.4% |
| 17134 | 447 | 0.397 | 2.908 | 0.679 | 4.011 | 72.5% | 16.9% |
| 17144 | 457 | 0.410 | 2.444 | 0.689 | 3.572 | 68.4% | 19.3% |
| 17154 | 462 | 0.397 | 2.315 | 0.709 | 3.450 | 67.1% | 20.6% |
| 17163 | 452 | 0.425 | 2.452 | 0.703 | 3.608 | 67.9% | 19.5% |
| 17173 | 472 | 0.384 | 2.637 | 0.667 | 3.719 | 70.9% | 17.9% |
| 17183 | 487 | 0.508 | 3.850 | 0.804 | 5.192 | 74.1% | 15.5% |
| 17195 | 475 | 0.542 | 2.776 | 0.672 | 4.020 | 69.0% | 16.7% |
| 17205 | 465 | 0.399 | 2.466 | 0.720 | 3.618 | 68.2% | 19.9% |
| 17214 | 453 | 0.379 | 2.454 | 0.572 | 3.432 | 71.5% | 16.7% |
| 17224 | 453 | 0.363 | 2.314 | 0.686 | 3.392 | 68.2% | 20.2% |
| 17237 | 440 | 0.326 | 2.033 | 0.539 | 2.927 | 69.5% | 18.4% |
| 17247 | 436 | 0.359 | 2.356 | 0.621 | 3.367 | 70.0% | 18.5% |
| 17257 | 426 | 0.423 | 2.478 | 0.640 | 3.565 | 69.5% | 17.9% |
| 17268 | 405 | 0.339 | 2.154 | 0.649 | 3.168 | 68.0% | 20.5% |
| 17278 | 404 | 0.414 | 2.520 | 0.609 | 3.565 | 70.7% | 17.1% |
| 17285 | 402 | 0.346 | 2.181 | 0.563 | 3.113 | 70.0% | 18.1% |
| 17296 | 393 | 0.353 | 2.468 | 0.549 | 3.396 | 72.7% | 16.2% |
| 17308 | 385 | 0.324 | 2.110 | 0.493 | 2.953 | 71.4% | 16.7% |
| 17319 | 374 | 0.322 | 2.145 | 0.575 | 3.065 | 70.0% | 18.7% |
| 17327 | 367 | 0.317 | 1.951 | 0.431 | 2.724 | 71.6% | 15.8% |
| 17339 | 376 | 0.434 | 2.173 | 0.592 | 3.219 | 67.5% | 18.4% |
| 17350 | 387 | 0.321 | 2.143 | 0.509 | 2.999 | 71.5% | 17.0% |
| 17358 | 399 | 0.326 | 4.835 | 0.491 | 5.680 | 85.1% | 8.6% |
| 17369 | 405 | 0.392 | 2.289 | 0.623 | 3.336 | 68.6% | 18.7% |
| 17380 | 413 | 0.496 | 2.288 | 0.610 | 3.422 | 66.9% | 17.8% |
| 17391 | 408 | 0.377 | 2.182 | 0.618 | 3.205 | 68.1% | 19.3% |
| 17403 | 399 | 0.422 | 2.927 | 0.595 | 3.970 | 73.7% | 15.0% |
| 17410 | 382 | 0.344 | 2.046 | 0.511 | 2.927 | 69.9% | 17.4% |
| 17422 | 379 | 0.317 | 4.461 | 0.562 | 5.365 | 83.1% | 10.5% |
| 17434 | 394 | 0.342 | 2.184 | 0.619 | 3.169 | 68.9% | 19.5% |
| 17441 | 389 | 0.314 | 2.351 | 0.581 | 3.271 | 71.9% | 17.7% |
| 17453 | 398 | 0.416 | 2.042 | 0.474 | 2.960 | 69.0% | 16.0% |
| 17465 | 397 | 0.329 | 1.853 | 0.472 | 2.679 | 69.2% | 17.6% |
| 17472 | 438 | 0.402 | 3.573 | 0.790 | 4.795 | 74.5% | 16.5% |
| 17485 | 475 | 0.438 | 2.375 | 0.698 | 3.542 | 67.1% | 19.7% |
| 17495 | 486 | 0.467 | 3.576 | 0.707 | 4.779 | 74.8% | 14.8% |
| 17505 | 488 | 0.419 | 2.695 | 0.620 | 3.766 | 71.6% | 16.5% |
| 17514 | 496 | 0.441 | 2.646 | 0.795 | 3.914 | 67.6% | 20.3% |
| 17526 | 490 | 0.475 | 3.881 | 0.813 | 5.201 | 74.6% | 15.6% |
| 17535 | 488 | 0.407 | 2.129 | 0.716 | 3.283 | 64.9% | 21.8% |
| 17545 | 478 | 0.460 | 3.206 | 1.004 | 4.707 | 68.1% | 21.3% |
| 17557 | 475 | 0.464 | 2.540 | 0.768 | 3.799 | 66.8% | 20.2% |
| 17567 | 451 | 0.379 | 2.458 | 0.677 | 3.542 | 69.4% | 19.1% |
| 17576 | 461 | 0.400 | 4.783 | 0.815 | 6.030 | 79.3% | 13.5% |
| 17586 | 450 | 0.562 | 3.641 | 0.646 | 4.903 | 74.3% | 13.2% |
| 17599 | 454 | 0.367 | 4.605 | 0.660 | 5.669 | 81.2% | 11.6% |
| 17609 | 452 | 0.414 | 3.440 | 0.552 | 4.436 | 77.5% | 12.4% |
| 17619 | 456 | 0.459 | 2.366 | 0.668 | 3.524 | 67.1% | 19.0% |
| 17628 | 428 | 0.366 | 2.453 | 0.614 | 3.462 | 70.9% | 17.7% |
| 17639 | 423 | 0.366 | 2.752 | 0.598 | 3.749 | 73.4% | 15.9% |
| 17649 | 436 | 0.370 | 2.381 | 0.760 | 3.537 | 67.3% | 21.5% |
| 17659 | 447 | 0.407 | 2.392 | 0.694 | 3.521 | 67.9% | 19.7% |
| 17669 | 470 | 0.395 | 2.433 | 0.744 | 3.600 | 67.6% | 20.7% |
| 17679 | 491 | 0.448 | 2.486 | 0.783 | 3.744 | 66.4% | 20.9% |
| 17691 | 512 | 0.464 | 2.536 | 0.798 | 3.829 | 66.2% | 20.8% |
| 17700 | 507 | 0.440 | 3.007 | 0.806 | 4.282 | 70.2% | 18.8% |
| 17711 | 504 | 0.412 | 2.426 | 0.867 | 3.739 | 64.9% | 23.2% |
| 17720 | 508 | 0.434 | 2.488 | 0.855 | 3.810 | 65.3% | 22.4% |
| 17732 | 507 | 0.383 | 2.487 | 0.798 | 3.697 | 67.3% | 21.6% |
| 17741 | 495 | 0.418 | 3.049 | 0.878 | 4.378 | 69.6% | 20.1% |
| 17753 | 515 | 0.430 | 3.037 | 0.725 | 4.224 | 71.9% | 17.2% |
| 17762 | 531 | 0.468 | 2.568 | 0.920 | 3.991 | 64.3% | 23.1% |
| 17773 | 526 | 0.442 | 2.515 | 0.924 | 3.929 | 64.0% | 23.5% |
| 17785 | 519 | 0.445 | 2.470 | 0.927 | 3.877 | 63.7% | 23.9% |
| 17793 | 513 | 0.494 | 5.126 | 0.803 | 6.450 | 79.5% | 12.4% |
| 17805 | 517 | 0.540 | 4.221 | 0.796 | 5.595 | 75.4% | 14.2% |
| 17814 | 511 | 0.396 | 2.502 | 0.799 | 3.730 | 67.1% | 21.4% |
| 17825 | 510 | 0.460 | 3.068 | 0.829 | 4.390 | 69.9% | 18.9% |
| 17834 | 493 | 0.452 | 3.279 | 0.924 | 4.684 | 70.0% | 19.7% |
| 17846 | 501 | 0.494 | 4.251 | 0.976 | 5.752 | 73.9% | 17.0% |
| 17855 | 501 | 0.412 | 2.583 | 0.783 | 3.810 | 67.8% | 20.5% |
| 17867 | 501 | 0.564 | 3.244 | 0.901 | 4.745 | 68.4% | 19.0% |
| 17876 | 516 | 0.445 | 2.678 | 0.854 | 4.007 | 66.8% | 21.3% |
| 17887 | 500 | 0.395 | 2.456 | 0.763 | 3.645 | 67.4% | 20.9% |
| 17896 | 504 | 0.552 | 3.191 | 0.957 | 4.740 | 67.3% | 20.2% |
| 17908 | 494 | 0.490 | 2.558 | 0.791 | 3.867 | 66.1% | 20.5% |
| 17917 | 499 | 0.474 | 2.638 | 0.775 | 3.921 | 67.3% | 19.8% |
| 17929 | 498 | 0.444 | 2.371 | 0.928 | 3.771 | 62.9% | 24.6% |
| 17938 | 491 | 0.473 | 3.848 | 0.906 | 5.257 | 73.2% | 17.2% |
| 17950 | 488 | 0.405 | 2.494 | 0.712 | 3.643 | 68.5% | 19.5% |
| 17959 | 495 | 0.465 | 2.506 | 0.729 | 3.732 | 67.1% | 19.5% |
| 17971 | 492 | 0.461 | 2.574 | 0.815 | 3.887 | 66.2% | 21.0% |
| 17980 | 484 | 0.437 | 2.433 | 0.848 | 3.750 | 64.9% | 22.6% |
| 17989 | 457 | 0.438 | 2.499 | 0.871 | 3.840 | 65.1% | 22.7% |
| 17999 | 449 | 0.411 | 2.506 | 0.701 | 3.646 | 68.7% | 19.2% |
| 18009 | 432 | 0.370 | 2.288 | 0.660 | 3.347 | 68.4% | 19.7% |
| 18019 | 421 | 0.360 | 2.412 | 0.624 | 3.424 | 70.5% | 18.2% |
| 18030 | 411 | 0.364 | 4.967 | 0.629 | 5.992 | 82.9% | 10.5% |
| 18040 | 401 | 0.375 | 3.817 | 0.480 | 4.698 | 81.3% | 10.2% |
| 18051 | 387 | 0.319 | 2.197 | 0.568 | 3.111 | 70.6% | 18.3% |
| 18063 | 373 | 0.309 | 1.991 | 0.525 | 2.849 | 69.9% | 18.4% |
| 18071 | 363 | 0.307 | 2.262 | 0.488 | 3.081 | 73.4% | 15.9% |
| 18083 | 368 | 0.313 | 1.956 | 0.430 | 2.720 | 71.9% | 15.8% |
| 18095 | 352 | 0.302 | 2.061 | 0.472 | 2.859 | 72.1% | 16.5% |
| 18103 | 371 | 0.373 | 4.174 | 0.618 | 5.189 | 80.4% | 11.9% |
| 18112 | 368 | 0.411 | 3.263 | 0.520 | 4.212 | 77.5% | 12.3% |
| 18125 | 383 | 0.309 | 1.744 | 0.457 | 2.534 | 68.8% | 18.0% |
| 18133 | 380 | 0.309 | 2.111 | 0.571 | 3.016 | 70.0% | 18.9% |
| 18145 | 365 | 0.316 | 1.706 | 0.502 | 2.547 | 67.0% | 19.7% |
| 18157 | 353 | 0.321 | 2.093 | 0.542 | 2.981 | 70.2% | 18.2% |
| 18165 | 354 | 0.298 | 2.691 | 0.502 | 3.512 | 76.6% | 14.3% |
| 18177 | 360 | 0.325 | 2.069 | 0.490 | 2.907 | 71.2% | 16.8% |
| 18185 | 343 | 0.303 | 2.918 | 0.474 | 3.719 | 78.5% | 12.7% |
| 18198 | 338 | 0.296 | 1.915 | 0.469 | 2.702 | 70.9% | 17.3% |
| 18207 | 340 | 0.281 | 1.627 | 0.477 | 2.407 | 67.6% | 19.8% |
| 18216 | 338 | 0.270 | 1.661 | 0.441 | 2.394 | 69.4% | 18.4% |
| 18226 | 343 | 0.373 | 1.645 | 0.566 | 2.603 | 63.2% | 21.7% |
| 18235 | 353 | 0.352 | 3.005 | 0.498 | 3.879 | 77.5% | 12.8% |
| 18249 | 363 | 0.295 | 1.657 | 0.439 | 2.416 | 68.6% | 18.2% |
| 18258 | 383 | 0.319 | 1.732 | 0.515 | 2.592 | 66.8% | 19.9% |
| 18270 | 380 | 0.326 | 2.402 | 0.522 | 3.274 | 73.4% | 15.9% |
| 18278 | 375 | 0.352 | 2.093 | 0.654 | 3.125 | 67.0% | 20.9% |
| 18290 | 372 | 0.341 | 1.741 | 0.532 | 2.638 | 66.0% | 20.2% |
| 18301 | 397 | 0.358 | 2.436 | 0.571 | 3.392 | 71.8% | 16.8% |
| 18309 | 394 | 0.367 | 2.125 | 0.538 | 3.055 | 69.5% | 17.6% |
| 18321 | 406 | 0.391 | 1.895 | 0.590 | 2.900 | 65.4% | 20.3% |
| 18332 | 415 | 0.404 | 2.513 | 0.639 | 3.582 | 70.1% | 17.8% |
| 18340 | 400 | 0.357 | 2.132 | 0.581 | 3.097 | 68.8% | 18.8% |
| 18351 | 406 | 0.339 | 3.104 | 0.651 | 4.122 | 75.3% | 15.8% |
| 18362 | 410 | 0.368 | 2.059 | 0.604 | 3.059 | 67.3% | 19.7% |
| 18372 | 430 | 0.402 | 2.244 | 0.743 | 3.424 | 65.6% | 21.7% |
| 18383 | 430 | 0.392 | 2.171 | 0.663 | 3.252 | 66.8% | 20.4% |
| 18394 | 442 | 0.399 | 2.392 | 0.634 | 3.453 | 69.3% | 18.4% |
| 18404 | 436 | 0.333 | 2.309 | 0.638 | 3.305 | 69.9% | 19.3% |
| 18415 | 447 | 0.397 | 2.268 | 0.673 | 3.369 | 67.3% | 20.0% |
| 18425 | 456 | 0.372 | 2.378 | 0.703 | 3.483 | 68.3% | 20.2% |
| 18435 | 455 | 0.442 | 6.324 | 0.698 | 7.494 | 84.4% | 9.3% |
| 18445 | 484 | 0.483 | 2.814 | 0.753 | 4.087 | 68.9% | 18.4% |
| 18454 | 495 | 0.536 | 2.531 | 0.822 | 3.913 | 64.7% | 21.0% |
| 18466 | 496 | 0.446 | 2.616 | 0.734 | 3.822 | 68.5% | 19.2% |
| 18475 | 503 | 0.461 | 2.539 | 0.818 | 3.851 | 65.9% | 21.3% |
| 18487 | 502 | 0.449 | 2.444 | 0.818 | 3.742 | 65.3% | 21.8% |
| 18495 | 504 | 0.649 | 2.667 | 0.803 | 4.153 | 64.2% | 19.3% |
| 18507 | 503 | 0.471 | 4.603 | 0.713 | 5.817 | 79.1% | 12.2% |
| 18516 | 495 | 0.472 | 7.096 | 0.726 | 8.324 | 85.2% | 8.7% |
| 18528 | 497 | 0.456 | 2.606 | 0.737 | 3.830 | 68.0% | 19.3% |
| 18539 | 488 | 0.494 | 2.553 | 0.920 | 3.993 | 63.9% | 23.0% |
| 18548 | 504 | 0.420 | 2.563 | 0.832 | 3.849 | 66.6% | 21.6% |
| 18557 | 511 | 0.418 | 2.683 | 0.777 | 3.904 | 68.7% | 19.9% |
| 18569 | 504 | 0.432 | 2.451 | 0.811 | 3.724 | 65.8% | 21.8% |
| 18578 | 496 | 0.467 | 3.610 | 0.779 | 4.886 | 73.9% | 15.9% |
| 18591 | 479 | 0.439 | 3.658 | 0.782 | 4.911 | 74.5% | 15.9% |
| 18600 | 481 | 0.361 | 2.444 | 0.746 | 3.579 | 68.3% | 20.8% |
| 18609 | 474 | 0.404 | 2.436 | 0.737 | 3.609 | 67.5% | 20.4% |
| 18622 | 485 | 0.424 | 2.519 | 0.763 | 3.732 | 67.5% | 20.4% |
| 18631 | 478 | 0.421 | 2.506 | 0.729 | 3.686 | 68.0% | 19.8% |
| 18640 | 484 | 0.410 | 2.160 | 0.680 | 3.281 | 65.8% | 20.7% |
| 18653 | 480 | 0.395 | 2.341 | 0.603 | 3.369 | 69.5% | 17.9% |
| 18663 | 462 | 0.407 | 2.557 | 0.719 | 3.713 | 68.9% | 19.4% |
| 18672 | 464 | 0.322 | 2.299 | 0.693 | 3.344 | 68.7% | 20.7% |
| 18682 | 455 | 0.425 | 3.937 | 0.687 | 5.074 | 77.6% | 13.5% |
| 18692 | 456 | 0.355 | 2.310 | 0.586 | 3.276 | 70.5% | 17.9% |
| 18702 | 438 | 0.370 | 2.479 | 0.658 | 3.535 | 70.1% | 18.6% |
| 18712 | 432 | 0.466 | 4.125 | 0.640 | 5.258 | 78.5% | 12.2% |
| 18722 | 416 | 0.409 | 3.671 | 0.658 | 4.762 | 77.1% | 13.8% |
| 18733 | 426 | 0.406 | 2.326 | 0.533 | 3.292 | 70.6% | 16.2% |
| 18743 | 434 | 0.337 | 2.377 | 0.684 | 3.425 | 69.4% | 20.0% |
| 18753 | 413 | 0.360 | 2.371 | 0.532 | 3.292 | 72.0% | 16.2% |
| 18763 | 398 | 0.379 | 2.502 | 0.656 | 3.568 | 70.1% | 18.4% |
| 18774 | 400 | 0.346 | 2.117 | 0.497 | 2.988 | 70.9% | 16.6% |
| 18785 | 394 | 0.390 | 2.329 | 0.697 | 3.443 | 67.6% | 20.2% |
| 18796 | 391 | 0.341 | 2.949 | 0.776 | 4.095 | 72.0% | 18.9% |
| 18807 | 373 | 0.328 | 1.995 | 0.580 | 2.928 | 68.1% | 19.8% |
| 18815 | 364 | 0.354 | 2.095 | 0.431 | 2.900 | 72.2% | 14.9% |
| 18827 | 365 | 0.289 | 2.008 | 0.486 | 2.808 | 71.5% | 17.3% |
| 18835 | 366 | 0.283 | 2.331 | 0.558 | 3.197 | 72.9% | 17.5% |
| 18848 | 373 | 0.372 | 2.058 | 0.517 | 2.970 | 69.3% | 17.4% |
| 18860 | 369 | 0.301 | 1.929 | 0.415 | 2.670 | 72.2% | 15.6% |
| 18868 | 370 | 0.318 | 2.015 | 0.526 | 2.885 | 69.9% | 18.2% |
| 18880 | 368 | 0.331 | 2.138 | 0.417 | 2.909 | 73.5% | 14.3% |
| 18888 | 363 | 0.319 | 2.353 | 0.517 | 3.213 | 73.2% | 16.1% |
| 18900 | 370 | 0.289 | 2.176 | 0.420 | 2.911 | 74.8% | 14.4% |
| 18908 | 365 | 0.358 | 1.777 | 0.473 | 2.633 | 67.5% | 18.0% |
| 18920 | 376 | 0.315 | 2.015 | 0.502 | 2.857 | 70.5% | 17.6% |
| 18929 | 363 | 0.290 | 1.959 | 0.442 | 2.716 | 72.1% | 16.3% |
| 18941 | 369 | 0.339 | 2.971 | 0.543 | 3.874 | 76.7% | 14.0% |
| 18950 | 364 | 0.291 | 1.940 | 0.478 | 2.734 | 71.0% | 17.5% |
| 18962 | 369 | 0.324 | 3.082 | 0.497 | 3.927 | 78.5% | 12.7% |
| 18971 | 383 | 0.311 | 1.780 | 0.503 | 2.619 | 68.0% | 19.2% |
| 18983 | 393 | 0.399 | 2.261 | 0.548 | 3.235 | 69.9% | 16.9% |
| 18991 | 404 | 0.333 | 2.035 | 0.555 | 2.950 | 69.0% | 18.8% |
| 19003 | 413 | 0.349 | 2.038 | 0.580 | 2.993 | 68.1% | 19.4% |
| 19014 | 418 | 0.431 | 3.760 | 0.683 | 4.916 | 76.5% | 13.9% |
| 19025 | 415 | 0.359 | 3.136 | 0.623 | 4.146 | 75.6% | 15.0% |
| 19032 | 412 | 0.357 | 3.754 | 0.590 | 4.733 | 79.3% | 12.5% |
| 19043 | 413 | 0.484 | 2.287 | 0.596 | 3.396 | 67.3% | 17.6% |
| 19054 | 424 | 0.377 | 2.682 | 0.602 | 3.689 | 72.7% | 16.3% |
| 19064 | 425 | 0.383 | 3.385 | 0.702 | 4.518 | 74.9% | 15.5% |
| 19074 | 429 | 0.426 | 3.381 | 0.629 | 4.465 | 75.7% | 14.1% |
| 19085 | 433 | 0.402 | 2.502 | 0.657 | 3.585 | 69.8% | 18.3% |
| 19095 | 441 | 0.387 | 2.377 | 0.794 | 3.584 | 66.3% | 22.2% |
| 19106 | 440 | 0.379 | 2.938 | 0.670 | 4.016 | 73.2% | 16.7% |
| 19116 | 441 | 0.370 | 2.717 | 0.687 | 3.802 | 71.5% | 18.1% |
| 19126 | 454 | 0.396 | 2.475 | 0.842 | 3.748 | 66.0% | 22.5% |
| 19136 | 450 | 0.402 | 3.069 | 0.734 | 4.234 | 72.5% | 17.3% |
| 19146 | 444 | 0.370 | 2.445 | 0.768 | 3.609 | 67.7% | 21.3% |
| 19156 | 454 | 0.411 | 2.473 | 0.706 | 3.621 | 68.3% | 19.5% |
| 19169 | 482 | 0.443 | 2.446 | 0.765 | 3.685 | 66.4% | 20.8% |
| 19178 | 497 | 0.466 | 2.589 | 0.842 | 3.928 | 65.9% | 21.4% |
| 19190 | 511 | 0.443 | 2.604 | 0.787 | 3.867 | 67.3% | 20.3% |
| 19199 | 501 | 0.409 | 2.606 | 0.702 | 3.749 | 69.5% | 18.7% |
| 19208 | 490 | 0.446 | 2.502 | 0.760 | 3.736 | 67.0% | 20.4% |
| 19220 | 507 | 0.483 | 2.612 | 0.868 | 3.997 | 65.3% | 21.7% |
| 19229 | 514 | 0.404 | 2.538 | 0.780 | 3.756 | 67.6% | 20.8% |
| 19241 | 522 | 0.500 | 5.302 | 0.894 | 6.729 | 78.8% | 13.3% |
| 19250 | 518 | 0.547 | 2.628 | 0.803 | 4.011 | 65.5% | 20.0% |
| 19261 | 520 | 0.579 | 5.194 | 0.678 | 6.479 | 80.2% | 10.5% |
| 19270 | 503 | 0.431 | 2.460 | 0.738 | 3.661 | 67.2% | 20.2% |
| 19282 | 521 | 0.435 | 2.447 | 0.874 | 3.785 | 64.6% | 23.1% |
| 19291 | 519 | 0.392 | 2.563 | 0.779 | 3.766 | 68.1% | 20.7% |
| 19303 | 516 | 0.458 | 2.849 | 0.917 | 4.261 | 66.9% | 21.5% |
| 19311 | 520 | 0.467 | 3.772 | 0.885 | 5.158 | 73.1% | 17.2% |
| 19323 | 512 | 0.397 | 2.523 | 0.902 | 3.854 | 65.5% | 23.4% |
| 19332 | 502 | 0.382 | 2.593 | 0.833 | 3.836 | 67.6% | 21.7% |
| 19344 | 492 | 0.464 | 3.975 | 0.786 | 5.255 | 75.6% | 15.0% |
| 19353 | 491 | 0.449 | 2.626 | 0.808 | 3.914 | 67.1% | 20.6% |
| 19366 | 479 | 0.477 | 3.735 | 0.759 | 5.015 | 74.5% | 15.1% |
| 19375 | 476 | 0.422 | 3.062 | 0.731 | 4.244 | 72.1% | 17.2% |
| 19384 | 466 | 0.399 | 3.005 | 0.731 | 4.166 | 72.1% | 17.6% |
| 19397 | 451 | 0.418 | 3.617 | 0.700 | 4.765 | 75.9% | 14.7% |
| 19407 | 445 | 0.420 | 3.031 | 1.016 | 4.507 | 67.3% | 22.5% |
| 19417 | 441 | 0.371 | 2.329 | 0.667 | 3.396 | 68.6% | 19.6% |
| 19427 | 441 | 0.362 | 2.353 | 0.708 | 3.451 | 68.2% | 20.5% |
| 19437 | 431 | 0.425 | 3.422 | 0.661 | 4.535 | 75.5% | 14.6% |
| 19448 | 423 | 0.333 | 2.307 | 0.707 | 3.378 | 68.3% | 20.9% |
| 19458 | 425 | 0.359 | 4.145 | 0.753 | 5.285 | 78.4% | 14.3% |
| 19468 | 429 | 0.419 | 2.097 | 0.573 | 3.115 | 67.3% | 18.4% |
| 19479 | 411 | 0.363 | 2.959 | 0.576 | 3.925 | 75.4% | 14.7% |
| 19490 | 418 | 0.397 | 3.550 | 0.595 | 4.568 | 77.7% | 13.0% |
| 19497 | 417 | 0.336 | 2.091 | 0.494 | 2.948 | 70.9% | 16.8% |
| 19508 | 411 | 0.367 | 2.126 | 0.662 | 3.183 | 66.8% | 20.8% |
| 19519 | 393 | 0.379 | 3.261 | 0.593 | 4.260 | 76.6% | 13.9% |
| 19531 | 393 | 0.329 | 2.122 | 0.576 | 3.054 | 69.5% | 18.8% |
| 19538 | 400 | 0.337 | 2.061 | 0.481 | 2.906 | 70.9% | 16.6% |
| 19549 | 416 | 0.353 | 2.422 | 0.488 | 3.290 | 73.6% | 14.8% |
| 19560 | 416 | 0.332 | 3.762 | 0.624 | 4.746 | 79.3% | 13.2% |
| 19571 | 420 | 0.332 | 2.093 | 0.581 | 3.034 | 69.0% | 19.1% |
| 19582 | 409 | 0.348 | 2.171 | 0.585 | 3.135 | 69.2% | 18.7% |
| 19593 | 435 | 0.415 | 2.437 | 0.687 | 3.569 | 68.3% | 19.3% |
| 19603 | 447 | 0.534 | 2.817 | 0.620 | 4.000 | 70.4% | 15.5% |
| 19613 | 458 | 0.453 | 3.558 | 0.700 | 4.742 | 75.0% | 14.8% |
| 19624 | 453 | 0.480 | 2.936 | 0.641 | 4.087 | 71.8% | 15.7% |
| 19634 | 465 | 0.400 | 2.088 | 0.721 | 3.238 | 64.5% | 22.3% |
| 19644 | 462 | 0.432 | 3.891 | 0.757 | 5.111 | 76.1% | 14.8% |
| 19654 | 452 | 0.421 | 4.405 | 0.685 | 5.539 | 79.5% | 12.4% |
| 19665 | 439 | 0.381 | 4.970 | 0.719 | 6.100 | 81.5% | 11.8% |
| 19675 | 436 | 0.346 | 2.132 | 0.685 | 3.193 | 66.8% | 21.4% |
| 19685 | 429 | 0.398 | 2.368 | 0.753 | 3.549 | 66.7% | 21.2% |
| 19695 | 409 | 0.382 | 3.523 | 0.599 | 4.541 | 77.6% | 13.2% |
| 19706 | 394 | 0.396 | 2.076 | 0.548 | 3.043 | 68.2% | 18.0% |
| 19714 | 385 | 0.343 | 3.107 | 0.580 | 4.056 | 76.6% | 14.3% |
| 19726 | 385 | 0.324 | 2.049 | 0.712 | 3.111 | 65.9% | 22.9% |
| 19738 | 387 | 0.338 | 3.127 | 0.550 | 4.037 | 77.5% | 13.6% |
| 19745 | 393 | 0.331 | 2.191 | 0.472 | 3.022 | 72.5% | 15.6% |
| 19757 | 418 | 0.382 | 2.197 | 0.623 | 3.229 | 68.0% | 19.3% |
| 19768 | 413 | 0.384 | 2.295 | 0.592 | 3.299 | 69.6% | 17.9% |
| 19779 | 414 | 0.327 | 2.454 | 0.609 | 3.416 | 71.8% | 17.8% |
| 19789 | 419 | 0.339 | 2.562 | 0.553 | 3.482 | 73.6% | 15.9% |
| 19800 | 432 | 0.472 | 2.511 | 0.746 | 3.757 | 66.8% | 19.8% |
| 19810 | 439 | 0.430 | 2.652 | 0.662 | 3.778 | 70.2% | 17.5% |
| 19820 | 418 | 0.347 | 2.311 | 0.684 | 3.371 | 68.6% | 20.3% |
| 19831 | 415 | 0.355 | 2.201 | 0.616 | 3.200 | 68.8% | 19.3% |
| 19838 | 394 | 0.335 | 2.103 | 0.556 | 3.021 | 69.6% | 18.4% |
| 19850 | 387 | 0.284 | 2.091 | 0.458 | 2.857 | 73.2% | 16.0% |
| 19861 | 376 | 0.299 | 1.953 | 0.508 | 2.784 | 70.1% | 18.2% |
| 19869 | 359 | 0.298 | 1.744 | 0.477 | 2.544 | 68.6% | 18.8% |
| 19881 | 364 | 0.326 | 2.553 | 0.520 | 3.421 | 74.6% | 15.2% |
| 19889 | 369 | 0.300 | 1.789 | 0.472 | 2.587 | 69.1% | 18.2% |
| 19901 | 391 | 0.369 | 2.712 | 0.551 | 3.658 | 74.2% | 15.1% |
| 19913 | 414 | 0.358 | 2.296 | 0.673 | 3.357 | 68.4% | 20.1% |
| 19924 | 438 | 0.397 | 2.356 | 0.713 | 3.494 | 67.4% | 20.4% |
| 19934 | 481 | 0.444 | 2.394 | 0.764 | 3.629 | 66.0% | 21.1% |
| 19944 | 492 | 0.486 | 2.467 | 0.776 | 3.767 | 65.5% | 20.6% |
| 19953 | 508 | 0.506 | 2.394 | 0.754 | 3.690 | 64.9% | 20.4% |
| 19963 | 500 | 0.441 | 2.377 | 0.777 | 3.626 | 65.6% | 21.4% |
| 19975 | 516 | 0.495 | 2.517 | 0.978 | 4.024 | 62.5% | 24.3% |
| 19984 | 512 | 0.431 | 2.483 | 0.927 | 3.872 | 64.1% | 23.9% |
| 19996 | 521 | 0.461 | 2.607 | 0.942 | 4.041 | 64.5% | 23.3% |
| 20004 | 539 | 0.465 | 3.831 | 0.725 | 5.054 | 75.8% | 14.3% |
| 20016 | 532 | 0.508 | 2.673 | 0.891 | 4.105 | 65.1% | 21.7% |
| 20025 | 531 | 0.469 | 2.525 | 0.855 | 3.880 | 65.1% | 22.0% |
| 20036 | 528 | 0.433 | 2.592 | 0.858 | 3.912 | 66.3% | 21.9% |
| 20045 | 522 | 0.428 | 2.547 | 0.869 | 3.878 | 65.7% | 22.4% |
| 20057 | 533 | 0.452 | 2.633 | 0.911 | 4.028 | 65.4% | 22.6% |
| 20068 | 526 | 0.406 | 2.493 | 0.722 | 3.654 | 68.2% | 19.8% |
| 20077 | 524 | 0.480 | 2.653 | 0.931 | 4.097 | 64.8% | 22.7% |
| 20089 | 500 | 0.542 | 2.967 | 0.964 | 4.509 | 65.8% | 21.4% |
| 20097 | 498 | 0.479 | 3.500 | 0.821 | 4.828 | 72.5% | 17.0% |
| 20110 | 461 | 0.432 | 3.952 | 0.742 | 5.156 | 76.7% | 14.4% |
| 20120 | 456 | 0.382 | 2.383 | 0.677 | 3.469 | 68.7% | 19.5% |
| 20130 | 438 | 0.405 | 2.375 | 0.721 | 3.528 | 67.3% | 20.4% |
| 20140 | 421 | 0.389 | 2.477 | 0.634 | 3.528 | 70.2% | 18.0% |
| 20151 | 397 | 0.380 | 3.135 | 0.630 | 4.178 | 75.0% | 15.1% |
| 20159 | 379 | 0.328 | 2.036 | 0.579 | 2.966 | 68.7% | 19.5% |
| 20170 | 368 | 0.295 | 1.937 | 0.581 | 2.838 | 68.3% | 20.5% |
| 20178 | 364 | 0.289 | 1.962 | 0.490 | 2.766 | 70.9% | 17.7% |
| 20190 | 355 | 0.316 | 2.132 | 0.647 | 3.120 | 68.3% | 20.7% |
| 20203 | 336 | 0.292 | 1.762 | 0.458 | 2.536 | 69.5% | 18.1% |
| 20212 | 308 | 0.281 | 1.690 | 0.415 | 2.408 | 70.2% | 17.2% |
| 20222 | 309 | 0.263 | 1.603 | 0.410 | 2.299 | 69.7% | 17.8% |
| 20232 | 300 | 0.212 | 1.427 | 0.347 | 2.007 | 71.1% | 17.3% |
| 20243 | 300 | 0.241 | 1.583 | 0.327 | 2.171 | 72.9% | 15.0% |
| 20253 | 292 | 0.292 | 1.567 | 0.397 | 2.277 | 68.8% | 17.4% |
| 20263 | 290 | 0.261 | 1.532 | 0.337 | 2.151 | 71.2% | 15.7% |
| 20273 | 290 | 0.338 | 3.180 | 0.393 | 3.928 | 80.9% | 10.0% |
| 20283 | 297 | 0.293 | 1.649 | 0.440 | 2.403 | 68.6% | 18.3% |
| 20293 | 327 | 0.291 | 1.666 | 0.366 | 2.345 | 71.0% | 15.6% |
| 20303 | 336 | 0.310 | 1.641 | 0.434 | 2.408 | 68.2% | 18.0% |
| 20312 | 340 | 0.277 | 1.548 | 0.379 | 2.227 | 69.5% | 17.0% |
| 20327 | 344 | 0.280 | 1.605 | 0.440 | 2.350 | 68.3% | 18.7% |
| 20336 | 361 | 0.317 | 1.629 | 0.483 | 2.452 | 66.4% | 19.7% |
| 20345 | 376 | 0.330 | 1.656 | 0.423 | 2.435 | 68.0% | 17.4% |
| 20354 | 391 | 0.318 | 1.791 | 0.553 | 2.688 | 66.6% | 20.6% |
| 20367 | 399 | 0.402 | 2.006 | 0.618 | 3.048 | 65.8% | 20.3% |
| 20375 | 407 | 0.384 | 2.097 | 0.654 | 3.164 | 66.3% | 20.7% |
| 20387 | 410 | 0.353 | 2.550 | 0.677 | 3.604 | 70.8% | 18.8% |
| 20397 | 407 | 0.421 | 2.240 | 0.633 | 3.317 | 67.5% | 19.1% |
| 20408 | 411 | 0.339 | 2.595 | 0.630 | 3.587 | 72.3% | 17.6% |
| 20419 | 408 | 0.344 | 2.079 | 0.591 | 3.044 | 68.3% | 19.4% |
| 20427 | 406 | 0.403 | 2.117 | 0.618 | 3.165 | 66.9% | 19.5% |
| 20438 | 410 | 0.352 | 1.963 | 0.596 | 2.939 | 66.8% | 20.3% |
| 20449 | 409 | 0.344 | 2.148 | 0.591 | 3.119 | 68.9% | 18.9% |
| 20459 | 431 | 0.352 | 2.544 | 0.642 | 3.568 | 71.3% | 18.0% |
| 20470 | 450 | 0.371 | 2.109 | 0.745 | 3.254 | 64.8% | 22.9% |
| 20480 | 446 | 0.368 | 2.198 | 0.665 | 3.259 | 67.4% | 20.4% |
| 20490 | 458 | 0.559 | 2.400 | 0.702 | 3.688 | 65.1% | 19.0% |
| 20500 | 482 | 0.412 | 2.450 | 0.723 | 3.615 | 67.8% | 20.0% |
| 20513 | 483 | 0.509 | 2.999 | 0.840 | 4.381 | 68.5% | 19.2% |
| 20522 | 506 | 0.444 | 2.555 | 0.803 | 3.833 | 66.6% | 21.0% |
| 20531 | 511 | 0.544 | 4.023 | 0.746 | 5.345 | 75.3% | 14.0% |
| 20543 | 519 | 0.504 | 2.602 | 0.825 | 3.955 | 65.8% | 20.9% |
| 20551 | 497 | 0.464 | 2.683 | 0.832 | 4.011 | 66.9% | 20.7% |
| 20563 | 506 | 0.542 | 2.737 | 0.897 | 4.208 | 65.1% | 21.3% |
| 20575 | 488 | 0.452 | 2.734 | 0.955 | 4.172 | 65.5% | 22.9% |
| 20584 | 479 | 0.386 | 2.388 | 0.727 | 3.533 | 67.6% | 20.6% |
| 20593 | 455 | 0.446 | 3.943 | 0.784 | 5.203 | 75.8% | 15.1% |
| 20603 | 423 | 0.398 | 2.493 | 0.626 | 3.547 | 70.3% | 17.6% |
| 20613 | 426 | 0.564 | 3.494 | 0.687 | 4.782 | 73.1% | 14.4% |
| 20624 | 414 | 0.359 | 2.174 | 0.591 | 3.154 | 68.9% | 18.7% |
| 20635 | 390 | 0.335 | 1.978 | 0.466 | 2.805 | 70.5% | 16.6% |
| 20647 | 369 | 0.314 | 2.093 | 0.535 | 2.969 | 70.5% | 18.0% |
| 20654 | 347 | 0.289 | 2.061 | 0.476 | 2.851 | 72.3% | 16.7% |
| 20667 | 348 | 0.301 | 1.656 | 0.491 | 2.473 | 67.0% | 19.9% |
| 20677 | 346 | 0.288 | 1.697 | 0.407 | 2.415 | 70.2% | 16.9% |
| 20686 | 357 | 0.523 | 1.961 | 0.490 | 2.998 | 65.4% | 16.3% |
| 20699 | 360 | 0.320 | 1.724 | 0.531 | 2.599 | 66.4% | 20.4% |
| 20707 | 360 | 0.316 | 1.834 | 0.516 | 2.689 | 68.2% | 19.2% |
| 20716 | 367 | 0.365 | 1.847 | 0.521 | 2.756 | 67.0% | 18.9% |
| 20728 | 370 | 0.364 | 3.347 | 0.520 | 4.252 | 78.7% | 12.2% |
| 20740 | 366 | 0.324 | 2.074 | 0.577 | 3.000 | 69.1% | 19.2% |
| 20748 | 377 | 0.443 | 2.618 | 0.586 | 3.681 | 71.1% | 15.9% |
| 20760 | 390 | 0.314 | 2.305 | 0.583 | 3.228 | 71.4% | 18.1% |
| 20768 | 404 | 0.354 | 2.102 | 0.583 | 3.068 | 68.5% | 19.0% |
| 20780 | 400 | 0.339 | 2.415 | 0.590 | 3.371 | 71.7% | 17.5% |
| 20792 | 394 | 0.338 | 1.983 | 0.646 | 2.995 | 66.2% | 21.6% |
| 20799 | 395 | 0.378 | 3.277 | 0.635 | 4.316 | 75.9% | 14.7% |
| 20811 | 398 | 0.357 | 2.210 | 0.567 | 3.162 | 69.9% | 17.9% |
| 20822 | 390 | 0.324 | 2.235 | 0.576 | 3.162 | 70.7% | 18.2% |
| 20830 | 386 | 0.305 | 2.127 | 0.578 | 3.035 | 70.1% | 19.1% |
| 20842 | 386 | 0.326 | 2.135 | 0.564 | 3.051 | 70.0% | 18.5% |
| 20853 | 394 | 0.345 | 2.353 | 0.485 | 3.211 | 73.3% | 15.1% |
| 20861 | 388 | 0.348 | 2.016 | 0.587 | 2.977 | 67.7% | 19.7% |
| 20872 | 377 | 0.367 | 2.093 | 0.633 | 3.139 | 66.7% | 20.2% |
| 20884 | 364 | 0.315 | 2.929 | 0.613 | 3.881 | 75.5% | 15.8% |
| 20892 | 363 | 0.299 | 2.203 | 0.512 | 3.039 | 72.5% | 16.9% |
| 20905 | 347 | 0.317 | 1.944 | 0.661 | 2.946 | 66.0% | 22.4% |
| 20914 | 326 | 0.267 | 1.606 | 0.434 | 2.330 | 68.9% | 18.6% |
| 20924 | 326 | 0.271 | 1.892 | 0.412 | 2.599 | 72.8% | 15.9% |
| 20933 | 324 | 0.262 | 1.560 | 0.446 | 2.290 | 68.1% | 19.5% |
| 20943 | 315 | 0.310 | 3.035 | 0.442 | 3.805 | 79.8% | 11.6% |
| 20953 | 318 | 0.376 | 2.942 | 0.500 | 3.837 | 76.7% | 13.0% |
| 20963 | 313 | 0.276 | 1.461 | 0.396 | 2.153 | 67.9% | 18.4% |
| 20974 | 308 | 0.349 | 2.510 | 0.431 | 3.311 | 75.8% | 13.0% |
| 20984 | 314 | 0.405 | 1.656 | 0.352 | 2.432 | 68.1% | 14.5% |
| 20994 | 312 | 0.292 | 1.696 | 0.420 | 2.425 | 69.9% | 17.3% |
| 21009 | 314 | 0.300 | 2.857 | 0.520 | 3.697 | 77.3% | 14.1% |
| 21019 | 332 | 0.452 | 1.433 | 0.411 | 2.315 | 61.9% | 17.8% |
| 21029 | 338 | 0.295 | 1.529 | 0.454 | 2.301 | 66.4% | 19.8% |
| 21039 | 345 | 0.270 | 2.568 | 0.586 | 3.443 | 74.6% | 17.0% |
| 21048 | 359 | 0.360 | 1.966 | 0.502 | 2.849 | 69.0% | 17.6% |
| 21057 | 371 | 0.320 | 2.144 | 0.611 | 3.100 | 69.2% | 19.7% |
| 21070 | 370 | 0.351 | 3.497 | 0.542 | 4.411 | 79.3% | 12.3% |
| 21078 | 368 | 0.333 | 1.787 | 0.498 | 2.637 | 67.8% | 18.9% |
| 21090 | 384 | 0.359 | 2.082 | 0.601 | 3.065 | 67.9% | 19.6% |
| 21102 | 406 | 0.350 | 2.828 | 0.613 | 3.818 | 74.1% | 16.1% |
| 21109 | 411 | 0.451 | 2.210 | 0.620 | 3.303 | 66.9% | 18.8% |
| 21120 | 406 | 0.401 | 2.324 | 0.606 | 3.361 | 69.2% | 18.0% |
| 21131 | 406 | 0.412 | 2.368 | 0.647 | 3.456 | 68.5% | 18.7% |
| 21142 | 406 | 0.343 | 2.125 | 0.641 | 3.136 | 67.8% | 20.4% |
| 21153 | 402 | 0.338 | 2.165 | 0.538 | 3.068 | 70.6% | 17.5% |
| 21160 | 412 | 0.380 | 2.117 | 0.601 | 3.124 | 67.8% | 19.3% |
| 21171 | 413 | 0.430 | 3.415 | 0.625 | 4.496 | 76.0% | 13.9% |
| 21182 | 417 | 0.378 | 2.159 | 0.679 | 3.243 | 66.6% | 20.9% |
| 21193 | 412 | 0.475 | 3.087 | 0.757 | 4.356 | 70.9% | 17.4% |
| 21204 | 422 | 0.395 | 2.544 | 0.668 | 3.630 | 70.1% | 18.4% |
| 21214 | 444 | 0.409 | 2.248 | 0.815 | 3.503 | 64.2% | 23.3% |
| 21225 | 432 | 0.387 | 2.369 | 0.644 | 3.429 | 69.1% | 18.8% |
| 21235 | 431 | 0.356 | 2.320 | 0.654 | 3.360 | 69.1% | 19.5% |
| 21245 | 415 | 0.376 | 2.287 | 0.664 | 3.355 | 68.2% | 19.8% |
| 21255 | 411 | 0.381 | 2.807 | 0.602 | 3.818 | 73.5% | 15.8% |
| 21266 | 403 | 0.381 | 2.570 | 0.637 | 3.614 | 71.1% | 17.6% |
| 21277 | 393 | 0.387 | 2.204 | 0.616 | 3.238 | 68.1% | 19.0% |
| 21288 | 405 | 0.314 | 2.128 | 0.606 | 3.073 | 69.3% | 19.7% |
| 21298 | 403 | 0.348 | 3.078 | 0.658 | 4.111 | 74.9% | 16.0% |
| 21306 | 397 | 0.404 | 3.253 | 0.606 | 4.294 | 75.7% | 14.1% |
| 21316 | 396 | 0.377 | 4.222 | 0.599 | 5.221 | 80.9% | 11.5% |
| 21327 | 407 | 0.412 | 3.295 | 0.603 | 4.337 | 76.0% | 13.9% |
| 21338 | 403 | 0.384 | 2.125 | 0.672 | 3.207 | 66.3% | 21.0% |
| 21349 | 407 | 0.362 | 2.250 | 0.607 | 3.247 | 69.3% | 18.7% |
| 21360 | 403 | 0.330 | 1.893 | 0.543 | 2.794 | 67.8% | 19.4% |
| 21370 | 412 | 0.329 | 2.160 | 0.571 | 3.085 | 70.0% | 18.5% |
| 21380 | 426 | 0.423 | 2.554 | 0.632 | 3.640 | 70.2% | 17.4% |
| 21391 | 426 | 0.492 | 2.418 | 0.635 | 3.572 | 67.7% | 17.8% |
| 21401 | 423 | 0.352 | 2.223 | 0.626 | 3.229 | 68.8% | 19.4% |
| 21409 | 397 | 0.380 | 2.650 | 0.539 | 3.593 | 73.8% | 15.0% |
| 21420 | 407 | 0.337 | 2.402 | 0.573 | 3.339 | 71.9% | 17.2% |
| 21431 | 416 | 0.343 | 2.050 | 0.733 | 3.153 | 65.0% | 23.3% |
| 21441 | 420 | 0.363 | 2.194 | 0.874 | 3.461 | 63.4% | 25.3% |
| 21452 | 402 | 0.334 | 1.908 | 0.577 | 2.846 | 67.0% | 20.3% |
| 21463 | 392 | 0.339 | 1.979 | 0.465 | 2.810 | 70.4% | 16.5% |
| 21471 | 383 | 0.349 | 1.800 | 0.530 | 2.706 | 66.5% | 19.6% |
| 21483 | 372 | 0.324 | 5.112 | 0.611 | 6.074 | 84.2% | 10.1% |
| 21491 | 364 | 0.329 | 2.992 | 0.428 | 3.773 | 79.3% | 11.4% |
| 21503 | 368 | 0.336 | 1.631 | 0.543 | 2.531 | 64.4% | 21.4% |
| 21511 | 375 | 0.327 | 1.985 | 0.538 | 2.875 | 69.0% | 18.7% |
| 21524 | 383 | 0.316 | 2.138 | 0.666 | 3.146 | 68.0% | 21.2% |
| 21536 | 398 | 0.362 | 1.956 | 0.588 | 2.934 | 66.7% | 20.1% |
| 21544 | 391 | 0.345 | 1.997 | 0.612 | 2.979 | 67.0% | 20.5% |
| 21555 | 408 | 0.368 | 2.439 | 0.496 | 3.330 | 73.2% | 14.9% |
| 21566 | 413 | 0.361 | 3.725 | 0.611 | 4.725 | 78.8% | 12.9% |
| 21574 | 409 | 0.340 | 2.131 | 0.673 | 3.167 | 67.3% | 21.2% |
| 21585 | 417 | 0.356 | 2.175 | 0.606 | 3.166 | 68.7% | 19.1% |
| 21596 | 423 | 0.345 | 2.194 | 0.648 | 3.215 | 68.2% | 20.2% |
| 21606 | 417 | 0.374 | 3.309 | 0.746 | 4.465 | 74.1% | 16.7% |
| 21617 | 393 | 0.391 | 2.223 | 0.501 | 3.136 | 70.9% | 16.0% |
| 21629 | 386 | 0.320 | 1.788 | 0.495 | 2.629 | 68.0% | 18.8% |
| 21636 | 359 | 0.296 | 2.136 | 0.515 | 2.973 | 71.9% | 17.3% |
| 21649 | 339 | 0.300 | 2.027 | 0.545 | 2.895 | 70.0% | 18.8% |
| 21657 | 318 | 0.268 | 1.524 | 0.350 | 2.164 | 70.4% | 16.2% |
| 21667 | 293 | 0.247 | 1.587 | 0.507 | 2.362 | 67.2% | 21.4% |
| 21677 | 292 | 0.221 | 1.447 | 0.351 | 2.037 | 71.0% | 17.3% |
| 21688 | 269 | 0.259 | 1.851 | 0.310 | 2.438 | 75.9% | 12.7% |
| 21698 | 251 | 0.222 | 1.464 | 0.329 | 2.031 | 72.1% | 16.2% |
| 21708 | 247 | 0.220 | 1.436 | 0.269 | 1.942 | 74.0% | 13.9% |
| 21718 | 243 | 0.232 | 1.807 | 0.319 | 2.376 | 76.1% | 13.4% |
| 21728 | 266 | 0.258 | 1.525 | 0.352 | 2.155 | 70.8% | 16.3% |
| 21739 | 265 | 0.231 | 1.585 | 0.361 | 2.193 | 72.3% | 16.5% |
| 21749 | 271 | 0.232 | 1.538 | 0.348 | 2.137 | 72.0% | 16.3% |
| 21759 | 281 | 0.916 | 1.529 | 0.400 | 2.858 | 53.5% | 14.0% |
| 21769 | 287 | 0.301 | 1.765 | 0.317 | 2.399 | 73.5% | 13.2% |
| 21779 | 296 | 0.253 | 1.564 | 0.390 | 2.227 | 70.3% | 17.5% |
| 21790 | 305 | 0.303 | 2.010 | 0.336 | 2.669 | 75.3% | 12.6% |
| 21805 | 313 | 0.284 | 1.661 | 0.401 | 2.366 | 70.2% | 17.0% |
| 21814 | 325 | 0.321 | 2.991 | 0.419 | 3.753 | 79.7% | 11.2% |
| 21824 | 336 | 0.310 | 1.578 | 0.386 | 2.295 | 68.7% | 16.8% |
| 21834 | 350 | 0.365 | 1.590 | 0.509 | 2.482 | 64.0% | 20.5% |
| 21843 | 351 | 0.348 | 2.759 | 0.482 | 3.612 | 76.4% | 13.4% |
| 21853 | 346 | 0.303 | 1.660 | 0.389 | 2.374 | 70.0% | 16.4% |
| 21862 | 354 | 0.353 | 2.328 | 0.586 | 3.290 | 70.8% | 17.8% |
| 21876 | 374 | 0.359 | 1.805 | 0.536 | 2.724 | 66.3% | 19.7% |
| 21885 | 377 | 0.321 | 1.702 | 0.453 | 2.500 | 68.1% | 18.1% |
| 21897 | 407 | 0.385 | 2.230 | 0.679 | 3.319 | 67.2% | 20.4% |
| 21905 | 399 | 0.388 | 2.138 | 0.578 | 3.131 | 68.3% | 18.5% |
| 21916 | 418 | 0.389 | 2.164 | 0.610 | 3.190 | 67.8% | 19.1% |
| 21927 | 423 | 0.388 | 2.112 | 0.606 | 3.135 | 67.4% | 19.3% |
| 21938 | 441 | 0.422 | 2.708 | 0.682 | 3.843 | 70.5% | 17.7% |
| 21948 | 447 | 0.426 | 2.829 | 0.827 | 4.112 | 68.8% | 20.1% |
| 21958 | 453 | 0.385 | 2.302 | 0.705 | 3.423 | 67.3% | 20.6% |
| 21969 | 434 | 0.441 | 2.447 | 0.643 | 3.560 | 68.7% | 18.0% |
| 21979 | 430 | 0.378 | 2.205 | 0.652 | 3.264 | 67.6% | 20.0% |
| 21990 | 427 | 0.479 | 2.224 | 0.732 | 3.462 | 64.3% | 21.1% |
| 22000 | 427 | 0.387 | 2.173 | 0.653 | 3.241 | 67.0% | 20.2% |
| 22011 | 417 | 0.459 | 3.162 | 0.660 | 4.313 | 73.3% | 15.3% |
| 22021 | 429 | 0.390 | 2.344 | 0.677 | 3.441 | 68.1% | 19.7% |
| 22032 | 424 | 0.390 | 2.390 | 0.661 | 3.468 | 68.9% | 19.1% |
| 22040 | 428 | 0.395 | 1.955 | 0.708 | 3.081 | 63.5% | 23.0% |
| 22049 | 445 | 0.414 | 1.225 | 0.502 | 2.165 | 56.6% | 23.2% |
| 22059 | 432 | 0.346 | 1.488 | 0.602 | 2.461 | 60.4% | 24.5% |
| 22072 | 444 | 0.429 | 2.946 | 0.872 | 4.275 | 68.9% | 20.4% |
| 22083 | 429 | 0.326 | 2.386 | 0.641 | 3.381 | 70.6% | 19.0% |
| 22094 | 415 | 0.353 | 3.843 | 0.612 | 4.835 | 79.5% | 12.7% |
| 22103 | 393 | 0.381 | 2.866 | 0.712 | 3.982 | 72.0% | 17.9% |
| 22113 | 383 | 0.328 | 3.147 | 0.542 | 4.041 | 77.9% | 13.4% |
| 22122 | 372 | 0.311 | 2.975 | 0.537 | 3.849 | 77.3% | 14.0% |
| 22132 | 368 | 0.324 | 3.212 | 0.517 | 4.076 | 78.8% | 12.7% |
| 22145 | 357 | 0.293 | 3.088 | 0.487 | 3.893 | 79.3% | 12.5% |
| 22156 | 338 | 0.310 | 3.550 | 0.397 | 4.282 | 82.9% | 9.3% |
| 22163 | 329 | 0.290 | 4.118 | 0.469 | 4.899 | 84.1% | 9.6% |
| 22174 | 324 | 0.295 | 2.711 | 0.423 | 3.452 | 78.5% | 12.3% |
| 22184 | 311 | 0.261 | 2.987 | 0.404 | 3.675 | 81.3% | 11.0% |
| 22195 | 317 | 0.269 | 2.840 | 0.480 | 3.609 | 78.7% | 13.3% |
| 22207 | 325 | 0.317 | 3.033 | 0.444 | 3.816 | 79.5% | 11.6% |
| 22218 | 337 | 0.340 | 2.973 | 0.517 | 3.854 | 77.1% | 13.4% |
| 22225 | 322 | 0.337 | 3.547 | 0.512 | 4.418 | 80.3% | 11.6% |
| 22236 | 323 | 0.306 | 2.497 | 0.466 | 3.292 | 75.8% | 14.2% |
| 22246 | 332 | 0.290 | 3.392 | 0.474 | 4.178 | 81.2% | 11.3% |
| 22257 | 340 | 0.296 | 2.701 | 0.466 | 3.487 | 77.5% | 13.4% |
| 22268 | 324 | 0.361 | 3.275 | 0.467 | 4.124 | 79.4% | 11.3% |
| 22278 | 322 | 0.290 | 3.271 | 0.460 | 4.041 | 80.9% | 11.4% |
| 22290 | 295 | 0.273 | 2.491 | 0.418 | 3.204 | 77.8% | 13.0% |
| 22297 | 292 | 0.249 | 2.474 | 0.410 | 3.153 | 78.5% | 13.0% |
| 22309 | 283 | 0.241 | 2.420 | 0.367 | 3.049 | 79.4% | 12.1% |
| 22317 | 276 | 0.259 | 2.241 | 0.538 | 3.059 | 73.3% | 17.6% |
| 22327 | 272 | 0.237 | 1.710 | 0.491 | 2.459 | 69.5% | 20.0% |
| 22337 | 253 | 0.230 | 1.849 | 0.352 | 2.450 | 75.5% | 14.4% |
| 22352 | 267 | 0.252 | 2.542 | 0.452 | 3.287 | 77.3% | 13.7% |
| 22362 | 254 | 0.236 | 1.589 | 0.314 | 2.158 | 73.6% | 14.6% |
| 22372 | 243 | 0.222 | 1.664 | 0.303 | 2.207 | 75.4% | 13.7% |
| 22383 | 265 | 0.233 | 1.853 | 0.342 | 2.445 | 75.8% | 14.0% |
| 22393 | 280 | 0.259 | 1.882 | 0.384 | 2.545 | 73.9% | 15.1% |
| 22403 | 284 | 0.262 | 1.808 | 0.388 | 2.478 | 73.0% | 15.7% |
| 22413 | 274 | 0.254 | 1.852 | 0.317 | 2.442 | 75.8% | 13.0% |
| 22423 | 280 | 0.258 | 1.679 | 0.311 | 2.268 | 74.0% | 13.7% |
| 22433 | 274 | 0.249 | 1.687 | 0.372 | 2.327 | 72.5% | 16.0% |
| 22443 | 278 | 0.274 | 2.748 | 0.368 | 3.411 | 80.5% | 10.8% |
| 22453 | 272 | 0.238 | 1.746 | 0.372 | 2.375 | 73.5% | 15.7% |
| 22463 | 261 | 0.233 | 1.776 | 0.349 | 2.376 | 74.8% | 14.7% |
| 22473 | 261 | 0.221 | 2.047 | 0.368 | 2.652 | 77.2% | 13.9% |
| 22483 | 270 | 0.245 | 3.285 | 0.316 | 3.865 | 85.0% | 8.2% |
| 22493 | 261 | 0.252 | 1.870 | 0.464 | 2.602 | 71.9% | 17.8% |
| 22504 | 256 | 0.255 | 1.829 | 0.397 | 2.499 | 73.2% | 15.9% |
| 22514 | 256 | 0.218 | 1.661 | 0.300 | 2.195 | 75.7% | 13.6% |
| 22524 | 253 | 0.224 | 1.755 | 0.337 | 2.333 | 75.3% | 14.4% |
| 22534 | 263 | 0.245 | 1.771 | 0.367 | 2.400 | 73.8% | 15.3% |
| 22544 | 278 | 0.290 | 1.809 | 0.331 | 2.447 | 73.9% | 13.5% |
| 22554 | 281 | 0.252 | 1.708 | 0.383 | 2.361 | 72.3% | 16.2% |
| 22565 | 286 | 0.263 | 1.738 | 0.446 | 2.466 | 70.5% | 18.1% |
| 22579 | 307 | 0.262 | 1.890 | 0.458 | 2.631 | 71.8% | 17.4% |
| 22589 | 327 | 0.260 | 2.119 | 0.576 | 2.974 | 71.2% | 19.4% |
| 22597 | 354 | 0.291 | 2.029 | 0.482 | 2.824 | 71.8% | 17.1% |
| 22610 | 349 | 0.294 | 2.550 | 0.570 | 3.437 | 74.2% | 16.6% |
| 22619 | 347 | 0.322 | 2.245 | 0.537 | 3.125 | 71.8% | 17.2% |
| 22628 | 353 | 0.350 | 2.815 | 0.500 | 3.688 | 76.3% | 13.6% |
| 22640 | 360 | 0.338 | 2.087 | 0.565 | 3.010 | 69.3% | 18.8% |
| 22649 | 357 | 0.325 | 3.223 | 0.428 | 4.000 | 80.6% | 10.7% |
| 22661 | 361 | 0.313 | 1.976 | 0.550 | 2.863 | 69.0% | 19.2% |
| 22672 | 354 | 0.482 | 3.116 | 0.586 | 4.201 | 74.2% | 14.0% |
| 22682 | 353 | 0.332 | 3.520 | 0.537 | 4.414 | 79.8% | 12.2% |
| 22692 | 332 | 0.292 | 3.024 | 0.460 | 3.798 | 79.6% | 12.1% |
| 22703 | 329 | 0.291 | 2.447 | 0.453 | 3.214 | 76.1% | 14.1% |
| 22713 | 324 | 0.260 | 2.831 | 0.440 | 3.553 | 79.7% | 12.4% |
| 22724 | 332 | 0.280 | 2.742 | 0.456 | 3.500 | 78.3% | 13.0% |
| 22731 | 338 | 0.332 | 3.973 | 0.467 | 4.794 | 82.9% | 9.8% |
| 22742 | 340 | 0.301 | 4.962 | 0.420 | 5.701 | 87.0% | 7.4% |
| 22755 | 350 | 0.300 | 3.440 | 0.509 | 4.272 | 80.5% | 11.9% |
| 22765 | 336 | 0.298 | 3.048 | 0.619 | 3.987 | 76.5% | 15.5% |
| 22776 | 336 | 0.307 | 2.910 | 0.469 | 3.709 | 78.5% | 12.7% |
| 22783 | 324 | 0.273 | 2.991 | 0.448 | 3.736 | 80.0% | 12.0% |
| 22793 | 307 | 0.284 | 2.693 | 0.434 | 3.431 | 78.5% | 12.6% |
| 22805 | 304 | 0.271 | 2.676 | 0.426 | 3.394 | 78.9% | 12.6% |
| 22817 | 302 | 0.285 | 2.069 | 0.462 | 2.837 | 72.9% | 16.3% |
| 22826 | 295 | 0.253 | 1.715 | 0.398 | 2.386 | 71.9% | 16.7% |
| 22835 | 321 | 0.271 | 1.960 | 0.466 | 2.719 | 72.1% | 17.2% |
| 22845 | 337 | 0.311 | 1.755 | 0.495 | 2.581 | 68.0% | 19.2% |
| 22854 | 314 | 0.250 | 1.675 | 0.424 | 2.366 | 70.8% | 17.9% |
| 22864 | 324 | 0.286 | 2.621 | 0.409 | 3.342 | 78.4% | 12.2% |
| 22879 | 330 | 0.306 | 1.738 | 0.434 | 2.500 | 69.5% | 17.4% |
| 22888 | 329 | 0.270 | 1.825 | 0.486 | 2.602 | 70.1% | 18.7% |
| 22896 | 335 | 0.280 | 2.283 | 0.532 | 3.117 | 73.3% | 17.1% |
| 22909 | 341 | 0.284 | 1.890 | 0.470 | 2.666 | 70.9% | 17.6% |
| 22918 | 340 | 0.522 | 2.488 | 0.561 | 3.588 | 69.3% | 15.6% |
| 22927 | 343 | 0.353 | 1.916 | 0.516 | 2.804 | 68.3% | 18.4% |
| 22940 | 352 | 0.292 | 1.871 | 0.495 | 2.681 | 69.8% | 18.5% |
| 22949 | 380 | 0.350 | 2.038 | 0.607 | 3.018 | 67.5% | 20.1% |
| 22960 | 400 | 0.379 | 2.705 | 0.581 | 3.694 | 73.2% | 15.7% |
| 22970 | 406 | 0.356 | 4.167 | 0.594 | 5.144 | 81.0% | 11.6% |
| 22982 | 420 | 0.350 | 3.228 | 0.616 | 4.219 | 76.5% | 14.6% |
| 22991 | 428 | 0.384 | 4.328 | 0.731 | 5.481 | 79.0% | 13.3% |
| 23002 | 435 | 0.356 | 3.798 | 0.663 | 4.845 | 78.4% | 13.7% |
| 23012 | 441 | 0.359 | 4.069 | 0.635 | 5.092 | 79.9% | 12.5% |
| 23023 | 444 | 0.381 | 3.470 | 0.658 | 4.538 | 76.5% | 14.5% |
| 23033 | 445 | 0.351 | 3.613 | 0.679 | 4.673 | 77.3% | 14.5% |
| 23044 | 434 | 0.378 | 3.695 | 0.664 | 4.768 | 77.5% | 13.9% |
| 23054 | 413 | 0.362 | 3.508 | 0.612 | 4.511 | 77.8% | 13.6% |
| 23065 | 415 | 0.335 | 3.490 | 0.598 | 4.452 | 78.4% | 13.4% |
| 23074 | 404 | 0.357 | 3.365 | 0.815 | 4.561 | 73.8% | 17.9% |
| 23086 | 400 | 0.376 | 4.586 | 0.574 | 5.562 | 82.5% | 10.3% |
| 23095 | 393 | 0.327 | 3.421 | 0.593 | 4.368 | 78.3% | 13.6% |
| 23104 | 411 | 0.304 | 3.265 | 0.613 | 4.205 | 77.6% | 14.6% |
| 23116 | 408 | 0.364 | 3.428 | 0.595 | 4.414 | 77.7% | 13.5% |
| 23125 | 426 | 0.501 | 3.216 | 0.722 | 4.463 | 72.1% | 16.2% |
| 23136 | 434 | 0.398 | 3.418 | 0.678 | 4.525 | 75.5% | 15.0% |
| 23148 | 406 | 0.327 | 3.387 | 0.594 | 4.337 | 78.1% | 13.7% |
| 23157 | 395 | 0.376 | 2.992 | 0.595 | 3.988 | 75.0% | 14.9% |
| 23166 | 390 | 0.307 | 5.333 | 0.612 | 6.278 | 85.0% | 9.7% |
| 23178 | 375 | 0.315 | 3.800 | 0.559 | 4.700 | 80.9% | 11.9% |
| 23187 | 380 | 0.360 | 4.082 | 0.662 | 5.124 | 79.7% | 12.9% |
| 23197 | 353 | 0.288 | 3.935 | 0.496 | 4.745 | 82.9% | 10.5% |
| 23210 | 351 | 0.278 | 2.980 | 0.506 | 3.788 | 78.7% | 13.4% |
| 23220 | 348 | 0.362 | 2.924 | 0.493 | 3.803 | 76.9% | 13.0% |
| 23230 | 347 | 0.296 | 2.802 | 0.488 | 3.610 | 77.6% | 13.5% |
| 23240 | 351 | 0.300 | 3.010 | 0.476 | 3.815 | 78.9% | 12.5% |
| 23250 | 361 | 0.345 | 3.341 | 0.492 | 4.199 | 79.6% | 11.7% |
| 23260 | 367 | 0.306 | 3.010 | 0.513 | 3.853 | 78.1% | 13.3% |
| 23269 | 361 | 0.305 | 2.433 | 0.533 | 3.296 | 73.8% | 16.2% |
| 23280 | 356 | 0.333 | 3.784 | 0.501 | 4.640 | 81.6% | 10.8% |
| 23290 | 328 | 0.292 | 2.906 | 0.472 | 3.689 | 78.8% | 12.8% |
| 23300 | 323 | 0.301 | 5.202 | 0.515 | 6.042 | 86.1% | 8.5% |
| 23311 | 305 | 0.256 | 2.889 | 0.411 | 3.576 | 80.8% | 11.5% |
| 23323 | 281 | 0.281 | 2.879 | 0.402 | 3.580 | 80.4% | 11.2% |
| 23331 | 299 | 0.264 | 2.336 | 0.424 | 3.043 | 76.8% | 13.9% |
| 23340 | 300 | 0.291 | 2.095 | 0.408 | 2.814 | 74.4% | 14.5% |
| 23354 | 321 | 0.340 | 1.761 | 0.445 | 2.566 | 68.6% | 17.3% |
| 23364 | 331 | 0.327 | 2.052 | 0.459 | 2.856 | 71.8% | 16.1% |
| 23373 | 328 | 0.276 | 2.636 | 0.568 | 3.499 | 75.3% | 16.2% |
| 23381 | 329 | 0.357 | 3.026 | 0.667 | 4.073 | 74.3% | 16.4% |
| 23394 | 348 | 0.304 | 2.126 | 0.531 | 2.981 | 71.3% | 17.8% |
| 23403 | 352 | 0.350 | 2.119 | 0.488 | 2.980 | 71.1% | 16.4% |
| 23414 | 348 | 0.267 | 4.244 | 0.545 | 5.080 | 83.5% | 10.7% |
| 23424 | 358 | 0.299 | 4.916 | 0.566 | 5.804 | 84.7% | 9.8% |
| 23434 | 355 | 0.330 | 3.298 | 0.480 | 4.132 | 79.8% | 11.6% |
| 23448 | 357 | 0.302 | 2.756 | 0.497 | 3.579 | 77.0% | 13.9% |
| 23458 | 351 | 0.324 | 3.977 | 0.419 | 4.744 | 83.8% | 8.8% |
| 23467 | 368 | 0.422 | 4.636 | 0.624 | 5.707 | 81.2% | 10.9% |
| 23477 | 351 | 0.327 | 3.022 | 0.560 | 3.932 | 76.9% | 14.2% |
| 23487 | 348 | 0.317 | 3.069 | 0.490 | 3.899 | 78.7% | 12.6% |
| 23497 | 342 | 0.305 | 3.176 | 0.489 | 3.994 | 79.5% | 12.3% |
| 23508 | 321 | 0.285 | 2.847 | 0.492 | 3.648 | 78.1% | 13.5% |
| 23519 | 301 | 0.244 | 2.606 | 0.411 | 3.279 | 79.5% | 12.5% |
| 23528 | 316 | 0.264 | 1.813 | 0.421 | 2.522 | 71.9% | 16.7% |
| 23537 | 310 | 0.259 | 1.667 | 0.425 | 2.373 | 70.3% | 17.9% |
| 23547 | 310 | 0.265 | 2.079 | 0.473 | 2.840 | 73.2% | 16.7% |
| 23557 | 317 | 0.276 | 2.325 | 0.445 | 3.068 | 75.8% | 14.5% |
| 23571 | 326 | 0.289 | 1.898 | 0.452 | 2.661 | 71.3% | 17.0% |
| 23579 | 345 | 0.293 | 1.902 | 0.464 | 2.683 | 70.9% | 17.3% |
| 23588 | 345 | 0.307 | 1.912 | 0.489 | 2.732 | 70.0% | 17.9% |
| 23601 | 374 | 0.328 | 1.938 | 0.641 | 2.931 | 66.1% | 21.9% |
| 23612 | 400 | 0.338 | 2.611 | 0.621 | 3.595 | 72.6% | 17.3% |
| 23622 | 398 | 0.355 | 2.899 | 0.562 | 3.843 | 75.4% | 14.6% |
| 23631 | 409 | 0.370 | 3.116 | 0.621 | 4.130 | 75.4% | 15.0% |
| 23643 | 418 | 0.333 | 3.328 | 0.622 | 4.307 | 77.3% | 14.4% |
| 23652 | 407 | 0.473 | 3.916 | 0.617 | 5.030 | 77.9% | 12.3% |
| 23664 | 406 | 0.430 | 3.786 | 0.613 | 4.853 | 78.0% | 12.6% |
| 23673 | 396 | 0.351 | 3.319 | 0.610 | 4.309 | 77.0% | 14.2% |
| 23683 | 382 | 0.306 | 2.890 | 0.573 | 3.793 | 76.2% | 15.1% |
| 23696 | 369 | 0.354 | 6.534 | 0.707 | 7.620 | 85.7% | 9.3% |
| 23705 | 368 | 0.396 | 3.228 | 0.670 | 4.320 | 74.7% | 15.5% |
| 23715 | 366 | 0.335 | 3.504 | 0.593 | 4.458 | 78.6% | 13.3% |
| 23725 | 352 | 0.390 | 3.770 | 0.576 | 4.759 | 79.2% | 12.1% |
| 23734 | 354 | 0.319 | 3.061 | 0.510 | 3.916 | 78.2% | 13.0% |
| 23744 | 363 | 0.316 | 3.155 | 0.538 | 4.033 | 78.2% | 13.4% |
| 23757 | 354 | 0.338 | 3.622 | 0.500 | 4.484 | 80.8% | 11.1% |
| 23767 | 351 | 0.371 | 2.914 | 0.586 | 3.894 | 74.8% | 15.1% |
| 23777 | 363 | 0.317 | 2.755 | 0.510 | 3.607 | 76.4% | 14.1% |
| 23787 | 348 | 0.286 | 2.849 | 0.663 | 3.819 | 74.6% | 17.4% |
| 23797 | 347 | 0.300 | 3.642 | 0.526 | 4.492 | 81.1% | 11.7% |
| 23807 | 344 | 0.293 | 2.926 | 0.479 | 3.722 | 78.6% | 12.9% |
| 23817 | 352 | 0.307 | 5.851 | 0.469 | 6.650 | 88.0% | 7.1% |
| 23827 | 347 | 0.304 | 2.805 | 0.531 | 3.665 | 76.5% | 14.5% |
| 23837 | 344 | 0.294 | 3.081 | 0.483 | 3.881 | 79.4% | 12.4% |
| 23850 | 333 | 0.287 | 3.411 | 0.490 | 4.211 | 81.0% | 11.6% |
| 23861 | 318 | 0.324 | 3.481 | 0.467 | 4.291 | 81.1% | 10.9% |
| 23871 | 321 | 0.274 | 2.960 | 0.448 | 3.704 | 79.9% | 12.1% |
| 23878 | 299 | 0.319 | 4.827 | 0.410 | 5.576 | 86.6% | 7.3% |
| 23890 | 289 | 0.241 | 5.988 | 0.375 | 6.622 | 90.4% | 5.7% |
| 23902 | 294 | 0.356 | 2.841 | 0.323 | 3.537 | 80.3% | 9.1% |
| 23910 | 293 | 0.278 | 2.358 | 0.390 | 3.047 | 77.4% | 12.8% |
| 23919 | 297 | 0.248 | 1.782 | 0.394 | 2.445 | 72.9% | 16.1% |
| 23929 | 308 | 0.249 | 2.002 | 0.438 | 2.710 | 73.9% | 16.2% |
| 23944 | 315 | 0.281 | 2.083 | 0.445 | 2.829 | 73.6% | 15.7% |
| 23953 | 319 | 0.271 | 1.998 | 0.457 | 2.746 | 72.7% | 16.6% |
| 23963 | 318 | 0.268 | 1.998 | 0.416 | 2.711 | 73.7% | 15.4% |
| 23972 | 343 | 0.291 | 1.834 | 0.502 | 2.650 | 69.2% | 18.9% |
| 23985 | 353 | 0.311 | 1.956 | 0.480 | 2.771 | 70.6% | 17.3% |
| 23993 | 369 | 0.299 | 1.959 | 0.535 | 2.816 | 69.6% | 19.0% |
| 24002 | 362 | 0.303 | 2.147 | 0.444 | 2.919 | 73.6% | 15.2% |
| 24014 | 369 | 0.309 | 2.541 | 0.638 | 3.514 | 72.3% | 18.2% |
| 24025 | 353 | 0.608 | 3.010 | 0.555 | 4.191 | 71.8% | 13.2% |
| 24035 | 344 | 0.334 | 4.717 | 0.543 | 5.613 | 84.0% | 9.7% |
| 24045 | 340 | 0.323 | 3.347 | 0.486 | 4.177 | 80.1% | 11.6% |
| 24056 | 328 | 0.308 | 3.058 | 0.453 | 3.839 | 79.7% | 11.8% |
| 24066 | 340 | 0.270 | 3.665 | 0.419 | 4.373 | 83.8% | 9.6% |
| 24076 | 353 | 0.337 | 3.021 | 0.545 | 3.925 | 77.0% | 13.9% |
| 24086 | 340 | 0.295 | 3.038 | 0.475 | 3.834 | 79.3% | 12.4% |
| 24097 | 352 | 0.372 | 3.089 | 0.508 | 3.990 | 77.4% | 12.7% |
| 24106 | 350 | 0.300 | 3.982 | 0.536 | 4.842 | 82.2% | 11.1% |
| 24117 | 334 | 0.291 | 3.320 | 0.463 | 4.098 | 81.0% | 11.3% |
| 24127 | 327 | 0.304 | 3.836 | 0.472 | 4.637 | 82.7% | 10.2% |
| 24138 | 309 | 0.269 | 2.775 | 0.436 | 3.502 | 79.3% | 12.5% |
| 24150 | 316 | 0.277 | 2.272 | 0.441 | 3.014 | 75.4% | 14.6% |
| 24159 | 310 | 0.299 | 1.896 | 0.448 | 2.664 | 71.2% | 16.8% |
| 24169 | 316 | 0.319 | 1.788 | 0.427 | 2.557 | 69.9% | 16.7% |
| 24178 | 326 | 0.269 | 2.153 | 0.410 | 2.854 | 75.4% | 14.4% |
| 24192 | 333 | 0.305 | 2.354 | 0.456 | 3.136 | 75.1% | 14.5% |
| 24200 | 342 | 0.317 | 2.024 | 0.485 | 2.849 | 71.0% | 17.0% |
| 24208 | 360 | 0.304 | 2.160 | 0.481 | 2.968 | 72.8% | 16.2% |
| 24221 | 375 | 0.332 | 2.031 | 0.554 | 2.940 | 69.1% | 18.8% |
| 24229 | 386 | 0.358 | 2.597 | 0.643 | 3.624 | 71.7% | 17.8% |
| 24240 | 401 | 0.403 | 2.994 | 0.615 | 4.038 | 74.1% | 15.2% |
| 24253 | 404 | 0.353 | 4.239 | 0.595 | 5.215 | 81.3% | 11.4% |
| 24262 | 395 | 0.358 | 5.096 | 0.597 | 6.077 | 83.9% | 9.8% |
| 24271 | 394 | 0.291 | 2.912 | 0.586 | 3.812 | 76.4% | 15.4% |
| 24284 | 381 | 0.360 | 4.745 | 0.631 | 5.762 | 82.3% | 11.0% |
| 24293 | 363 | 0.294 | 3.158 | 0.502 | 3.977 | 79.4% | 12.6% |
| 24303 | 370 | 0.280 | 3.343 | 0.506 | 4.154 | 80.5% | 12.2% |
| 24315 | 366 | 0.318 | 3.194 | 0.598 | 4.134 | 77.3% | 14.5% |
| 24325 | 359 | 0.330 | 3.220 | 0.526 | 4.103 | 78.5% | 12.8% |
| 24335 | 351 | 0.312 | 4.453 | 0.552 | 5.346 | 83.3% | 10.3% |
| 24345 | 341 | 0.271 | 2.927 | 0.477 | 3.698 | 79.2% | 12.9% |
| 24355 | 345 | 0.284 | 3.342 | 0.485 | 4.134 | 80.8% | 11.7% |
| 24365 | 345 | 0.340 | 5.692 | 0.508 | 6.562 | 86.7% | 7.7% |
| 24375 | 327 | 0.274 | 3.369 | 0.441 | 4.104 | 82.1% | 10.8% |
| 24386 | 314 | 0.266 | 2.942 | 0.443 | 3.669 | 80.2% | 12.1% |
| 24397 | 310 | 0.266 | 2.306 | 0.435 | 3.027 | 76.2% | 14.4% |
| 24408 | 299 | 0.250 | 2.522 | 0.428 | 3.222 | 78.3% | 13.3% |
| 24416 | 299 | 0.243 | 2.668 | 0.398 | 3.329 | 80.1% | 12.0% |
| 24428 | 293 | 0.256 | 3.035 | 0.389 | 3.701 | 82.0% | 10.5% |
| 24437 | 283 | 0.242 | 1.871 | 0.324 | 2.455 | 76.2% | 13.2% |
| 24448 | 275 | 0.282 | 2.660 | 0.314 | 3.272 | 81.3% | 9.6% |
| 24458 | 288 | 0.261 | 1.716 | 0.382 | 2.380 | 72.1% | 16.1% |
| 24468 | 277 | 0.243 | 1.833 | 0.319 | 2.411 | 76.0% | 13.2% |
| 24478 | 265 | 0.226 | 1.765 | 0.328 | 2.337 | 75.5% | 14.0% |
| 24488 | 261 | 0.345 | 1.773 | 0.337 | 2.472 | 71.7% | 13.6% |
| 24498 | 257 | 0.255 | 1.752 | 0.346 | 2.370 | 73.9% | 14.6% |
| 24508 | 266 | 0.250 | 2.020 | 0.345 | 2.633 | 76.7% | 13.1% |
| 24518 | 263 | 0.225 | 1.679 | 0.342 | 2.262 | 74.2% | 15.1% |
| 24528 | 275 | 0.240 | 1.738 | 0.353 | 2.351 | 73.9% | 15.0% |
| 24543 | 294 | 0.340 | 2.223 | 0.427 | 3.005 | 74.0% | 14.2% |
| 24553 | 300 | 0.255 | 1.750 | 0.406 | 2.433 | 71.9% | 16.7% |
| 24563 | 326 | 0.279 | 1.844 | 0.431 | 2.576 | 71.6% | 16.7% |
| 24572 | 348 | 0.313 | 2.190 | 0.489 | 3.015 | 72.6% | 16.2% |
| 24581 | 361 | 0.343 | 3.056 | 0.509 | 3.932 | 77.7% | 12.9% |
| 24594 | 369 | 0.305 | 1.970 | 0.515 | 2.815 | 70.0% | 18.3% |
| 24605 | 377 | 0.378 | 2.798 | 0.524 | 3.722 | 75.2% | 14.1% |
| 24614 | 371 | 0.347 | 2.922 | 0.501 | 3.790 | 77.1% | 13.2% |
| 24624 | 380 | 0.347 | 2.987 | 0.553 | 3.917 | 76.3% | 14.1% |
| 24633 | 391 | 0.328 | 3.204 | 0.536 | 4.095 | 78.2% | 13.1% |
| 24646 | 389 | 0.318 | 3.265 | 0.548 | 4.156 | 78.6% | 13.2% |
| 24655 | 391 | 0.380 | 2.947 | 0.570 | 3.923 | 75.1% | 14.5% |
| 24665 | 388 | 0.288 | 2.746 | 0.533 | 3.589 | 76.5% | 14.9% |
| 24674 | 389 | 0.324 | 3.341 | 0.549 | 4.240 | 78.8% | 13.0% |
| 24687 | 378 | 0.447 | 2.978 | 0.615 | 4.063 | 73.3% | 15.1% |
| 24696 | 377 | 0.318 | 3.331 | 0.495 | 4.167 | 79.9% | 11.9% |
| 24706 | 375 | 0.334 | 4.045 | 0.573 | 4.976 | 81.3% | 11.5% |
| 24716 | 368 | 0.353 | 3.059 | 0.495 | 3.933 | 77.8% | 12.6% |
| 24729 | 379 | 0.346 | 4.345 | 0.502 | 5.220 | 83.2% | 9.6% |
| 24738 | 381 | 0.307 | 3.665 | 0.566 | 4.564 | 80.3% | 12.4% |
| 24748 | 380 | 0.333 | 3.259 | 0.491 | 4.110 | 79.3% | 12.0% |
| 24757 | 374 | 0.283 | 3.136 | 0.530 | 3.971 | 79.0% | 13.3% |
| 24767 | 390 | 0.319 | 2.998 | 0.562 | 3.905 | 76.8% | 14.4% |
| 24780 | 385 | 0.327 | 3.424 | 0.617 | 4.392 | 78.0% | 14.1% |
| 24789 | 395 | 0.357 | 6.733 | 0.476 | 7.592 | 88.7% | 6.3% |
| 24798 | 399 | 0.390 | 4.716 | 0.592 | 5.720 | 82.4% | 10.3% |
| 24811 | 407 | 0.339 | 3.183 | 0.641 | 4.190 | 76.0% | 15.3% |
| 24820 | 385 | 0.317 | 2.961 | 0.536 | 3.840 | 77.1% | 14.0% |
| 24829 | 404 | 0.377 | 4.465 | 0.506 | 5.380 | 83.0% | 9.4% |
| 24842 | 407 | 0.349 | 3.246 | 0.543 | 4.166 | 77.9% | 13.0% |
| 24853 | 417 | 0.403 | 5.483 | 0.574 | 6.487 | 84.5% | 8.8% |
| 24862 | 408 | 0.339 | 3.409 | 0.591 | 4.365 | 78.1% | 13.5% |
| 24871 | 382 | 0.415 | 3.210 | 0.570 | 4.219 | 76.1% | 13.5% |
| 24884 | 362 | 0.312 | 3.090 | 0.503 | 3.929 | 78.6% | 12.8% |
| 24894 | 360 | 0.300 | 3.167 | 0.493 | 3.993 | 79.3% | 12.3% |
| 24903 | 365 | 0.303 | 3.334 | 0.510 | 4.172 | 79.9% | 12.2% |
| 24913 | 351 | 0.313 | 2.795 | 0.547 | 3.680 | 76.0% | 14.9% |
| 24923 | 350 | 0.333 | 3.188 | 0.497 | 4.040 | 78.9% | 12.3% |
| 24933 | 342 | 0.280 | 3.074 | 0.491 | 3.866 | 79.5% | 12.7% |
| 24944 | 309 | 0.287 | 2.822 | 0.422 | 3.549 | 79.5% | 11.9% |
| 24955 | 306 | 0.337 | 2.564 | 0.435 | 3.355 | 76.4% | 13.0% |
| 24963 | 286 | 0.342 | 2.530 | 0.400 | 3.288 | 77.0% | 12.2% |
| 24977 | 280 | 0.240 | 1.627 | 0.363 | 2.248 | 72.4% | 16.1% |
| 24987 | 276 | 0.265 | 1.659 | 0.378 | 2.318 | 71.6% | 16.3% |
| 24997 | 278 | 0.240 | 2.913 | 0.322 | 3.493 | 83.4% | 9.2% |
| 25007 | 280 | 0.257 | 2.063 | 0.439 | 2.778 | 74.3% | 15.8% |
| 25017 | 313 | 0.253 | 2.221 | 0.421 | 2.916 | 76.2% | 14.4% |
| 25026 | 311 | 0.310 | 1.905 | 0.415 | 2.652 | 71.8% | 15.7% |
| 25036 | 323 | 0.271 | 1.846 | 0.363 | 2.503 | 73.8% | 14.5% |
| 25045 | 338 | 0.302 | 1.809 | 0.429 | 2.564 | 70.6% | 16.7% |
| 25059 | 335 | 0.368 | 1.813 | 0.476 | 2.679 | 67.7% | 17.8% |
| 25068 | 339 | 0.326 | 2.133 | 0.633 | 3.114 | 68.5% | 20.3% |
| 25077 | 363 | 0.307 | 1.876 | 0.472 | 2.680 | 70.0% | 17.6% |
| 25090 | 385 | 0.337 | 2.010 | 0.526 | 2.898 | 69.4% | 18.1% |
| 25101 | 393 | 0.355 | 2.774 | 0.599 | 3.756 | 73.9% | 16.0% |
| 25111 | 384 | 0.456 | 3.394 | 0.537 | 4.414 | 76.9% | 12.2% |
| 25120 | 394 | 0.355 | 2.977 | 0.626 | 3.983 | 74.7% | 15.7% |
| 25130 | 404 | 0.385 | 4.849 | 0.721 | 5.978 | 81.1% | 12.1% |
| 25142 | 386 | 0.363 | 3.278 | 0.524 | 4.186 | 78.3% | 12.5% |
| 25151 | 394 | 0.328 | 3.252 | 0.541 | 4.150 | 78.4% | 13.0% |
| 25161 | 377 | 0.308 | 2.684 | 0.534 | 3.550 | 75.6% | 15.0% |
| 25173 | 370 | 0.341 | 4.886 | 0.509 | 5.762 | 84.8% | 8.8% |
| 25183 | 360 | 0.377 | 2.966 | 0.523 | 3.889 | 76.3% | 13.4% |
| 25193 | 362 | 0.287 | 3.041 | 0.515 | 3.868 | 78.6% | 13.3% |
| 25202 | 350 | 0.345 | 2.928 | 0.475 | 3.771 | 77.7% | 12.6% |
| 25212 | 349 | 0.300 | 4.350 | 0.405 | 5.086 | 85.5% | 8.0% |
| 25223 | 348 | 0.282 | 2.795 | 0.477 | 3.575 | 78.2% | 13.3% |
| 25233 | 353 | 0.296 | 2.684 | 0.521 | 3.525 | 76.2% | 14.8% |
| 25243 | 358 | 0.304 | 3.271 | 0.566 | 4.164 | 78.5% | 13.6% |
| 25256 | 349 | 0.316 | 3.231 | 0.445 | 4.015 | 80.5% | 11.1% |
| 25266 | 359 | 0.323 | 3.026 | 0.525 | 3.902 | 77.5% | 13.5% |
| 25276 | 364 | 0.311 | 3.766 | 0.558 | 4.660 | 80.8% | 12.0% |
| 25286 | 369 | 0.312 | 2.962 | 0.509 | 3.804 | 77.9% | 13.4% |
| 25295 | 387 | 0.326 | 3.088 | 0.548 | 3.989 | 77.4% | 13.7% |
| 25305 | 386 | 0.324 | 3.268 | 0.501 | 4.120 | 79.3% | 12.2% |
| 25317 | 376 | 0.395 | 3.051 | 0.610 | 4.083 | 74.7% | 14.9% |
| 25327 | 376 | 0.316 | 3.704 | 0.553 | 4.599 | 80.5% | 12.0% |
| 25336 | 373 | 0.321 | 3.220 | 0.536 | 4.102 | 78.5% | 13.1% |
| 25346 | 379 | 0.409 | 3.652 | 0.581 | 4.667 | 78.3% | 12.4% |
| 25359 | 380 | 0.325 | 2.977 | 0.522 | 3.849 | 77.4% | 13.6% |
| 25369 | 381 | 0.326 | 4.173 | 0.574 | 5.097 | 81.9% | 11.3% |
| 25379 | 370 | 0.341 | 4.220 | 0.424 | 5.015 | 84.1% | 8.5% |
| 25388 | 363 | 0.304 | 3.085 | 0.509 | 3.919 | 78.7% | 13.0% |
| 25398 | 356 | 0.333 | 3.871 | 0.503 | 4.736 | 81.7% | 10.6% |
| 25408 | 367 | 0.275 | 3.095 | 0.465 | 3.855 | 80.3% | 12.1% |
| 25421 | 376 | 0.381 | 3.212 | 0.706 | 4.325 | 74.3% | 16.3% |
| 25431 | 367 | 0.294 | 3.150 | 0.585 | 4.054 | 77.7% | 14.4% |
| 25441 | 382 | 0.323 | 3.288 | 0.620 | 4.257 | 77.3% | 14.6% |
| 25450 | 377 | 0.314 | 3.004 | 0.432 | 3.775 | 79.6% | 11.5% |
| 25463 | 389 | 0.336 | 4.212 | 0.455 | 5.026 | 83.8% | 9.1% |
| 25472 | 376 | 0.316 | 3.438 | 0.568 | 4.347 | 79.1% | 13.1% |
| 25481 | 393 | 0.359 | 3.292 | 0.463 | 4.142 | 79.5% | 11.2% |
| 25491 | 386 | 0.329 | 3.880 | 0.747 | 4.983 | 77.9% | 15.0% |
| 25503 | 376 | 0.347 | 4.164 | 0.450 | 4.987 | 83.5% | 9.0% |
| 25512 | 380 | 0.333 | 2.930 | 0.585 | 3.874 | 75.6% | 15.1% |
| 25522 | 376 | 0.314 | 3.233 | 0.649 | 4.223 | 76.6% | 15.4% |
| 25535 | 355 | 0.295 | 2.962 | 0.573 | 3.854 | 76.9% | 14.9% |
| 25545 | 354 | 0.328 | 2.969 | 0.519 | 3.839 | 77.3% | 13.5% |
| 25555 | 348 | 0.623 | 2.777 | 0.499 | 3.919 | 70.9% | 12.7% |
| 25565 | 329 | 0.307 | 2.616 | 0.449 | 3.395 | 77.0% | 13.2% |
| 25575 | 318 | 0.294 | 2.809 | 0.472 | 3.597 | 78.1% | 13.1% |
| 25583 | 290 | 0.279 | 2.734 | 0.431 | 3.468 | 78.8% | 12.4% |
| 25596 | 280 | 0.234 | 1.710 | 0.366 | 2.330 | 73.4% | 15.7% |
| 25607 | 278 | 0.218 | 1.980 | 0.372 | 2.591 | 76.4% | 14.4% |
| 25617 | 274 | 0.272 | 1.738 | 0.353 | 2.378 | 73.1% | 14.9% |
| 25627 | 311 | 0.312 | 2.173 | 0.405 | 2.910 | 74.7% | 13.9% |
| 25636 | 320 | 0.251 | 1.972 | 0.429 | 2.671 | 73.8% | 16.1% |
| 25645 | 332 | 0.269 | 1.982 | 0.379 | 2.652 | 74.7% | 14.3% |
| 25655 | 331 | 0.336 | 1.836 | 0.437 | 2.631 | 69.8% | 16.6% |
| 25668 | 346 | 0.280 | 2.303 | 0.575 | 3.182 | 72.4% | 18.1% |
| 25677 | 366 | 0.321 | 2.554 | 0.571 | 3.469 | 73.6% | 16.5% |
| 25689 | 380 | 0.294 | 2.371 | 0.459 | 3.145 | 75.4% | 14.6% |
| 25699 | 377 | 0.309 | 5.904 | 0.588 | 6.826 | 86.5% | 8.6% |
| 25709 | 382 | 0.306 | 3.068 | 0.534 | 3.933 | 78.0% | 13.6% |
| 25718 | 363 | 0.292 | 3.114 | 0.604 | 4.033 | 77.2% | 15.0% |
| 25728 | 355 | 0.273 | 2.708 | 0.494 | 3.499 | 77.4% | 14.1% |
| 25742 | 354 | 0.304 | 2.587 | 0.491 | 3.406 | 75.9% | 14.4% |
| 25752 | 345 | 0.291 | 3.258 | 0.584 | 4.159 | 78.3% | 14.1% |
| 25762 | 333 | 0.305 | 3.520 | 0.424 | 4.272 | 82.4% | 9.9% |
| 25769 | 312 | 0.258 | 2.880 | 0.447 | 3.606 | 79.9% | 12.4% |
| 25780 | 313 | 0.297 | 4.399 | 0.519 | 5.234 | 84.1% | 9.9% |
| 25791 | 317 | 0.262 | 2.529 | 0.449 | 3.259 | 77.6% | 13.8% |
| 25803 | 319 | 0.258 | 3.018 | 0.444 | 3.743 | 80.6% | 11.9% |
| 25810 | 302 | 0.352 | 3.282 | 0.436 | 4.090 | 80.3% | 10.7% |
| 25822 | 293 | 0.239 | 2.807 | 0.378 | 3.443 | 81.5% | 11.0% |
| 25835 | 297 | 0.322 | 2.692 | 0.343 | 3.377 | 79.7% | 10.2% |
| 25845 | 284 | 0.277 | 2.127 | 0.496 | 2.922 | 72.8% | 17.0% |
| 25855 | 287 | 0.239 | 1.784 | 0.379 | 2.421 | 73.7% | 15.7% |
| 25865 | 288 | 0.288 | 2.239 | 0.374 | 2.919 | 76.7% | 12.8% |
| 25875 | 276 | 0.293 | 1.689 | 0.281 | 2.284 | 74.0% | 12.3% |
| 25885 | 288 | 0.243 | 1.653 | 0.380 | 2.297 | 72.0% | 16.5% |
| 25895 | 308 | 0.285 | 2.096 | 0.396 | 2.798 | 74.9% | 14.2% |
| 25905 | 323 | 0.390 | 2.216 | 0.360 | 2.985 | 74.2% | 12.0% |
| 25914 | 333 | 0.335 | 2.595 | 0.454 | 3.405 | 76.2% | 13.3% |
| 25923 | 345 | 0.266 | 1.937 | 0.467 | 2.692 | 72.0% | 17.4% |
| 25937 | 357 | 0.287 | 1.956 | 0.484 | 2.748 | 71.1% | 17.6% |
| 25945 | 357 | 0.290 | 2.028 | 0.396 | 2.737 | 74.1% | 14.5% |
| 25958 | 364 | 0.455 | 2.060 | 0.480 | 3.016 | 68.3% | 15.9% |
| 25966 | 372 | 0.315 | 2.119 | 0.501 | 2.960 | 71.6% | 16.9% |
| 25978 | 388 | 0.333 | 2.163 | 0.561 | 3.083 | 70.1% | 18.2% |
| 25988 | 378 | 0.328 | 4.130 | 0.445 | 4.929 | 83.8% | 9.0% |
| 25998 | 389 | 0.331 | 3.710 | 0.582 | 4.648 | 79.8% | 12.5% |
| 26007 | 386 | 0.307 | 2.961 | 0.533 | 3.826 | 77.4% | 13.9% |
| 26020 | 391 | 0.400 | 3.362 | 0.607 | 4.397 | 76.5% | 13.8% |
| 26029 | 400 | 0.335 | 3.673 | 0.573 | 4.607 | 79.7% | 12.4% |
| 26038 | 400 | 0.341 | 3.272 | 0.533 | 4.172 | 78.4% | 12.8% |
| 26051 | 408 | 0.340 | 3.365 | 0.609 | 4.344 | 77.5% | 14.0% |
| 26060 | 397 | 0.339 | 3.506 | 0.570 | 4.442 | 78.9% | 12.8% |
| 26071 | 406 | 0.352 | 3.235 | 0.598 | 4.215 | 76.7% | 14.2% |
| 26080 | 432 | 0.365 | 3.321 | 0.619 | 4.333 | 76.6% | 14.3% |
| 26092 | 435 | 0.336 | 3.434 | 0.638 | 4.434 | 77.5% | 14.4% |
| 26103 | 460 | 0.410 | 4.506 | 0.683 | 5.627 | 80.1% | 12.1% |
| 26113 | 456 | 0.377 | 4.287 | 0.618 | 5.313 | 80.7% | 11.6% |
| 26123 | 450 | 0.397 | 4.116 | 0.751 | 5.293 | 77.8% | 14.2% |
| 26134 | 435 | 0.370 | 3.985 | 0.657 | 5.041 | 79.0% | 13.0% |
| 26143 | 419 | 0.365 | 3.303 | 0.603 | 4.300 | 76.8% | 14.0% |
| 26155 | 410 | 0.370 | 3.585 | 0.605 | 4.589 | 78.1% | 13.2% |
| 26164 | 392 | 0.402 | 2.997 | 0.543 | 3.969 | 75.5% | 13.7% |
| 26174 | 389 | 0.333 | 3.071 | 0.557 | 3.989 | 77.0% | 14.0% |
| 26183 | 378 | 0.326 | 3.373 | 0.587 | 4.311 | 78.2% | 13.6% |
| 26196 | 360 | 0.274 | 3.308 | 0.525 | 4.131 | 80.1% | 12.7% |
| 26206 | 338 | 0.280 | 2.948 | 0.454 | 3.706 | 79.5% | 12.3% |
| 26216 | 338 | 0.267 | 3.502 | 0.535 | 4.327 | 80.9% | 12.4% |
| 26227 | 312 | 0.276 | 2.997 | 0.359 | 3.654 | 82.0% | 9.8% |
| 26234 | 302 | 0.243 | 2.574 | 0.425 | 3.264 | 78.9% | 13.0% |
| 26246 | 288 | 0.353 | 2.944 | 0.375 | 3.689 | 79.8% | 10.2% |
| 26258 | 285 | 0.255 | 2.511 | 0.391 | 3.177 | 79.0% | 12.3% |
| 26266 | 272 | 0.226 | 1.842 | 0.345 | 2.432 | 75.8% | 14.2% |
| 26276 | 271 | 0.284 | 1.894 | 0.382 | 2.573 | 73.6% | 14.9% |
| 26286 | 271 | 0.230 | 1.630 | 0.300 | 2.180 | 74.8% | 13.8% |
| 26296 | 290 | 0.232 | 1.675 | 0.388 | 2.313 | 72.4% | 16.8% |
| 26306 | 295 | 0.246 | 1.874 | 0.390 | 2.531 | 74.0% | 15.4% |
| 26316 | 309 | 0.257 | 1.731 | 0.384 | 2.390 | 72.4% | 16.1% |
| 26331 | 321 | 0.283 | 2.721 | 0.358 | 3.383 | 80.4% | 10.6% |
| 26340 | 333 | 0.300 | 2.063 | 0.497 | 2.881 | 71.6% | 17.3% |
| 26349 | 333 | 0.319 | 3.102 | 0.520 | 3.964 | 78.3% | 13.1% |
| 26358 | 335 | 0.282 | 1.974 | 0.379 | 2.657 | 74.3% | 14.3% |
| 26371 | 338 | 0.307 | 1.873 | 0.463 | 2.664 | 70.3% | 17.4% |
| 26380 | 340 | 0.266 | 2.008 | 0.452 | 2.746 | 73.1% | 16.5% |
| 26389 | 354 | 0.328 | 1.905 | 0.475 | 2.730 | 69.8% | 17.4% |
| 26402 | 361 | 0.344 | 2.005 | 0.729 | 3.100 | 64.7% | 23.5% |
| 26411 | 361 | 0.339 | 2.071 | 0.499 | 2.931 | 70.7% | 17.0% |
| 26422 | 342 | 0.299 | 2.803 | 0.481 | 3.607 | 77.7% | 13.3% |
| 26432 | 346 | 0.289 | 2.825 | 0.491 | 3.627 | 77.9% | 13.5% |
| 26443 | 328 | 0.273 | 2.641 | 0.447 | 3.384 | 78.1% | 13.2% |
| 26453 | 330 | 0.310 | 4.099 | 0.490 | 4.917 | 83.4% | 10.0% |
| 26464 | 330 | 0.319 | 3.922 | 0.390 | 4.652 | 84.3% | 8.4% |
| 26475 | 322 | 0.294 | 3.711 | 0.376 | 4.399 | 84.4% | 8.5% |
| 26486 | 315 | 0.281 | 3.076 | 0.415 | 3.792 | 81.1% | 10.9% |
| 26493 | 304 | 0.252 | 2.721 | 0.438 | 3.432 | 79.3% | 12.8% |
| 26505 | 320 | 0.257 | 2.459 | 0.409 | 3.146 | 78.2% | 13.0% |
| 26516 | 306 | 0.249 | 2.250 | 0.422 | 2.942 | 76.5% | 14.4% |
| 26525 | 308 | 0.262 | 1.884 | 0.421 | 2.589 | 72.8% | 16.2% |
| 26535 | 303 | 0.261 | 1.729 | 0.398 | 2.410 | 71.7% | 16.5% |
| 26545 | 307 | 0.305 | 2.522 | 0.418 | 3.262 | 77.3% | 12.8% |
| 26555 | 319 | 0.270 | 2.330 | 0.396 | 3.016 | 77.2% | 13.1% |
| 26564 | 325 | 0.268 | 1.828 | 0.443 | 2.559 | 71.4% | 17.3% |
| 26578 | 331 | 0.274 | 1.945 | 0.463 | 2.703 | 72.0% | 17.1% |
| 26587 | 328 | 0.402 | 2.326 | 0.439 | 3.184 | 73.1% | 13.8% |
| 26597 | 334 | 0.342 | 2.017 | 0.548 | 2.934 | 68.7% | 18.7% |
| 26605 | 329 | 0.302 | 2.118 | 0.452 | 2.894 | 73.2% | 15.6% |
| 26619 | 328 | 0.272 | 2.784 | 0.410 | 3.486 | 79.9% | 11.8% |
| 26629 | 333 | 0.292 | 1.855 | 0.381 | 2.552 | 72.7% | 14.9% |
| 26638 | 334 | 0.275 | 1.790 | 0.420 | 2.508 | 71.4% | 16.7% |
| 26647 | 345 | 0.291 | 1.976 | 0.462 | 2.752 | 71.8% | 16.8% |
| 26659 | 358 | 0.323 | 2.195 | 0.525 | 3.063 | 71.7% | 17.1% |
| 26668 | 363 | 0.307 | 1.925 | 0.551 | 2.807 | 68.6% | 19.6% |
| 26681 | 376 | 0.340 | 2.135 | 0.587 | 3.089 | 69.1% | 19.0% |
| 26689 | 380 | 0.365 | 2.671 | 0.590 | 3.647 | 73.2% | 16.2% |
| 26700 | 378 | 0.319 | 3.666 | 0.591 | 4.601 | 79.7% | 12.8% |
| 26712 | 387 | 0.315 | 3.951 | 0.535 | 4.825 | 81.9% | 11.1% |
| 26722 | 381 | 0.324 | 3.061 | 0.567 | 3.977 | 77.0% | 14.3% |
| 26731 | 403 | 0.367 | 3.482 | 0.632 | 4.509 | 77.2% | 14.0% |
| 26744 | 403 | 0.355 | 3.238 | 0.591 | 4.211 | 76.9% | 14.0% |
| 26753 | 421 | 0.380 | 5.541 | 0.661 | 6.608 | 83.9% | 10.0% |
| 26764 | 431 | 0.367 | 3.389 | 0.662 | 4.446 | 76.2% | 14.9% |
| 26772 | 411 | 0.378 | 2.997 | 0.636 | 4.033 | 74.3% | 15.8% |
| 26784 | 411 | 0.413 | 5.960 | 0.637 | 7.043 | 84.6% | 9.0% |
| 26792 | 407 | 0.331 | 3.295 | 0.612 | 4.265 | 77.3% | 14.4% |
| 26805 | 401 | 0.368 | 3.278 | 0.619 | 4.292 | 76.4% | 14.4% |
| 26814 | 386 | 0.303 | 3.230 | 0.553 | 4.109 | 78.6% | 13.5% |
| 26826 | 386 | 0.341 | 2.933 | 0.566 | 3.867 | 75.8% | 14.6% |
| 26836 | 378 | 0.296 | 2.849 | 0.599 | 3.769 | 75.6% | 15.9% |
| 26845 | 375 | 0.313 | 2.895 | 0.554 | 3.787 | 76.5% | 14.6% |
| 26855 | 368 | 0.332 | 4.401 | 0.506 | 5.265 | 83.6% | 9.6% |
| 26865 | 347 | 0.300 | 3.822 | 0.606 | 4.748 | 80.5% | 12.8% |
| 26878 | 341 | 0.297 | 3.513 | 0.510 | 4.342 | 80.9% | 11.7% |
| 26885 | 317 | 0.261 | 3.359 | 0.451 | 4.094 | 82.0% | 11.0% |
| 26897 | 314 | 0.295 | 2.731 | 0.455 | 3.501 | 78.0% | 13.0% |
| 26909 | 321 | 0.313 | 2.500 | 0.426 | 3.260 | 76.7% | 13.1% |
| 26916 | 308 | 0.265 | 2.748 | 0.398 | 3.433 | 80.0% | 11.6% |
| 26928 | 301 | 0.255 | 2.371 | 0.407 | 3.053 | 77.6% | 13.3% |
| 26937 | 303 | 0.258 | 2.053 | 0.431 | 2.764 | 74.3% | 15.6% |
| 26947 | 299 | 0.254 | 2.034 | 0.461 | 2.770 | 73.4% | 16.6% |
| 26957 | 292 | 0.268 | 2.642 | 0.405 | 3.333 | 79.3% | 12.1% |
| 26967 | 293 | 0.258 | 1.634 | 0.333 | 2.246 | 72.8% | 14.9% |
| 26977 | 308 | 0.270 | 1.930 | 0.427 | 2.648 | 72.9% | 16.1% |
| 26992 | 301 | 0.260 | 1.710 | 0.411 | 2.401 | 71.2% | 17.1% |
| 27002 | 308 | 0.269 | 2.340 | 0.589 | 3.219 | 72.7% | 18.3% |
| 27012 | 319 | 0.276 | 2.059 | 0.410 | 2.768 | 74.4% | 14.8% |
| 27022 | 300 | 0.282 | 2.537 | 0.339 | 3.178 | 79.8% | 10.7% |
| 27031 | 309 | 0.254 | 1.809 | 0.421 | 2.507 | 72.2% | 16.8% |
| 27041 | 302 | 0.258 | 2.203 | 0.328 | 2.812 | 78.3% | 11.7% |
| 27051 | 313 | 0.276 | 2.147 | 0.450 | 2.896 | 74.1% | 15.5% |
| 27060 | 311 | 0.259 | 1.694 | 0.345 | 2.320 | 73.0% | 14.9% |
| 27070 | 310 | 0.342 | 2.826 | 0.421 | 3.609 | 78.3% | 11.7% |
| 27080 | 320 | 0.328 | 2.462 | 0.430 | 3.238 | 76.0% | 13.3% |
| 27095 | 326 | 0.346 | 1.940 | 0.445 | 2.752 | 70.5% | 16.2% |
| 27103 | 332 | 0.306 | 1.989 | 0.479 | 2.804 | 70.9% | 17.1% |
| 27112 | 340 | 0.300 | 2.478 | 0.498 | 3.299 | 75.1% | 15.1% |
| 27125 | 351 | 0.284 | 2.190 | 0.406 | 2.903 | 75.4% | 14.0% |
| 27134 | 373 | 0.335 | 1.973 | 0.582 | 2.915 | 67.7% | 20.0% |
| 27146 | 394 | 0.357 | 2.582 | 0.571 | 3.535 | 73.0% | 16.2% |
| 27156 | 421 | 0.375 | 3.646 | 0.638 | 4.686 | 77.8% | 13.6% |
| 27167 | 448 | 0.400 | 3.798 | 0.672 | 4.901 | 77.5% | 13.7% |
| 27178 | 447 | 0.362 | 2.893 | 0.628 | 3.921 | 73.8% | 16.0% |
| 27188 | 471 | 0.409 | 4.449 | 0.723 | 5.612 | 79.3% | 12.9% |
| 27198 | 464 | 0.415 | 4.028 | 0.718 | 5.189 | 77.6% | 13.8% |
| 27208 | 458 | 0.386 | 3.338 | 0.673 | 4.427 | 75.4% | 15.2% |
| 27219 | 440 | 0.372 | 3.436 | 0.651 | 4.489 | 76.5% | 14.5% |
| 27227 | 443 | 0.382 | 4.025 | 0.732 | 5.177 | 77.7% | 14.1% |
| 27238 | 433 | 0.443 | 5.626 | 0.608 | 6.712 | 83.8% | 9.1% |
| 27249 | 415 | 0.371 | 3.044 | 0.608 | 4.054 | 75.1% | 15.0% |
| 27258 | 411 | 0.366 | 3.431 | 0.481 | 4.304 | 79.7% | 11.2% |
| 27271 | 405 | 0.326 | 3.076 | 0.606 | 4.032 | 76.3% | 15.0% |
| 27280 | 418 | 0.372 | 3.174 | 0.605 | 4.176 | 76.0% | 14.5% |
| 27291 | 408 | 0.352 | 3.093 | 0.660 | 4.128 | 74.9% | 16.0% |
| 27301 | 417 | 0.384 | 3.077 | 0.608 | 4.098 | 75.1% | 14.8% |
| 27309 | 409 | 0.354 | 3.325 | 0.611 | 4.316 | 77.0% | 14.2% |
| 27322 | 404 | 0.392 | 3.958 | 0.542 | 4.917 | 80.5% | 11.0% |
| 27331 | 399 | 0.316 | 3.317 | 0.586 | 4.243 | 78.2% | 13.8% |
| 27340 | 386 | 0.320 | 2.828 | 0.453 | 3.625 | 78.0% | 12.5% |
| 27353 | 379 | 0.324 | 3.167 | 0.535 | 4.052 | 78.2% | 13.2% |
| 27363 | 366 | 0.365 | 3.143 | 0.518 | 4.047 | 77.7% | 12.8% |
| 27373 | 361 | 0.308 | 3.049 | 0.513 | 3.898 | 78.2% | 13.1% |
| 27383 | 352 | 0.323 | 4.483 | 0.656 | 5.491 | 81.6% | 12.0% |
| 27393 | 342 | 0.292 | 2.813 | 0.480 | 3.607 | 78.0% | 13.3% |
| 27403 | 329 | 0.291 | 2.655 | 0.620 | 3.588 | 74.0% | 17.3% |
| 27414 | 329 | 0.279 | 2.906 | 0.586 | 3.795 | 76.6% | 15.4% |
| 27424 | 347 | 0.330 | 2.884 | 0.483 | 3.717 | 77.6% | 13.0% |
| 27435 | 357 | 0.339 | 3.895 | 0.439 | 4.695 | 82.9% | 9.3% |
| 27445 | 366 | 0.313 | 2.993 | 0.509 | 3.840 | 78.0% | 13.2% |
| 27454 | 365 | 0.314 | 2.918 | 0.527 | 3.784 | 77.1% | 13.9% |
| 27467 | 383 | 0.315 | 3.123 | 0.522 | 3.985 | 78.4% | 13.1% |
| 27477 | 385 | 0.363 | 2.821 | 0.555 | 3.764 | 74.9% | 14.7% |
| 27486 | 370 | 0.344 | 4.144 | 0.433 | 4.945 | 83.8% | 8.8% |
| 27496 | 355 | 0.367 | 4.201 | 0.431 | 5.019 | 83.7% | 8.6% |
| 27506 | 348 | 0.319 | 3.990 | 0.555 | 4.885 | 81.7% | 11.4% |
| 27517 | 359 | 0.343 | 3.151 | 0.507 | 4.024 | 78.3% | 12.6% |
| 27526 | 356 | 0.364 | 4.019 | 0.519 | 4.927 | 81.6% | 10.5% |
| 27540 | 361 | 0.303 | 2.885 | 0.502 | 3.715 | 77.7% | 13.5% |
| 27550 | 355 | 0.302 | 3.161 | 0.475 | 3.962 | 79.8% | 12.0% |
| 27559 | 353 | 0.299 | 2.725 | 0.512 | 3.559 | 76.6% | 14.4% |
| 27569 | 352 | 0.310 | 3.407 | 0.485 | 4.226 | 80.6% | 11.5% |
| 27579 | 349 | 0.318 | 2.960 | 0.537 | 3.839 | 77.1% | 14.0% |
| 27589 | 338 | 0.326 | 3.970 | 0.386 | 4.705 | 84.4% | 8.2% |
| 27599 | 341 | 0.326 | 3.527 | 0.488 | 4.365 | 80.8% | 11.2% |
| 27609 | 330 | 0.292 | 2.919 | 0.465 | 3.700 | 78.9% | 12.6% |
| 27620 | 324 | 0.276 | 3.637 | 0.451 | 4.387 | 82.9% | 10.3% |
| 27630 | 311 | 0.321 | 3.667 | 0.368 | 4.377 | 83.8% | 8.4% |
| 27642 | 320 | 0.302 | 2.743 | 0.438 | 3.505 | 78.2% | 12.5% |
| 27653 | 313 | 0.285 | 2.764 | 0.422 | 3.494 | 79.1% | 12.1% |
| 27664 | 314 | 0.290 | 3.588 | 0.566 | 4.466 | 80.3% | 12.7% |
| 27671 | 309 | 0.285 | 2.846 | 0.409 | 3.562 | 79.9% | 11.5% |
| 27682 | 322 | 0.343 | 2.645 | 0.432 | 3.443 | 76.8% | 12.5% |
| 27693 | 304 | 0.269 | 2.652 | 0.406 | 3.349 | 79.2% | 12.1% |
| 27701 | 305 | 0.267 | 2.585 | 0.404 | 3.279 | 78.8% | 12.3% |
| 27713 | 313 | 0.324 | 2.619 | 0.342 | 3.305 | 79.2% | 10.3% |
| 27725 | 301 | 0.264 | 2.362 | 0.369 | 3.014 | 78.3% | 12.2% |
| 27733 | 308 | 0.296 | 2.555 | 0.487 | 3.359 | 76.1% | 14.5% |
| 27745 | 292 | 0.273 | 3.290 | 0.369 | 3.951 | 83.3% | 9.3% |
| 27753 | 297 | 0.267 | 2.226 | 0.364 | 2.877 | 77.4% | 12.6% |
| 27765 | 312 | 0.264 | 3.142 | 0.407 | 3.831 | 82.0% | 10.6% |
| 27776 | 317 | 0.287 | 2.550 | 0.539 | 3.395 | 75.1% | 15.9% |
| 27785 | 319 | 0.274 | 2.534 | 0.406 | 3.236 | 78.3% | 12.5% |
| 27796 | 321 | 0.317 | 2.364 | 0.428 | 3.131 | 75.5% | 13.7% |
| 27808 | 308 | 0.372 | 2.621 | 0.484 | 3.498 | 74.9% | 13.8% |
| 27816 | 290 | 0.269 | 2.458 | 0.372 | 3.120 | 78.8% | 11.9% |
| 27829 | 271 | 0.225 | 2.081 | 0.373 | 2.695 | 77.2% | 13.8% |
| 27839 | 263 | 0.237 | 1.812 | 0.414 | 2.480 | 73.1% | 16.7% |
| 27849 | 260 | 0.338 | 1.666 | 0.342 | 2.362 | 70.5% | 14.5% |
| 27859 | 251 | 0.251 | 2.790 | 0.331 | 3.388 | 82.4% | 9.8% |
| 27869 | 250 | 0.231 | 1.653 | 0.325 | 2.225 | 74.3% | 14.6% |
| 27880 | 268 | 0.238 | 2.098 | 0.442 | 2.797 | 75.0% | 15.8% |
| 27890 | 285 | 0.254 | 2.172 | 0.488 | 2.943 | 73.8% | 16.6% |
| 27899 | 286 | 0.316 | 1.897 | 0.397 | 2.629 | 72.2% | 15.1% |
| 27909 | 304 | 0.293 | 1.809 | 0.408 | 2.533 | 71.4% | 16.1% |
| 27919 | 297 | 0.264 | 1.787 | 0.391 | 2.462 | 72.6% | 15.9% |
| 27929 | 297 | 0.300 | 1.790 | 0.595 | 2.705 | 66.2% | 22.0% |
| 27939 | 300 | 0.264 | 1.956 | 0.468 | 2.709 | 72.2% | 17.3% |
| 27949 | 302 | 0.288 | 2.060 | 0.528 | 2.897 | 71.1% | 18.2% |
| 27959 | 317 | 0.288 | 1.768 | 0.438 | 2.516 | 70.3% | 17.4% |
| 27973 | 329 | 0.295 | 2.123 | 0.449 | 2.889 | 73.5% | 15.5% |
| 27982 | 316 | 0.305 | 1.756 | 0.414 | 2.494 | 70.4% | 16.6% |
| 27992 | 324 | 0.303 | 1.818 | 0.424 | 2.569 | 70.8% | 16.5% |
| 28002 | 336 | 0.291 | 1.763 | 0.467 | 2.541 | 69.4% | 18.4% |
| 28011 | 338 | 0.295 | 2.329 | 0.416 | 3.059 | 76.1% | 13.6% |
| 28025 | 348 | 0.330 | 1.761 | 0.634 | 2.750 | 64.0% | 23.1% |
| 28034 | 370 | 0.310 | 1.897 | 0.507 | 2.738 | 69.3% | 18.5% |
| 28042 | 384 | 0.326 | 1.922 | 0.460 | 2.734 | 70.3% | 16.8% |
| 28054 | 384 | 0.311 | 2.356 | 0.566 | 3.257 | 72.3% | 17.4% |
| 28064 | 370 | 0.324 | 3.225 | 0.555 | 4.128 | 78.1% | 13.5% |
| 28076 | 356 | 0.314 | 6.260 | 0.534 | 7.132 | 87.8% | 7.5% |
| 28086 | 353 | 0.303 | 2.956 | 0.481 | 3.764 | 78.5% | 12.8% |
| 28096 | 331 | 0.321 | 3.382 | 0.513 | 4.239 | 79.8% | 12.1% |
| 28107 | 319 | 0.281 | 3.830 | 0.458 | 4.592 | 83.4% | 10.0% |
| 28115 | 294 | 0.296 | 4.078 | 0.486 | 4.881 | 83.6% | 10.0% |
| 28126 | 316 | 0.309 | 5.514 | 0.439 | 6.284 | 87.8% | 7.0% |
| 28138 | 327 | 0.291 | 2.663 | 0.455 | 3.431 | 77.6% | 13.3% |
| 28146 | 325 | 0.318 | 4.420 | 0.453 | 5.212 | 84.8% | 8.7% |
| 28157 | 336 | 0.321 | 2.688 | 0.435 | 3.476 | 77.3% | 12.5% |
| 28168 | 347 | 0.317 | 2.964 | 0.381 | 3.685 | 80.4% | 10.3% |
| 28178 | 358 | 0.318 | 2.916 | 0.507 | 3.764 | 77.5% | 13.5% |
| 28188 | 366 | 0.318 | 2.907 | 0.498 | 3.745 | 77.6% | 13.3% |
| 28198 | 366 | 0.289 | 3.579 | 0.502 | 4.392 | 81.5% | 11.4% |
| 28211 | 357 | 0.353 | 3.040 | 0.487 | 3.902 | 77.9% | 12.5% |
| 28221 | 356 | 0.302 | 2.311 | 0.522 | 3.161 | 73.1% | 16.5% |
| 28231 | 364 | 0.315 | 2.659 | 0.539 | 3.534 | 75.2% | 15.3% |
| 28241 | 381 | 0.341 | 3.443 | 0.564 | 4.375 | 78.7% | 12.9% |
| 28251 | 377 | 0.365 | 2.994 | 0.498 | 3.878 | 77.2% | 12.8% |
| 28260 | 394 | 0.341 | 3.318 | 0.593 | 4.275 | 77.6% | 13.9% |
| 28273 | 395 | 0.398 | 4.376 | 0.486 | 5.284 | 82.8% | 9.2% |
| 28282 | 396 | 0.412 | 3.704 | 0.607 | 4.748 | 78.0% | 12.8% |
| 28291 | 416 | 0.352 | 3.351 | 0.618 | 4.352 | 77.0% | 14.2% |
| 28303 | 414 | 0.399 | 3.808 | 0.753 | 4.985 | 76.4% | 15.1% |
| 28314 | 427 | 0.367 | 5.073 | 0.681 | 6.147 | 82.5% | 11.1% |
| 28322 | 437 | 0.535 | 5.242 | 0.679 | 6.484 | 80.8% | 10.5% |
| 28333 | 453 | 0.390 | 4.100 | 0.708 | 5.229 | 78.4% | 13.5% |
| 28346 | 416 | 0.348 | 4.259 | 0.587 | 5.222 | 81.6% | 11.2% |
| 28354 | 404 | 0.343 | 3.354 | 0.719 | 4.441 | 75.5% | 16.2% |
| 28364 | 390 | 0.353 | 2.977 | 0.470 | 3.827 | 77.8% | 12.3% |
| 28376 | 380 | 0.344 | 3.358 | 0.592 | 4.319 | 77.7% | 13.7% |
| 28385 | 395 | 0.324 | 3.272 | 0.565 | 4.188 | 78.1% | 13.5% |
| 28395 | 373 | 0.314 | 2.845 | 0.551 | 3.734 | 76.2% | 14.8% |
| 28405 | 375 | 0.303 | 3.000 | 0.540 | 3.864 | 77.6% | 14.0% |
| 28417 | 353 | 0.286 | 4.536 | 0.673 | 5.519 | 82.2% | 12.2% |
| 28427 | 351 | 0.311 | 2.837 | 0.548 | 3.721 | 76.3% | 14.7% |
| 28437 | 327 | 0.299 | 2.798 | 0.458 | 3.579 | 78.2% | 12.8% |
| 28448 | 324 | 0.304 | 2.631 | 0.475 | 3.433 | 76.6% | 13.8% |
| 28459 | 318 | 0.303 | 3.788 | 0.353 | 4.467 | 84.8% | 7.9% |
| 28466 | 312 | 0.345 | 2.483 | 0.402 | 3.248 | 76.5% | 12.4% |
| 28478 | 297 | 0.235 | 3.563 | 0.544 | 4.364 | 81.7% | 12.5% |
| 28490 | 297 | 0.267 | 2.489 | 0.378 | 3.156 | 78.9% | 12.0% |
| 28498 | 298 | 0.249 | 2.391 | 0.348 | 3.010 | 79.4% | 11.6% |
| 28508 | 294 | 0.276 | 2.467 | 0.324 | 3.098 | 79.6% | 10.5% |
| 28518 | 306 | 0.276 | 2.993 | 0.479 | 3.768 | 79.4% | 12.7% |
| 28528 | 302 | 0.305 | 1.886 | 0.377 | 2.589 | 72.8% | 14.6% |
| 28538 | 306 | 0.243 | 2.050 | 0.504 | 2.818 | 72.7% | 17.9% |
| 28548 | 311 | 0.286 | 3.086 | 0.342 | 3.735 | 82.6% | 9.2% |
| 28558 | 326 | 0.366 | 2.619 | 0.412 | 3.414 | 76.7% | 12.1% |
| 28572 | 333 | 0.275 | 1.761 | 0.470 | 2.524 | 69.8% | 18.6% |
| 28581 | 372 | 0.309 | 2.435 | 0.550 | 3.319 | 73.3% | 16.6% |
| 28592 | 381 | 0.311 | 2.977 | 0.503 | 3.813 | 78.1% | 13.2% |
| 28602 | 378 | 0.350 | 3.541 | 0.582 | 4.492 | 78.8% | 12.9% |
| 28614 | 375 | 0.317 | 3.116 | 0.514 | 3.973 | 78.4% | 12.9% |
| 28624 | 369 | 0.326 | 4.062 | 0.453 | 4.866 | 83.5% | 9.3% |
| 28633 | 345 | 0.274 | 3.399 | 0.538 | 4.232 | 80.3% | 12.7% |
| 28643 | 346 | 0.307 | 2.982 | 0.478 | 3.793 | 78.6% | 12.6% |
| 28653 | 342 | 0.355 | 3.149 | 0.506 | 4.039 | 78.0% | 12.5% |
| 28663 | 335 | 0.321 | 2.665 | 0.456 | 3.465 | 76.9% | 13.2% |
| 28673 | 340 | 0.321 | 3.134 | 0.556 | 4.032 | 77.7% | 13.8% |
| 28684 | 338 | 0.279 | 3.005 | 0.479 | 3.788 | 79.3% | 12.6% |
| 28694 | 348 | 0.373 | 3.373 | 0.500 | 4.272 | 79.0% | 11.7% |
| 28706 | 354 | 0.366 | 3.268 | 0.409 | 4.065 | 80.4% | 10.1% |
| 28715 | 368 | 0.354 | 3.175 | 0.552 | 4.111 | 77.2% | 13.4% |
| 28727 | 364 | 0.344 | 3.810 | 0.561 | 4.738 | 80.4% | 11.8% |
| 28736 | 366 | 0.325 | 3.267 | 0.491 | 4.108 | 79.5% | 12.0% |
| 28746 | 368 | 0.328 | 5.970 | 0.557 | 6.881 | 86.8% | 8.1% |
| 28759 | 353 | 0.324 | 2.869 | 0.480 | 3.697 | 77.6% | 13.0% |
| 28769 | 360 | 0.278 | 3.017 | 0.509 | 3.827 | 78.8% | 13.3% |
| 28779 | 360 | 0.324 | 3.057 | 0.429 | 3.834 | 79.7% | 11.2% |
| 28789 | 362 | 0.367 | 5.600 | 0.607 | 6.595 | 84.9% | 9.2% |
| 28799 | 359 | 0.310 | 2.712 | 0.550 | 3.596 | 75.4% | 15.3% |
| 28808 | 377 | 0.287 | 3.013 | 0.537 | 3.860 | 78.1% | 13.9% |
| 28821 | 382 | 0.313 | 3.168 | 0.638 | 4.156 | 76.2% | 15.4% |
| 28830 | 388 | 0.368 | 4.360 | 0.464 | 5.230 | 83.4% | 8.9% |
| 28840 | 391 | 0.435 | 3.358 | 0.678 | 4.507 | 74.5% | 15.0% |
| 28849 | 388 | 0.356 | 4.115 | 0.588 | 5.085 | 80.9% | 11.6% |
| 28862 | 377 | 0.326 | 3.028 | 0.618 | 3.996 | 75.8% | 15.5% |
| 28872 | 366 | 0.332 | 3.062 | 0.528 | 3.947 | 77.6% | 13.4% |
| 28881 | 348 | 0.296 | 3.106 | 0.402 | 3.829 | 81.1% | 10.5% |
| 28891 | 331 | 0.277 | 2.891 | 0.459 | 3.650 | 79.2% | 12.6% |
| 28902 | 310 | 0.618 | 2.604 | 0.414 | 3.658 | 71.2% | 11.3% |
| 28913 | 303 | 0.253 | 2.658 | 0.455 | 3.390 | 78.4% | 13.4% |
| 28921 | 280 | 0.243 | 3.196 | 0.414 | 3.875 | 82.5% | 10.7% |
| 28934 | 282 | 0.292 | 1.720 | 0.517 | 2.551 | 67.4% | 20.3% |
| 28944 | 259 | 0.236 | 1.650 | 0.282 | 2.185 | 75.5% | 12.9% |
| 28954 | 259 | 0.220 | 1.659 | 0.361 | 2.259 | 73.4% | 16.0% |
| 28964 | 278 | 0.250 | 1.786 | 0.292 | 2.351 | 76.0% | 12.4% |
| 28974 | 281 | 0.258 | 1.748 | 0.372 | 2.401 | 72.8% | 15.5% |
| 28984 | 290 | 0.289 | 1.742 | 0.367 | 2.421 | 72.0% | 15.1% |
| 28994 | 301 | 0.267 | 1.677 | 0.319 | 2.285 | 73.4% | 14.0% |
| 29004 | 303 | 0.297 | 1.781 | 0.385 | 2.485 | 71.7% | 15.5% |
| 29014 | 315 | 0.257 | 2.174 | 0.414 | 2.873 | 75.6% | 14.4% |
| 29023 | 319 | 0.290 | 2.554 | 0.499 | 3.363 | 75.9% | 14.8% |
| 29038 | 301 | 0.261 | 1.996 | 0.408 | 2.689 | 74.2% | 15.2% |
| 29048 | 316 | 0.277 | 1.657 | 0.407 | 2.363 | 70.1% | 17.2% |
| 29057 | 316 | 0.269 | 2.524 | 0.405 | 3.220 | 78.4% | 12.6% |
| 29066 | 316 | 0.284 | 1.839 | 0.431 | 2.574 | 71.4% | 16.8% |
| 29076 | 312 | 0.250 | 1.970 | 0.461 | 2.703 | 72.9% | 17.0% |
| 29086 | 308 | 0.327 | 2.096 | 0.434 | 2.878 | 72.8% | 15.1% |
| 29096 | 313 | 0.268 | 2.720 | 0.415 | 3.440 | 79.1% | 12.1% |
| 29106 | 325 | 0.265 | 2.013 | 0.447 | 2.748 | 73.3% | 16.3% |
| 29120 | 334 | 0.402 | 1.995 | 0.528 | 2.948 | 67.7% | 17.9% |
| 29129 | 350 | 0.294 | 1.913 | 0.479 | 2.712 | 70.5% | 17.7% |
| 29138 | 372 | 0.293 | 1.909 | 0.587 | 2.812 | 67.9% | 20.9% |
| 29150 | 403 | 0.323 | 2.071 | 0.569 | 2.988 | 69.3% | 19.0% |
| 29161 | 423 | 0.413 | 2.638 | 0.622 | 3.698 | 71.4% | 16.8% |
| 29172 | 439 | 0.400 | 7.474 | 0.754 | 8.655 | 86.4% | 8.7% |
| 29180 | 430 | 0.359 | 4.076 | 0.672 | 5.137 | 79.4% | 13.1% |
| 29191 | 432 | 0.340 | 3.327 | 0.627 | 4.333 | 76.8% | 14.5% |
| 29202 | 434 | 0.358 | 3.575 | 0.623 | 4.585 | 78.0% | 13.6% |
| 29213 | 423 | 0.409 | 3.039 | 0.665 | 4.141 | 73.4% | 16.1% |
| 29222 | 428 | 0.404 | 4.266 | 0.561 | 5.262 | 81.1% | 10.7% |
| 29233 | 399 | 0.315 | 3.180 | 0.565 | 4.087 | 77.8% | 13.8% |
| 29243 | 395 | 0.329 | 6.871 | 0.559 | 7.783 | 88.3% | 7.2% |
| 29252 | 402 | 0.365 | 3.378 | 0.601 | 4.369 | 77.3% | 13.8% |
| 29264 | 400 | 0.371 | 4.480 | 0.502 | 5.380 | 83.3% | 9.3% |
| 29274 | 405 | 0.495 | 3.145 | 0.657 | 4.320 | 72.8% | 15.2% |
| 29286 | 384 | 0.321 | 3.651 | 0.579 | 4.578 | 79.8% | 12.6% |
| 29295 | 371 | 0.336 | 3.106 | 0.639 | 4.107 | 75.6% | 15.6% |
| 29304 | 385 | 0.417 | 3.091 | 0.584 | 4.119 | 75.1% | 14.2% |
| 29317 | 404 | 0.428 | 6.362 | 0.650 | 7.466 | 85.2% | 8.7% |
| 29325 | 394 | 0.325 | 3.275 | 0.544 | 4.171 | 78.5% | 13.0% |
| 29338 | 396 | 0.336 | 3.230 | 0.598 | 4.191 | 77.1% | 14.3% |
| 29347 | 376 | 0.340 | 3.149 | 0.570 | 4.083 | 77.1% | 13.9% |
| 29356 | 374 | 0.333 | 3.077 | 0.548 | 3.983 | 77.2% | 13.8% |
| 29366 | 369 | 0.343 | 2.964 | 0.487 | 3.815 | 77.7% | 12.8% |
| 29379 | 355 | 0.297 | 2.895 | 0.514 | 3.731 | 77.6% | 13.8% |
| 29389 | 340 | 0.296 | 3.776 | 0.518 | 4.613 | 81.8% | 11.2% |
| 29399 | 342 | 0.294 | 2.580 | 0.411 | 3.305 | 78.1% | 12.4% |
| 29409 | 343 | 0.286 | 3.258 | 0.451 | 4.018 | 81.1% | 11.2% |
| 29420 | 315 | 0.241 | 2.761 | 0.481 | 3.502 | 78.8% | 13.7% |
| 29427 | 289 | 0.261 | 1.973 | 0.383 | 2.634 | 74.9% | 14.5% |
| 29440 | 296 | 0.245 | 1.750 | 0.445 | 2.461 | 71.1% | 18.1% |
| 29450 | 293 | 0.239 | 1.716 | 0.322 | 2.297 | 74.7% | 14.0% |
| 29460 | 311 | 0.290 | 2.624 | 0.339 | 3.283 | 79.9% | 10.3% |
| 29470 | 297 | 0.341 | 1.698 | 0.394 | 2.451 | 69.3% | 16.1% |
| 29480 | 305 | 0.267 | 2.077 | 0.424 | 2.791 | 74.4% | 15.2% |
| 29490 | 324 | 0.268 | 1.801 | 0.445 | 2.536 | 71.0% | 17.6% |
| 29499 | 320 | 0.283 | 1.831 | 0.508 | 2.645 | 69.2% | 19.2% |
| 29513 | 332 | 0.257 | 1.811 | 0.451 | 2.538 | 71.3% | 17.8% |
| 29522 | 328 | 0.299 | 2.218 | 0.484 | 3.023 | 73.4% | 16.0% |
| 29531 | 352 | 0.317 | 2.132 | 0.492 | 2.963 | 71.9% | 16.6% |
| 29544 | 357 | 0.313 | 2.705 | 0.520 | 3.561 | 76.0% | 14.6% |
| 29551 | 367 | 0.327 | 3.150 | 0.503 | 4.005 | 78.6% | 12.6% |
| 29565 | 366 | 0.305 | 3.443 | 0.547 | 4.319 | 79.7% | 12.7% |
| 29575 | 368 | 0.380 | 4.088 | 0.556 | 5.044 | 81.0% | 11.0% |
| 29584 | 357 | 0.309 | 2.935 | 0.500 | 3.768 | 77.9% | 13.3% |
| 29594 | 355 | 0.315 | 2.994 | 0.483 | 3.816 | 78.4% | 12.7% |
| 29605 | 338 | 0.285 | 3.688 | 0.455 | 4.451 | 82.8% | 10.2% |
| 29615 | 328 | 0.306 | 2.874 | 0.539 | 3.741 | 76.8% | 14.4% |
| 29626 | 325 | 0.323 | 2.925 | 0.368 | 3.639 | 80.4% | 10.1% |
| 29637 | 313 | 0.308 | 3.536 | 0.411 | 4.275 | 82.7% | 9.6% |
| 29644 | 301 | 0.306 | 2.814 | 0.496 | 3.638 | 77.4% | 13.6% |
| 29656 | 308 | 0.285 | 3.275 | 0.423 | 4.005 | 81.8% | 10.6% |
| 29668 | 306 | 0.259 | 2.595 | 0.488 | 3.365 | 77.1% | 14.5% |
| 29676 | 301 | 0.265 | 1.753 | 0.389 | 2.430 | 72.2% | 16.0% |
| 29686 | 314 | 0.294 | 1.747 | 0.471 | 2.531 | 69.0% | 18.6% |
| 29696 | 328 | 0.283 | 1.738 | 0.458 | 2.501 | 69.5% | 18.3% |
| 29709 | 330 | 0.302 | 1.936 | 0.467 | 2.729 | 70.9% | 17.1% |
| 29718 | 350 | 0.342 | 2.361 | 0.500 | 3.227 | 73.2% | 15.5% |
| 29727 | 345 | 0.310 | 2.188 | 0.538 | 3.059 | 71.5% | 17.6% |
| 29740 | 363 | 0.388 | 2.027 | 0.526 | 2.965 | 68.4% | 17.7% |
| 29748 | 359 | 0.315 | 3.060 | 0.581 | 3.987 | 76.7% | 14.6% |
| 29758 | 360 | 0.305 | 3.075 | 0.512 | 3.914 | 78.5% | 13.1% |
| 29771 | 372 | 0.322 | 2.789 | 0.549 | 3.686 | 75.7% | 14.9% |
| 29781 | 376 | 0.319 | 3.589 | 0.557 | 4.490 | 79.9% | 12.4% |
| 29790 | 389 | 0.324 | 3.072 | 0.547 | 3.969 | 77.4% | 13.8% |
| 29802 | 395 | 0.401 | 5.321 | 0.554 | 6.307 | 84.4% | 8.8% |
| 29810 | 423 | 0.401 | 4.010 | 0.764 | 5.203 | 77.1% | 14.7% |
| 29821 | 434 | 0.405 | 4.357 | 0.717 | 5.508 | 79.1% | 13.0% |
| 29831 | 442 | 0.369 | 3.420 | 0.642 | 4.462 | 76.7% | 14.4% |
| 29844 | 461 | 0.453 | 3.712 | 0.782 | 4.984 | 74.5% | 15.7% |
| 29854 | 469 | 0.392 | 3.887 | 0.717 | 5.024 | 77.4% | 14.3% |
| 29864 | 476 | 0.434 | 4.204 | 0.851 | 5.520 | 76.2% | 15.4% |
| 29874 | 473 | 0.429 | 4.814 | 0.666 | 5.941 | 81.0% | 11.2% |
| 29885 | 463 | 0.405 | 4.790 | 0.620 | 5.847 | 81.9% | 10.6% |
| 29895 | 464 | 0.376 | 3.897 | 0.732 | 5.037 | 77.4% | 14.5% |
| 29905 | 469 | 0.411 | 4.151 | 0.795 | 5.388 | 77.0% | 14.7% |
| 29915 | 462 | 0.377 | 4.242 | 0.738 | 5.390 | 78.7% | 13.7% |
| 29925 | 468 | 0.374 | 3.748 | 0.744 | 4.899 | 76.5% | 15.2% |
| 29935 | 483 | 0.404 | 3.974 | 0.749 | 5.158 | 77.0% | 14.5% |
| 29945 | 479 | 0.391 | 3.901 | 0.775 | 5.097 | 76.5% | 15.2% |
| 29955 | 478 | 0.374 | 4.673 | 0.748 | 5.827 | 80.2% | 12.8% |
| 29966 | 450 | 0.381 | 3.712 | 0.693 | 4.816 | 77.1% | 14.4% |
| 29976 | 419 | 0.393 | 3.613 | 0.675 | 4.711 | 76.7% | 14.3% |
| 29987 | 389 | 0.338 | 3.055 | 0.601 | 4.024 | 75.9% | 14.9% |
| 29996 | 377 | 0.312 | 3.231 | 0.542 | 4.109 | 78.6% | 13.2% |
| 30008 | 376 | 0.305 | 2.938 | 0.566 | 3.852 | 76.3% | 14.7% |
| 30018 | 363 | 0.296 | 3.247 | 0.502 | 4.078 | 79.6% | 12.3% |
| 30028 | 342 | 0.270 | 3.078 | 0.537 | 3.908 | 78.8% | 13.7% |
| 30038 | 330 | 0.276 | 3.030 | 0.426 | 3.755 | 80.7% | 11.4% |
| 30049 | 326 | 0.315 | 2.971 | 0.430 | 3.736 | 79.5% | 11.5% |
| 30059 | 338 | 0.301 | 2.880 | 0.553 | 3.758 | 76.7% | 14.7% |
| 30069 | 337 | 0.270 | 2.938 | 0.441 | 3.674 | 80.0% | 12.0% |
| 30080 | 336 | 0.305 | 3.188 | 0.433 | 3.950 | 80.7% | 11.0% |
| 30091 | 320 | 0.288 | 2.534 | 0.464 | 3.308 | 76.6% | 14.0% |
| 30102 | 324 | 0.303 | 3.728 | 0.488 | 4.536 | 82.2% | 10.8% |
| 30113 | 332 | 0.301 | 2.477 | 0.407 | 3.209 | 77.2% | 12.7% |
| 30120 | 318 | 0.291 | 3.789 | 0.416 | 4.517 | 83.9% | 9.2% |
| 30132 | 302 | 0.281 | 3.692 | 0.411 | 4.404 | 83.8% | 9.3% |
| 30144 | 307 | 0.248 | 2.602 | 0.396 | 3.264 | 79.7% | 12.1% |
| 30151 | 317 | 0.307 | 3.586 | 0.425 | 4.341 | 82.6% | 9.8% |
| 30163 | 318 | 0.289 | 3.677 | 0.435 | 4.421 | 83.2% | 9.8% |
| 30174 | 300 | 0.282 | 2.823 | 0.449 | 3.575 | 79.0% | 12.6% |
| 30182 | 296 | 0.280 | 3.638 | 0.440 | 4.376 | 83.1% | 10.0% |
| 30194 | 292 | 0.253 | 2.905 | 0.379 | 3.558 | 81.6% | 10.7% |
| 30204 | 296 | 0.280 | 3.128 | 0.407 | 3.833 | 81.6% | 10.6% |
| 30214 | 302 | 0.233 | 2.189 | 0.517 | 2.958 | 74.0% | 17.5% |
| 30224 | 300 | 0.247 | 1.996 | 0.434 | 2.698 | 74.0% | 16.1% |
| 30233 | 296 | 0.266 | 1.885 | 0.568 | 2.739 | 68.8% | 20.7% |
| 30243 | 306 | 0.278 | 1.742 | 0.366 | 2.409 | 72.3% | 15.2% |
| 30253 | 312 | 0.265 | 1.842 | 0.355 | 2.482 | 74.2% | 14.3% |
| 30263 | 315 | 0.259 | 1.927 | 0.438 | 2.646 | 72.8% | 16.6% |
| 30277 | 344 | 0.277 | 1.782 | 0.422 | 2.503 | 71.2% | 16.9% |
| 30286 | 373 | 0.327 | 2.162 | 0.623 | 3.137 | 68.9% | 19.9% |
| 30298 | 386 | 0.352 | 2.691 | 0.562 | 3.629 | 74.1% | 15.5% |
| 30308 | 412 | 0.352 | 3.100 | 0.596 | 4.081 | 76.0% | 14.6% |
| 30317 | 407 | 0.347 | 3.487 | 0.601 | 4.462 | 78.1% | 13.5% |
| 30329 | 412 | 0.323 | 3.365 | 0.643 | 4.354 | 77.3% | 14.8% |
| 30340 | 415 | 0.362 | 3.813 | 0.705 | 4.907 | 77.7% | 14.4% |
| 30348 | 414 | 0.416 | 4.669 | 0.755 | 5.873 | 79.5% | 12.9% |
| 30359 | 405 | 0.347 | 3.383 | 0.558 | 4.316 | 78.4% | 12.9% |
| 30370 | 399 | 0.361 | 3.174 | 0.628 | 4.188 | 75.8% | 15.0% |
| 30379 | 413 | 0.341 | 4.029 | 0.755 | 5.154 | 78.2% | 14.7% |
| 30391 | 411 | 0.339 | 3.270 | 0.612 | 4.253 | 76.9% | 14.4% |
| 30401 | 423 | 0.365 | 5.546 | 0.623 | 6.562 | 84.5% | 9.5% |
| 30412 | 403 | 0.364 | 3.037 | 0.568 | 3.998 | 76.0% | 14.2% |
| 30421 | 392 | 0.322 | 2.669 | 0.571 | 3.591 | 74.3% | 15.9% |
| 30430 | 396 | 0.345 | 3.316 | 0.476 | 4.162 | 79.7% | 11.4% |
| 30443 | 380 | 0.330 | 3.165 | 0.562 | 4.078 | 77.6% | 13.8% |
| 30452 | 384 | 0.332 | 3.099 | 0.559 | 4.019 | 77.1% | 13.9% |
| 30462 | 369 | 0.304 | 5.335 | 0.588 | 6.254 | 85.3% | 9.4% |
| 30472 | 365 | 0.303 | 2.968 | 0.566 | 3.861 | 76.9% | 14.7% |
| 30482 | 350 | 0.323 | 2.889 | 0.479 | 3.715 | 77.8% | 12.9% |
| 30495 | 346 | 0.336 | 3.385 | 0.477 | 4.220 | 80.2% | 11.3% |
| 30505 | 339 | 0.401 | 2.902 | 0.587 | 3.909 | 74.2% | 15.0% |
| 30516 | 340 | 0.327 | 3.031 | 0.476 | 3.857 | 78.6% | 12.3% |
| 30523 | 315 | 0.296 | 2.737 | 0.422 | 3.475 | 78.8% | 12.2% |
| 30534 | 298 | 0.251 | 2.392 | 0.386 | 3.049 | 78.4% | 12.7% |
| 30546 | 263 | 0.235 | 2.007 | 0.412 | 2.673 | 75.1% | 15.4% |
| 30555 | 251 | 0.223 | 1.795 | 0.316 | 2.353 | 76.3% | 13.4% |
| 30566 | 231 | 0.195 | 1.703 | 0.297 | 2.212 | 77.0% | 13.4% |
| 30576 | 246 | 0.223 | 1.640 | 0.306 | 2.185 | 75.1% | 14.0% |
| 30586 | 243 | 0.208 | 1.747 | 0.298 | 2.270 | 77.0% | 13.1% |
| 30596 | 254 | 0.258 | 2.000 | 0.329 | 2.603 | 76.8% | 12.6% |
| 30607 | 258 | 0.241 | 1.673 | 0.307 | 2.240 | 74.7% | 13.7% |
| 30617 | 267 | 0.247 | 2.119 | 0.347 | 2.733 | 77.5% | 12.7% |
| 30627 | 276 | 0.258 | 1.774 | 0.349 | 2.397 | 74.0% | 14.6% |
| 30637 | 281 | 0.248 | 1.811 | 0.335 | 2.413 | 75.1% | 13.9% |
| 30647 | 300 | 0.294 | 1.994 | 0.374 | 2.681 | 74.4% | 14.0% |
| 30657 | 305 | 0.361 | 1.724 | 0.422 | 2.528 | 68.2% | 16.7% |
| 30667 | 317 | 0.264 | 2.013 | 0.430 | 2.725 | 73.9% | 15.8% |
| 30676 | 326 | 0.286 | 2.016 | 0.408 | 2.731 | 73.8% | 14.9% |
| 30690 | 341 | 0.337 | 2.587 | 0.413 | 3.357 | 77.1% | 12.3% |
| 30700 | 352 | 0.292 | 1.858 | 0.383 | 2.557 | 72.7% | 15.0% |
| 30709 | 340 | 0.280 | 1.768 | 0.410 | 2.481 | 71.2% | 16.5% |
| 30718 | 332 | 0.299 | 2.175 | 0.475 | 2.972 | 73.2% | 16.0% |
| 30732 | 341 | 0.313 | 2.878 | 0.439 | 3.651 | 78.8% | 12.0% |
| 30741 | 332 | 0.293 | 2.586 | 0.523 | 3.424 | 75.5% | 15.3% |
| 30750 | 331 | 0.286 | 2.105 | 0.440 | 2.851 | 73.8% | 15.4% |
| 30763 | 348 | 0.265 | 2.054 | 0.474 | 2.815 | 72.9% | 16.8% |
| 30772 | 365 | 0.355 | 2.357 | 0.530 | 3.265 | 72.2% | 16.2% |
| 30784 | 393 | 0.359 | 2.568 | 0.567 | 3.520 | 72.9% | 16.1% |
| 30791 | 387 | 0.463 | 3.470 | 0.551 | 4.508 | 77.0% | 12.2% |
| 30804 | 414 | 0.351 | 3.971 | 0.632 | 4.981 | 79.7% | 12.7% |
| 30813 | 420 | 0.357 | 3.438 | 0.687 | 4.510 | 76.2% | 15.2% |
| 30824 | 421 | 0.433 | 3.838 | 0.840 | 5.151 | 74.5% | 16.3% |
| 30835 | 418 | 0.345 | 3.383 | 0.591 | 4.347 | 77.8% | 13.6% |
| 30846 | 416 | 0.386 | 4.257 | 0.581 | 5.253 | 81.1% | 11.1% |
| 30854 | 425 | 0.353 | 3.056 | 0.615 | 4.053 | 75.4% | 15.2% |
| 30866 | 414 | 0.391 | 5.178 | 0.627 | 6.227 | 83.2% | 10.1% |
| 30877 | 400 | 0.333 | 3.405 | 0.638 | 4.403 | 77.3% | 14.5% |
| 30886 | 385 | 0.311 | 3.295 | 0.550 | 4.185 | 78.7% | 13.1% |
| 30896 | 374 | 0.302 | 2.901 | 0.584 | 3.808 | 76.2% | 15.3% |
| 30905 | 373 | 0.316 | 2.981 | 0.594 | 3.918 | 76.1% | 15.2% |
| 30918 | 367 | 0.286 | 3.129 | 0.502 | 3.941 | 79.4% | 12.7% |
| 30928 | 364 | 0.291 | 3.496 | 0.602 | 4.415 | 79.2% | 13.6% |
| 30938 | 365 | 0.336 | 5.172 | 0.459 | 5.993 | 86.3% | 7.7% |
| 30948 | 378 | 0.324 | 2.962 | 0.449 | 3.759 | 78.8% | 11.9% |
| 30957 | 386 | 0.368 | 4.753 | 0.577 | 5.723 | 83.1% | 10.1% |
| 30970 | 383 | 0.308 | 3.130 | 0.539 | 4.003 | 78.2% | 13.5% |
| 30980 | 388 | 0.346 | 3.697 | 0.450 | 4.516 | 81.9% | 10.0% |
| 30989 | 373 | 0.297 | 3.361 | 0.514 | 4.194 | 80.1% | 12.3% |
| 30999 | 395 | 0.327 | 3.072 | 0.572 | 3.996 | 76.9% | 14.3% |
| 31011 | 392 | 0.332 | 3.226 | 0.570 | 4.155 | 77.6% | 13.7% |
| 31020 | 416 | 0.654 | 4.076 | 0.625 | 5.384 | 75.7% | 11.6% |
| 31031 | 424 | 0.377 | 3.265 | 0.575 | 4.246 | 76.9% | 13.5% |
| 31042 | 428 | 0.404 | 4.812 | 0.587 | 5.828 | 82.6% | 10.1% |
| 31050 | 433 | 0.378 | 3.509 | 0.541 | 4.457 | 78.7% | 12.1% |
| 31061 | 418 | 0.353 | 4.137 | 0.599 | 5.114 | 80.9% | 11.7% |
| 31072 | 414 | 0.393 | 3.925 | 0.668 | 5.013 | 78.3% | 13.3% |
| 31084 | 383 | 0.380 | 3.705 | 0.545 | 4.705 | 78.7% | 11.6% |
| 31093 | 374 | 0.344 | 4.498 | 0.534 | 5.397 | 83.3% | 9.9% |
| 31103 | 361 | 0.311 | 3.060 | 0.517 | 3.914 | 78.2% | 13.2% |
| 31113 | 338 | 0.273 | 2.939 | 0.478 | 3.713 | 79.2% | 12.9% |
| 31123 | 316 | 0.332 | 2.988 | 0.508 | 3.857 | 77.5% | 13.2% |
| 31134 | 307 | 0.274 | 2.597 | 0.568 | 3.461 | 75.0% | 16.4% |
| 31145 | 284 | 0.274 | 2.741 | 0.367 | 3.402 | 80.6% | 10.8% |
| 31153 | 277 | 0.252 | 2.922 | 0.389 | 3.583 | 81.5% | 10.9% |
| 31165 | 268 | 0.269 | 2.619 | 0.347 | 3.253 | 80.5% | 10.7% |
| 31173 | 249 | 0.265 | 2.940 | 0.319 | 3.545 | 82.9% | 9.0% |
| 31182 | 235 | 0.212 | 2.037 | 0.324 | 2.590 | 78.6% | 12.5% |
| 31198 | 236 | 0.222 | 2.731 | 0.327 | 3.297 | 82.8% | 9.9% |
| 31208 | 238 | 0.242 | 1.720 | 0.294 | 2.273 | 75.7% | 12.9% |
| 31218 | 245 | 0.237 | 2.540 | 0.264 | 3.059 | 83.0% | 8.6% |
| 31228 | 247 | 0.249 | 1.690 | 0.247 | 2.204 | 76.7% | 11.2% |
| 31239 | 249 | 0.232 | 1.839 | 0.317 | 2.405 | 76.5% | 13.2% |
| 31249 | 249 | 0.256 | 1.839 | 0.301 | 2.413 | 76.2% | 12.5% |
| 31259 | 256 | 0.249 | 3.031 | 0.276 | 3.573 | 84.8% | 7.7% |
| 31269 | 259 | 0.249 | 2.617 | 0.340 | 3.224 | 81.2% | 10.6% |
| 31279 | 264 | 0.220 | 1.616 | 0.264 | 2.118 | 76.3% | 12.5% |
| 31289 | 284 | 0.286 | 2.093 | 0.406 | 2.816 | 74.3% | 14.4% |
| 31300 | 305 | 0.278 | 2.676 | 0.407 | 3.382 | 79.1% | 12.0% |
| 31309 | 320 | 0.298 | 1.786 | 0.420 | 2.523 | 70.8% | 16.6% |
| 31319 | 336 | 0.292 | 1.822 | 0.381 | 2.518 | 72.3% | 15.1% |
| 31332 | 354 | 0.315 | 2.353 | 0.503 | 3.192 | 73.7% | 15.7% |
| 31340 | 385 | 0.323 | 2.058 | 0.548 | 2.955 | 69.7% | 18.5% |
| 31351 | 397 | 0.383 | 2.337 | 0.617 | 3.362 | 69.5% | 18.4% |
| 31362 | 421 | 0.379 | 4.672 | 0.725 | 5.800 | 80.6% | 12.5% |
| 31373 | 435 | 0.387 | 3.730 | 0.632 | 4.779 | 78.0% | 13.2% |
| 31383 | 438 | 0.372 | 4.536 | 0.743 | 5.685 | 79.8% | 13.1% |
| 31394 | 454 | 0.350 | 3.713 | 0.688 | 4.778 | 77.7% | 14.4% |
| 31404 | 453 | 0.451 | 4.321 | 0.725 | 5.523 | 78.2% | 13.1% |
| 31414 | 466 | 0.360 | 3.766 | 0.671 | 4.827 | 78.0% | 13.9% |
| 31424 | 484 | 0.436 | 4.156 | 0.668 | 5.291 | 78.5% | 12.6% |
| 31434 | 496 | 0.459 | 4.506 | 0.767 | 5.766 | 78.1% | 13.3% |
| 31444 | 491 | 0.522 | 3.662 | 0.779 | 4.990 | 73.4% | 15.6% |
| 31454 | 496 | 0.435 | 3.795 | 0.754 | 5.016 | 75.6% | 15.0% |
| 31464 | 470 | 0.415 | 4.252 | 0.876 | 5.574 | 76.3% | 15.7% |
| 31475 | 474 | 0.433 | 3.502 | 0.828 | 4.790 | 73.1% | 17.3% |
| 31485 | 485 | 0.428 | 4.858 | 0.924 | 6.241 | 77.8% | 14.8% |
| 31495 | 500 | 0.392 | 5.877 | 0.824 | 7.127 | 82.5% | 11.6% |
| 31507 | 471 | 0.438 | 7.774 | 0.755 | 9.001 | 86.4% | 8.4% |
| 31518 | 467 | 0.387 | 4.019 | 0.803 | 5.242 | 76.7% | 15.3% |
| 31528 | 469 | 0.397 | 4.162 | 0.702 | 5.292 | 78.6% | 13.3% |
| 31538 | 464 | 0.384 | 4.314 | 0.703 | 5.432 | 79.4% | 12.9% |
| 31548 | 466 | 0.368 | 3.644 | 0.676 | 4.715 | 77.3% | 14.3% |
| 31558 | 459 | 0.449 | 6.003 | 0.771 | 7.256 | 82.7% | 10.6% |
| 31568 | 445 | 0.371 | 3.704 | 0.713 | 4.819 | 76.9% | 14.8% |
| 31579 | 439 | 0.335 | 3.601 | 0.556 | 4.522 | 79.6% | 12.3% |
| 31589 | 443 | 0.387 | 4.284 | 0.692 | 5.394 | 79.4% | 12.8% |
| 31599 | 446 | 0.431 | 3.567 | 0.761 | 4.790 | 74.5% | 15.9% |
| 31609 | 446 | 0.378 | 3.510 | 0.717 | 4.635 | 75.7% | 15.5% |
| 31620 | 446 | 0.372 | 3.479 | 0.668 | 4.550 | 76.5% | 14.7% |
| 31631 | 436 | 0.381 | 3.366 | 0.723 | 4.500 | 74.8% | 16.1% |
| 31641 | 429 | 0.395 | 3.775 | 0.723 | 4.921 | 76.7% | 14.7% |
| 31649 | 404 | 0.354 | 4.713 | 0.627 | 5.719 | 82.4% | 11.0% |
| 31662 | 382 | 0.395 | 4.214 | 0.573 | 5.207 | 80.9% | 11.0% |
| 31671 | 369 | 0.339 | 2.965 | 0.546 | 3.878 | 76.5% | 14.1% |
| 31681 | 344 | 0.341 | 4.199 | 0.435 | 4.997 | 84.0% | 8.7% |
| 31691 | 327 | 0.306 | 2.713 | 0.428 | 3.469 | 78.2% | 12.3% |
| 31703 | 292 | 0.299 | 3.125 | 0.331 | 3.776 | 82.8% | 8.8% |
| 31711 | 286 | 0.251 | 3.242 | 0.383 | 3.897 | 83.2% | 9.8% |
| 31724 | 306 | 0.301 | 1.730 | 0.356 | 2.408 | 71.8% | 14.8% |
| 31734 | 309 | 0.275 | 1.749 | 0.375 | 2.421 | 72.3% | 15.5% |
| 31744 | 300 | 0.261 | 1.701 | 0.515 | 2.497 | 68.1% | 20.6% |
| 31754 | 308 | 0.275 | 1.718 | 0.352 | 2.368 | 72.5% | 14.9% |
| 31764 | 311 | 0.272 | 2.507 | 0.395 | 3.192 | 78.5% | 12.4% |
| 31774 | 323 | 0.306 | 2.920 | 0.443 | 3.689 | 79.2% | 12.0% |
| 31784 | 308 | 0.284 | 1.754 | 0.415 | 2.475 | 70.9% | 16.8% |
| 31794 | 326 | 0.262 | 2.060 | 0.458 | 2.799 | 73.6% | 16.3% |
| 31807 | 335 | 0.298 | 3.053 | 0.507 | 3.878 | 78.7% | 13.1% |
| 31816 | 345 | 0.292 | 2.276 | 0.509 | 3.100 | 73.4% | 16.4% |
| 31824 | 347 | 0.278 | 2.174 | 0.504 | 2.976 | 73.0% | 16.9% |
| 31838 | 337 | 0.333 | 2.837 | 0.693 | 3.885 | 73.0% | 17.8% |
| 31847 | 348 | 0.299 | 1.835 | 0.457 | 2.615 | 70.2% | 17.5% |
| 31856 | 347 | 0.351 | 2.221 | 0.576 | 3.170 | 70.1% | 18.2% |
| 31869 | 354 | 0.331 | 2.044 | 0.482 | 2.879 | 71.0% | 16.7% |
| 31878 | 356 | 0.297 | 1.841 | 0.507 | 2.667 | 69.0% | 19.0% |
| 31887 | 355 | 0.336 | 2.124 | 0.503 | 2.986 | 71.1% | 16.8% |
| 31900 | 350 | 0.315 | 1.857 | 0.399 | 2.594 | 71.6% | 15.4% |
| 31908 | 352 | 0.305 | 1.878 | 0.400 | 2.605 | 72.1% | 15.4% |
| 31918 | 344 | 0.289 | 1.776 | 0.542 | 2.628 | 67.6% | 20.6% |
| 31931 | 339 | 0.288 | 1.800 | 0.487 | 2.597 | 69.3% | 18.8% |
| 31940 | 339 | 0.306 | 1.813 | 0.552 | 2.693 | 67.3% | 20.5% |
| 31949 | 345 | 0.334 | 1.909 | 0.502 | 2.767 | 69.0% | 18.1% |
| 31958 | 343 | 0.320 | 1.992 | 0.483 | 2.817 | 70.7% | 17.1% |
| 31971 | 339 | 0.382 | 2.356 | 0.495 | 3.254 | 72.4% | 15.2% |
| 31980 | 365 | 0.311 | 1.997 | 0.437 | 2.769 | 72.1% | 15.8% |
| 31993 | 376 | 0.347 | 2.020 | 0.451 | 2.842 | 71.1% | 15.9% |
| 32001 | 384 | 0.416 | 2.351 | 0.573 | 3.366 | 69.8% | 17.0% |
| 32012 | 384 | 0.379 | 2.449 | 0.463 | 3.326 | 73.6% | 13.9% |
| 32024 | 391 | 0.352 | 4.497 | 0.739 | 5.611 | 80.1% | 13.2% |
| 32033 | 406 | 0.409 | 5.241 | 0.650 | 6.329 | 82.8% | 10.3% |
| 32045 | 389 | 0.379 | 6.921 | 0.473 | 7.801 | 88.7% | 6.1% |
| 32054 | 379 | 0.405 | 3.216 | 0.538 | 4.182 | 76.9% | 12.9% |
| 32063 | 367 | 0.343 | 2.914 | 0.530 | 3.811 | 76.5% | 13.9% |
| 32073 | 352 | 0.335 | 2.924 | 0.507 | 3.791 | 77.1% | 13.4% |
| 32083 | 327 | 0.292 | 3.551 | 0.462 | 4.326 | 82.1% | 10.7% |
| 32093 | 326 | 0.281 | 2.603 | 0.489 | 3.396 | 76.7% | 14.4% |
| 32104 | 300 | 0.260 | 3.135 | 0.440 | 3.859 | 81.2% | 11.4% |
| 32116 | 275 | 0.249 | 2.567 | 0.381 | 3.217 | 79.8% | 11.9% |
| 32124 | 251 | 0.260 | 2.045 | 0.361 | 2.681 | 76.3% | 13.5% |
| 32134 | 247 | 0.222 | 1.647 | 0.380 | 2.266 | 72.6% | 16.8% |
| 32144 | 246 | 0.285 | 1.681 | 0.306 | 2.291 | 73.4% | 13.4% |
| 32155 | 223 | 0.207 | 1.521 | 0.285 | 2.030 | 74.9% | 14.0% |
| 32165 | 227 | 0.198 | 1.666 | 0.236 | 2.116 | 78.7% | 11.1% |
| 32175 | 223 | 0.234 | 2.176 | 0.396 | 2.823 | 77.1% | 14.0% |
| 32185 | 209 | 0.245 | 1.751 | 0.284 | 2.298 | 76.2% | 12.4% |
| 32195 | 202 | 0.199 | 1.985 | 0.246 | 2.444 | 81.2% | 10.1% |
| 32205 | 206 | 0.203 | 1.614 | 0.212 | 2.044 | 79.0% | 10.4% |
| 32220 | 213 | 0.202 | 1.572 | 0.261 | 2.049 | 76.7% | 12.7% |
| 32231 | 225 | 0.222 | 1.668 | 0.267 | 2.173 | 76.8% | 12.3% |
| 32241 | 235 | 0.226 | 1.645 | 0.324 | 2.211 | 74.4% | 14.6% |
| 32251 | 253 | 0.214 | 1.870 | 0.313 | 2.413 | 77.5% | 13.0% |
| 32261 | 270 | 0.260 | 1.619 | 0.285 | 2.183 | 74.2% | 13.1% |
| 32271 | 284 | 0.260 | 1.977 | 0.499 | 2.752 | 71.8% | 18.1% |
| 32281 | 286 | 0.285 | 1.697 | 0.374 | 2.372 | 71.5% | 15.8% |
| 32291 | 287 | 0.244 | 1.637 | 0.350 | 2.249 | 72.8% | 15.6% |
| 32302 | 296 | 0.278 | 2.110 | 0.441 | 2.849 | 74.0% | 15.5% |
| 32312 | 288 | 0.256 | 1.783 | 0.374 | 2.431 | 73.3% | 15.4% |
| 32322 | 290 | 0.296 | 2.424 | 0.441 | 3.172 | 76.4% | 13.9% |
| 32332 | 296 | 0.264 | 1.621 | 0.422 | 2.326 | 69.7% | 18.1% |
| 32341 | 306 | 0.314 | 2.848 | 0.359 | 3.541 | 80.4% | 10.1% |
| 32351 | 298 | 0.343 | 2.988 | 0.423 | 3.772 | 79.2% | 11.2% |
| 32361 | 303 | 0.290 | 1.930 | 0.426 | 2.664 | 72.4% | 16.0% |
| 32371 | 306 | 0.334 | 2.545 | 0.365 | 3.264 | 78.0% | 11.2% |
| 32386 | 329 | 0.331 | 2.960 | 0.383 | 3.695 | 80.1% | 10.4% |
| 32395 | 330 | 0.388 | 1.915 | 0.456 | 2.780 | 68.9% | 16.4% |
| 32404 | 339 | 0.340 | 1.943 | 0.387 | 2.693 | 72.2% | 14.4% |
| 32414 | 343 | 0.315 | 2.217 | 0.470 | 3.026 | 73.3% | 15.5% |
| 32427 | 334 | 0.331 | 1.928 | 0.472 | 2.753 | 70.0% | 17.1% |
| 32436 | 340 | 0.284 | 1.833 | 0.500 | 2.638 | 69.5% | 19.0% |
| 32445 | 354 | 0.294 | 1.819 | 0.472 | 2.608 | 69.8% | 18.1% |
| 32454 | 367 | 0.290 | 2.109 | 0.431 | 2.851 | 74.0% | 15.1% |
| 32467 | 375 | 0.330 | 2.380 | 0.592 | 3.326 | 71.6% | 17.8% |
| 32478 | 378 | 0.341 | 2.434 | 0.562 | 3.364 | 72.4% | 16.7% |
| 32488 | 406 | 0.335 | 3.999 | 0.607 | 4.971 | 80.4% | 12.2% |
| 32499 | 418 | 0.349 | 2.938 | 0.631 | 3.947 | 74.4% | 16.0% |
| 32510 | 426 | 0.378 | 4.389 | 0.665 | 5.460 | 80.4% | 12.2% |
| 32520 | 427 | 0.390 | 3.635 | 0.641 | 4.694 | 77.4% | 13.7% |
| 32530 | 425 | 0.374 | 3.708 | 0.732 | 4.840 | 76.6% | 15.1% |
| 32541 | 419 | 0.387 | 4.396 | 0.651 | 5.460 | 80.5% | 11.9% |
| 32549 | 425 | 0.432 | 5.583 | 0.673 | 6.712 | 83.2% | 10.0% |
| 32560 | 406 | 0.365 | 3.184 | 0.584 | 4.161 | 76.5% | 14.0% |
| 32569 | 407 | 0.388 | 3.041 | 0.625 | 4.082 | 74.5% | 15.3% |
| 32582 | 411 | 0.363 | 5.724 | 0.543 | 6.663 | 85.9% | 8.1% |
| 32591 | 393 | 0.357 | 4.307 | 0.527 | 5.218 | 82.5% | 10.1% |
| 32600 | 370 | 0.642 | 2.831 | 0.571 | 4.069 | 69.6% | 14.0% |
| 32613 | 351 | 0.412 | 3.291 | 0.685 | 4.422 | 74.4% | 15.5% |
| 32622 | 345 | 0.295 | 3.299 | 0.492 | 4.106 | 80.3% | 12.0% |
| 32632 | 345 | 0.299 | 3.038 | 0.577 | 3.939 | 77.1% | 14.7% |
| 32642 | 347 | 0.325 | 3.010 | 0.480 | 3.837 | 78.5% | 12.5% |
| 32652 | 337 | 0.295 | 2.208 | 0.455 | 2.983 | 74.0% | 15.2% |
| 32662 | 366 | 0.348 | 2.653 | 0.510 | 3.534 | 75.1% | 14.4% |
| 32675 | 375 | 0.346 | 3.139 | 0.528 | 4.040 | 77.7% | 13.1% |
| 32685 | 371 | 0.316 | 3.336 | 0.531 | 4.207 | 79.3% | 12.6% |
| 32694 | 361 | 0.327 | 5.190 | 0.581 | 6.123 | 84.8% | 9.5% |
| 32704 | 362 | 0.320 | 3.209 | 0.542 | 4.094 | 78.4% | 13.2% |
| 32714 | 359 | 0.327 | 4.574 | 0.512 | 5.436 | 84.1% | 9.4% |
| 32727 | 345 | 0.311 | 2.774 | 0.463 | 3.572 | 77.7% | 13.0% |
| 32737 | 330 | 0.323 | 2.956 | 0.455 | 3.755 | 78.7% | 12.1% |
| 32744 | 315 | 0.328 | 2.937 | 0.401 | 3.689 | 79.6% | 10.9% |
| 32756 | 304 | 0.272 | 2.403 | 0.417 | 3.114 | 77.2% | 13.4% |
| 32768 | 296 | 0.252 | 1.961 | 0.452 | 2.686 | 73.0% | 16.8% |
| 32778 | 288 | 0.242 | 1.638 | 0.395 | 2.295 | 71.3% | 17.2% |
| 32788 | 287 | 0.284 | 1.947 | 0.373 | 2.624 | 74.2% | 14.2% |
| 32798 | 281 | 0.251 | 1.849 | 0.374 | 2.495 | 74.1% | 15.0% |
| 32807 | 292 | 0.251 | 1.790 | 0.381 | 2.444 | 73.3% | 15.6% |
| 32817 | 305 | 0.259 | 1.798 | 0.399 | 2.477 | 72.6% | 16.1% |
| 32827 | 310 | 0.284 | 2.760 | 0.445 | 3.511 | 78.6% | 12.7% |
| 32837 | 315 | 0.355 | 1.769 | 0.432 | 2.578 | 68.6% | 16.8% |
| 32847 | 317 | 0.311 | 2.562 | 0.535 | 3.428 | 74.7% | 15.6% |
| 32857 | 312 | 0.264 | 1.798 | 0.393 | 2.477 | 72.6% | 15.9% |
| 32872 | 335 | 0.292 | 2.306 | 0.448 | 3.069 | 75.2% | 14.6% |
| 32881 | 346 | 0.305 | 1.749 | 0.471 | 2.547 | 68.6% | 18.5% |
| 32890 | 383 | 0.359 | 2.125 | 0.530 | 3.039 | 69.9% | 17.4% |
| 32901 | 404 | 0.356 | 3.316 | 0.606 | 4.306 | 77.0% | 14.1% |
| 32912 | 431 | 0.384 | 3.216 | 0.584 | 4.212 | 76.3% | 13.9% |
| 32921 | 447 | 0.464 | 3.661 | 0.664 | 4.818 | 76.0% | 13.8% |
| 32931 | 444 | 0.700 | 3.950 | 0.638 | 5.317 | 74.3% | 12.0% |
| 32944 | 463 | 0.437 | 3.933 | 0.737 | 5.139 | 76.5% | 14.3% |
| 32954 | 452 | 0.377 | 3.513 | 0.642 | 4.561 | 77.0% | 14.1% |
| 32964 | 460 | 0.404 | 3.905 | 0.674 | 5.016 | 77.8% | 13.4% |
| 32975 | 449 | 0.430 | 3.787 | 0.740 | 4.985 | 76.0% | 14.8% |
| 32985 | 441 | 0.371 | 4.930 | 0.649 | 5.980 | 82.4% | 10.9% |
| 32995 | 439 | 0.383 | 3.496 | 0.625 | 4.534 | 77.1% | 13.8% |
| 33003 | 413 | 0.396 | 3.360 | 0.772 | 4.557 | 73.7% | 16.9% |
| 33014 | 424 | 0.367 | 3.554 | 0.583 | 4.534 | 78.4% | 12.9% |
| 33025 | 423 | 0.359 | 3.244 | 0.645 | 4.280 | 75.8% | 15.1% |
| 33037 | 399 | 0.347 | 3.304 | 0.641 | 4.320 | 76.5% | 14.8% |
| 33046 | 401 | 0.344 | 3.375 | 0.593 | 4.343 | 77.7% | 13.6% |
| 33055 | 385 | 0.331 | 5.165 | 0.591 | 6.114 | 84.5% | 9.7% |
| 33067 | 371 | 0.339 | 4.185 | 0.468 | 5.014 | 83.5% | 9.3% |
| 33077 | 364 | 0.332 | 2.988 | 0.531 | 3.877 | 77.1% | 13.7% |
| 33086 | 358 | 0.306 | 4.758 | 0.510 | 5.596 | 85.0% | 9.1% |
| 33096 | 349 | 0.312 | 3.439 | 0.539 | 4.311 | 79.8% | 12.5% |
| 33106 | 326 | 0.329 | 2.913 | 0.477 | 3.741 | 77.9% | 12.8% |
| 33117 | 326 | 0.310 | 2.506 | 0.448 | 3.288 | 76.2% | 13.6% |
| 33128 | 313 | 0.297 | 2.583 | 0.411 | 3.315 | 77.9% | 12.4% |
| 33140 | 315 | 0.287 | 2.928 | 0.449 | 3.688 | 79.4% | 12.2% |
| 33148 | 303 | 0.271 | 2.738 | 0.571 | 3.602 | 76.0% | 15.9% |
| 33159 | 307 | 0.260 | 2.453 | 0.549 | 3.285 | 74.7% | 16.7% |
| 33171 | 302 | 0.256 | 2.167 | 0.338 | 2.782 | 77.9% | 12.1% |
| 33179 | 291 | 0.324 | 2.968 | 0.412 | 3.724 | 79.7% | 11.1% |
| 33191 | 285 | 0.280 | 3.163 | 0.371 | 3.834 | 82.5% | 9.7% |
| 33199 | 296 | 0.269 | 1.834 | 0.389 | 2.513 | 73.0% | 15.5% |
| 33209 | 305 | 0.284 | 1.997 | 0.453 | 2.754 | 72.5% | 16.4% |
| 33219 | 291 | 0.294 | 2.519 | 0.315 | 3.152 | 79.9% | 10.0% |
| 33229 | 293 | 0.293 | 1.686 | 0.371 | 2.370 | 71.1% | 15.6% |
| 33239 | 295 | 0.284 | 2.843 | 0.421 | 3.567 | 79.7% | 11.8% |
| 33254 | 276 | 0.291 | 2.012 | 0.378 | 2.699 | 74.6% | 14.0% |
| 33264 | 279 | 0.271 | 1.915 | 0.361 | 2.566 | 74.6% | 14.1% |
| 33274 | 277 | 0.240 | 1.805 | 0.369 | 2.433 | 74.2% | 15.2% |
| 33284 | 279 | 0.256 | 1.869 | 0.425 | 2.566 | 72.8% | 16.5% |
| 33294 | 286 | 0.333 | 1.950 | 0.376 | 2.688 | 72.5% | 14.0% |
| 33304 | 290 | 0.251 | 1.480 | 0.302 | 2.053 | 72.1% | 14.7% |
| 33314 | 292 | 0.265 | 1.724 | 0.368 | 2.379 | 72.5% | 15.5% |
| 33324 | 290 | 0.263 | 2.711 | 0.473 | 3.467 | 78.2% | 13.6% |
| 33334 | 305 | 0.319 | 1.666 | 0.337 | 2.340 | 71.2% | 14.4% |
| 33344 | 294 | 0.320 | 1.708 | 0.481 | 2.528 | 67.6% | 19.0% |
| 33355 | 297 | 0.260 | 1.680 | 0.387 | 2.348 | 71.6% | 16.5% |
| 33364 | 301 | 0.288 | 2.526 | 0.337 | 3.168 | 79.7% | 10.6% |
| 33374 | 291 | 0.311 | 2.077 | 0.416 | 2.824 | 73.6% | 14.7% |
| 33384 | 319 | 0.335 | 3.189 | 0.361 | 3.907 | 81.6% | 9.2% |
| 33398 | 346 | 0.348 | 1.994 | 0.501 | 2.867 | 69.5% | 17.5% |
| 33407 | 366 | 0.334 | 3.188 | 0.628 | 4.171 | 76.4% | 15.1% |
| 33417 | 374 | 0.333 | 2.738 | 0.582 | 3.680 | 74.4% | 15.8% |
| 33427 | 378 | 0.324 | 2.904 | 0.518 | 3.771 | 77.0% | 13.7% |
| 33440 | 391 | 0.401 | 3.107 | 0.535 | 4.069 | 76.4% | 13.1% |
| 33449 | 390 | 0.379 | 3.358 | 0.562 | 4.324 | 77.7% | 13.0% |
| 33458 | 402 | 0.315 | 3.165 | 0.816 | 4.319 | 73.3% | 18.9% |
| 33471 | 393 | 0.335 | 3.287 | 0.606 | 4.254 | 77.3% | 14.2% |
| 33480 | 378 | 0.323 | 3.845 | 0.486 | 4.679 | 82.2% | 10.4% |
| 33489 | 391 | 0.322 | 3.388 | 0.539 | 4.275 | 79.3% | 12.6% |
| 33501 | 385 | 0.304 | 4.107 | 0.573 | 5.010 | 82.0% | 11.4% |
| 33510 | 388 | 0.315 | 3.679 | 0.584 | 4.604 | 79.9% | 12.7% |
| 33520 | 383 | 0.347 | 3.422 | 0.578 | 4.373 | 78.3% | 13.2% |
| 33532 | 388 | 0.375 | 3.729 | 0.686 | 4.814 | 77.5% | 14.3% |
| 33541 | 404 | 0.352 | 4.465 | 0.538 | 5.379 | 83.0% | 10.0% |
| 33553 | 408 | 0.367 | 4.336 | 0.591 | 5.318 | 81.5% | 11.1% |
| 33562 | 404 | 0.347 | 2.968 | 0.577 | 3.919 | 75.7% | 14.7% |
| 33574 | 404 | 0.357 | 3.098 | 0.618 | 4.100 | 75.6% | 15.1% |
| 33583 | 403 | 0.360 | 3.218 | 0.628 | 4.229 | 76.1% | 14.9% |
| 33592 | 399 | 0.327 | 3.866 | 0.642 | 4.859 | 79.6% | 13.2% |
| 33605 | 399 | 0.350 | 3.065 | 0.629 | 4.076 | 75.2% | 15.4% |
| 33614 | 394 | 0.328 | 3.037 | 0.677 | 4.067 | 74.7% | 16.6% |
| 33623 | 371 | 0.338 | 3.138 | 0.514 | 4.014 | 78.2% | 12.8% |
| 33636 | 378 | 0.321 | 3.031 | 0.620 | 3.997 | 75.8% | 15.5% |
| 33645 | 390 | 0.323 | 3.172 | 0.538 | 4.061 | 78.1% | 13.2% |
| 33655 | 377 | 0.316 | 2.872 | 0.614 | 3.824 | 75.1% | 16.0% |
| 33667 | 378 | 0.325 | 3.584 | 0.581 | 4.516 | 79.4% | 12.9% |
| 33677 | 367 | 0.374 | 3.104 | 0.501 | 4.002 | 77.6% | 12.5% |
| 33687 | 352 | 0.329 | 4.062 | 0.404 | 4.817 | 84.3% | 8.4% |
| 33697 | 333 | 0.305 | 2.902 | 0.466 | 3.696 | 78.5% | 12.6% |
| 33708 | 308 | 0.266 | 2.809 | 0.409 | 3.506 | 80.1% | 11.7% |
| 33715 | 299 | 0.280 | 2.659 | 0.393 | 3.354 | 79.3% | 11.7% |
| 33727 | 284 | 0.227 | 2.724 | 0.412 | 3.379 | 80.6% | 12.2% |
| 33739 | 280 | 0.224 | 1.714 | 0.312 | 2.271 | 75.5% | 13.8% |
| 33749 | 269 | 0.233 | 1.427 | 0.354 | 2.031 | 70.2% | 17.4% |
| 33759 | 268 | 0.240 | 1.534 | 0.347 | 2.144 | 71.6% | 16.2% |
| 33769 | 255 | 0.223 | 1.734 | 0.347 | 2.324 | 74.6% | 14.9% |
| 33780 | 254 | 0.262 | 2.205 | 0.440 | 2.926 | 75.3% | 15.0% |
| 33790 | 250 | 0.216 | 2.002 | 0.317 | 2.553 | 78.4% | 12.4% |
| 33800 | 258 | 0.237 | 1.717 | 0.350 | 2.323 | 73.9% | 15.1% |
| 33810 | 267 | 0.392 | 1.665 | 0.412 | 2.483 | 67.0% | 16.6% |
| 33820 | 294 | 0.236 | 1.842 | 0.400 | 2.496 | 73.8% | 16.0% |
| 33830 | 302 | 0.248 | 1.661 | 0.334 | 2.264 | 73.4% | 14.8% |
| 33840 | 308 | 0.258 | 1.946 | 0.440 | 2.663 | 73.0% | 16.5% |
| 33849 | 329 | 0.321 | 2.025 | 0.472 | 2.837 | 71.4% | 16.6% |
| 33863 | 335 | 0.292 | 1.806 | 0.455 | 2.575 | 70.1% | 17.7% |
| 33872 | 356 | 0.355 | 2.328 | 0.493 | 3.199 | 72.8% | 15.4% |
| 33881 | 375 | 0.315 | 2.377 | 0.635 | 3.352 | 70.9% | 18.9% |
| 33893 | 378 | 0.321 | 3.192 | 0.530 | 4.069 | 78.5% | 13.0% |
| 33904 | 382 | 0.384 | 2.810 | 0.687 | 3.903 | 72.0% | 17.6% |
| 33913 | 384 | 0.380 | 4.389 | 0.512 | 5.306 | 82.7% | 9.7% |
| 33925 | 392 | 0.344 | 2.985 | 0.588 | 3.944 | 75.7% | 14.9% |
| 33935 | 393 | 0.393 | 4.377 | 0.477 | 5.275 | 83.0% | 9.0% |
| 33943 | 396 | 0.351 | 3.344 | 0.601 | 4.322 | 77.4% | 13.9% |
| 33956 | 414 | 0.374 | 4.013 | 0.712 | 5.125 | 78.3% | 13.9% |
| 33964 | 402 | 0.343 | 3.811 | 0.623 | 4.804 | 79.3% | 13.0% |
| 33976 | 403 | 0.377 | 3.351 | 0.598 | 4.356 | 76.9% | 13.7% |
| 33985 | 390 | 0.392 | 5.137 | 0.458 | 6.016 | 85.4% | 7.6% |
| 33998 | 373 | 0.321 | 4.253 | 0.596 | 5.195 | 81.9% | 11.5% |
| 34007 | 386 | 0.353 | 3.259 | 0.509 | 4.147 | 78.6% | 12.3% |
| 34017 | 366 | 0.294 | 3.125 | 0.438 | 3.881 | 80.5% | 11.3% |
| 34027 | 345 | 0.275 | 3.205 | 0.467 | 3.972 | 80.7% | 11.7% |
| 34037 | 338 | 0.345 | 5.004 | 0.478 | 5.849 | 85.6% | 8.2% |
| 34047 | 341 | 0.301 | 3.835 | 0.508 | 4.686 | 81.8% | 10.8% |
| 34057 | 365 | 0.330 | 3.487 | 0.680 | 4.522 | 77.1% | 15.0% |
| 34070 | 393 | 0.344 | 3.303 | 0.611 | 4.287 | 77.1% | 14.2% |
| 34079 | 397 | 0.354 | 3.649 | 0.796 | 4.827 | 75.6% | 16.5% |
| 34088 | 393 | 0.348 | 3.079 | 0.554 | 4.008 | 76.8% | 13.8% |
| 34101 | 397 | 0.415 | 4.966 | 0.746 | 6.154 | 80.7% | 12.1% |
| 34111 | 394 | 0.336 | 2.909 | 0.560 | 3.834 | 75.9% | 14.6% |
| 34120 | 390 | 0.337 | 3.253 | 0.580 | 4.195 | 77.5% | 13.8% |
| 34132 | 392 | 0.391 | 4.936 | 0.570 | 5.923 | 83.3% | 9.6% |
| 34141 | 393 | 0.392 | 3.610 | 0.649 | 4.677 | 77.2% | 13.9% |
| 34150 | 382 | 0.337 | 3.522 | 0.651 | 4.538 | 77.6% | 14.4% |
| 34162 | 380 | 0.418 | 3.913 | 0.534 | 4.891 | 80.0% | 10.9% |
| 34172 | 398 | 0.386 | 3.388 | 0.651 | 4.449 | 76.2% | 14.6% |
| 34181 | 390 | 0.340 | 3.062 | 0.574 | 4.002 | 76.5% | 14.3% |
| 34194 | 400 | 0.341 | 4.791 | 0.491 | 5.647 | 84.8% | 8.7% |
| 34203 | 402 | 0.351 | 3.081 | 0.602 | 4.061 | 75.9% | 14.8% |
| 34212 | 405 | 0.347 | 4.311 | 0.629 | 5.317 | 81.1% | 11.8% |
| 34224 | 410 | 0.345 | 3.499 | 0.559 | 4.434 | 78.9% | 12.6% |
| 34235 | 417 | 0.372 | 3.397 | 0.604 | 4.401 | 77.2% | 13.7% |
| 34244 | 415 | 0.356 | 3.957 | 0.610 | 4.952 | 79.9% | 12.3% |
| 34253 | 399 | 0.407 | 3.335 | 0.659 | 4.426 | 75.3% | 14.9% |
| 34266 | 385 | 0.450 | 3.048 | 0.636 | 4.159 | 73.3% | 15.3% |
| 34275 | 368 | 0.387 | 3.182 | 0.462 | 4.056 | 78.5% | 11.4% |
| 34284 | 364 | 0.329 | 2.997 | 0.526 | 3.879 | 77.3% | 13.5% |
| 34297 | 342 | 0.301 | 2.928 | 0.487 | 3.741 | 78.3% | 13.0% |
| 34308 | 331 | 0.293 | 2.655 | 0.432 | 3.404 | 78.0% | 12.7% |
| 34315 | 324 | 0.311 | 3.091 | 0.480 | 3.906 | 79.1% | 12.3% |
| 34326 | 315 | 0.252 | 3.660 | 0.477 | 4.413 | 82.9% | 10.8% |
| 34337 | 312 | 0.273 | 2.759 | 0.461 | 3.517 | 78.5% | 13.1% |
| 34348 | 323 | 0.274 | 3.058 | 0.459 | 3.815 | 80.2% | 12.0% |
| 34359 | 321 | 0.291 | 2.871 | 0.435 | 3.621 | 79.3% | 12.0% |
| 34367 | 310 | 0.271 | 2.636 | 0.436 | 3.366 | 78.3% | 13.0% |
| 34378 | 300 | 0.329 | 3.004 | 0.423 | 3.776 | 79.6% | 11.2% |
| 34390 | 314 | 0.299 | 3.436 | 0.533 | 4.285 | 80.2% | 12.4% |
| 34401 | 320 | 0.285 | 2.550 | 0.448 | 3.307 | 77.1% | 13.6% |
| 34408 | 334 | 0.303 | 2.838 | 0.474 | 3.638 | 78.0% | 13.0% |
| 34422 | 341 | 0.274 | 2.932 | 0.458 | 3.688 | 79.5% | 12.4% |
| 34431 | 349 | 0.295 | 2.720 | 0.485 | 3.525 | 77.2% | 13.8% |
| 34441 | 363 | 0.368 | 3.832 | 0.539 | 4.764 | 80.4% | 11.3% |
| 34451 | 368 | 0.369 | 3.596 | 0.532 | 4.522 | 79.5% | 11.8% |
| 34461 | 375 | 0.396 | 4.040 | 0.520 | 4.977 | 81.2% | 10.5% |
| 34470 | 364 | 0.331 | 3.062 | 0.525 | 3.944 | 77.6% | 13.3% |
| 34483 | 365 | 0.340 | 3.945 | 0.513 | 4.824 | 81.8% | 10.6% |
| 34493 | 374 | 0.354 | 3.712 | 0.643 | 4.735 | 78.4% | 13.6% |
| 34503 | 371 | 0.313 | 4.384 | 0.508 | 5.229 | 83.8% | 9.7% |
| 34513 | 353 | 0.307 | 3.165 | 0.489 | 3.986 | 79.4% | 12.3% |
| 34523 | 355 | 0.310 | 2.939 | 0.520 | 3.792 | 77.5% | 13.7% |
| 34532 | 351 | 0.364 | 3.004 | 0.501 | 3.894 | 77.1% | 12.9% |
| 34543 | 339 | 0.309 | 2.603 | 0.482 | 3.419 | 76.1% | 14.1% |
| 34553 | 324 | 0.318 | 2.872 | 0.511 | 3.721 | 77.2% | 13.7% |
| 34564 | 317 | 0.298 | 3.824 | 0.364 | 4.505 | 84.9% | 8.1% |
| 34575 | 311 | 0.266 | 2.567 | 0.428 | 3.283 | 78.2% | 13.0% |
| 34586 | 310 | 0.275 | 2.580 | 0.438 | 3.315 | 77.8% | 13.2% |
| 34597 | 305 | 0.253 | 2.473 | 0.355 | 3.102 | 79.7% | 11.4% |
| 34605 | 316 | 0.309 | 3.135 | 0.373 | 3.839 | 81.7% | 9.7% |
| 34617 | 317 | 0.281 | 2.723 | 0.556 | 3.582 | 76.0% | 15.5% |
| 34628 | 310 | 0.347 | 3.189 | 0.443 | 3.999 | 79.7% | 11.1% |
| 34636 | 317 | 0.256 | 3.481 | 0.413 | 4.170 | 83.5% | 9.9% |
| 34647 | 311 | 0.246 | 2.697 | 0.430 | 3.393 | 79.5% | 12.7% |
| 34655 | 313 | 0.298 | 3.785 | 0.416 | 4.518 | 83.8% | 9.2% |
| 34667 | 312 | 0.328 | 2.843 | 0.407 | 3.597 | 79.1% | 11.3% |
| 34679 | 344 | 0.327 | 2.532 | 0.465 | 3.344 | 75.7% | 13.9% |
| 34690 | 344 | 0.288 | 3.747 | 0.414 | 4.470 | 83.8% | 9.3% |
| 34700 | 350 | 0.357 | 3.273 | 0.407 | 4.061 | 80.6% | 10.0% |
| 34711 | 353 | 0.364 | 2.855 | 0.443 | 3.686 | 77.5% | 12.0% |
| 34721 | 347 | 0.294 | 3.006 | 0.456 | 3.776 | 79.6% | 12.1% |
| 34731 | 348 | 0.365 | 4.087 | 0.723 | 5.200 | 78.6% | 13.9% |
| 34741 | 368 | 0.295 | 3.020 | 0.517 | 3.858 | 78.3% | 13.4% |
| 34751 | 366 | 0.321 | 3.660 | 0.623 | 4.629 | 79.1% | 13.5% |
| 34760 | 375 | 0.336 | 2.812 | 0.485 | 3.658 | 76.9% | 13.3% |
| 34770 | 363 | 0.321 | 3.030 | 0.510 | 3.882 | 78.0% | 13.1% |
| 34783 | 368 | 0.332 | 4.181 | 0.524 | 5.062 | 82.6% | 10.4% |
| 34793 | 367 | 0.356 | 4.226 | 0.514 | 5.120 | 82.5% | 10.0% |
| 34803 | 361 | 0.306 | 3.014 | 0.501 | 3.845 | 78.4% | 13.0% |
| 34813 | 359 | 0.444 | 2.882 | 0.485 | 3.833 | 75.2% | 12.6% |
| 34822 | 363 | 0.313 | 3.665 | 0.510 | 4.513 | 81.2% | 11.3% |
| 34832 | 359 | 0.303 | 3.096 | 0.519 | 3.943 | 78.5% | 13.2% |
| 34845 | 349 | 0.292 | 3.148 | 0.505 | 3.968 | 79.3% | 12.7% |
| 34852 | 326 | 0.288 | 2.771 | 0.451 | 3.533 | 78.4% | 12.8% |
| 34863 | 331 | 0.274 | 2.893 | 0.470 | 3.658 | 79.1% | 12.8% |
| 34874 | 324 | 0.273 | 2.866 | 0.449 | 3.609 | 79.4% | 12.4% |
| 34884 | 322 | 0.308 | 2.804 | 0.446 | 3.581 | 78.3% | 12.5% |
| 34895 | 353 | 0.346 | 3.147 | 0.484 | 4.000 | 78.7% | 12.1% |
| 34905 | 362 | 0.353 | 2.830 | 0.650 | 3.858 | 73.3% | 16.8% |
| 34915 | 372 | 0.425 | 4.137 | 0.439 | 5.025 | 82.3% | 8.7% |
| 34928 | 354 | 0.311 | 3.268 | 0.499 | 4.103 | 79.7% | 12.2% |
| 34937 | 368 | 0.305 | 3.064 | 0.499 | 3.895 | 78.7% | 12.8% |
| 34947 | 363 | 0.313 | 2.627 | 0.501 | 3.466 | 75.8% | 14.4% |
| 34956 | 366 | 0.310 | 3.015 | 0.510 | 3.859 | 78.1% | 13.2% |
| 34967 | 349 | 0.331 | 2.742 | 0.502 | 3.599 | 76.2% | 14.0% |
| 34977 | 354 | 0.298 | 4.115 | 0.503 | 4.937 | 83.4% | 10.2% |
| 34990 | 343 | 0.329 | 2.762 | 0.501 | 3.615 | 76.4% | 13.9% |
| 35000 | 338 | 0.295 | 3.720 | 0.550 | 4.587 | 81.1% | 12.0% |
| 35007 | 317 | 0.278 | 2.606 | 0.442 | 3.349 | 77.8% | 13.2% |
| 35019 | 306 | 0.256 | 2.955 | 0.424 | 3.659 | 80.7% | 11.6% |
| 35031 | 281 | 0.220 | 2.158 | 0.413 | 2.809 | 76.8% | 14.7% |
| 35040 | 277 | 0.284 | 2.575 | 0.304 | 3.182 | 80.9% | 9.6% |
| 35049 | 273 | 0.243 | 1.622 | 0.330 | 2.213 | 73.3% | 14.9% |
| 35060 | 269 | 0.232 | 1.853 | 0.306 | 2.411 | 76.9% | 12.7% |
| 35070 | 271 | 0.308 | 2.168 | 0.369 | 2.859 | 75.8% | 12.9% |
| 35080 | 263 | 0.230 | 2.055 | 0.366 | 2.668 | 77.0% | 13.7% |
| 35090 | 268 | 0.233 | 1.723 | 0.273 | 2.249 | 76.6% | 12.1% |
| 35100 | 277 | 0.244 | 2.006 | 0.392 | 2.661 | 75.4% | 14.7% |
| 35110 | 272 | 0.220 | 1.735 | 0.337 | 2.308 | 75.2% | 14.6% |
| 35120 | 277 | 0.273 | 1.837 | 0.322 | 2.451 | 74.9% | 13.1% |
| 35130 | 275 | 0.254 | 1.732 | 0.351 | 2.356 | 73.5% | 14.9% |
| 35145 | 279 | 0.300 | 1.962 | 0.380 | 2.659 | 73.8% | 14.3% |
| 35155 | 284 | 0.271 | 1.684 | 0.302 | 2.278 | 73.9% | 13.3% |
| 35165 | 299 | 0.324 | 2.086 | 0.327 | 2.757 | 75.7% | 11.8% |
| 35175 | 285 | 0.305 | 1.867 | 0.412 | 2.603 | 71.7% | 15.8% |
| 35185 | 304 | 0.257 | 1.650 | 0.400 | 2.327 | 70.9% | 17.2% |
| 35195 | 316 | 0.276 | 1.877 | 0.368 | 2.543 | 73.8% | 14.5% |
| 35205 | 323 | 0.270 | 1.813 | 0.362 | 2.466 | 73.5% | 14.7% |
| 35213 | 339 | 0.292 | 2.039 | 0.482 | 2.842 | 71.8% | 17.0% |
| 35227 | 345 | 0.294 | 1.803 | 0.480 | 2.601 | 69.3% | 18.5% |
| 35235 | 357 | 0.360 | 2.821 | 0.535 | 3.739 | 75.5% | 14.3% |
| 35248 | 374 | 0.321 | 2.638 | 0.693 | 3.675 | 71.8% | 18.8% |
| 35256 | 392 | 0.387 | 2.541 | 0.585 | 3.537 | 71.8% | 16.5% |
| 35267 | 410 | 0.342 | 2.986 | 0.630 | 3.985 | 74.9% | 15.8% |
| 35278 | 433 | 0.414 | 3.274 | 0.642 | 4.353 | 75.2% | 14.7% |
| 35288 | 426 | 0.392 | 3.938 | 0.521 | 4.883 | 80.6% | 10.7% |
| 35299 | 432 | 0.359 | 3.626 | 0.660 | 4.675 | 77.6% | 14.1% |
| 35309 | 441 | 0.378 | 3.450 | 0.728 | 4.585 | 75.2% | 15.9% |
| 35320 | 443 | 0.368 | 3.478 | 0.655 | 4.531 | 76.8% | 14.5% |
| 35330 | 439 | 0.435 | 4.945 | 0.765 | 6.182 | 80.0% | 12.4% |
| 35341 | 423 | 0.420 | 4.024 | 0.541 | 5.018 | 80.2% | 10.8% |
| 35349 | 409 | 0.361 | 3.373 | 0.556 | 4.320 | 78.1% | 12.9% |
| 35361 | 396 | 0.319 | 3.999 | 0.569 | 4.911 | 81.4% | 11.6% |
| 35370 | 408 | 0.364 | 3.953 | 0.594 | 4.938 | 80.0% | 12.0% |
| 35383 | 385 | 0.359 | 3.181 | 0.536 | 4.102 | 77.6% | 13.1% |
| 35392 | 355 | 0.300 | 3.400 | 0.523 | 4.247 | 80.1% | 12.3% |
| 35402 | 345 | 0.296 | 2.437 | 0.586 | 3.339 | 73.0% | 17.5% |
| 35412 | 354 | 0.366 | 3.003 | 0.510 | 3.899 | 77.0% | 13.1% |
| 35422 | 358 | 0.338 | 2.951 | 0.595 | 3.908 | 75.5% | 15.2% |
| 35431 | 350 | 0.306 | 2.845 | 0.478 | 3.652 | 77.9% | 13.1% |
| 35445 | 345 | 0.324 | 2.945 | 0.404 | 3.694 | 79.7% | 10.9% |
| 35455 | 336 | 0.299 | 3.052 | 0.468 | 3.842 | 79.4% | 12.2% |
| 35465 | 328 | 0.359 | 3.188 | 0.468 | 4.050 | 78.7% | 11.6% |
| 35472 | 326 | 0.297 | 2.913 | 0.446 | 3.679 | 79.2% | 12.1% |
| 35483 | 323 | 0.291 | 3.385 | 0.439 | 4.137 | 81.8% | 10.6% |
| 35494 | 336 | 0.321 | 3.633 | 0.401 | 4.378 | 83.0% | 9.2% |
| 35505 | 356 | 0.308 | 3.053 | 0.683 | 4.069 | 75.0% | 16.8% |
| 35515 | 353 | 0.324 | 3.004 | 0.410 | 3.763 | 79.8% | 10.9% |
| 35524 | 386 | 0.342 | 3.421 | 0.654 | 4.440 | 77.0% | 14.7% |
| 35537 | 398 | 0.361 | 3.042 | 0.604 | 4.034 | 75.4% | 15.0% |
| 35546 | 404 | 0.347 | 3.462 | 0.675 | 4.511 | 76.8% | 15.0% |
| 35558 | 419 | 0.393 | 4.968 | 0.600 | 5.985 | 83.0% | 10.0% |
| 35566 | 412 | 0.351 | 3.203 | 0.700 | 4.279 | 74.8% | 16.3% |
| 35578 | 402 | 0.328 | 3.365 | 0.583 | 4.305 | 78.2% | 13.5% |
| 35587 | 397 | 0.324 | 4.194 | 0.590 | 5.135 | 81.7% | 11.5% |
| 35599 | 378 | 0.396 | 3.259 | 0.529 | 4.209 | 77.4% | 12.6% |
| 35608 | 396 | 0.326 | 4.847 | 0.569 | 5.769 | 84.0% | 9.9% |
| 35618 | 374 | 0.345 | 3.256 | 0.489 | 4.115 | 79.1% | 11.9% |
| 35631 | 370 | 0.317 | 2.642 | 0.419 | 3.405 | 77.6% | 12.3% |
| 35640 | 348 | 0.314 | 4.185 | 0.402 | 4.925 | 85.0% | 8.2% |
| 35650 | 343 | 0.297 | 3.079 | 0.468 | 3.869 | 79.6% | 12.1% |
| 35660 | 334 | 0.327 | 3.288 | 0.474 | 4.112 | 80.0% | 11.5% |
| 35671 | 318 | 0.269 | 2.503 | 0.423 | 3.217 | 77.8% | 13.1% |
| 35679 | 314 | 0.324 | 2.846 | 0.440 | 3.647 | 78.0% | 12.1% |
| 35690 | 308 | 0.251 | 3.185 | 0.430 | 3.888 | 81.9% | 11.0% |
| 35702 | 319 | 0.284 | 2.675 | 0.432 | 3.413 | 78.4% | 12.7% |
| 35710 | 301 | 0.249 | 2.542 | 0.415 | 3.228 | 78.8% | 12.9% |
| 35721 | 285 | 0.254 | 2.549 | 0.379 | 3.203 | 79.6% | 11.8% |
| 35730 | 290 | 0.265 | 2.912 | 0.328 | 3.523 | 82.7% | 9.3% |
| 35740 | 285 | 0.230 | 1.671 | 0.321 | 2.243 | 74.5% | 14.3% |
| 35750 | 286 | 0.250 | 1.728 | 0.296 | 2.295 | 75.3% | 12.9% |
| 35765 | 312 | 0.249 | 2.008 | 0.598 | 2.874 | 69.9% | 20.8% |
| 35775 | 312 | 0.417 | 1.932 | 0.416 | 2.783 | 69.4% | 14.9% |
| 35784 | 309 | 0.249 | 1.696 | 0.329 | 2.294 | 73.9% | 14.3% |
| 35794 | 318 | 0.295 | 1.841 | 0.409 | 2.568 | 71.7% | 15.9% |
| 35804 | 333 | 0.288 | 1.594 | 0.442 | 2.347 | 67.9% | 18.8% |
| 35814 | 360 | 0.318 | 1.716 | 0.493 | 2.551 | 67.3% | 19.3% |
| 35827 | 396 | 0.376 | 4.311 | 0.572 | 5.284 | 81.6% | 10.8% |
| 35837 | 409 | 0.391 | 2.627 | 0.574 | 3.615 | 72.7% | 15.9% |
| 35846 | 415 | 0.427 | 4.188 | 0.504 | 5.145 | 81.4% | 9.8% |
| 35855 | 416 | 0.425 | 3.107 | 0.606 | 4.166 | 74.6% | 14.5% |
| 35867 | 414 | 0.377 | 4.105 | 0.603 | 5.111 | 80.3% | 11.8% |
| 35876 | 399 | 0.344 | 3.150 | 0.517 | 4.039 | 78.0% | 12.8% |
| 35888 | 392 | 0.380 | 3.696 | 0.644 | 4.742 | 77.9% | 13.6% |
| 35898 | 370 | 0.320 | 3.127 | 0.504 | 3.976 | 78.6% | 12.7% |
| 35907 | 357 | 0.394 | 3.510 | 0.507 | 4.431 | 79.2% | 11.4% |
| 35917 | 384 | 0.333 | 2.678 | 0.518 | 3.556 | 75.3% | 14.6% |
| 35930 | 385 | 0.309 | 3.099 | 0.547 | 3.984 | 77.8% | 13.7% |
| 35939 | 386 | 0.358 | 5.316 | 0.562 | 6.262 | 84.9% | 9.0% |
| 35949 | 402 | 0.389 | 3.814 | 0.758 | 4.990 | 76.4% | 15.2% |
| 35960 | 410 | 0.346 | 3.029 | 0.637 | 4.042 | 74.9% | 15.8% |
| 35969 | 416 | 0.410 | 3.492 | 0.650 | 4.577 | 76.3% | 14.2% |
| 35981 | 394 | 0.418 | 4.623 | 0.597 | 5.662 | 81.6% | 10.5% |
| 35990 | 389 | 0.380 | 4.545 | 0.664 | 5.616 | 80.9% | 11.8% |
| 36002 | 390 | 0.359 | 3.821 | 0.714 | 4.919 | 77.7% | 14.5% |
| 36010 | 396 | 0.361 | 3.632 | 0.575 | 4.593 | 79.1% | 12.5% |
| 36022 | 399 | 0.345 | 3.168 | 0.556 | 4.097 | 77.3% | 13.6% |
| 36031 | 398 | 0.390 | 4.082 | 0.577 | 5.075 | 80.4% | 11.4% |
| 36043 | 405 | 0.390 | 3.291 | 0.595 | 4.304 | 76.5% | 13.8% |
| 36053 | 395 | 0.370 | 4.443 | 0.562 | 5.403 | 82.2% | 10.4% |
| 36064 | 392 | 0.349 | 3.707 | 0.562 | 4.647 | 79.8% | 12.1% |
| 36074 | 386 | 0.329 | 3.023 | 0.531 | 3.911 | 77.3% | 13.6% |
| 36083 | 386 | 0.354 | 2.902 | 0.444 | 3.726 | 77.9% | 11.9% |
| 36096 | 391 | 0.347 | 4.370 | 0.550 | 5.295 | 82.5% | 10.4% |
| 36105 | 392 | 0.471 | 3.182 | 0.710 | 4.385 | 72.6% | 16.2% |
| 36114 | 398 | 0.361 | 3.216 | 0.520 | 4.123 | 78.0% | 12.6% |
| 36126 | 396 | 0.329 | 3.988 | 0.578 | 4.923 | 81.0% | 11.7% |
| 36135 | 396 | 0.337 | 3.863 | 0.626 | 4.853 | 79.6% | 12.9% |
| 36145 | 368 | 0.306 | 3.181 | 0.520 | 4.032 | 78.9% | 12.9% |
| 36157 | 373 | 0.326 | 3.114 | 0.540 | 4.004 | 77.8% | 13.5% |
| 36167 | 362 | 0.462 | 2.978 | 0.490 | 3.948 | 75.4% | 12.4% |
| 36177 | 345 | 0.359 | 3.178 | 0.608 | 4.169 | 76.2% | 14.6% |
| 36187 | 347 | 0.282 | 3.015 | 0.451 | 3.773 | 79.9% | 12.0% |
| 36197 | 324 | 0.290 | 2.668 | 0.422 | 3.403 | 78.4% | 12.4% |
| 36208 | 316 | 0.307 | 2.773 | 0.422 | 3.522 | 78.7% | 12.0% |
| 36219 | 296 | 0.244 | 2.844 | 0.398 | 3.508 | 81.1% | 11.3% |
| 36226 | 275 | 0.257 | 2.700 | 0.390 | 3.369 | 80.1% | 11.6% |
| 36238 | 262 | 0.229 | 2.619 | 0.317 | 3.185 | 82.2% | 9.9% |
| 36248 | 253 | 0.254 | 2.338 | 0.273 | 2.881 | 81.2% | 9.5% |
| 36258 | 237 | 0.256 | 1.762 | 0.306 | 2.342 | 75.2% | 13.1% |
| 36268 | 237 | 0.196 | 1.716 | 0.268 | 2.195 | 78.2% | 12.2% |
| 36279 | 241 | 0.212 | 1.692 | 0.265 | 2.188 | 77.4% | 12.1% |
| 36289 | 234 | 0.207 | 1.704 | 0.348 | 2.277 | 74.8% | 15.3% |
| 36299 | 222 | 0.203 | 1.691 | 0.252 | 2.162 | 78.2% | 11.6% |
| 36309 | 223 | 0.247 | 2.479 | 0.324 | 3.066 | 80.8% | 10.6% |
| 36319 | 214 | 0.203 | 1.735 | 0.343 | 2.299 | 75.5% | 14.9% |
| 36330 | 220 | 0.208 | 1.654 | 0.262 | 2.141 | 77.3% | 12.2% |
| 36340 | 236 | 0.246 | 2.484 | 0.306 | 3.055 | 81.3% | 10.0% |
| 36350 | 222 | 0.211 | 1.736 | 0.231 | 2.192 | 79.2% | 10.5% |
| 36360 | 231 | 0.201 | 1.627 | 0.270 | 2.113 | 77.0% | 12.8% |
| 36370 | 241 | 0.216 | 1.715 | 0.639 | 2.588 | 66.3% | 24.7% |
| 36380 | 250 | 0.212 | 1.974 | 0.266 | 2.469 | 80.0% | 10.8% |
| 36391 | 262 | 0.221 | 2.176 | 0.359 | 2.774 | 78.4% | 12.9% |
| 36401 | 270 | 0.253 | 1.715 | 0.337 | 2.324 | 73.8% | 14.5% |
| 36411 | 291 | 0.244 | 1.653 | 0.307 | 2.221 | 74.4% | 13.8% |
| 36426 | 292 | 0.308 | 1.923 | 0.375 | 2.626 | 73.2% | 14.3% |
| 36436 | 289 | 0.335 | 2.574 | 0.403 | 3.331 | 77.3% | 12.1% |
| 36446 | 289 | 0.272 | 2.018 | 0.308 | 2.618 | 77.1% | 11.8% |
| 36456 | 301 | 0.257 | 1.790 | 0.312 | 2.381 | 75.2% | 13.1% |
| 36466 | 326 | 0.341 | 1.732 | 0.422 | 2.517 | 68.8% | 16.8% |
| 36476 | 337 | 0.295 | 1.969 | 0.415 | 2.701 | 72.9% | 15.4% |
| 36486 | 355 | 0.301 | 1.762 | 0.394 | 2.481 | 71.0% | 15.9% |
| 36495 | 360 | 0.303 | 2.795 | 0.483 | 3.605 | 77.5% | 13.4% |
| 36507 | 390 | 0.327 | 2.037 | 0.534 | 2.923 | 69.7% | 18.3% |
| 36519 | 407 | 0.349 | 3.001 | 0.594 | 3.971 | 75.6% | 14.9% |
| 36528 | 400 | 0.380 | 3.175 | 0.597 | 4.179 | 76.0% | 14.3% |
| 36537 | 408 | 0.407 | 2.972 | 0.603 | 4.007 | 74.2% | 15.0% |
| 36549 | 401 | 0.319 | 3.412 | 0.581 | 4.338 | 78.7% | 13.4% |
| 36560 | 399 | 0.423 | 3.315 | 0.648 | 4.413 | 75.1% | 14.7% |
| 36569 | 400 | 0.328 | 2.862 | 0.569 | 3.789 | 75.5% | 15.0% |
| 36579 | 377 | 0.367 | 4.539 | 0.562 | 5.492 | 82.6% | 10.2% |
| 36591 | 371 | 0.354 | 3.683 | 0.692 | 4.755 | 77.5% | 14.6% |
| 36601 | 373 | 0.333 | 3.339 | 0.530 | 4.229 | 79.0% | 12.5% |
| 36610 | 381 | 0.399 | 4.349 | 0.488 | 5.264 | 82.6% | 9.3% |
| 36623 | 376 | 0.348 | 2.917 | 0.569 | 3.861 | 75.6% | 14.7% |
| 36632 | 377 | 0.373 | 3.270 | 0.498 | 4.167 | 78.5% | 12.0% |
| 36641 | 384 | 0.476 | 3.175 | 0.544 | 4.222 | 75.2% | 12.9% |
| 36651 | 366 | 0.361 | 3.169 | 0.611 | 4.166 | 76.1% | 14.7% |
| 36664 | 381 | 0.338 | 3.937 | 0.567 | 4.869 | 80.9% | 11.7% |
| 36674 | 389 | 0.338 | 3.183 | 0.540 | 4.088 | 77.9% | 13.2% |
| 36683 | 379 | 0.346 | 4.148 | 0.639 | 5.159 | 80.4% | 12.4% |
| 36693 | 358 | 0.314 | 3.414 | 0.507 | 4.259 | 80.1% | 11.9% |
| 36703 | 360 | 0.357 | 3.521 | 0.521 | 4.422 | 79.6% | 11.8% |
| 36715 | 357 | 0.324 | 2.876 | 0.505 | 3.730 | 77.1% | 13.5% |
| 36726 | 319 | 0.296 | 2.936 | 0.425 | 3.680 | 79.8% | 11.5% |
| 36733 | 311 | 0.250 | 3.197 | 0.435 | 3.904 | 81.9% | 11.1% |
| 36745 | 299 | 0.262 | 2.520 | 0.487 | 3.292 | 76.5% | 14.8% |
| 36756 | 293 | 0.304 | 3.098 | 0.363 | 3.783 | 81.9% | 9.6% |
| 36764 | 291 | 0.251 | 2.371 | 0.378 | 3.020 | 78.5% | 12.5% |
| 36776 | 281 | 0.241 | 1.812 | 0.357 | 2.431 | 74.5% | 14.7% |
| 36786 | 283 | 0.235 | 1.515 | 0.323 | 2.094 | 72.4% | 15.4% |
| 36796 | 291 | 0.279 | 1.713 | 0.330 | 2.342 | 73.2% | 14.1% |
| 36806 | 285 | 0.335 | 2.831 | 0.311 | 3.498 | 80.9% | 8.9% |
| 36816 | 285 | 0.267 | 2.531 | 0.361 | 3.180 | 79.6% | 11.4% |
| 36826 | 273 | 0.215 | 2.500 | 0.373 | 3.107 | 80.5% | 12.0% |
| 36836 | 279 | 0.255 | 1.781 | 0.448 | 2.505 | 71.1% | 17.9% |
| 36846 | 304 | 0.263 | 1.745 | 0.508 | 2.537 | 68.8% | 20.0% |
| 36856 | 320 | 0.284 | 2.124 | 0.406 | 2.837 | 74.9% | 14.3% |
| 36870 | 337 | 0.301 | 1.902 | 0.517 | 2.743 | 69.3% | 18.8% |
| 36879 | 338 | 0.340 | 1.933 | 0.454 | 2.748 | 70.4% | 16.5% |
| 36888 | 342 | 0.304 | 1.994 | 0.527 | 2.849 | 70.0% | 18.5% |
| 36901 | 349 | 0.319 | 1.918 | 0.669 | 2.934 | 65.4% | 22.8% |
| 36910 | 371 | 0.303 | 1.889 | 0.421 | 2.638 | 71.6% | 16.0% |
| 36919 | 371 | 0.335 | 1.918 | 0.518 | 2.796 | 68.6% | 18.5% |
| 36931 | 398 | 0.300 | 2.671 | 0.620 | 3.614 | 73.9% | 17.1% |
| 36941 | 397 | 0.326 | 4.113 | 0.594 | 5.061 | 81.3% | 11.7% |
| 36953 | 409 | 0.357 | 3.402 | 0.583 | 4.367 | 77.9% | 13.4% |
| 36962 | 423 | 0.429 | 3.507 | 0.646 | 4.614 | 76.0% | 14.0% |
| 36974 | 415 | 0.373 | 2.832 | 0.610 | 3.844 | 73.7% | 15.9% |
| 36982 | 415 | 0.342 | 3.613 | 0.706 | 4.691 | 77.0% | 15.0% |
| 36994 | 411 | 0.379 | 4.025 | 0.553 | 4.982 | 80.8% | 11.1% |
| 37005 | 411 | 0.378 | 3.600 | 0.612 | 4.617 | 78.0% | 13.2% |
| 37013 | 413 | 0.412 | 5.422 | 0.615 | 6.484 | 83.6% | 9.5% |
| 37024 | 402 | 0.389 | 3.617 | 0.661 | 4.696 | 77.0% | 14.1% |
| 37035 | 403 | 0.349 | 3.189 | 0.605 | 4.172 | 76.4% | 14.5% |
| 37044 | 391 | 0.408 | 3.594 | 0.589 | 4.615 | 77.9% | 12.8% |
| 37056 | 379 | 0.352 | 3.298 | 0.568 | 4.246 | 77.7% | 13.4% |
| 37066 | 366 | 0.407 | 3.988 | 0.645 | 5.075 | 78.6% | 12.7% |
| 37075 | 339 | 0.303 | 3.955 | 0.418 | 4.700 | 84.1% | 8.9% |
| 37085 | 338 | 0.336 | 4.420 | 0.470 | 5.252 | 84.2% | 8.9% |
| 37095 | 313 | 0.274 | 3.299 | 0.437 | 4.034 | 81.8% | 10.8% |
| 37106 | 326 | 0.287 | 2.755 | 0.439 | 3.506 | 78.6% | 12.5% |
| 37117 | 319 | 0.273 | 3.031 | 0.477 | 3.801 | 79.7% | 12.5% |
| 37128 | 320 | 0.275 | 3.168 | 0.455 | 3.921 | 80.8% | 11.6% |
| 37136 | 309 | 0.293 | 3.785 | 0.341 | 4.443 | 85.2% | 7.7% |
| 37147 | 314 | 0.289 | 2.586 | 0.403 | 3.299 | 78.4% | 12.2% |
| 37159 | 297 | 0.287 | 2.925 | 0.406 | 3.637 | 80.4% | 11.2% |
| 37167 | 283 | 0.260 | 2.465 | 0.399 | 3.142 | 78.5% | 12.7% |
| 37179 | 290 | 0.282 | 2.945 | 0.326 | 3.570 | 82.5% | 9.1% |
| 37189 | 306 | 0.288 | 1.976 | 0.411 | 2.698 | 73.3% | 15.3% |
| 37198 | 326 | 0.252 | 1.735 | 0.366 | 2.376 | 73.0% | 15.4% |
| 37208 | 333 | 0.342 | 2.865 | 0.385 | 3.615 | 79.3% | 10.6% |
| 37222 | 329 | 0.308 | 1.902 | 0.472 | 2.705 | 70.3% | 17.4% |
| 37231 | 347 | 0.273 | 2.038 | 0.398 | 2.730 | 74.7% | 14.6% |
| 37240 | 343 | 0.286 | 2.132 | 0.478 | 2.919 | 73.0% | 16.4% |
| 37253 | 349 | 0.324 | 3.305 | 0.520 | 4.172 | 79.2% | 12.5% |
| 37261 | 352 | 0.337 | 2.933 | 0.516 | 3.809 | 77.0% | 13.6% |
| 37273 | 346 | 0.292 | 2.539 | 0.533 | 3.391 | 74.9% | 15.7% |
| 37284 | 336 | 0.303 | 4.005 | 0.516 | 4.848 | 82.6% | 10.6% |
| 37291 | 317 | 0.293 | 2.933 | 0.430 | 3.678 | 79.7% | 11.7% |
| 37302 | 318 | 0.258 | 2.920 | 0.459 | 3.657 | 79.8% | 12.5% |
| 37313 | 319 | 0.285 | 3.290 | 0.419 | 4.017 | 81.9% | 10.4% |
| 37324 | 318 | 0.274 | 3.298 | 0.544 | 4.136 | 79.7% | 13.2% |
| 37335 | 299 | 0.267 | 2.706 | 0.396 | 3.390 | 79.8% | 11.7% |
| 37342 | 280 | 0.269 | 2.381 | 0.372 | 3.043 | 78.3% | 12.2% |
| 37355 | 268 | 0.235 | 1.934 | 0.356 | 2.546 | 76.0% | 14.0% |
| 37364 | 276 | 0.236 | 2.040 | 0.369 | 2.665 | 76.5% | 13.8% |
| 37374 | 287 | 0.227 | 2.010 | 0.374 | 2.631 | 76.4% | 14.2% |
| 37384 | 289 | 0.263 | 1.806 | 0.455 | 2.546 | 70.9% | 17.9% |
| 37394 | 304 | 0.259 | 1.667 | 0.381 | 2.325 | 71.7% | 16.4% |
| 37404 | 298 | 0.322 | 1.851 | 0.390 | 2.584 | 71.6% | 15.1% |
| 37414 | 318 | 0.278 | 2.242 | 0.485 | 3.028 | 74.1% | 16.0% |
| 37428 | 323 | 0.270 | 1.886 | 0.527 | 2.707 | 69.7% | 19.5% |
| 37437 | 346 | 0.297 | 2.033 | 0.469 | 2.823 | 72.0% | 16.6% |
| 37449 | 334 | 0.295 | 1.940 | 0.448 | 2.708 | 71.6% | 16.6% |
| 37458 | 360 | 0.295 | 1.882 | 0.478 | 2.678 | 70.3% | 17.8% |
| 37467 | 373 | 0.307 | 1.992 | 0.513 | 2.838 | 70.2% | 18.1% |
| 37479 | 398 | 0.342 | 2.619 | 0.550 | 3.538 | 74.0% | 15.5% |
| 37489 | 394 | 0.381 | 3.505 | 0.593 | 4.506 | 77.8% | 13.2% |
| 37498 | 392 | 0.386 | 3.878 | 0.580 | 4.875 | 79.5% | 11.9% |
| 37511 | 394 | 0.322 | 2.935 | 0.635 | 3.917 | 74.9% | 16.2% |
| 37520 | 389 | 0.327 | 4.030 | 0.445 | 4.826 | 83.5% | 9.2% |
| 37529 | 396 | 0.333 | 3.156 | 0.557 | 4.075 | 77.5% | 13.7% |
| 37542 | 377 | 0.319 | 3.282 | 0.502 | 4.129 | 79.5% | 12.2% |
| 37552 | 358 | 0.366 | 3.241 | 0.512 | 4.146 | 78.2% | 12.4% |
| 37562 | 340 | 0.335 | 3.524 | 0.499 | 4.381 | 80.4% | 11.4% |
| 37572 | 328 | 0.266 | 2.674 | 0.428 | 3.394 | 78.8% | 12.6% |
| 37583 | 324 | 0.267 | 2.913 | 0.424 | 3.627 | 80.3% | 11.7% |
| 37594 | 323 | 0.268 | 3.265 | 0.455 | 4.013 | 81.4% | 11.3% |
| 37601 | 335 | 0.302 | 3.014 | 0.453 | 3.792 | 79.5% | 11.9% |
| 37611 | 355 | 0.289 | 3.751 | 0.506 | 4.569 | 82.1% | 11.1% |
| 37625 | 335 | 0.278 | 2.668 | 0.423 | 3.393 | 78.6% | 12.5% |
| 37635 | 334 | 0.287 | 2.968 | 0.438 | 3.718 | 79.8% | 11.8% |
| 37642 | 317 | 0.282 | 3.879 | 0.430 | 4.614 | 84.1% | 9.3% |
| 37654 | 300 | 0.278 | 3.534 | 0.516 | 4.348 | 81.3% | 11.9% |
| 37666 | 310 | 0.273 | 2.601 | 0.422 | 3.319 | 78.4% | 12.7% |
| 37674 | 314 | 0.257 | 2.476 | 0.482 | 3.236 | 76.5% | 14.9% |
| 37685 | 324 | 0.321 | 2.654 | 0.440 | 3.434 | 77.3% | 12.8% |
| 37697 | 330 | 0.253 | 3.528 | 0.484 | 4.285 | 82.3% | 11.3% |
| 37707 | 356 | 0.303 | 2.982 | 0.668 | 3.978 | 75.0% | 16.8% |
| 37717 | 374 | 0.366 | 3.147 | 0.580 | 4.118 | 76.4% | 14.1% |
| 37726 | 385 | 0.419 | 3.087 | 0.613 | 4.144 | 74.5% | 14.8% |
| 37739 | 401 | 0.389 | 3.538 | 0.558 | 4.511 | 78.4% | 12.4% |
| 37748 | 402 | 0.378 | 3.918 | 0.657 | 4.981 | 78.7% | 13.2% |
| 37757 | 384 | 0.319 | 3.232 | 0.627 | 4.203 | 76.9% | 14.9% |
| 37767 | 408 | 0.381 | 3.252 | 0.749 | 4.411 | 73.7% | 17.0% |
| 37779 | 401 | 0.361 | 3.227 | 0.613 | 4.230 | 76.3% | 14.5% |
| 37788 | 393 | 0.334 | 3.323 | 0.559 | 4.245 | 78.3% | 13.2% |
| 37800 | 388 | 0.330 | 2.933 | 0.591 | 3.883 | 75.5% | 15.2% |
| 37809 | 381 | 0.371 | 4.364 | 0.597 | 5.361 | 81.4% | 11.1% |
| 37819 | 369 | 0.350 | 4.619 | 0.583 | 5.580 | 82.8% | 10.4% |
| 37831 | 379 | 0.325 | 3.069 | 0.577 | 3.998 | 76.8% | 14.4% |
| 37841 | 375 | 0.314 | 3.230 | 0.539 | 4.111 | 78.6% | 13.1% |
| 37850 | 382 | 0.318 | 4.884 | 0.712 | 5.941 | 82.2% | 12.0% |
| 37862 | 389 | 0.322 | 3.980 | 0.554 | 4.882 | 81.5% | 11.4% |
| 37872 | 386 | 0.374 | 3.161 | 0.547 | 4.103 | 77.0% | 13.3% |
| 37881 | 378 | 0.306 | 2.658 | 0.545 | 3.535 | 75.2% | 15.4% |
| 37891 | 376 | 0.369 | 3.986 | 0.463 | 4.842 | 82.3% | 9.6% |
| 37903 | 369 | 0.327 | 3.084 | 0.560 | 3.994 | 77.2% | 14.0% |
| 37913 | 373 | 0.316 | 3.260 | 0.650 | 4.249 | 76.7% | 15.3% |
| 37922 | 380 | 0.331 | 3.163 | 0.577 | 4.098 | 77.2% | 14.1% |
| 37935 | 373 | 0.313 | 3.171 | 0.522 | 4.032 | 78.7% | 13.0% |
| 37944 | 382 | 0.317 | 3.172 | 0.549 | 4.065 | 78.0% | 13.5% |
| 37954 | 379 | 0.324 | 3.150 | 0.559 | 4.061 | 77.6% | 13.8% |
| 37966 | 371 | 0.340 | 4.261 | 0.515 | 5.142 | 82.9% | 10.0% |
| 37976 | 361 | 0.300 | 3.057 | 0.484 | 3.865 | 79.1% | 12.5% |
| 37985 | 347 | 0.282 | 2.795 | 0.496 | 3.598 | 77.7% | 13.8% |
| 37995 | 350 | 0.284 | 2.938 | 0.471 | 3.716 | 79.0% | 12.7% |
| 38006 | 338 | 0.278 | 2.857 | 0.380 | 3.537 | 80.8% | 10.7% |
| 38016 | 329 | 0.274 | 2.826 | 0.438 | 3.561 | 79.4% | 12.3% |
| 38027 | 317 | 0.311 | 3.518 | 0.345 | 4.192 | 83.9% | 8.2% |
| 38038 | 296 | 0.247 | 2.494 | 0.402 | 3.166 | 78.8% | 12.7% |
| 38047 | 297 | 0.281 | 2.082 | 0.394 | 2.778 | 74.9% | 14.2% |
| 38057 | 293 | 0.246 | 1.898 | 0.408 | 2.571 | 73.8% | 15.9% |
| 38067 | 294 | 0.253 | 1.737 | 0.397 | 2.408 | 72.1% | 16.5% |
| 38076 | 294 | 0.209 | 1.823 | 0.329 | 2.379 | 76.6% | 13.8% |
| 38086 | 303 | 0.260 | 1.798 | 0.502 | 2.587 | 69.5% | 19.4% |
| 38096 | 306 | 0.251 | 1.744 | 0.403 | 2.420 | 72.1% | 16.7% |
| 38106 | 299 | 0.248 | 1.744 | 0.418 | 2.431 | 71.8% | 17.2% |
| 38121 | 306 | 0.326 | 2.668 | 0.331 | 3.345 | 79.7% | 9.9% |
| 38131 | 286 | 0.237 | 1.747 | 0.358 | 2.362 | 74.0% | 15.1% |
| 38141 | 271 | 0.262 | 1.734 | 0.338 | 2.350 | 73.8% | 14.4% |
| 38151 | 271 | 0.259 | 1.655 | 0.434 | 2.368 | 69.9% | 18.4% |
| 38161 | 277 | 0.234 | 1.539 | 0.327 | 2.120 | 72.6% | 15.4% |
| 38170 | 268 | 0.246 | 1.719 | 0.390 | 2.374 | 72.4% | 16.4% |
| 38180 | 272 | 0.258 | 1.880 | 0.384 | 2.542 | 73.9% | 15.1% |
| 38190 | 259 | 0.252 | 1.760 | 0.267 | 2.299 | 76.6% | 11.6% |
| 38201 | 277 | 0.243 | 1.802 | 0.302 | 2.368 | 76.1% | 12.8% |
| 38210 | 305 | 0.305 | 1.963 | 0.406 | 2.698 | 72.8% | 15.0% |
| 38220 | 304 | 0.281 | 2.867 | 0.351 | 3.519 | 81.5% | 10.0% |
| 38230 | 325 | 0.288 | 1.978 | 0.365 | 2.655 | 74.5% | 13.7% |
| 38244 | 356 | 0.312 | 3.323 | 0.598 | 4.258 | 78.0% | 14.0% |
| 38252 | 389 | 0.336 | 1.914 | 0.554 | 2.831 | 67.6% | 19.6% |
| 38263 | 427 | 0.333 | 2.499 | 0.662 | 3.518 | 71.0% | 18.8% |
| 38276 | 436 | 0.514 | 3.748 | 0.666 | 4.958 | 75.6% | 13.4% |
| 38286 | 442 | 0.385 | 3.615 | 0.676 | 4.706 | 76.8% | 14.4% |
| 38296 | 455 | 0.525 | 5.157 | 0.709 | 6.436 | 80.1% | 11.0% |
| 38306 | 459 | 0.420 | 3.958 | 0.752 | 5.159 | 76.7% | 14.6% |
| 38317 | 459 | 0.404 | 3.367 | 0.712 | 4.513 | 74.6% | 15.8% |
| 38327 | 440 | 0.378 | 3.780 | 0.717 | 4.905 | 77.1% | 14.6% |
| 38337 | 436 | 0.363 | 4.689 | 0.565 | 5.648 | 83.0% | 10.0% |
| 38347 | 417 | 0.364 | 4.494 | 0.616 | 5.503 | 81.7% | 11.2% |
| 38356 | 409 | 0.345 | 3.391 | 0.599 | 4.364 | 77.7% | 13.7% |
| 38368 | 392 | 0.305 | 3.353 | 0.532 | 4.218 | 79.5% | 12.6% |
| 38377 | 390 | 0.332 | 3.100 | 0.542 | 4.001 | 77.5% | 13.5% |
| 38390 | 365 | 0.378 | 3.664 | 0.545 | 4.610 | 79.5% | 11.8% |
| 38400 | 337 | 0.293 | 3.309 | 0.593 | 4.218 | 78.5% | 14.0% |
| 38410 | 335 | 0.300 | 3.338 | 0.490 | 4.150 | 80.4% | 11.8% |
| 38420 | 353 | 0.293 | 3.842 | 0.486 | 4.645 | 82.7% | 10.5% |
| 38429 | 353 | 0.325 | 3.063 | 0.505 | 3.921 | 78.1% | 12.9% |
| 38439 | 345 | 0.331 | 2.548 | 0.536 | 3.437 | 74.1% | 15.6% |
| 38449 | 346 | 0.304 | 4.008 | 0.395 | 4.735 | 84.7% | 8.3% |
| 38459 | 347 | 0.289 | 2.657 | 0.473 | 3.446 | 77.1% | 13.7% |
| 38469 | 359 | 0.296 | 3.205 | 0.434 | 3.959 | 81.0% | 11.0% |
| 38482 | 358 | 0.294 | 3.199 | 0.477 | 3.994 | 80.1% | 11.9% |
| 38492 | 352 | 0.292 | 3.020 | 0.570 | 3.904 | 77.4% | 14.6% |
| 38502 | 340 | 0.367 | 3.022 | 0.481 | 3.893 | 77.6% | 12.4% |
| 38512 | 328 | 0.345 | 3.409 | 0.455 | 4.228 | 80.6% | 10.8% |
| 38524 | 314 | 0.307 | 2.467 | 0.387 | 3.183 | 77.5% | 12.1% |
| 38531 | 315 | 0.285 | 2.611 | 0.495 | 3.414 | 76.5% | 14.5% |
| 38542 | 312 | 0.284 | 2.782 | 0.436 | 3.527 | 78.9% | 12.4% |
| 38554 | 310 | 0.293 | 2.534 | 0.437 | 3.288 | 77.1% | 13.3% |
| 38565 | 303 | 0.272 | 2.677 | 0.409 | 3.381 | 79.2% | 12.1% |
| 38572 | 293 | 0.258 | 2.519 | 0.491 | 3.289 | 76.6% | 14.9% |
| 38581 | 294 | 0.245 | 1.631 | 0.366 | 2.263 | 72.1% | 16.2% |
| 38596 | 281 | 0.264 | 2.499 | 0.382 | 3.163 | 79.0% | 12.1% |
| 38606 | 278 | 0.243 | 2.431 | 0.396 | 3.089 | 78.7% | 12.8% |
| 38616 | 278 | 0.253 | 1.807 | 0.302 | 2.383 | 75.8% | 12.7% |
| 38626 | 281 | 0.244 | 1.621 | 0.392 | 2.276 | 71.2% | 17.2% |
| 38636 | 292 | 0.265 | 1.668 | 0.354 | 2.307 | 72.3% | 15.4% |
| 38646 | 300 | 0.264 | 1.827 | 0.407 | 2.520 | 72.5% | 16.1% |
| 38656 | 295 | 0.351 | 2.010 | 0.359 | 2.740 | 73.4% | 13.1% |
| 38666 | 313 | 0.310 | 2.313 | 0.455 | 3.102 | 74.6% | 14.7% |
| 38676 | 310 | 0.293 | 1.789 | 0.463 | 2.566 | 69.7% | 18.0% |
| 38685 | 315 | 0.277 | 2.019 | 0.439 | 2.757 | 73.2% | 15.9% |
| 38695 | 324 | 0.283 | 1.748 | 0.388 | 2.441 | 71.6% | 15.9% |
| 38709 | 331 | 0.282 | 1.836 | 0.475 | 2.617 | 70.2% | 18.2% |
| 38717 | 352 | 0.290 | 2.080 | 0.421 | 2.815 | 73.9% | 15.0% |
| 38729 | 347 | 0.302 | 2.874 | 0.667 | 3.863 | 74.4% | 17.3% |
| 38739 | 355 | 0.312 | 3.676 | 0.539 | 4.552 | 80.8% | 11.8% |
| 38749 | 348 | 0.308 | 2.735 | 0.488 | 3.557 | 76.9% | 13.7% |
| 38759 | 341 | 0.314 | 2.618 | 0.505 | 3.459 | 75.7% | 14.6% |
| 38772 | 340 | 0.296 | 2.982 | 0.446 | 3.746 | 79.6% | 11.9% |
| 38782 | 362 | 0.344 | 3.070 | 0.490 | 3.927 | 78.2% | 12.5% |
| 38792 | 370 | 0.349 | 2.942 | 0.544 | 3.859 | 76.2% | 14.1% |
| 38801 | 368 | 0.336 | 2.529 | 0.527 | 3.417 | 74.0% | 15.4% |
| 38811 | 367 | 0.324 | 4.740 | 0.561 | 5.648 | 83.9% | 9.9% |
| 38821 | 372 | 0.326 | 2.748 | 0.542 | 3.638 | 75.5% | 14.9% |
| 38834 | 367 | 0.343 | 3.167 | 0.522 | 4.054 | 78.1% | 12.9% |
| 38844 | 365 | 0.364 | 3.817 | 0.439 | 4.641 | 82.2% | 9.5% |
| 38853 | 363 | 0.367 | 4.551 | 0.495 | 5.435 | 83.7% | 9.1% |
| 38863 | 377 | 0.351 | 2.707 | 0.693 | 3.773 | 71.8% | 18.4% |
| 38873 | 393 | 0.340 | 3.167 | 0.620 | 4.155 | 76.2% | 14.9% |
| 38885 | 385 | 0.320 | 3.231 | 0.556 | 4.135 | 78.1% | 13.4% |
| 38895 | 382 | 0.326 | 2.953 | 0.566 | 3.870 | 76.3% | 14.6% |
| 38904 | 383 | 0.367 | 3.970 | 0.575 | 4.938 | 80.4% | 11.6% |
| 38913 | 389 | 0.338 | 2.926 | 0.582 | 3.868 | 75.7% | 15.0% |
| 38926 | 373 | 0.343 | 3.433 | 0.574 | 4.374 | 78.5% | 13.1% |
| 38936 | 372 | 0.339 | 2.702 | 0.552 | 3.616 | 74.7% | 15.3% |
| 38946 | 370 | 0.293 | 3.896 | 0.544 | 4.758 | 81.9% | 11.4% |
| 38955 | 365 | 0.311 | 3.286 | 0.478 | 4.102 | 80.1% | 11.7% |
| 38965 | 359 | 0.375 | 3.202 | 0.529 | 4.127 | 77.6% | 12.8% |
| 38978 | 343 | 0.308 | 2.960 | 0.495 | 3.789 | 78.1% | 13.1% |
| 38988 | 341 | 0.325 | 2.935 | 0.476 | 3.762 | 78.0% | 12.6% |
| 38998 | 303 | 0.270 | 4.421 | 0.441 | 5.154 | 85.8% | 8.6% |
| 39006 | 310 | 0.260 | 2.394 | 0.377 | 3.053 | 78.4% | 12.4% |
| 39018 | 291 | 0.377 | 3.116 | 0.408 | 3.923 | 79.4% | 10.4% |
| 39030 | 282 | 0.277 | 3.841 | 0.321 | 4.458 | 86.2% | 7.2% |
| 39039 | 294 | 0.296 | 1.811 | 0.386 | 2.515 | 72.0% | 15.3% |
| 39049 | 309 | 0.259 | 1.753 | 0.344 | 2.378 | 73.7% | 14.5% |
| 39059 | 315 | 0.263 | 2.044 | 0.442 | 2.771 | 73.8% | 15.9% |
| 39068 | 328 | 0.271 | 1.696 | 0.425 | 2.415 | 70.2% | 17.6% |
| 39082 | 349 | 0.327 | 1.872 | 0.388 | 2.611 | 71.7% | 14.9% |
| 39091 | 349 | 0.304 | 1.860 | 0.392 | 2.581 | 72.1% | 15.2% |
| 39099 | 359 | 0.329 | 2.122 | 0.524 | 3.001 | 70.7% | 17.5% |
| 39112 | 362 | 0.327 | 2.060 | 0.474 | 2.887 | 71.4% | 16.4% |
| 39122 | 345 | 0.286 | 2.769 | 0.503 | 3.583 | 77.3% | 14.0% |
| 39133 | 338 | 0.323 | 2.812 | 0.471 | 3.627 | 77.5% | 13.0% |
| 39144 | 313 | 0.325 | 2.650 | 0.469 | 3.466 | 76.4% | 13.5% |
| 39154 | 319 | 0.294 | 3.680 | 0.435 | 4.434 | 83.0% | 9.8% |
| 39162 | 300 | 0.277 | 2.613 | 0.406 | 3.320 | 78.7% | 12.2% |
| 39174 | 293 | 0.267 | 2.589 | 0.473 | 3.351 | 77.3% | 14.1% |
| 39182 | 290 | 0.296 | 3.592 | 0.321 | 4.230 | 84.9% | 7.6% |
| 39194 | 294 | 0.263 | 2.336 | 0.382 | 3.003 | 77.8% | 12.7% |
| 39202 | 292 | 0.257 | 1.819 | 0.343 | 2.441 | 74.5% | 14.0% |
| 39212 | 283 | 0.288 | 1.687 | 0.447 | 2.440 | 69.1% | 18.3% |
| 39222 | 281 | 0.245 | 1.805 | 0.321 | 2.390 | 75.5% | 13.4% |
| 39232 | 316 | 0.253 | 1.985 | 0.424 | 2.683 | 74.0% | 15.8% |
| 39247 | 322 | 0.342 | 1.834 | 0.352 | 2.549 | 71.9% | 13.8% |
| 39256 | 331 | 0.331 | 3.139 | 0.488 | 3.981 | 78.8% | 12.3% |
| 39265 | 344 | 0.303 | 2.727 | 0.452 | 3.505 | 77.8% | 12.9% |
| 39274 | 348 | 0.318 | 1.791 | 0.465 | 2.597 | 69.0% | 17.9% |
| 39287 | 362 | 0.341 | 2.065 | 0.520 | 2.948 | 70.1% | 17.6% |
| 39296 | 354 | 0.366 | 2.247 | 0.495 | 3.140 | 71.6% | 15.8% |
| 39309 | 363 | 0.317 | 2.007 | 0.501 | 2.851 | 70.4% | 17.6% |
| 39317 | 354 | 0.341 | 2.748 | 0.480 | 3.593 | 76.5% | 13.4% |
| 39328 | 344 | 0.293 | 2.949 | 0.437 | 3.704 | 79.6% | 11.8% |
| 39339 | 325 | 0.270 | 2.905 | 0.435 | 3.630 | 80.0% | 12.0% |
| 39350 | 323 | 0.311 | 2.862 | 0.452 | 3.649 | 78.5% | 12.4% |
| 39360 | 338 | 0.354 | 5.505 | 0.460 | 6.343 | 86.8% | 7.3% |
| 39371 | 319 | 0.321 | 2.913 | 0.478 | 3.732 | 78.0% | 12.8% |
| 39378 | 321 | 0.312 | 2.780 | 0.465 | 3.580 | 77.7% | 13.0% |
| 39389 | 318 | 0.301 | 2.869 | 0.455 | 3.647 | 78.7% | 12.5% |
| 39399 | 335 | 0.292 | 2.964 | 0.521 | 3.802 | 78.0% | 13.7% |
| 39410 | 332 | 0.305 | 2.756 | 0.460 | 3.542 | 77.8% | 13.0% |
| 39423 | 344 | 0.331 | 6.548 | 0.503 | 7.406 | 88.4% | 6.8% |
| 39433 | 347 | 0.299 | 2.877 | 0.553 | 3.750 | 76.7% | 14.7% |
| 39443 | 351 | 0.360 | 3.672 | 0.517 | 4.573 | 80.3% | 11.3% |
| 39453 | 347 | 0.323 | 3.800 | 0.408 | 4.556 | 83.4% | 9.0% |
| 39463 | 337 | 0.338 | 3.963 | 0.489 | 4.818 | 82.3% | 10.2% |
| 39473 | 326 | 0.308 | 3.839 | 0.371 | 4.542 | 84.5% | 8.2% |
| 39484 | 343 | 0.296 | 4.490 | 0.460 | 5.268 | 85.2% | 8.7% |
| 39494 | 352 | 0.318 | 2.516 | 0.471 | 3.329 | 75.6% | 14.1% |
| 39504 | 364 | 0.330 | 3.605 | 0.515 | 4.477 | 80.5% | 11.5% |
| 39514 | 363 | 0.373 | 4.046 | 0.435 | 4.879 | 82.9% | 8.9% |
| 39524 | 365 | 0.360 | 4.294 | 0.474 | 5.153 | 83.3% | 9.2% |
| 39536 | 380 | 0.410 | 3.036 | 0.553 | 4.024 | 75.4% | 13.7% |
| 39546 | 378 | 0.387 | 3.333 | 0.533 | 4.280 | 77.9% | 12.5% |
| 39555 | 388 | 0.345 | 3.172 | 0.568 | 4.112 | 77.1% | 13.8% |
| 39567 | 402 | 0.402 | 4.401 | 0.628 | 5.459 | 80.6% | 11.5% |
| 39576 | 402 | 0.336 | 3.560 | 0.705 | 4.630 | 76.9% | 15.2% |
| 39588 | 413 | 0.459 | 3.841 | 0.628 | 4.959 | 77.5% | 12.7% |
| 39597 | 420 | 0.360 | 3.004 | 0.664 | 4.056 | 74.1% | 16.4% |
| 39608 | 403 | 0.344 | 3.260 | 0.562 | 4.193 | 77.7% | 13.4% |
| 39617 | 416 | 0.326 | 3.266 | 0.635 | 4.254 | 76.8% | 14.9% |
| 39629 | 413 | 0.340 | 3.853 | 0.615 | 4.837 | 79.7% | 12.7% |
| 39638 | 426 | 0.384 | 3.375 | 0.624 | 4.411 | 76.5% | 14.1% |
| 39648 | 431 | 0.389 | 4.102 | 0.720 | 5.241 | 78.3% | 13.7% |
| 39659 | 425 | 0.387 | 3.407 | 0.571 | 4.393 | 77.6% | 13.0% |
| 39670 | 410 | 0.402 | 6.014 | 0.663 | 7.111 | 84.6% | 9.3% |
| 39679 | 399 | 0.375 | 3.945 | 0.519 | 4.862 | 81.1% | 10.7% |
| 39691 | 397 | 0.318 | 3.058 | 0.614 | 4.016 | 76.1% | 15.3% |
| 39701 | 387 | 0.384 | 3.108 | 0.530 | 4.041 | 76.9% | 13.1% |
| 39710 | 372 | 0.315 | 5.582 | 0.437 | 6.359 | 87.8% | 6.9% |
| 39720 | 373 | 0.315 | 2.882 | 0.513 | 3.736 | 77.2% | 13.7% |
| 39733 | 351 | 0.289 | 3.612 | 0.575 | 4.500 | 80.3% | 12.8% |
| 39742 | 353 | 0.379 | 3.929 | 0.480 | 4.808 | 81.7% | 10.0% |
| 39752 | 343 | 0.289 | 3.247 | 0.485 | 4.045 | 80.3% | 12.0% |
| 39763 | 325 | 0.274 | 2.983 | 0.421 | 3.702 | 80.6% | 11.4% |
| 39773 | 319 | 0.272 | 2.685 | 0.507 | 3.486 | 77.0% | 14.5% |
| 39784 | 323 | 0.296 | 2.821 | 0.521 | 3.662 | 77.0% | 14.2% |
| 39791 | 318 | 0.264 | 2.678 | 0.460 | 3.426 | 78.2% | 13.4% |
| 39803 | 306 | 0.263 | 2.310 | 0.428 | 3.019 | 76.5% | 14.2% |
| 39815 | 296 | 0.248 | 2.984 | 0.397 | 3.653 | 81.7% | 10.9% |
| 39823 | 307 | 0.255 | 1.827 | 0.398 | 2.501 | 73.0% | 15.9% |
| 39833 | 305 | 0.258 | 1.688 | 0.343 | 2.311 | 73.0% | 14.9% |
| 39843 | 302 | 0.399 | 1.789 | 0.386 | 2.594 | 69.0% | 14.9% |
| 39853 | 301 | 0.287 | 2.927 | 0.399 | 3.639 | 80.4% | 11.0% |
| 39863 | 292 | 0.296 | 2.167 | 0.495 | 2.980 | 72.7% | 16.6% |
| 39873 | 308 | 0.257 | 1.696 | 0.345 | 2.321 | 73.1% | 14.9% |
| 39888 | 294 | 0.261 | 1.757 | 0.318 | 2.358 | 74.5% | 13.5% |
| 39897 | 299 | 0.275 | 2.758 | 0.389 | 3.443 | 80.1% | 11.3% |
| 39907 | 295 | 0.247 | 1.801 | 0.366 | 2.435 | 74.0% | 15.0% |
| 39917 | 312 | 0.293 | 1.776 | 0.487 | 2.578 | 68.9% | 18.9% |
| 39926 | 315 | 0.284 | 2.013 | 0.369 | 2.688 | 74.9% | 13.7% |
| 39936 | 329 | 0.421 | 1.814 | 0.435 | 2.689 | 67.5% | 16.2% |
| 39950 | 333 | 0.414 | 2.208 | 0.409 | 3.051 | 72.4% | 13.4% |
| 39959 | 337 | 0.318 | 1.762 | 0.377 | 2.480 | 71.1% | 15.2% |
| 39968 | 334 | 0.318 | 2.213 | 0.457 | 3.011 | 73.5% | 15.2% |
| 39981 | 341 | 0.326 | 2.253 | 0.635 | 3.238 | 69.6% | 19.6% |
| 39990 | 338 | 0.305 | 1.794 | 0.488 | 2.611 | 68.7% | 18.7% |
| 39999 | 339 | 0.310 | 1.914 | 0.464 | 2.713 | 70.5% | 17.1% |
| 40012 | 344 | 0.336 | 2.069 | 0.482 | 2.907 | 71.2% | 16.6% |
| 40021 | 348 | 0.316 | 1.843 | 0.406 | 2.588 | 71.2% | 15.7% |
| 40030 | 353 | 0.292 | 1.821 | 0.422 | 2.560 | 71.1% | 16.5% |
| 40043 | 361 | 0.357 | 2.548 | 0.520 | 3.453 | 73.8% | 15.1% |
| 40051 | 350 | 0.382 | 2.450 | 0.495 | 3.350 | 73.1% | 14.8% |
| 40063 | 378 | 0.312 | 2.173 | 0.540 | 3.050 | 71.2% | 17.7% |
| 40071 | 394 | 0.323 | 2.388 | 0.612 | 3.349 | 71.3% | 18.3% |
| 40082 | 423 | 0.372 | 3.356 | 0.614 | 4.370 | 76.8% | 14.0% |
| 40094 | 410 | 0.351 | 3.353 | 0.600 | 4.332 | 77.4% | 13.8% |
| 40103 | 408 | 0.388 | 3.327 | 0.600 | 4.343 | 76.6% | 13.8% |
| 40115 | 419 | 0.364 | 3.399 | 0.742 | 4.535 | 75.0% | 16.4% |
| 40124 | 403 | 0.354 | 3.374 | 0.592 | 4.347 | 77.6% | 13.6% |
| 40133 | 398 | 0.334 | 3.045 | 0.584 | 3.989 | 76.3% | 14.6% |
| 40145 | 396 | 0.419 | 3.443 | 0.631 | 4.551 | 75.7% | 13.9% |
| 40154 | 388 | 0.341 | 4.206 | 0.485 | 5.058 | 83.2% | 9.6% |
| 40164 | 382 | 0.330 | 3.286 | 0.621 | 4.262 | 77.1% | 14.6% |
| 40177 | 386 | 0.389 | 2.993 | 0.638 | 4.045 | 74.0% | 15.8% |
| 40186 | 423 | 0.402 | 3.091 | 0.628 | 4.146 | 74.6% | 15.1% |
| 40197 | 438 | 0.400 | 3.513 | 0.635 | 4.578 | 76.7% | 13.9% |
| 40208 | 454 | 0.373 | 3.474 | 0.666 | 4.545 | 76.4% | 14.7% |
| 40218 | 475 | 0.451 | 4.166 | 0.725 | 5.373 | 77.5% | 13.5% |
| 40228 | 483 | 0.451 | 3.788 | 0.791 | 5.063 | 74.8% | 15.6% |
| 40238 | 480 | 0.483 | 3.787 | 0.668 | 4.969 | 76.2% | 13.4% |
| 40248 | 479 | 0.393 | 3.811 | 0.722 | 4.959 | 76.8% | 14.6% |
| 40259 | 466 | 0.461 | 4.287 | 0.713 | 5.495 | 78.0% | 13.0% |
| 40269 | 474 | 0.410 | 4.061 | 0.736 | 5.236 | 77.6% | 14.1% |
| 40279 | 456 | 0.456 | 4.714 | 0.873 | 6.088 | 77.4% | 14.3% |
| 40289 | 445 | 0.380 | 3.640 | 0.666 | 4.718 | 77.2% | 14.1% |
| 40300 | 450 | 0.405 | 3.387 | 0.657 | 4.479 | 75.6% | 14.7% |
| 40310 | 456 | 0.389 | 3.876 | 0.681 | 4.978 | 77.9% | 13.7% |
| 40321 | 449 | 0.388 | 3.480 | 0.687 | 4.586 | 75.9% | 15.0% |
| 40331 | 442 | 0.384 | 5.578 | 0.698 | 6.692 | 83.4% | 10.4% |
| 40341 | 431 | 0.356 | 3.494 | 0.683 | 4.566 | 76.5% | 15.0% |
| 40352 | 405 | 0.330 | 3.339 | 0.589 | 4.286 | 77.9% | 13.8% |
| 40360 | 368 | 0.336 | 3.260 | 0.705 | 4.327 | 75.3% | 16.3% |
| 40373 | 368 | 0.341 | 4.193 | 0.510 | 5.085 | 82.5% | 10.0% |
| 40383 | 357 | 0.350 | 3.259 | 0.519 | 4.156 | 78.4% | 12.5% |
| 40392 | 350 | 0.308 | 3.201 | 0.481 | 4.018 | 79.7% | 12.0% |
| 40402 | 342 | 0.311 | 2.966 | 0.488 | 3.790 | 78.3% | 12.9% |
| 40412 | 344 | 0.309 | 2.830 | 0.463 | 3.627 | 78.0% | 12.8% |
| 40422 | 327 | 0.273 | 2.551 | 0.451 | 3.296 | 77.4% | 13.7% |
| 40433 | 335 | 0.287 | 4.581 | 0.544 | 5.442 | 84.2% | 10.0% |
| 40443 | 326 | 0.312 | 5.250 | 0.497 | 6.080 | 86.4% | 8.2% |
| 40453 | 335 | 0.295 | 2.691 | 0.455 | 3.464 | 77.7% | 13.1% |
| 40464 | 324 | 0.281 | 2.659 | 0.461 | 3.422 | 77.7% | 13.5% |
| 40475 | 332 | 0.301 | 2.720 | 0.512 | 3.557 | 76.5% | 14.4% |
| 40485 | 335 | 0.290 | 2.750 | 0.597 | 3.658 | 75.2% | 16.3% |
| 40495 | 323 | 0.280 | 4.202 | 0.502 | 5.007 | 83.9% | 10.0% |
| 40506 | 308 | 0.284 | 2.706 | 0.407 | 3.419 | 79.1% | 11.9% |
| 40517 | 305 | 0.261 | 2.688 | 0.399 | 3.370 | 79.8% | 11.8% |
| 40524 | 290 | 0.270 | 1.900 | 0.368 | 2.559 | 74.2% | 14.4% |
| 40539 | 288 | 0.257 | 1.607 | 0.309 | 2.194 | 73.3% | 14.1% |
| 40549 | 293 | 0.261 | 1.675 | 0.380 | 2.336 | 71.7% | 16.2% |
| 40559 | 305 | 0.297 | 1.774 | 0.369 | 2.461 | 72.1% | 15.0% |
| 40569 | 308 | 0.255 | 2.083 | 0.433 | 2.793 | 74.6% | 15.5% |
| 40579 | 320 | 0.269 | 1.710 | 0.435 | 2.436 | 70.2% | 17.9% |
| 40588 | 328 | 0.254 | 1.803 | 0.449 | 2.528 | 71.3% | 17.8% |
| 40597 | 319 | 0.271 | 1.966 | 0.430 | 2.685 | 73.2% | 16.0% |
| 40610 | 322 | 0.273 | 1.983 | 0.446 | 2.723 | 72.8% | 16.4% |
| 40619 | 325 | 0.316 | 2.413 | 0.638 | 3.395 | 71.1% | 18.8% |
| 40628 | 329 | 0.292 | 2.165 | 0.470 | 2.949 | 73.4% | 15.9% |
| 40642 | 339 | 0.280 | 2.214 | 0.487 | 3.004 | 73.7% | 16.2% |
| 40651 | 343 | 0.294 | 2.003 | 0.443 | 2.765 | 72.4% | 16.0% |
| 40660 | 343 | 0.299 | 2.256 | 0.510 | 3.088 | 73.1% | 16.5% |
| 40673 | 356 | 0.307 | 1.866 | 0.539 | 2.736 | 68.2% | 19.7% |
| 40682 | 376 | 0.316 | 1.972 | 0.523 | 2.837 | 69.5% | 18.4% |
| 40694 | 374 | 0.319 | 4.540 | 0.520 | 5.404 | 84.0% | 9.6% |
| 40704 | 394 | 0.358 | 2.909 | 0.588 | 3.882 | 74.9% | 15.1% |
| 40713 | 402 | 0.335 | 2.683 | 0.602 | 3.647 | 73.6% | 16.5% |
| 40724 | 413 | 0.364 | 3.587 | 0.629 | 4.608 | 77.8% | 13.6% |
| 40733 | 396 | 0.573 | 3.077 | 0.583 | 4.252 | 72.4% | 13.7% |
| 40745 | 383 | 0.337 | 3.455 | 0.576 | 4.395 | 78.6% | 13.1% |
| 40755 | 394 | 0.351 | 3.127 | 0.582 | 4.087 | 76.5% | 14.2% |
| 40764 | 396 | 0.353 | 2.986 | 0.536 | 3.902 | 76.5% | 13.7% |
| 40776 | 415 | 0.396 | 3.163 | 0.606 | 4.192 | 75.4% | 14.5% |
| 40784 | 418 | 0.352 | 7.684 | 0.510 | 8.573 | 89.6% | 5.9% |
| 40795 | 408 | 0.335 | 3.143 | 0.691 | 4.192 | 75.0% | 16.5% |
| 40807 | 410 | 0.336 | 3.439 | 0.597 | 4.399 | 78.2% | 13.6% |
| 40816 | 385 | 0.376 | 4.138 | 0.510 | 5.048 | 82.0% | 10.1% |
| 40828 | 355 | 0.338 | 4.561 | 0.614 | 5.537 | 82.4% | 11.1% |
| 40838 | 355 | 0.293 | 2.786 | 0.525 | 3.625 | 76.9% | 14.5% |
| 40848 | 336 | 0.285 | 2.955 | 0.453 | 3.716 | 79.5% | 12.2% |
| 40858 | 345 | 0.274 | 2.772 | 0.478 | 3.547 | 78.1% | 13.5% |
| 40868 | 351 | 0.273 | 3.041 | 0.480 | 3.817 | 79.7% | 12.6% |
| 40878 | 345 | 0.290 | 4.956 | 0.478 | 5.748 | 86.2% | 8.3% |
| 40888 | 336 | 0.294 | 3.212 | 0.409 | 3.938 | 81.6% | 10.4% |
| 40898 | 317 | 0.304 | 3.122 | 0.421 | 3.866 | 80.8% | 10.9% |
| 40908 | 316 | 0.299 | 3.496 | 0.443 | 4.260 | 82.1% | 10.4% |
| 40920 | 321 | 0.258 | 2.126 | 0.457 | 2.861 | 74.3% | 16.0% |
| 40931 | 326 | 0.290 | 3.191 | 0.534 | 4.041 | 79.0% | 13.2% |
| 40942 | 337 | 0.288 | 4.145 | 0.460 | 4.918 | 84.3% | 9.4% |
| 40949 | 310 | 0.256 | 2.672 | 0.401 | 3.351 | 79.7% | 12.0% |
| 40960 | 316 | 0.296 | 3.251 | 0.426 | 3.995 | 81.4% | 10.7% |
| 40971 | 307 | 0.277 | 2.647 | 0.538 | 3.485 | 76.0% | 15.4% |
| 40982 | 296 | 0.282 | 2.749 | 0.456 | 3.509 | 78.3% | 13.0% |
| 40994 | 299 | 0.256 | 2.563 | 0.425 | 3.265 | 78.5% | 13.0% |
| 41002 | 306 | 0.308 | 2.667 | 0.504 | 3.501 | 76.2% | 14.4% |
| 41013 | 313 | 0.280 | 4.294 | 0.402 | 4.997 | 85.9% | 8.0% |
| 41021 | 309 | 0.288 | 2.763 | 0.397 | 3.467 | 79.7% | 11.4% |
| 41033 | 302 | 0.289 | 2.381 | 0.389 | 3.076 | 77.4% | 12.6% |
| 41042 | 304 | 0.256 | 1.816 | 0.413 | 2.505 | 72.5% | 16.5% |
| 41051 | 316 | 0.259 | 1.667 | 0.415 | 2.362 | 70.6% | 17.6% |
| 41066 | 326 | 0.272 | 2.006 | 0.503 | 2.803 | 71.6% | 18.0% |
| 41075 | 333 | 0.312 | 2.571 | 0.458 | 3.368 | 76.4% | 13.6% |
| 41084 | 351 | 0.308 | 1.862 | 0.502 | 2.697 | 69.1% | 18.6% |
| 41093 | 357 | 0.381 | 2.413 | 0.526 | 3.343 | 72.2% | 15.7% |
| 41106 | 365 | 0.328 | 1.893 | 0.425 | 2.669 | 70.9% | 15.9% |
| 41117 | 375 | 0.352 | 3.230 | 0.524 | 4.131 | 78.2% | 12.7% |
| 41127 | 370 | 0.319 | 3.192 | 0.556 | 4.089 | 78.1% | 13.6% |
| 41136 | 389 | 0.359 | 3.345 | 0.599 | 4.330 | 77.3% | 13.8% |
| 41146 | 381 | 0.298 | 3.159 | 0.544 | 4.025 | 78.5% | 13.5% |
| 41158 | 388 | 0.336 | 3.360 | 0.595 | 4.318 | 77.8% | 13.8% |
| 41168 | 385 | 0.324 | 4.702 | 0.552 | 5.604 | 83.9% | 9.8% |
| 41177 | 377 | 0.344 | 3.217 | 0.626 | 4.213 | 76.4% | 14.9% |
| 41187 | 355 | 0.323 | 3.788 | 0.513 | 4.644 | 81.5% | 11.0% |
| 41197 | 331 | 0.282 | 2.542 | 0.450 | 3.297 | 77.1% | 13.6% |
| 41208 | 305 | 0.264 | 2.229 | 0.512 | 3.027 | 73.6% | 16.9% |
| 41219 | 299 | 0.304 | 2.396 | 0.390 | 3.109 | 77.1% | 12.5% |
| 41227 | 277 | 0.268 | 2.712 | 0.360 | 3.357 | 80.8% | 10.7% |
| 41242 | 284 | 0.279 | 1.749 | 0.380 | 2.428 | 72.0% | 15.6% |
| 41252 | 279 | 0.276 | 2.018 | 0.352 | 2.664 | 75.7% | 13.2% |
| 41262 | 274 | 0.271 | 2.630 | 0.363 | 3.285 | 80.1% | 11.1% |
| 41272 | 284 | 0.356 | 2.679 | 0.306 | 3.360 | 79.7% | 9.1% |
| 41282 | 288 | 0.267 | 1.760 | 0.400 | 2.447 | 71.9% | 16.3% |
| 41292 | 300 | 0.264 | 2.591 | 0.363 | 3.254 | 79.6% | 11.1% |
| 41302 | 301 | 0.252 | 1.674 | 0.360 | 2.306 | 72.6% | 15.6% |
| 41312 | 289 | 0.250 | 1.648 | 0.347 | 2.261 | 72.9% | 15.4% |
| 41322 | 308 | 0.299 | 2.055 | 0.456 | 2.828 | 72.7% | 16.1% |
| 41332 | 312 | 0.266 | 2.442 | 0.410 | 3.136 | 77.9% | 13.1% |
| 41342 | 314 | 0.275 | 2.039 | 0.359 | 2.695 | 75.7% | 13.3% |
| 41351 | 311 | 0.280 | 2.134 | 0.519 | 2.952 | 72.3% | 17.6% |
| 41365 | 321 | 0.262 | 1.908 | 0.415 | 2.607 | 73.2% | 15.9% |
| 41374 | 346 | 0.296 | 2.250 | 0.496 | 3.066 | 73.4% | 16.2% |
| 41383 | 354 | 0.349 | 2.140 | 0.501 | 3.014 | 71.0% | 16.6% |
| 41395 | 345 | 0.311 | 2.442 | 0.452 | 3.228 | 75.6% | 14.0% |
| 41403 | 358 | 0.314 | 2.115 | 0.476 | 2.933 | 72.1% | 16.2% |
| 41415 | 356 | 0.301 | 5.631 | 0.569 | 6.525 | 86.3% | 8.7% |
| 41425 | 364 | 0.338 | 3.056 | 0.519 | 3.938 | 77.6% | 13.2% |
| 41437 | 351 | 0.347 | 4.775 | 0.515 | 5.664 | 84.3% | 9.1% |
| 41448 | 332 | 0.332 | 3.767 | 0.531 | 4.653 | 81.0% | 11.4% |
| 41459 | 316 | 0.305 | 3.607 | 0.417 | 4.351 | 82.9% | 9.6% |
| 41466 | 308 | 0.297 | 2.628 | 0.422 | 3.368 | 78.0% | 12.5% |
| 41478 | 300 | 0.276 | 2.587 | 0.455 | 3.336 | 77.5% | 13.6% |
| 41489 | 302 | 0.264 | 2.769 | 0.410 | 3.465 | 79.9% | 11.8% |
| 41497 | 295 | 0.270 | 2.578 | 0.379 | 3.247 | 79.4% | 11.7% |
| 41509 | 303 | 0.282 | 2.030 | 0.403 | 2.738 | 74.1% | 14.7% |
| 41518 | 304 | 0.261 | 2.054 | 0.545 | 2.882 | 71.3% | 18.9% |
| 41528 | 309 | 0.326 | 2.245 | 0.440 | 3.033 | 74.0% | 14.5% |
| 41538 | 326 | 0.313 | 1.784 | 0.445 | 2.560 | 69.7% | 17.4% |
| 41548 | 333 | 0.275 | 1.932 | 0.469 | 2.699 | 71.6% | 17.4% |
| 41561 | 343 | 0.382 | 2.886 | 0.474 | 3.771 | 76.5% | 12.6% |
| 41569 | 346 | 0.291 | 2.426 | 0.470 | 3.211 | 75.5% | 14.6% |
| 41581 | 347 | 0.295 | 2.162 | 0.487 | 2.969 | 72.8% | 16.4% |
| 41592 | 359 | 0.325 | 3.921 | 0.431 | 4.704 | 83.3% | 9.2% |
| 41602 | 356 | 0.354 | 2.995 | 0.540 | 3.913 | 76.5% | 13.8% |
| 41612 | 353 | 0.322 | 4.911 | 0.505 | 5.762 | 85.2% | 8.8% |
| 41622 | 361 | 0.281 | 3.236 | 0.507 | 4.045 | 80.0% | 12.5% |
| 41631 | 360 | 0.316 | 4.537 | 0.517 | 5.395 | 84.1% | 9.6% |
| 41645 | 353 | 0.312 | 2.955 | 0.550 | 3.841 | 76.9% | 14.3% |
| 41654 | 355 | 0.340 | 4.669 | 0.518 | 5.550 | 84.1% | 9.3% |
| 41664 | 343 | 0.371 | 2.995 | 0.489 | 3.878 | 77.2% | 12.6% |
| 41675 | 313 | 0.364 | 2.851 | 0.630 | 3.872 | 73.6% | 16.3% |
| 41686 | 297 | 0.269 | 2.484 | 0.514 | 3.286 | 75.6% | 15.6% |
| 41694 | 266 | 0.241 | 2.588 | 0.362 | 3.210 | 80.6% | 11.3% |
| 41702 | 257 | 0.274 | 1.879 | 0.346 | 2.517 | 74.7% | 13.8% |
| 41717 | 263 | 0.225 | 1.748 | 0.440 | 2.431 | 71.9% | 18.1% |
| 41727 | 254 | 0.224 | 1.762 | 0.303 | 2.306 | 76.4% | 13.1% |
| 41738 | 244 | 0.242 | 1.667 | 0.241 | 2.166 | 77.0% | 11.1% |
| 41748 | 256 | 0.209 | 1.787 | 0.399 | 2.411 | 74.1% | 16.5% |
| 41758 | 238 | 0.216 | 2.053 | 0.285 | 2.570 | 79.9% | 11.1% |
| 41768 | 237 | 0.193 | 1.778 | 0.266 | 2.252 | 78.9% | 11.8% |
| 41779 | 221 | 0.192 | 2.026 | 0.220 | 2.453 | 82.6% | 8.9% |
| 41789 | 231 | 0.207 | 1.720 | 0.275 | 2.218 | 77.5% | 12.4% |
| 41799 | 254 | 0.216 | 1.760 | 0.287 | 2.281 | 77.2% | 12.6% |
| 41809 | 259 | 0.279 | 1.925 | 0.293 | 2.515 | 76.5% | 11.7% |
| 41819 | 267 | 0.252 | 1.667 | 0.329 | 2.268 | 73.5% | 14.5% |
| 41829 | 293 | 0.266 | 1.746 | 0.327 | 2.360 | 74.0% | 13.8% |
| 41839 | 288 | 0.260 | 1.715 | 0.411 | 2.407 | 71.3% | 17.1% |
| 41849 | 299 | 0.264 | 1.717 | 0.454 | 2.457 | 69.9% | 18.5% |
| 41859 | 321 | 0.296 | 2.118 | 0.368 | 2.805 | 75.5% | 13.1% |
| 41869 | 327 | 0.278 | 1.690 | 0.448 | 2.436 | 69.4% | 18.4% |
| 41878 | 335 | 0.358 | 2.335 | 0.605 | 3.322 | 70.3% | 18.2% |
| 41892 | 360 | 0.272 | 2.359 | 0.561 | 3.217 | 73.3% | 17.4% |
| 41901 | 375 | 0.323 | 1.924 | 0.537 | 2.809 | 68.5% | 19.1% |
| 41913 | 390 | 0.346 | 2.581 | 0.618 | 3.571 | 72.3% | 17.3% |
| 41922 | 387 | 0.322 | 3.115 | 0.636 | 4.094 | 76.1% | 15.5% |
| 41932 | 419 | 0.328 | 3.110 | 0.717 | 4.182 | 74.4% | 17.1% |
| 41943 | 428 | 0.515 | 3.390 | 0.652 | 4.585 | 73.9% | 14.2% |
| 41954 | 416 | 0.352 | 5.755 | 0.614 | 6.749 | 85.3% | 9.1% |
| 41962 | 443 | 0.423 | 4.397 | 0.659 | 5.511 | 79.8% | 12.0% |
| 41973 | 455 | 0.623 | 4.651 | 0.804 | 6.105 | 76.2% | 13.2% |
| 41983 | 473 | 0.411 | 4.738 | 0.836 | 6.017 | 78.7% | 13.9% |
| 41993 | 470 | 0.486 | 3.443 | 0.745 | 4.697 | 73.3% | 15.9% |
| 42006 | 453 | 0.396 | 4.369 | 0.700 | 5.495 | 79.5% | 12.7% |
| 42016 | 466 | 0.398 | 3.421 | 0.707 | 4.558 | 75.1% | 15.5% |
| 42027 | 444 | 0.386 | 3.601 | 0.593 | 4.611 | 78.1% | 12.9% |
| 42037 | 429 | 0.428 | 3.661 | 0.657 | 4.776 | 76.6% | 13.8% |
| 42047 | 428 | 0.382 | 4.097 | 0.538 | 5.048 | 81.2% | 10.7% |
| 42056 | 428 | 0.392 | 3.467 | 0.651 | 4.539 | 76.4% | 14.3% |
| 42066 | 397 | 0.345 | 4.618 | 0.571 | 5.562 | 83.0% | 10.3% |
| 42078 | 381 | 0.361 | 3.323 | 0.552 | 4.263 | 77.9% | 12.9% |
| 42088 | 375 | 0.408 | 2.980 | 0.624 | 4.038 | 73.8% | 15.4% |
| 42097 | 369 | 0.349 | 3.065 | 0.572 | 4.013 | 76.4% | 14.3% |
| 42107 | 377 | 0.329 | 3.908 | 0.518 | 4.779 | 81.8% | 10.8% |
| 42120 | 362 | 0.305 | 3.669 | 0.542 | 4.542 | 80.8% | 11.9% |
| 42129 | 374 | 0.337 | 2.828 | 0.551 | 3.739 | 75.6% | 14.7% |
| 42139 | 371 | 0.322 | 3.119 | 0.520 | 3.985 | 78.3% | 13.1% |
| 42148 | 365 | 0.321 | 3.100 | 0.510 | 3.955 | 78.4% | 12.9% |
| 42158 | 365 | 0.353 | 2.972 | 0.535 | 3.885 | 76.5% | 13.8% |
| 42171 | 381 | 0.463 | 3.131 | 0.544 | 4.162 | 75.2% | 13.1% |
| 42181 | 374 | 0.324 | 3.260 | 0.538 | 4.146 | 78.6% | 13.0% |
| 42190 | 377 | 0.336 | 3.356 | 0.594 | 4.311 | 77.9% | 13.8% |
| 42200 | 364 | 0.345 | 3.510 | 0.584 | 4.463 | 78.6% | 13.1% |
| 42213 | 368 | 0.321 | 2.744 | 0.538 | 3.629 | 75.6% | 14.8% |
| 42222 | 346 | 0.342 | 3.079 | 0.521 | 3.963 | 77.7% | 13.1% |
| 42232 | 347 | 0.305 | 2.748 | 0.505 | 3.583 | 76.7% | 14.1% |
| 42241 | 345 | 0.314 | 5.835 | 0.594 | 6.767 | 86.2% | 8.8% |
| 42251 | 338 | 0.309 | 3.097 | 0.487 | 3.914 | 79.1% | 12.4% |
| 42265 | 333 | 0.302 | 3.004 | 0.452 | 3.783 | 79.4% | 11.9% |
| 42275 | 316 | 0.360 | 2.662 | 0.765 | 3.808 | 69.9% | 20.1% |
| 42282 | 302 | 0.270 | 2.824 | 0.459 | 3.582 | 78.8% | 12.8% |
| 42293 | 291 | 0.297 | 3.921 | 0.368 | 4.607 | 85.1% | 8.0% |
| 42304 | 269 | 0.249 | 2.779 | 0.374 | 3.419 | 81.3% | 10.9% |
| 42316 | 254 | 0.273 | 2.367 | 0.357 | 3.014 | 78.5% | 11.9% |
| 42325 | 256 | 0.261 | 2.172 | 0.342 | 2.793 | 77.7% | 12.3% |
| 42335 | 243 | 0.219 | 1.700 | 0.279 | 2.215 | 76.7% | 12.6% |
| 42345 | 228 | 0.198 | 2.051 | 0.280 | 2.542 | 80.7% | 11.0% |
| 42356 | 225 | 0.212 | 1.737 | 0.275 | 2.240 | 77.5% | 12.3% |
| 42366 | 229 | 0.206 | 1.724 | 0.284 | 2.230 | 77.3% | 12.7% |
| 42376 | 225 | 0.182 | 1.381 | 0.283 | 1.861 | 74.2% | 15.2% |
| 42386 | 226 | 0.214 | 1.747 | 0.270 | 2.247 | 77.8% | 12.0% |
| 42396 | 223 | 0.277 | 2.036 | 0.302 | 2.632 | 77.4% | 11.5% |
| 42407 | 218 | 0.228 | 1.849 | 0.267 | 2.359 | 78.4% | 11.3% |
| 42417 | 222 | 0.255 | 1.845 | 0.310 | 2.423 | 76.1% | 12.8% |
| 42427 | 217 | 0.206 | 2.054 | 0.295 | 2.570 | 79.9% | 11.5% |
| 42437 | 209 | 0.240 | 1.432 | 0.282 | 1.969 | 72.7% | 14.3% |
| 42447 | 213 | 0.235 | 1.750 | 0.218 | 2.216 | 78.9% | 9.8% |
| 42457 | 217 | 0.198 | 1.752 | 0.221 | 2.184 | 80.2% | 10.1% |
| 42467 | 216 | 0.201 | 1.750 | 0.257 | 2.225 | 78.6% | 11.5% |
| 42478 | 210 | 0.206 | 2.038 | 0.242 | 2.503 | 81.5% | 9.7% |
| 42488 | 217 | 0.213 | 1.670 | 0.207 | 2.103 | 79.4% | 9.8% |
| 42498 | 222 | 0.215 | 1.727 | 0.246 | 2.205 | 78.3% | 11.2% |
| 42508 | 236 | 0.229 | 1.760 | 0.314 | 2.321 | 75.9% | 13.5% |
| 42518 | 258 | 0.239 | 2.104 | 0.400 | 2.762 | 76.2% | 14.5% |
| 42533 | 275 | 0.238 | 1.736 | 0.329 | 2.322 | 74.8% | 14.2% |
| 42543 | 292 | 0.277 | 1.780 | 0.366 | 2.441 | 72.9% | 15.0% |
| 42553 | 306 | 0.307 | 1.854 | 0.421 | 2.601 | 71.3% | 16.2% |
| 42562 | 323 | 0.322 | 2.038 | 0.523 | 2.902 | 70.2% | 18.0% |
| 42571 | 342 | 0.312 | 2.643 | 0.495 | 3.473 | 76.1% | 14.3% |
| 42584 | 375 | 0.336 | 2.062 | 0.553 | 2.975 | 69.3% | 18.6% |
| 42592 | 395 | 0.409 | 2.116 | 0.558 | 3.109 | 68.1% | 18.0% |
| 42603 | 409 | 0.398 | 2.672 | 0.587 | 3.681 | 72.6% | 16.0% |
| 42615 | 417 | 0.474 | 5.448 | 0.518 | 6.464 | 84.3% | 8.0% |
| 42624 | 404 | 0.386 | 2.940 | 0.605 | 3.956 | 74.3% | 15.3% |
| 42635 | 423 | 0.408 | 4.519 | 0.650 | 5.603 | 80.7% | 11.6% |
| 42646 | 409 | 0.394 | 3.578 | 0.671 | 4.667 | 76.6% | 14.4% |
| 42657 | 406 | 0.399 | 4.570 | 0.600 | 5.596 | 81.7% | 10.7% |
| 42666 | 397 | 0.398 | 4.391 | 0.636 | 5.452 | 80.5% | 11.7% |
| 42675 | 386 | 0.432 | 4.089 | 0.671 | 5.218 | 78.4% | 12.9% |
| 42687 | 382 | 0.352 | 3.345 | 0.573 | 4.296 | 77.9% | 13.3% |
| 42697 | 386 | 0.372 | 3.523 | 0.580 | 4.500 | 78.3% | 12.9% |
| 42706 | 367 | 0.369 | 3.119 | 0.536 | 4.049 | 77.0% | 13.2% |
| 42716 | 352 | 0.347 | 3.922 | 0.518 | 4.812 | 81.5% | 10.8% |
| 42729 | 355 | 0.314 | 3.068 | 0.611 | 4.018 | 76.4% | 15.2% |
| 42739 | 362 | 0.357 | 4.983 | 0.522 | 5.883 | 84.7% | 8.9% |
| 42749 | 362 | 0.318 | 3.553 | 0.420 | 4.315 | 82.3% | 9.7% |
| 42758 | 367 | 0.344 | 3.706 | 0.435 | 4.512 | 82.1% | 9.6% |
| 42768 | 364 | 0.380 | 3.788 | 0.407 | 4.600 | 82.3% | 8.8% |
| 42781 | 358 | 0.311 | 3.429 | 0.429 | 4.196 | 81.7% | 10.2% |
| 42791 | 369 | 0.350 | 2.833 | 0.525 | 3.733 | 75.9% | 14.1% |
| 42800 | 366 | 0.299 | 2.808 | 0.506 | 3.639 | 77.2% | 13.9% |
| 42810 | 378 | 0.319 | 5.084 | 0.590 | 6.019 | 84.5% | 9.8% |
| 42823 | 359 | 0.311 | 3.328 | 0.516 | 4.179 | 79.6% | 12.3% |
| 42832 | 354 | 0.301 | 3.726 | 0.480 | 4.533 | 82.2% | 10.6% |
| 42842 | 357 | 0.316 | 2.905 | 0.498 | 3.744 | 77.6% | 13.3% |
| 42852 | 327 | 0.321 | 3.007 | 0.629 | 3.981 | 75.5% | 15.8% |
| 42863 | 317 | 0.315 | 3.718 | 0.439 | 4.495 | 82.7% | 9.8% |
| 42871 | 311 | 0.277 | 2.905 | 0.437 | 3.642 | 79.8% | 12.0% |
| 42883 | 305 | 0.278 | 2.078 | 0.436 | 2.815 | 73.8% | 15.5% |
| 42893 | 304 | 0.293 | 2.474 | 0.455 | 3.243 | 76.3% | 14.0% |
| 42903 | 307 | 0.305 | 1.762 | 0.398 | 2.489 | 70.8% | 16.0% |
| 42913 | 326 | 0.284 | 1.828 | 0.451 | 2.586 | 70.7% | 17.4% |
| 42926 | 338 | 0.299 | 2.020 | 0.450 | 2.793 | 72.3% | 16.1% |
| 42934 | 318 | 0.280 | 1.928 | 0.491 | 2.720 | 70.9% | 18.0% |
| 42943 | 320 | 0.269 | 1.781 | 0.431 | 2.504 | 71.1% | 17.2% |
| 42957 | 317 | 0.304 | 2.509 | 0.450 | 3.286 | 76.3% | 13.7% |
| 42965 | 317 | 0.276 | 1.950 | 0.436 | 2.684 | 72.7% | 16.3% |
| 42975 | 337 | 0.307 | 1.868 | 0.426 | 2.625 | 71.2% | 16.2% |
| 42984 | 349 | 0.315 | 1.987 | 0.506 | 2.829 | 70.2% | 17.9% |
| 42997 | 356 | 0.359 | 1.945 | 0.534 | 2.860 | 68.0% | 18.7% |
| 43006 | 370 | 0.369 | 2.757 | 0.535 | 3.734 | 73.8% | 14.3% |
| 43019 | 352 | 0.323 | 1.908 | 0.424 | 2.679 | 71.2% | 15.8% |
| 43027 | 344 | 0.328 | 1.954 | 0.559 | 2.862 | 68.3% | 19.6% |
| 43039 | 372 | 0.334 | 2.329 | 0.561 | 3.249 | 71.7% | 17.3% |
| 43047 | 366 | 0.314 | 1.968 | 0.518 | 2.824 | 69.7% | 18.3% |
| 43058 | 354 | 0.314 | 3.886 | 0.491 | 4.716 | 82.4% | 10.4% |
| 43068 | 346 | 0.347 | 3.145 | 0.503 | 4.018 | 78.3% | 12.5% |
| 43078 | 341 | 0.370 | 3.955 | 0.506 | 4.851 | 81.5% | 10.4% |
| 43088 | 314 | 0.284 | 2.762 | 0.560 | 3.627 | 76.2% | 15.4% |
| 43099 | 312 | 0.279 | 2.016 | 0.402 | 2.717 | 74.2% | 14.8% |
| 43112 | 305 | 0.339 | 2.789 | 0.356 | 3.505 | 79.6% | 10.1% |
| 43120 | 327 | 0.273 | 2.642 | 0.453 | 3.391 | 77.9% | 13.4% |
| 43131 | 317 | 0.308 | 2.821 | 0.427 | 3.580 | 78.8% | 11.9% |
| 43142 | 324 | 0.450 | 4.274 | 0.412 | 5.153 | 82.9% | 8.0% |
| 43152 | 321 | 0.273 | 3.027 | 0.448 | 3.770 | 80.3% | 11.9% |
| 43163 | 316 | 0.281 | 3.053 | 0.427 | 3.784 | 80.7% | 11.3% |
| 43171 | 320 | 0.279 | 2.424 | 0.443 | 3.169 | 76.5% | 14.0% |
| 43183 | 322 | 0.281 | 2.707 | 0.454 | 3.462 | 78.2% | 13.1% |
| 43194 | 317 | 0.299 | 2.945 | 0.446 | 3.712 | 79.3% | 12.0% |
| 43201 | 321 | 0.291 | 3.021 | 0.427 | 3.758 | 80.4% | 11.4% |
| 43213 | 318 | 0.296 | 2.491 | 0.446 | 3.255 | 76.5% | 13.7% |
| 43224 | 294 | 0.269 | 2.734 | 0.349 | 3.372 | 81.1% | 10.3% |
| 43232 | 297 | 0.259 | 2.685 | 0.398 | 3.364 | 79.8% | 11.8% |
| 43244 | 295 | 0.287 | 2.592 | 0.406 | 3.303 | 78.5% | 12.3% |
| 43253 | 291 | 0.292 | 2.724 | 0.324 | 3.359 | 81.1% | 9.6% |
| 43263 | 292 | 0.291 | 2.763 | 0.331 | 3.404 | 81.2% | 9.7% |
| 43273 | 277 | 0.258 | 1.713 | 0.303 | 2.294 | 74.7% | 13.2% |
| 43283 | 290 | 0.339 | 1.861 | 0.314 | 2.534 | 73.4% | 12.4% |
| 43298 | 296 | 0.267 | 1.737 | 0.333 | 2.359 | 73.6% | 14.1% |
| 43308 | 304 | 0.323 | 2.461 | 0.488 | 3.292 | 74.8% | 14.8% |
| 43317 | 313 | 0.356 | 1.831 | 0.488 | 2.695 | 67.9% | 18.1% |
| 43327 | 315 | 0.289 | 1.714 | 0.370 | 2.393 | 71.6% | 15.5% |
| 43337 | 341 | 0.296 | 2.188 | 0.556 | 3.062 | 71.5% | 18.2% |
| 43346 | 354 | 0.318 | 2.095 | 0.494 | 2.929 | 71.5% | 16.9% |
| 43359 | 361 | 0.331 | 1.926 | 0.467 | 2.748 | 70.1% | 17.0% |
| 43367 | 362 | 0.345 | 1.958 | 0.486 | 2.814 | 69.6% | 17.3% |
| 43379 | 365 | 0.347 | 2.663 | 0.520 | 3.555 | 74.9% | 14.6% |
| 43389 | 372 | 0.318 | 3.087 | 0.596 | 4.025 | 76.7% | 14.8% |
| 43398 | 363 | 0.353 | 2.928 | 0.531 | 3.835 | 76.3% | 13.8% |
| 43411 | 374 | 0.364 | 3.098 | 0.626 | 4.112 | 75.3% | 15.2% |
| 43420 | 368 | 0.444 | 3.103 | 0.573 | 4.143 | 74.9% | 13.8% |
| 43430 | 373 | 0.382 | 3.260 | 0.536 | 4.203 | 77.6% | 12.8% |
| 43440 | 371 | 0.308 | 5.455 | 0.656 | 6.443 | 84.7% | 10.2% |
| 43453 | 362 | 0.320 | 3.025 | 0.567 | 3.933 | 76.9% | 14.4% |
| 43463 | 357 | 0.294 | 2.957 | 0.511 | 3.784 | 78.1% | 13.5% |
| 43473 | 367 | 0.332 | 2.993 | 0.585 | 3.934 | 76.1% | 14.9% |
| 43482 | 371 | 0.316 | 3.558 | 0.718 | 4.617 | 77.1% | 15.5% |
| 43492 | 360 | 0.308 | 3.486 | 0.713 | 4.531 | 77.0% | 15.7% |
| 43501 | 341 | 0.343 | 3.278 | 0.631 | 4.272 | 76.7% | 14.8% |
| 43515 | 338 | 0.270 | 3.569 | 0.466 | 4.329 | 82.4% | 10.8% |
| 43522 | 323 | 0.251 | 2.580 | 0.434 | 3.287 | 78.5% | 13.2% |
| 43533 | 291 | 0.263 | 2.659 | 0.393 | 3.338 | 79.7% | 11.8% |
| 43546 | 290 | 0.252 | 1.743 | 0.397 | 2.412 | 72.3% | 16.4% |
| 43556 | 293 | 0.259 | 1.885 | 0.418 | 2.582 | 73.0% | 16.2% |
| 43566 | 281 | 0.254 | 1.696 | 0.386 | 2.352 | 72.1% | 16.4% |
| 43576 | 280 | 0.272 | 2.438 | 0.368 | 3.099 | 78.7% | 11.9% |
| 43586 | 265 | 0.248 | 2.326 | 0.288 | 2.880 | 80.8% | 10.0% |
| 43596 | 260 | 0.243 | 1.672 | 0.318 | 2.251 | 74.3% | 14.1% |
| 43606 | 265 | 0.358 | 2.131 | 0.354 | 2.859 | 74.5% | 12.4% |
| 43616 | 267 | 0.242 | 1.722 | 0.318 | 2.302 | 74.8% | 13.8% |
| 43627 | 261 | 0.268 | 1.871 | 0.387 | 2.544 | 73.6% | 15.2% |
| 43637 | 276 | 0.250 | 1.808 | 0.383 | 2.459 | 73.5% | 15.6% |
| 43647 | 287 | 0.239 | 2.276 | 0.452 | 2.986 | 76.2% | 15.1% |
| 43656 | 298 | 0.242 | 1.679 | 0.334 | 2.276 | 73.8% | 14.7% |
| 43666 | 320 | 0.258 | 1.683 | 0.344 | 2.306 | 73.0% | 14.9% |
| 43676 | 326 | 0.271 | 2.108 | 0.470 | 2.870 | 73.4% | 16.4% |
| 43690 | 346 | 0.291 | 1.740 | 0.448 | 2.501 | 69.5% | 17.9% |
| 43699 | 357 | 0.324 | 1.992 | 0.525 | 2.866 | 69.5% | 18.3% |
| 43708 | 356 | 0.349 | 2.025 | 0.591 | 2.988 | 67.8% | 19.8% |
| 43720 | 366 | 0.303 | 1.942 | 0.428 | 2.695 | 72.1% | 15.9% |
| 43729 | 375 | 0.312 | 2.040 | 0.505 | 2.881 | 70.8% | 17.5% |
| 43741 | 391 | 0.335 | 2.008 | 0.567 | 2.936 | 68.4% | 19.3% |
| 43752 | 405 | 0.363 | 3.687 | 0.597 | 4.669 | 79.0% | 12.8% |
| 43762 | 415 | 0.429 | 2.993 | 0.677 | 4.125 | 72.5% | 16.4% |
| 43773 | 432 | 0.387 | 4.267 | 0.657 | 5.341 | 79.9% | 12.3% |
| 43783 | 435 | 0.346 | 3.821 | 0.650 | 4.847 | 78.8% | 13.4% |
| 43794 | 429 | 0.377 | 3.482 | 0.693 | 4.581 | 76.0% | 15.1% |
| 43802 | 411 | 0.360 | 3.613 | 0.653 | 4.654 | 77.6% | 14.0% |
| 43813 | 396 | 0.336 | 3.307 | 0.577 | 4.250 | 77.8% | 13.6% |
| 43822 | 360 | 0.322 | 4.029 | 0.511 | 4.886 | 82.5% | 10.4% |
| 43835 | 352 | 0.312 | 2.978 | 0.500 | 3.812 | 78.1% | 13.1% |
| 43846 | 333 | 0.276 | 5.322 | 0.461 | 6.082 | 87.5% | 7.6% |
| 43853 | 335 | 0.337 | 2.681 | 0.474 | 3.514 | 76.3% | 13.5% |
| 43863 | 339 | 0.323 | 4.685 | 0.678 | 5.711 | 82.0% | 11.9% |
| 43874 | 330 | 0.286 | 2.662 | 0.448 | 3.420 | 77.8% | 13.1% |
| 43884 | 311 | 0.246 | 4.923 | 0.402 | 5.590 | 88.1% | 7.2% |
| 43895 | 314 | 0.321 | 3.567 | 0.457 | 4.362 | 81.8% | 10.5% |
| 43906 | 306 | 0.300 | 3.553 | 0.384 | 4.257 | 83.5% | 9.0% |
| 43915 | 313 | 0.265 | 2.878 | 0.461 | 3.625 | 79.4% | 12.7% |
| 43927 | 302 | 0.286 | 2.831 | 0.599 | 3.736 | 75.8% | 16.0% |
| 43937 | 303 | 0.270 | 1.651 | 0.350 | 2.292 | 72.0% | 15.3% |
| 43947 | 315 | 0.284 | 1.840 | 0.478 | 2.620 | 70.2% | 18.2% |
| 43956 | 330 | 0.321 | 2.151 | 0.483 | 2.978 | 72.2% | 16.2% |
| 43965 | 335 | 0.316 | 2.180 | 0.454 | 2.973 | 73.3% | 15.3% |
| 43979 | 341 | 0.293 | 2.455 | 0.499 | 3.269 | 75.1% | 15.3% |
| 43988 | 355 | 0.352 | 2.122 | 0.518 | 3.011 | 70.5% | 17.2% |
| 44000 | 381 | 0.302 | 1.892 | 0.456 | 2.672 | 70.8% | 17.1% |
| 44008 | 415 | 0.328 | 2.753 | 0.730 | 3.834 | 71.8% | 19.0% |
| 44020 | 427 | 0.424 | 3.687 | 0.617 | 4.757 | 77.5% | 13.0% |
| 44031 | 435 | 0.363 | 3.488 | 0.534 | 4.415 | 79.0% | 12.1% |
| 44041 | 427 | 0.379 | 3.290 | 0.663 | 4.358 | 75.5% | 15.2% |
| 44051 | 427 | 0.377 | 3.593 | 0.631 | 4.631 | 77.6% | 13.6% |
| 44062 | 433 | 0.440 | 6.971 | 0.687 | 8.123 | 85.8% | 8.5% |
| 44073 | 424 | 0.411 | 3.608 | 0.636 | 4.684 | 77.0% | 13.6% |
| 44081 | 428 | 0.453 | 5.646 | 0.859 | 6.983 | 80.8% | 12.3% |
| 44092 | 431 | 0.380 | 4.187 | 0.638 | 5.234 | 80.0% | 12.2% |
| 44102 | 413 | 0.341 | 3.438 | 0.629 | 4.435 | 77.5% | 14.2% |
| 44113 | 409 | 0.334 | 3.349 | 0.563 | 4.275 | 78.3% | 13.2% |
| 44125 | 401 | 0.666 | 3.841 | 0.692 | 5.226 | 73.5% | 13.2% |
| 44133 | 409 | 0.345 | 3.531 | 0.530 | 4.434 | 79.6% | 11.9% |
| 44142 | 395 | 0.375 | 4.323 | 0.477 | 5.203 | 83.1% | 9.2% |
| 44155 | 389 | 0.350 | 4.426 | 0.598 | 5.397 | 82.0% | 11.1% |
| 44164 | 395 | 0.347 | 4.630 | 0.570 | 5.575 | 83.0% | 10.2% |
| 44176 | 369 | 0.352 | 3.291 | 0.507 | 4.171 | 78.9% | 12.2% |
| 44186 | 371 | 0.302 | 3.742 | 0.502 | 4.572 | 81.8% | 11.0% |
| 44195 | 364 | 0.317 | 3.043 | 0.510 | 3.893 | 78.2% | 13.1% |
| 44205 | 340 | 0.250 | 2.895 | 0.483 | 3.653 | 79.3% | 13.2% |
| 44215 | 345 | 0.278 | 4.300 | 0.457 | 5.057 | 85.0% | 9.0% |
| 44226 | 335 | 0.313 | 3.033 | 0.494 | 3.864 | 78.5% | 12.8% |
| 44236 | 332 | 0.332 | 2.932 | 0.532 | 3.817 | 76.8% | 13.9% |
| 44247 | 330 | 0.310 | 3.662 | 0.365 | 4.356 | 84.1% | 8.4% |
| 44258 | 322 | 0.313 | 2.513 | 0.456 | 3.307 | 76.0% | 13.8% |
| 44266 | 313 | 0.302 | 2.363 | 0.404 | 3.092 | 76.4% | 13.1% |
| 44277 | 304 | 0.282 | 2.869 | 0.386 | 3.559 | 80.6% | 10.9% |
| 44289 | 290 | 0.273 | 3.501 | 0.361 | 4.156 | 84.2% | 8.7% |
| 44297 | 269 | 0.231 | 3.191 | 0.471 | 3.913 | 81.6% | 12.0% |
| 44311 | 276 | 0.232 | 2.157 | 0.301 | 2.712 | 79.6% | 11.1% |
| 44321 | 274 | 0.271 | 1.759 | 0.269 | 2.320 | 75.8% | 11.6% |
| 44331 | 277 | 0.238 | 2.986 | 0.455 | 3.698 | 80.7% | 12.3% |
| 44341 | 284 | 0.306 | 2.396 | 0.375 | 3.098 | 77.3% | 12.1% |
| 44351 | 265 | 0.268 | 1.804 | 0.347 | 2.437 | 74.0% | 14.3% |
| 44361 | 264 | 0.266 | 1.842 | 0.376 | 2.501 | 73.6% | 15.0% |
| 44371 | 282 | 0.346 | 2.015 | 0.354 | 2.731 | 73.8% | 13.0% |
| 44381 | 268 | 0.250 | 1.179 | 0.340 | 1.785 | 66.1% | 19.1% |
| 44391 | 280 | 0.214 | 1.110 | 0.388 | 1.727 | 64.3% | 22.4% |
| 44401 | 271 | 0.248 | 1.479 | 0.354 | 2.101 | 70.4% | 16.9% |
| 44411 | 285 | 0.279 | 1.126 | 0.471 | 1.896 | 59.4% | 24.8% |
| 44421 | 297 | 0.281 | 1.543 | 0.390 | 2.234 | 69.1% | 17.5% |
| 44431 | 307 | 0.310 | 1.523 | 0.411 | 2.265 | 67.3% | 18.1% |
| 44441 | 324 | 0.326 | 1.777 | 0.414 | 2.536 | 70.1% | 16.3% |
| 44451 | 323 | 0.407 | 2.062 | 0.453 | 2.940 | 70.1% | 15.4% |
| 44465 | 309 | 0.275 | 1.450 | 0.429 | 2.173 | 66.7% | 19.7% |
| 44475 | 309 | 0.306 | 1.608 | 0.382 | 2.316 | 69.4% | 16.5% |
| 44484 | 311 | 0.301 | 1.405 | 0.394 | 2.126 | 66.1% | 18.5% |
| 44495 | 310 | 0.425 | 2.042 | 0.464 | 2.954 | 69.1% | 15.7% |
| 44505 | 289 | 0.280 | 1.728 | 0.387 | 2.413 | 71.6% | 16.0% |
| 44515 | 289 | 0.255 | 1.574 | 0.365 | 2.213 | 71.1% | 16.5% |
| 44525 | 262 | 0.278 | 2.545 | 0.292 | 3.131 | 81.3% | 9.3% |
| 44535 | 263 | 0.243 | 1.468 | 0.268 | 1.997 | 73.5% | 13.4% |
| 44545 | 278 | 0.289 | 1.839 | 0.447 | 2.596 | 70.9% | 17.2% |
| 44555 | 288 | 0.249 | 1.333 | 0.370 | 1.970 | 67.7% | 18.8% |
| 44565 | 306 | 0.318 | 1.789 | 0.427 | 2.552 | 70.1% | 16.7% |
| 44575 | 310 | 0.338 | 2.482 | 0.409 | 3.250 | 76.4% | 12.6% |
| 44589 | 312 | 0.299 | 1.674 | 0.377 | 2.373 | 70.5% | 15.9% |
| 44599 | 322 | 0.327 | 2.501 | 0.355 | 3.197 | 78.2% | 11.1% |
| 44609 | 317 | 0.454 | 2.324 | 0.471 | 3.270 | 71.1% | 14.4% |
| 44619 | 307 | 0.317 | 1.546 | 0.402 | 2.285 | 67.7% | 17.6% |
| 44629 | 326 | 0.326 | 1.844 | 0.452 | 2.645 | 69.7% | 17.1% |
| 44639 | 315 | 0.275 | 1.808 | 0.434 | 2.538 | 71.2% | 17.1% |
| 44649 | 318 | 0.291 | 1.769 | 0.424 | 2.502 | 70.7% | 16.9% |
| 44659 | 317 | 0.305 | 1.556 | 0.450 | 2.329 | 66.8% | 19.3% |
| 44669 | 321 | 0.334 | 1.706 | 0.416 | 2.482 | 68.7% | 16.8% |
| 44679 | 313 | 0.280 | 1.632 | 0.376 | 2.311 | 70.6% | 16.3% |
| 44689 | 327 | 0.291 | 1.761 | 0.712 | 2.786 | 63.2% | 25.5% |
| 44702 | 324 | 0.280 | 1.668 | 0.388 | 2.357 | 70.8% | 16.4% |
| 44712 | 336 | 0.287 | 1.596 | 0.419 | 2.325 | 68.6% | 18.0% |
| 44720 | 353 | 0.314 | 2.502 | 0.643 | 3.480 | 71.9% | 18.5% |
| 44734 | 374 | 0.351 | 1.587 | 0.536 | 2.498 | 63.5% | 21.5% |
| 44742 | 390 | 0.343 | 3.209 | 0.588 | 4.162 | 77.1% | 14.1% |
| 44752 | 391 | 0.338 | 2.492 | 0.549 | 3.404 | 73.2% | 16.1% |
| 44765 | 404 | 0.328 | 4.369 | 0.659 | 5.378 | 81.2% | 12.3% |
| 44774 | 422 | 0.369 | 3.291 | 0.693 | 4.381 | 75.1% | 15.8% |
| 44785 | 468 | 0.537 | 4.442 | 0.684 | 5.693 | 78.0% | 12.0% |
| 44796 | 459 | 0.475 | 4.990 | 0.724 | 6.218 | 80.2% | 11.6% |
| 44804 | 452 | 0.392 | 3.266 | 0.712 | 4.398 | 74.2% | 16.2% |
| 44815 | 469 | 0.368 | 3.836 | 0.790 | 5.020 | 76.4% | 15.7% |
| 44826 | 468 | 0.455 | 3.541 | 0.778 | 4.802 | 73.7% | 16.2% |
| 44838 | 433 | 0.380 | 3.243 | 0.695 | 4.342 | 74.7% | 16.0% |
| 44846 | 444 | 0.403 | 2.924 | 0.834 | 4.186 | 69.9% | 19.9% |
| 44857 | 434 | 0.519 | 2.930 | 0.657 | 4.130 | 70.9% | 15.9% |
| 44866 | 427 | 0.373 | 4.401 | 0.826 | 5.627 | 78.2% | 14.7% |
| 44878 | 433 | 0.444 | 4.316 | 0.685 | 5.472 | 78.9% | 12.5% |
| 44886 | 422 | 0.471 | 4.184 | 0.620 | 5.297 | 79.0% | 11.7% |
| 44898 | 412 | 0.373 | 3.450 | 0.618 | 4.466 | 77.3% | 13.8% |
| 44907 | 391 | 0.345 | 4.559 | 0.624 | 5.551 | 82.1% | 11.2% |
| 44919 | 379 | 0.365 | 2.600 | 0.488 | 3.477 | 74.8% | 14.0% |
| 44929 | 352 | 0.312 | 2.650 | 0.491 | 3.476 | 76.2% | 14.1% |
| 44940 | 361 | 0.350 | 2.759 | 0.519 | 3.649 | 75.6% | 14.2% |
| 44950 | 353 | 0.301 | 2.730 | 0.424 | 3.479 | 78.5% | 12.2% |
| 44960 | 349 | 0.335 | 4.912 | 0.552 | 5.820 | 84.4% | 9.5% |
| 44971 | 344 | 0.290 | 2.163 | 0.507 | 2.981 | 72.6% | 17.0% |
| 44982 | 342 | 0.315 | 2.356 | 0.393 | 3.087 | 76.3% | 12.7% |
| 44992 | 337 | 0.278 | 2.348 | 0.479 | 3.129 | 75.0% | 15.3% |
| 45000 | 344 | 0.349 | 2.507 | 0.483 | 3.360 | 74.6% | 14.4% |
| 45010 | 335 | 0.282 | 2.602 | 0.470 | 3.375 | 77.1% | 13.9% |
| 45021 | 330 | 0.303 | 2.636 | 0.453 | 3.415 | 77.2% | 13.3% |
| 45032 | 314 | 0.305 | 2.670 | 0.418 | 3.414 | 78.2% | 12.2% |
| 45043 | 315 | 0.293 | 5.161 | 0.498 | 5.976 | 86.4% | 8.3% |
| 45051 | 315 | 0.263 | 2.401 | 0.477 | 3.161 | 76.0% | 15.1% |
| 45062 | 321 | 0.283 | 2.446 | 0.435 | 3.187 | 76.8% | 13.6% |
| 45074 | 308 | 0.278 | 2.767 | 0.433 | 3.502 | 79.0% | 12.4% |
| 45085 | 304 | 0.272 | 2.842 | 0.454 | 3.592 | 79.1% | 12.6% |
| 45093 | 311 | 0.269 | 2.068 | 0.423 | 2.784 | 74.3% | 15.2% |
| 45105 | 310 | 0.315 | 2.501 | 0.444 | 3.280 | 76.2% | 13.5% |
| 45113 | 312 | 0.319 | 1.813 | 0.488 | 2.643 | 68.6% | 18.5% |
| 45123 | 307 | 0.271 | 1.536 | 0.342 | 2.171 | 70.8% | 15.7% |
| 45133 | 313 | 0.382 | 2.159 | 0.520 | 3.082 | 70.1% | 16.9% |
| 45148 | 310 | 0.264 | 2.259 | 0.358 | 2.903 | 77.8% | 12.3% |
| 45158 | 308 | 0.276 | 1.569 | 0.352 | 2.220 | 70.7% | 15.9% |
| 45168 | 321 | 0.304 | 1.981 | 0.504 | 2.809 | 70.5% | 18.0% |
| 45177 | 326 | 0.314 | 1.628 | 0.456 | 2.417 | 67.4% | 18.8% |
| 45187 | 336 | 0.297 | 1.612 | 0.553 | 2.487 | 64.8% | 22.2% |
| 45197 | 348 | 0.280 | 1.623 | 0.517 | 2.440 | 66.5% | 21.2% |
| 45206 | 349 | 0.322 | 1.692 | 0.541 | 2.578 | 65.6% | 21.0% |
| 45220 | 365 | 0.308 | 2.085 | 0.536 | 2.953 | 70.6% | 18.2% |
| 45229 | 354 | 0.334 | 1.669 | 0.571 | 2.596 | 64.3% | 22.0% |
| 45237 | 358 | 0.330 | 2.328 | 0.461 | 3.143 | 74.1% | 14.7% |
| 45249 | 363 | 0.390 | 2.385 | 0.560 | 3.359 | 71.0% | 16.7% |
| 45260 | 356 | 0.360 | 2.427 | 0.542 | 3.353 | 72.4% | 16.2% |
| 45270 | 353 | 0.320 | 2.797 | 0.654 | 3.793 | 73.7% | 17.2% |
| 45281 | 347 | 0.330 | 2.987 | 0.553 | 3.890 | 76.8% | 14.2% |
| 45291 | 345 | 0.334 | 2.701 | 0.516 | 3.574 | 75.6% | 14.4% |
| 45301 | 349 | 0.317 | 2.710 | 0.476 | 3.526 | 76.9% | 13.5% |
| 45312 | 348 | 0.299 | 2.287 | 0.519 | 3.129 | 73.1% | 16.6% |
| 45322 | 364 | 0.308 | 2.645 | 0.524 | 3.502 | 75.5% | 15.0% |
| 45332 | 384 | 0.360 | 2.689 | 0.629 | 3.703 | 72.6% | 17.0% |
| 45341 | 389 | 0.343 | 2.755 | 0.551 | 3.675 | 75.0% | 15.0% |
| 45353 | 398 | 0.407 | 4.944 | 0.481 | 5.859 | 84.4% | 8.2% |
| 45363 | 407 | 0.387 | 5.874 | 0.502 | 6.790 | 86.5% | 7.4% |
| 45375 | 404 | 0.455 | 8.057 | 0.494 | 9.049 | 89.0% | 5.5% |
| 45384 | 402 | 0.392 | 3.302 | 0.721 | 4.443 | 74.3% | 16.2% |
| 45393 | 390 | 0.326 | 3.449 | 0.556 | 4.354 | 79.2% | 12.8% |
| 45403 | 370 | 0.351 | 2.801 | 0.511 | 3.688 | 76.0% | 13.8% |
| 45413 | 349 | 0.288 | 2.498 | 0.521 | 3.330 | 75.0% | 15.6% |
| 45424 | 336 | 0.261 | 2.594 | 0.464 | 3.339 | 77.7% | 13.9% |
| 45434 | 322 | 0.285 | 2.448 | 0.497 | 3.252 | 75.3% | 15.3% |
| 45445 | 315 | 0.310 | 2.395 | 0.415 | 3.143 | 76.2% | 13.2% |
| 45457 | 297 | 0.282 | 3.662 | 0.483 | 4.446 | 82.4% | 10.9% |
| 45464 | 308 | 0.277 | 2.248 | 0.535 | 3.079 | 73.0% | 17.4% |
| 45477 | 306 | 0.276 | 1.663 | 0.399 | 2.358 | 70.5% | 16.9% |
| 45487 | 317 | 0.259 | 1.636 | 0.363 | 2.278 | 71.8% | 15.9% |
| 45497 | 331 | 0.341 | 2.041 | 0.541 | 2.943 | 69.4% | 18.4% |
| 45507 | 360 | 0.308 | 1.690 | 0.412 | 2.434 | 69.4% | 16.9% |
| 45515 | 364 | 0.297 | 1.746 | 0.428 | 2.493 | 70.0% | 17.2% |
| 45528 | 382 | 0.359 | 2.279 | 0.468 | 3.132 | 72.8% | 15.0% |
| 45539 | 407 | 0.329 | 3.482 | 0.619 | 4.455 | 78.2% | 13.9% |
| 45549 | 414 | 0.381 | 5.627 | 0.512 | 6.547 | 86.0% | 7.8% |
| 45558 | 426 | 0.449 | 3.278 | 0.533 | 4.284 | 76.5% | 12.4% |
| 45570 | 421 | 0.362 | 3.254 | 0.675 | 4.318 | 75.3% | 15.6% |
| 45581 | 417 | 0.403 | 3.255 | 0.645 | 4.330 | 75.2% | 14.9% |
| 45590 | 419 | 0.427 | 3.523 | 0.651 | 4.636 | 76.0% | 14.1% |
| 45602 | 399 | 0.348 | 3.248 | 0.629 | 4.252 | 76.4% | 14.8% |
| 45611 | 409 | 0.353 | 2.994 | 0.602 | 3.976 | 75.3% | 15.1% |
| 45620 | 390 | 0.499 | 4.497 | 0.570 | 5.593 | 80.4% | 10.2% |
| 45633 | 373 | 0.310 | 2.706 | 0.533 | 3.575 | 75.7% | 14.9% |
| 45643 | 365 | 0.341 | 2.944 | 0.512 | 3.822 | 77.0% | 13.4% |
| 45653 | 360 | 0.320 | 5.031 | 0.569 | 5.943 | 84.7% | 9.6% |
| 45663 | 344 | 0.332 | 2.534 | 0.481 | 3.367 | 75.2% | 14.3% |
| 45674 | 310 | 0.287 | 2.208 | 0.514 | 3.031 | 72.8% | 17.0% |
| 45682 | 285 | 0.309 | 2.351 | 0.324 | 3.008 | 78.2% | 10.8% |
| 45694 | 281 | 0.284 | 4.058 | 0.303 | 4.661 | 87.1% | 6.5% |
| 45703 | 258 | 0.277 | 2.314 | 0.338 | 2.946 | 78.6% | 11.5% |
| 45712 | 262 | 0.284 | 1.842 | 0.350 | 2.492 | 73.9% | 14.1% |
| 45722 | 257 | 0.252 | 1.740 | 0.319 | 2.327 | 74.8% | 13.7% |
| 45732 | 260 | 0.286 | 1.777 | 0.267 | 2.345 | 75.8% | 11.4% |
| 45742 | 262 | 0.293 | 1.788 | 0.273 | 2.374 | 75.3% | 11.5% |
| 45752 | 280 | 0.217 | 1.548 | 0.369 | 2.151 | 71.9% | 17.1% |
| 45768 | 294 | 0.253 | 1.601 | 0.359 | 2.233 | 71.7% | 16.1% |
| 45777 | 293 | 0.255 | 1.554 | 0.334 | 2.163 | 71.8% | 15.4% |
| 45787 | 311 | 0.330 | 2.685 | 0.437 | 3.470 | 77.4% | 12.6% |
| 45797 | 331 | 0.334 | 1.883 | 0.474 | 2.711 | 69.5% | 17.5% |
| 45806 | 352 | 0.329 | 2.024 | 0.509 | 2.885 | 70.1% | 17.6% |
| 45819 | 360 | 0.303 | 2.058 | 0.622 | 3.008 | 68.4% | 20.7% |
| 45828 | 374 | 0.333 | 2.240 | 0.566 | 3.165 | 70.8% | 17.9% |
| 45839 | 388 | 0.370 | 2.508 | 0.567 | 3.469 | 72.3% | 16.4% |
| 45848 | 411 | 0.385 | 3.329 | 0.577 | 4.315 | 77.1% | 13.4% |
| 45860 | 413 | 0.401 | 3.095 | 0.514 | 4.037 | 76.7% | 12.7% |
| 45869 | 415 | 0.369 | 4.211 | 0.610 | 5.217 | 80.7% | 11.7% |
| 45878 | 384 | 0.386 | 2.575 | 0.643 | 3.628 | 71.0% | 17.7% |
| 45891 | 375 | 0.362 | 3.377 | 0.549 | 4.314 | 78.3% | 12.7% |
| 45901 | 352 | 0.293 | 2.692 | 0.510 | 3.518 | 76.5% | 14.5% |
| 45911 | 346 | 0.313 | 3.663 | 0.553 | 4.556 | 80.4% | 12.1% |
| 45922 | 312 | 0.280 | 2.543 | 0.448 | 3.294 | 77.2% | 13.6% |
| 45933 | 306 | 0.255 | 2.368 | 0.494 | 3.141 | 75.4% | 15.7% |
| 45940 | 307 | 0.335 | 2.131 | 0.513 | 3.002 | 71.0% | 17.1% |
| 45952 | 307 | 0.276 | 2.510 | 0.432 | 3.241 | 77.5% | 13.3% |
| 45963 | 284 | 0.237 | 2.358 | 0.426 | 3.043 | 77.5% | 14.0% |
| 45971 | 278 | 0.243 | 5.811 | 0.370 | 6.440 | 90.2% | 5.8% |
| 45983 | 268 | 0.235 | 2.501 | 0.445 | 3.202 | 78.1% | 13.9% |
| 45991 | 270 | 0.414 | 3.388 | 0.374 | 4.195 | 80.8% | 8.9% |
| 46005 | 265 | 0.232 | 2.125 | 0.357 | 2.734 | 77.7% | 13.1% |
| 46014 | 258 | 0.249 | 1.780 | 0.298 | 2.344 | 76.0% | 12.7% |
| 46024 | 255 | 0.231 | 1.527 | 0.340 | 2.118 | 72.1% | 16.1% |
| 46034 | 263 | 0.236 | 1.749 | 0.354 | 2.359 | 74.2% | 15.0% |
| 46044 | 262 | 0.216 | 1.478 | 0.283 | 1.997 | 74.0% | 14.2% |
| 46055 | 267 | 0.260 | 1.535 | 0.347 | 2.161 | 71.0% | 16.1% |
| 46065 | 276 | 0.246 | 1.700 | 0.357 | 2.323 | 73.2% | 15.4% |
| 46075 | 286 | 0.231 | 1.626 | 0.290 | 2.167 | 75.0% | 13.4% |
| 46085 | 295 | 0.254 | 1.530 | 0.354 | 2.159 | 70.9% | 16.4% |
| 46095 | 299 | 0.274 | 1.763 | 0.390 | 2.445 | 72.1% | 15.9% |
| 46105 | 307 | 0.293 | 1.458 | 0.495 | 2.266 | 64.3% | 21.9% |
| 46115 | 308 | 0.295 | 1.480 | 0.430 | 2.224 | 66.6% | 19.3% |
| 46125 | 321 | 0.287 | 2.123 | 0.505 | 2.934 | 72.4% | 17.2% |
| 46139 | 312 | 0.261 | 1.609 | 0.334 | 2.222 | 72.4% | 15.0% |
| 46149 | 315 | 0.363 | 1.744 | 0.352 | 2.475 | 70.5% | 14.2% |
| 46158 | 310 | 0.326 | 1.981 | 0.442 | 2.769 | 71.5% | 16.0% |
| 46168 | 312 | 0.263 | 1.548 | 0.351 | 2.182 | 70.9% | 16.1% |
| 46178 | 313 | 0.281 | 1.741 | 0.396 | 2.437 | 71.4% | 16.2% |
| 46188 | 318 | 0.304 | 1.670 | 0.442 | 2.437 | 68.5% | 18.1% |
| 46198 | 319 | 0.327 | 1.771 | 0.450 | 2.569 | 69.0% | 17.5% |
| 46208 | 329 | 0.303 | 1.722 | 0.451 | 2.497 | 69.0% | 18.0% |
| 46222 | 354 | 0.303 | 1.670 | 0.528 | 2.524 | 66.2% | 20.9% |
| 46231 | 379 | 0.328 | 2.671 | 0.551 | 3.575 | 74.7% | 15.4% |
| 46239 | 382 | 0.387 | 1.819 | 0.559 | 2.786 | 65.3% | 20.1% |
| 46250 | 391 | 0.359 | 2.183 | 0.559 | 3.124 | 69.9% | 17.9% |
| 46263 | 408 | 0.370 | 3.071 | 0.592 | 4.056 | 75.7% | 14.6% |
| 46272 | 417 | 0.355 | 2.964 | 0.597 | 3.943 | 75.2% | 15.1% |
| 46283 | 419 | 0.362 | 3.681 | 0.602 | 4.673 | 78.8% | 12.9% |
| 46292 | 432 | 0.325 | 4.149 | 0.746 | 5.245 | 79.1% | 14.2% |
| 46304 | 446 | 0.405 | 3.113 | 0.663 | 4.208 | 74.0% | 15.7% |
| 46315 | 438 | 0.392 | 3.284 | 0.540 | 4.246 | 77.3% | 12.7% |
| 46325 | 422 | 0.363 | 4.258 | 0.658 | 5.308 | 80.2% | 12.4% |
| 46334 | 388 | 0.405 | 3.748 | 0.583 | 4.763 | 78.7% | 12.2% |
| 46343 | 377 | 0.361 | 3.423 | 0.611 | 4.416 | 77.5% | 13.8% |
| 46356 | 373 | 0.372 | 3.235 | 0.465 | 4.098 | 79.0% | 11.4% |
| 46366 | 362 | 0.382 | 3.502 | 0.665 | 4.567 | 76.7% | 14.6% |
| 46376 | 358 | 0.284 | 2.433 | 0.651 | 3.390 | 71.8% | 19.2% |
| 46386 | 348 | 0.298 | 2.531 | 0.492 | 3.343 | 75.7% | 14.7% |
| 46397 | 330 | 0.308 | 2.693 | 0.503 | 3.527 | 76.3% | 14.3% |
| 46407 | 331 | 0.250 | 2.533 | 0.444 | 3.247 | 78.0% | 13.7% |
| 46418 | 340 | 0.333 | 2.766 | 0.512 | 3.628 | 76.3% | 14.1% |
| 46429 | 324 | 0.263 | 3.468 | 0.463 | 4.215 | 82.3% | 11.0% |
| 46436 | 320 | 0.285 | 5.308 | 0.362 | 5.977 | 88.8% | 6.1% |
| 46447 | 327 | 0.277 | 2.584 | 0.439 | 3.324 | 77.7% | 13.2% |
| 46458 | 344 | 0.307 | 2.096 | 0.389 | 2.816 | 74.4% | 13.8% |
| 46468 | 364 | 0.346 | 2.763 | 0.533 | 3.666 | 75.4% | 14.5% |
| 46478 | 381 | 0.365 | 2.877 | 0.591 | 3.859 | 74.5% | 15.3% |
| 46490 | 399 | 0.441 | 5.508 | 0.603 | 6.582 | 83.7% | 9.2% |
| 46499 | 373 | 0.339 | 2.824 | 0.568 | 3.754 | 75.2% | 15.1% |
| 46509 | 352 | 0.300 | 3.314 | 0.531 | 4.170 | 79.5% | 12.7% |
| 46519 | 335 | 0.250 | 2.793 | 0.485 | 3.551 | 78.6% | 13.7% |
| 46529 | 315 | 0.289 | 2.420 | 0.460 | 3.190 | 75.9% | 14.4% |
| 46540 | 321 | 0.748 | 4.757 | 0.559 | 6.083 | 78.2% | 9.2% |
| 46551 | 313 | 0.279 | 5.887 | 0.372 | 6.561 | 89.7% | 5.7% |
| 46562 | 322 | 0.273 | 3.748 | 0.452 | 4.492 | 83.4% | 10.1% |
| 46573 | 339 | 0.302 | 2.504 | 0.455 | 3.286 | 76.2% | 13.8% |
| 46584 | 346 | 0.338 | 2.679 | 0.511 | 3.552 | 75.4% | 14.4% |
| 46594 | 336 | 0.300 | 3.062 | 0.409 | 3.796 | 80.7% | 10.8% |
| 46601 | 327 | 0.301 | 2.678 | 0.455 | 3.459 | 77.4% | 13.2% |
| 46612 | 294 | 0.264 | 2.788 | 0.438 | 3.513 | 79.4% | 12.5% |
| 46625 | 271 | 0.256 | 1.768 | 0.362 | 2.407 | 73.4% | 15.1% |
| 46633 | 250 | 0.241 | 2.325 | 0.332 | 2.919 | 79.6% | 11.4% |
| 46643 | 241 | 0.231 | 2.448 | 0.273 | 2.970 | 82.4% | 9.2% |
| 46654 | 248 | 0.252 | 2.236 | 0.284 | 2.792 | 80.1% | 10.2% |
| 46664 | 244 | 0.311 | 1.627 | 0.349 | 2.307 | 70.5% | 15.1% |
| 46674 | 250 | 0.231 | 1.617 | 0.278 | 2.143 | 75.4% | 13.0% |
| 46684 | 257 | 0.244 | 2.033 | 0.272 | 2.568 | 79.1% | 10.6% |
| 46694 | 277 | 0.229 | 1.761 | 0.307 | 2.315 | 76.0% | 13.3% |
| 46705 | 280 | 0.287 | 1.924 | 0.312 | 2.544 | 75.7% | 12.3% |
| 46715 | 283 | 0.279 | 2.054 | 0.312 | 2.661 | 77.2% | 11.7% |
| 46725 | 286 | 0.283 | 1.901 | 0.370 | 2.574 | 73.8% | 14.4% |
| 46735 | 302 | 0.243 | 1.840 | 0.481 | 2.583 | 71.2% | 18.6% |
| 46749 | 297 | 0.323 | 1.691 | 0.446 | 2.477 | 68.3% | 18.0% |
| 46759 | 308 | 0.275 | 1.635 | 0.356 | 2.287 | 71.5% | 15.6% |
| 46768 | 333 | 0.334 | 1.762 | 0.471 | 2.586 | 68.1% | 18.2% |
| 46778 | 322 | 0.363 | 1.959 | 0.438 | 2.778 | 70.5% | 15.8% |
| 46787 | 353 | 0.309 | 1.685 | 0.545 | 2.563 | 65.8% | 21.3% |
| 46800 | 388 | 0.369 | 2.426 | 0.747 | 3.567 | 68.0% | 20.9% |
| 46810 | 397 | 0.401 | 3.392 | 0.578 | 4.398 | 77.1% | 13.1% |
| 46820 | 411 | 0.348 | 3.931 | 0.622 | 4.929 | 79.8% | 12.6% |
| 46832 | 411 | 0.369 | 3.118 | 0.630 | 4.146 | 75.2% | 15.2% |
| 46840 | 425 | 0.348 | 2.899 | 0.757 | 4.028 | 72.0% | 18.8% |
| 46852 | 435 | 0.369 | 3.084 | 0.778 | 4.259 | 72.4% | 18.3% |
| 46860 | 431 | 0.379 | 3.106 | 0.657 | 4.171 | 74.5% | 15.7% |
| 46872 | 418 | 0.364 | 3.769 | 0.516 | 4.674 | 80.6% | 11.0% |
| 46884 | 421 | 0.404 | 4.231 | 0.618 | 5.281 | 80.1% | 11.7% |
| 46892 | 420 | 0.361 | 2.903 | 0.622 | 3.914 | 74.2% | 15.9% |
| 46904 | 420 | 0.353 | 2.975 | 0.599 | 3.951 | 75.3% | 15.2% |
| 46913 | 422 | 0.417 | 3.323 | 0.644 | 4.413 | 75.3% | 14.6% |
| 46924 | 419 | 0.336 | 3.796 | 0.628 | 4.784 | 79.3% | 13.1% |
| 46934 | 395 | 0.370 | 4.026 | 0.535 | 4.955 | 81.2% | 10.8% |
| 46943 | 366 | 0.315 | 4.820 | 0.556 | 5.716 | 84.3% | 9.7% |
| 46953 | 343 | 0.274 | 3.541 | 0.503 | 4.342 | 81.5% | 11.6% |
| 46964 | 318 | 0.305 | 4.164 | 0.500 | 4.987 | 83.5% | 10.0% |
| 46975 | 299 | 0.254 | 2.208 | 0.412 | 2.897 | 76.2% | 14.2% |
| 46983 | 288 | 0.273 | 2.978 | 0.332 | 3.604 | 82.6% | 9.2% |
| 46995 | 291 | 0.271 | 2.210 | 0.371 | 2.871 | 77.0% | 12.9% |
| 47004 | 280 | 0.239 | 2.357 | 0.356 | 2.973 | 79.3% | 12.0% |
| 47018 | 286 | 0.269 | 1.616 | 0.498 | 2.405 | 67.2% | 20.7% |
| 47028 | 299 | 0.271 | 1.558 | 0.295 | 2.148 | 72.6% | 13.8% |
| 47038 | 302 | 0.263 | 1.680 | 0.373 | 2.335 | 72.0% | 16.0% |
| 47047 | 307 | 0.271 | 2.745 | 0.425 | 3.462 | 79.3% | 12.3% |
| 47057 | 311 | 0.294 | 1.628 | 0.453 | 2.397 | 67.9% | 18.9% |
| 47067 | 336 | 0.259 | 1.619 | 0.451 | 2.352 | 68.8% | 19.2% |
| 47077 | 345 | 0.288 | 1.738 | 0.472 | 2.522 | 68.9% | 18.7% |
| 47086 | 355 | 0.320 | 1.864 | 0.485 | 2.692 | 69.2% | 18.0% |
| 47101 | 357 | 0.286 | 1.555 | 0.512 | 2.377 | 65.4% | 21.6% |
| 47110 | 358 | 0.346 | 1.718 | 0.533 | 2.616 | 65.7% | 20.4% |
| 47118 | 369 | 0.322 | 2.158 | 0.535 | 3.037 | 71.1% | 17.6% |
| 47129 | 360 | 0.346 | 2.793 | 0.550 | 3.712 | 75.2% | 14.8% |
| 47140 | 370 | 0.327 | 3.009 | 0.454 | 3.811 | 78.9% | 11.9% |
| 47149 | 355 | 0.308 | 2.762 | 0.506 | 3.600 | 76.7% | 14.1% |
| 47159 | 342 | 0.311 | 2.476 | 0.485 | 3.295 | 75.1% | 14.7% |
| 47170 | 337 | 0.281 | 2.770 | 0.558 | 3.632 | 76.3% | 15.4% |
| 47180 | 318 | 0.276 | 3.237 | 0.460 | 3.995 | 81.0% | 11.5% |
| 47191 | 294 | 0.347 | 3.422 | 0.406 | 4.195 | 81.6% | 9.7% |
| 47203 | 297 | 0.264 | 2.544 | 0.407 | 3.244 | 78.4% | 12.5% |
| 47214 | 305 | 0.284 | 1.973 | 0.408 | 2.687 | 73.4% | 15.2% |
| 47223 | 307 | 0.266 | 1.902 | 0.393 | 2.584 | 73.6% | 15.2% |
| 47233 | 298 | 0.255 | 1.720 | 0.502 | 2.499 | 68.8% | 20.1% |
| 47243 | 300 | 0.336 | 1.764 | 0.416 | 2.538 | 69.5% | 16.4% |
| 47253 | 305 | 0.291 | 2.090 | 0.502 | 2.906 | 71.9% | 17.3% |
| 47262 | 316 | 0.287 | 1.769 | 0.449 | 2.527 | 70.0% | 17.8% |
| 47276 | 315 | 0.251 | 1.714 | 0.378 | 2.368 | 72.4% | 16.0% |
| 47286 | 325 | 0.297 | 1.651 | 0.376 | 2.348 | 70.3% | 16.0% |
| 47295 | 318 | 0.285 | 1.656 | 0.451 | 2.416 | 68.5% | 18.7% |
| 47305 | 340 | 0.334 | 2.210 | 0.424 | 2.995 | 73.8% | 14.2% |
| 47314 | 346 | 0.348 | 4.045 | 0.508 | 4.925 | 82.1% | 10.3% |
| 47328 | 346 | 0.289 | 1.635 | 0.401 | 2.348 | 69.6% | 17.1% |
| 47337 | 357 | 0.293 | 1.820 | 0.510 | 2.647 | 68.7% | 19.3% |
| 47345 | 348 | 0.307 | 2.224 | 0.609 | 3.164 | 70.3% | 19.2% |
| 47358 | 349 | 0.435 | 5.476 | 0.553 | 6.489 | 84.4% | 8.5% |
| 47369 | 333 | 0.274 | 2.419 | 0.497 | 3.212 | 75.3% | 15.5% |
| 47379 | 339 | 0.316 | 4.892 | 0.604 | 5.836 | 83.8% | 10.3% |
| 47389 | 342 | 0.304 | 2.398 | 0.546 | 3.269 | 73.4% | 16.7% |
| 47400 | 358 | 0.299 | 2.620 | 0.468 | 3.412 | 76.8% | 13.7% |
| 47410 | 369 | 0.461 | 3.914 | 0.542 | 4.937 | 79.3% | 11.0% |
| 47420 | 386 | 0.345 | 2.634 | 0.567 | 3.573 | 73.7% | 15.9% |
| 47429 | 394 | 0.499 | 5.311 | 0.552 | 6.390 | 83.1% | 8.6% |
| 47439 | 402 | 0.414 | 5.112 | 0.758 | 6.310 | 81.0% | 12.0% |
| 47451 | 402 | 0.368 | 4.827 | 0.497 | 5.715 | 84.5% | 8.7% |
| 47460 | 410 | 0.403 | 2.827 | 0.652 | 3.906 | 72.4% | 16.7% |
| 47472 | 422 | 0.375 | 3.081 | 0.772 | 4.253 | 72.4% | 18.2% |
| 47481 | 410 | 0.363 | 3.519 | 0.509 | 4.416 | 79.7% | 11.5% |
| 47493 | 423 | 0.393 | 5.571 | 0.532 | 6.522 | 85.4% | 8.2% |
| 47502 | 415 | 0.349 | 2.825 | 0.614 | 3.815 | 74.1% | 16.1% |
| 47514 | 411 | 0.383 | 5.704 | 0.523 | 6.638 | 85.9% | 7.9% |
| 47523 | 399 | 0.341 | 5.709 | 0.566 | 6.643 | 85.9% | 8.5% |
| 47532 | 398 | 0.337 | 2.966 | 0.651 | 3.983 | 74.5% | 16.4% |
| 47544 | 405 | 0.369 | 4.052 | 0.793 | 5.243 | 77.3% | 15.1% |
| 47553 | 405 | 0.315 | 3.073 | 0.797 | 4.209 | 73.0% | 18.9% |
| 47565 | 404 | 0.334 | 2.624 | 0.545 | 3.532 | 74.3% | 15.4% |
| 47574 | 377 | 0.331 | 3.025 | 0.551 | 3.933 | 76.9% | 14.0% |
| 47584 | 391 | 0.377 | 3.977 | 0.642 | 5.022 | 79.2% | 12.8% |
| 47596 | 409 | 0.387 | 3.186 | 0.625 | 4.229 | 75.3% | 14.8% |
| 47605 | 374 | 0.341 | 3.012 | 0.585 | 3.962 | 76.0% | 14.8% |
| 47615 | 370 | 0.324 | 3.845 | 0.612 | 4.803 | 80.1% | 12.7% |
| 47624 | 361 | 0.311 | 2.783 | 0.505 | 3.622 | 76.8% | 13.9% |
| 47635 | 334 | 0.280 | 2.695 | 0.470 | 3.467 | 77.7% | 13.6% |
| 47645 | 336 | 0.359 | 3.754 | 0.530 | 4.662 | 80.5% | 11.4% |
| 47656 | 325 | 0.246 | 3.253 | 0.454 | 3.976 | 81.8% | 11.4% |
| 47667 | 310 | 0.273 | 2.417 | 0.391 | 3.100 | 78.0% | 12.6% |
| 47678 | 301 | 0.241 | 2.583 | 0.451 | 3.297 | 78.4% | 13.7% |
| 47686 | 305 | 0.271 | 3.546 | 0.411 | 4.249 | 83.5% | 9.7% |
| 47698 | 295 | 0.262 | 2.738 | 0.410 | 3.429 | 79.9% | 12.0% |
| 47707 | 308 | 0.325 | 3.451 | 0.438 | 4.238 | 81.4% | 10.3% |
| 47718 | 309 | 0.262 | 2.448 | 0.395 | 3.127 | 78.3% | 12.6% |
| 47729 | 325 | 0.330 | 5.350 | 0.526 | 6.223 | 86.0% | 8.4% |
| 47741 | 309 | 0.275 | 2.442 | 0.341 | 3.077 | 79.4% | 11.1% |
| 47748 | 300 | 0.242 | 2.198 | 0.532 | 2.993 | 73.4% | 17.8% |
| 47761 | 277 | 0.241 | 2.333 | 0.365 | 2.959 | 78.9% | 12.3% |
| 47769 | 266 | 0.206 | 2.018 | 0.344 | 2.587 | 78.0% | 13.3% |
| 47779 | 253 | 0.264 | 1.977 | 0.341 | 2.597 | 76.1% | 13.1% |
| 47790 | 267 | 0.228 | 1.609 | 0.325 | 2.181 | 73.8% | 14.9% |
| 47800 | 269 | 0.216 | 1.597 | 0.346 | 2.178 | 73.3% | 15.9% |
| 47810 | 294 | 0.262 | 1.471 | 0.330 | 2.085 | 70.5% | 15.8% |
| 47820 | 316 | 0.254 | 2.065 | 0.449 | 2.790 | 74.0% | 16.1% |
| 47834 | 332 | 0.324 | 1.692 | 0.489 | 2.523 | 67.1% | 19.4% |
| 47844 | 344 | 0.293 | 1.626 | 0.491 | 2.433 | 66.8% | 20.2% |
| 47853 | 340 | 0.298 | 2.832 | 0.536 | 3.688 | 76.8% | 14.5% |
| 47862 | 361 | 0.317 | 1.999 | 0.520 | 2.858 | 69.9% | 18.2% |
| 47874 | 368 | 0.339 | 3.216 | 0.555 | 4.135 | 77.8% | 13.4% |
| 47884 | 382 | 0.358 | 3.109 | 0.549 | 4.038 | 77.0% | 13.6% |
| 47896 | 375 | 0.318 | 3.093 | 0.734 | 4.173 | 74.1% | 17.6% |
| 47906 | 370 | 0.346 | 2.942 | 0.526 | 3.836 | 76.7% | 13.7% |
| 47916 | 355 | 0.344 | 3.283 | 0.527 | 4.176 | 78.6% | 12.6% |
| 47927 | 361 | 0.276 | 2.439 | 0.526 | 3.261 | 74.8% | 16.1% |
| 47937 | 344 | 0.299 | 4.857 | 0.420 | 5.599 | 86.7% | 7.5% |
| 47945 | 313 | 0.264 | 2.835 | 0.439 | 3.561 | 79.6% | 12.3% |
| 47956 | 309 | 0.275 | 2.635 | 0.447 | 3.379 | 78.0% | 13.2% |
| 47968 | 307 | 0.252 | 2.859 | 0.404 | 3.537 | 80.8% | 11.4% |
| 47976 | 290 | 0.250 | 2.495 | 0.395 | 3.162 | 78.9% | 12.5% |
| 47987 | 293 | 0.235 | 2.348 | 0.377 | 2.979 | 78.8% | 12.7% |
| 47996 | 284 | 0.260 | 2.745 | 0.406 | 3.430 | 80.0% | 11.8% |
| 48008 | 270 | 0.253 | 2.346 | 0.341 | 2.957 | 79.3% | 11.5% |
| 48017 | 267 | 0.231 | 1.973 | 0.356 | 2.576 | 76.6% | 13.8% |
| 48027 | 267 | 0.264 | 1.794 | 0.277 | 2.353 | 76.3% | 11.8% |
| 48037 | 265 | 0.226 | 1.454 | 0.286 | 1.985 | 73.2% | 14.4% |
| 48047 | 257 | 0.222 | 1.960 | 0.329 | 2.530 | 77.5% | 13.0% |
| 48057 | 270 | 0.269 | 1.727 | 0.300 | 2.315 | 74.6% | 13.0% |
| 48067 | 286 | 0.254 | 1.671 | 0.405 | 2.349 | 71.2% | 17.3% |
| 48082 | 295 | 0.260 | 1.735 | 0.449 | 2.461 | 70.5% | 18.2% |
| 48092 | 308 | 0.297 | 1.853 | 0.406 | 2.576 | 71.9% | 15.8% |
| 48102 | 321 | 0.315 | 1.709 | 0.483 | 2.527 | 67.6% | 19.1% |
| 48112 | 337 | 0.284 | 2.013 | 0.483 | 2.802 | 71.8% | 17.2% |
| 48121 | 352 | 0.336 | 1.830 | 0.518 | 2.705 | 67.6% | 19.1% |
| 48134 | 376 | 0.328 | 2.171 | 0.516 | 3.039 | 71.4% | 17.0% |
| 48144 | 403 | 0.518 | 3.882 | 0.649 | 5.074 | 76.5% | 12.8% |
| 48154 | 425 | 0.389 | 2.929 | 0.631 | 3.977 | 73.7% | 15.9% |
| 48165 | 436 | 0.385 | 3.598 | 0.712 | 4.724 | 76.2% | 15.1% |
| 48173 | 441 | 0.456 | 3.889 | 0.566 | 4.940 | 78.7% | 11.5% |
| 48184 | 439 | 0.419 | 5.433 | 0.693 | 6.573 | 82.7% | 10.5% |
| 48196 | 448 | 0.461 | 2.914 | 0.712 | 4.114 | 70.8% | 17.3% |
| 48204 | 423 | 0.387 | 3.177 | 0.640 | 4.228 | 75.1% | 15.1% |
| 48216 | 433 | 0.394 | 3.155 | 0.700 | 4.277 | 73.8% | 16.4% |
| 48225 | 403 | 0.361 | 3.223 | 0.588 | 4.200 | 76.7% | 14.0% |
| 48234 | 381 | 0.461 | 5.143 | 0.589 | 6.215 | 82.7% | 9.5% |
| 48247 | 368 | 0.436 | 5.560 | 0.534 | 6.551 | 84.9% | 8.1% |
| 48257 | 364 | 0.297 | 2.893 | 0.501 | 3.717 | 77.8% | 13.5% |
| 48267 | 349 | 0.273 | 2.763 | 0.513 | 3.576 | 77.3% | 14.4% |
| 48278 | 322 | 0.282 | 2.500 | 0.462 | 3.268 | 76.5% | 14.1% |
| 48288 | 298 | 0.269 | 3.194 | 0.415 | 3.901 | 81.9% | 10.6% |
| 48296 | 289 | 0.248 | 2.915 | 0.448 | 3.633 | 80.2% | 12.3% |
| 48308 | 258 | 0.268 | 2.355 | 0.393 | 3.033 | 77.6% | 12.9% |
| 48317 | 260 | 0.247 | 3.238 | 0.287 | 3.791 | 85.4% | 7.6% |
| 48330 | 255 | 0.250 | 1.981 | 0.373 | 2.624 | 75.5% | 14.2% |
| 48340 | 246 | 0.251 | 1.608 | 0.307 | 2.185 | 73.6% | 14.0% |
| 48351 | 238 | 0.233 | 1.518 | 0.349 | 2.115 | 71.8% | 16.5% |
| 48361 | 226 | 0.205 | 1.756 | 0.334 | 2.311 | 76.0% | 14.4% |
| 48371 | 221 | 0.225 | 1.632 | 0.295 | 2.172 | 75.2% | 13.6% |
| 48381 | 217 | 0.212 | 1.561 | 0.340 | 2.132 | 73.2% | 16.0% |
| 48391 | 228 | 0.251 | 2.291 | 0.243 | 2.800 | 81.8% | 8.7% |
| 48401 | 226 | 0.183 | 1.495 | 0.301 | 1.998 | 74.8% | 15.1% |
| 48411 | 238 | 0.261 | 1.762 | 0.310 | 2.352 | 74.9% | 13.2% |
| 48421 | 243 | 0.274 | 2.464 | 0.391 | 3.147 | 78.3% | 12.4% |
| 48432 | 244 | 0.241 | 3.001 | 0.433 | 3.695 | 81.2% | 11.7% |
| 48442 | 264 | 0.231 | 1.604 | 0.280 | 2.135 | 75.1% | 13.1% |
| 48452 | 274 | 0.304 | 1.574 | 0.357 | 2.256 | 69.8% | 15.8% |
| 48462 | 279 | 0.318 | 1.682 | 0.342 | 2.361 | 71.2% | 14.5% |
| 48472 | 286 | 0.269 | 1.701 | 0.420 | 2.409 | 70.6% | 17.4% |
| 48483 | 285 | 0.249 | 1.615 | 0.384 | 2.268 | 71.2% | 16.9% |
| 48493 | 291 | 0.255 | 1.559 | 0.369 | 2.205 | 70.7% | 16.7% |
| 48503 | 295 | 0.233 | 1.536 | 0.323 | 2.113 | 72.7% | 15.3% |
| 48513 | 294 | 0.266 | 1.757 | 0.396 | 2.441 | 72.0% | 16.2% |
| 48522 | 305 | 0.316 | 3.202 | 0.339 | 3.879 | 82.6% | 8.7% |
| 48532 | 300 | 0.267 | 1.930 | 0.400 | 2.626 | 73.5% | 15.3% |
| 48547 | 301 | 0.317 | 2.114 | 0.419 | 2.872 | 73.6% | 14.6% |
| 48557 | 323 | 0.333 | 3.245 | 0.374 | 3.974 | 81.6% | 9.4% |
| 48566 | 319 | 0.386 | 2.076 | 0.656 | 3.137 | 66.2% | 20.9% |
| 48575 | 331 | 0.318 | 1.815 | 0.382 | 2.538 | 71.5% | 15.0% |
| 48585 | 335 | 0.289 | 1.774 | 0.515 | 2.597 | 68.3% | 19.8% |
| 48599 | 346 | 0.303 | 1.655 | 0.402 | 2.384 | 69.4% | 16.9% |
| 48607 | 353 | 0.288 | 1.785 | 0.493 | 2.587 | 69.0% | 19.1% |
| 48616 | 372 | 0.355 | 1.977 | 0.509 | 2.864 | 69.0% | 17.8% |
| 48628 | 376 | 0.369 | 2.085 | 0.531 | 3.013 | 69.2% | 17.6% |
| 48638 | 394 | 0.338 | 2.943 | 0.578 | 3.888 | 75.7% | 14.9% |
| 48650 | 399 | 0.430 | 2.888 | 0.722 | 4.066 | 71.0% | 17.7% |
| 48659 | 389 | 0.353 | 2.960 | 0.541 | 3.882 | 76.3% | 13.9% |
| 48671 | 398 | 0.356 | 4.503 | 0.624 | 5.521 | 81.6% | 11.3% |
| 48680 | 416 | 0.429 | 4.939 | 0.530 | 5.921 | 83.4% | 8.9% |
| 48689 | 417 | 0.368 | 3.140 | 0.614 | 4.151 | 75.7% | 14.8% |
| 48701 | 436 | 0.344 | 3.238 | 0.622 | 4.233 | 76.5% | 14.7% |
| 48712 | 444 | 0.327 | 3.325 | 0.789 | 4.475 | 74.3% | 17.6% |
| 48722 | 454 | 0.410 | 3.834 | 0.719 | 4.990 | 76.8% | 14.4% |
| 48730 | 437 | 0.377 | 6.112 | 0.563 | 7.079 | 86.4% | 7.9% |
| 48742 | 449 | 0.329 | 3.101 | 0.720 | 4.176 | 74.3% | 17.2% |
| 48753 | 462 | 0.443 | 3.459 | 0.776 | 4.707 | 73.5% | 16.5% |
| 48763 | 467 | 0.375 | 3.212 | 0.723 | 4.341 | 74.0% | 16.7% |
| 48774 | 493 | 0.396 | 3.562 | 0.702 | 4.692 | 75.9% | 15.0% |
| 48784 | 497 | 0.431 | 3.758 | 0.700 | 4.922 | 76.3% | 14.2% |
| 48794 | 494 | 0.393 | 3.568 | 0.774 | 4.769 | 74.8% | 16.2% |
| 48804 | 504 | 0.490 | 3.807 | 0.801 | 5.136 | 74.1% | 15.6% |
| 48814 | 515 | 0.433 | 3.678 | 0.980 | 5.131 | 71.7% | 19.1% |
| 48826 | 508 | 0.415 | 3.376 | 0.821 | 4.642 | 72.7% | 17.7% |
| 48836 | 483 | 0.456 | 3.636 | 0.780 | 4.902 | 74.2% | 15.9% |
| 48846 | 453 | 0.395 | 3.282 | 0.691 | 4.396 | 74.7% | 15.7% |
| 48855 | 421 | 0.342 | 6.097 | 0.663 | 7.133 | 85.5% | 9.3% |
| 48866 | 409 | 0.372 | 6.316 | 0.625 | 7.343 | 86.0% | 8.5% |
| 48875 | 412 | 0.347 | 3.164 | 0.597 | 4.139 | 76.5% | 14.4% |
| 48887 | 374 | 0.338 | 3.768 | 0.479 | 4.608 | 81.8% | 10.4% |
| 48897 | 359 | 0.339 | 2.565 | 0.531 | 3.461 | 74.1% | 15.3% |
| 48907 | 354 | 0.289 | 3.300 | 0.615 | 4.230 | 78.0% | 14.5% |
| 48917 | 339 | 0.286 | 2.733 | 0.467 | 3.510 | 77.9% | 13.3% |
| 48928 | 325 | 0.264 | 2.960 | 0.572 | 3.818 | 77.5% | 15.0% |
| 48939 | 314 | 0.364 | 4.566 | 0.509 | 5.469 | 83.5% | 9.3% |
| 48947 | 294 | 0.286 | 2.461 | 0.470 | 3.240 | 76.0% | 14.5% |
| 48959 | 285 | 0.269 | 2.196 | 0.389 | 2.873 | 76.4% | 13.5% |
| 48967 | 279 | 0.237 | 2.437 | 0.368 | 3.065 | 79.5% | 12.0% |
| 48980 | 245 | 0.266 | 1.897 | 0.315 | 2.494 | 76.1% | 12.6% |
| 48989 | 235 | 0.203 | 1.481 | 0.282 | 1.986 | 74.6% | 14.2% |
| 48999 | 243 | 0.201 | 1.503 | 0.296 | 2.017 | 74.5% | 14.7% |
| 49010 | 250 | 0.213 | 1.509 | 0.257 | 1.999 | 75.5% | 12.8% |
| 49020 | 251 | 0.223 | 1.726 | 0.264 | 2.230 | 77.4% | 11.8% |
| 49030 | 248 | 0.233 | 1.483 | 0.236 | 1.970 | 75.3% | 12.0% |
| 49040 | 253 | 0.234 | 1.569 | 0.259 | 2.082 | 75.4% | 12.4% |
| 49050 | 250 | 0.530 | 2.772 | 0.325 | 3.642 | 76.1% | 8.9% |
| 49060 | 224 | 0.221 | 1.652 | 0.267 | 2.159 | 76.5% | 12.3% |
| 49071 | 209 | 0.233 | 1.259 | 0.256 | 1.767 | 71.2% | 14.5% |
| 49081 | 201 | 0.195 | 1.446 | 0.258 | 1.913 | 75.6% | 13.5% |
| 49091 | 208 | 0.208 | 1.857 | 0.230 | 2.311 | 80.3% | 9.9% |
| 49101 | 213 | 0.251 | 1.825 | 0.260 | 2.352 | 77.6% | 11.0% |
| 49111 | 210 | 0.214 | 1.990 | 0.222 | 2.441 | 81.5% | 9.1% |
| 49121 | 208 | 0.238 | 1.516 | 0.238 | 2.009 | 75.5% | 11.9% |
| 49132 | 212 | 0.320 | 2.356 | 0.213 | 2.906 | 81.1% | 7.3% |
| 49147 | 230 | 0.214 | 1.576 | 0.236 | 2.046 | 77.0% | 11.6% |
| 49157 | 235 | 0.229 | 1.895 | 0.292 | 2.434 | 77.8% | 12.0% |
| 49167 | 241 | 0.235 | 1.570 | 0.253 | 2.076 | 75.6% | 12.2% |
| 49177 | 241 | 0.202 | 1.577 | 0.232 | 2.030 | 77.7% | 11.4% |
| 49187 | 249 | 0.236 | 2.101 | 0.266 | 2.619 | 80.2% | 10.2% |
| 49197 | 264 | 0.291 | 2.171 | 0.283 | 2.764 | 78.5% | 10.2% |
| 49207 | 265 | 0.245 | 1.798 | 0.292 | 2.354 | 76.4% | 12.4% |
| 49218 | 271 | 0.245 | 1.794 | 0.344 | 2.402 | 74.7% | 14.3% |
| 49228 | 278 | 0.224 | 1.484 | 0.315 | 2.043 | 72.6% | 15.4% |
| 49238 | 302 | 0.271 | 1.598 | 0.403 | 2.293 | 69.7% | 17.6% |
| 49248 | 309 | 0.271 | 1.594 | 0.350 | 2.239 | 71.2% | 15.6% |
| 49258 | 308 | 0.268 | 2.123 | 0.415 | 2.828 | 75.1% | 14.7% |
| 49267 | 328 | 0.311 | 3.885 | 0.398 | 4.617 | 84.2% | 8.6% |
| 49277 | 326 | 0.287 | 1.598 | 0.466 | 2.373 | 67.3% | 19.6% |
| 49291 | 362 | 0.330 | 1.870 | 0.631 | 2.857 | 65.5% | 22.1% |
| 49299 | 374 | 0.329 | 1.838 | 0.533 | 2.725 | 67.4% | 19.6% |
| 49311 | 378 | 0.339 | 3.439 | 0.581 | 4.387 | 78.4% | 13.2% |
| 49321 | 377 | 0.356 | 5.398 | 0.476 | 6.250 | 86.4% | 7.6% |
| 49331 | 371 | 0.360 | 4.414 | 0.504 | 5.314 | 83.1% | 9.5% |
| 49341 | 362 | 0.319 | 5.401 | 0.451 | 6.198 | 87.1% | 7.3% |
| 49351 | 356 | 0.302 | 2.966 | 0.554 | 3.849 | 77.1% | 14.4% |
| 49361 | 363 | 0.339 | 3.816 | 0.658 | 4.840 | 78.9% | 13.6% |
| 49371 | 362 | 0.352 | 3.526 | 0.643 | 4.549 | 77.5% | 14.1% |
| 49382 | 357 | 0.295 | 2.837 | 0.575 | 3.731 | 76.1% | 15.4% |
| 49392 | 351 | 0.344 | 2.577 | 0.409 | 3.352 | 76.9% | 12.2% |
| 49402 | 344 | 0.363 | 3.523 | 0.514 | 4.419 | 79.7% | 11.6% |
| 49413 | 335 | 0.332 | 3.233 | 0.479 | 4.068 | 79.5% | 11.8% |
| 49423 | 345 | 0.312 | 4.105 | 0.412 | 4.850 | 84.6% | 8.5% |
| 49434 | 342 | 0.301 | 2.521 | 0.466 | 3.310 | 76.2% | 14.1% |
| 49445 | 367 | 0.328 | 3.104 | 0.494 | 3.953 | 78.5% | 12.5% |
| 49455 | 370 | 0.307 | 4.008 | 0.590 | 4.929 | 81.3% | 12.0% |
| 49465 | 382 | 0.360 | 4.627 | 0.455 | 5.467 | 84.6% | 8.3% |
| 49474 | 402 | 0.354 | 3.072 | 0.617 | 4.074 | 75.4% | 15.2% |
| 49487 | 409 | 0.373 | 2.946 | 0.825 | 4.172 | 70.6% | 19.8% |
| 49496 | 398 | 0.371 | 4.844 | 0.497 | 5.737 | 84.4% | 8.7% |
| 49508 | 399 | 0.352 | 2.812 | 0.669 | 3.858 | 72.9% | 17.3% |
| 49517 | 391 | 0.320 | 2.806 | 0.551 | 3.705 | 75.8% | 14.9% |
| 49526 | 377 | 0.350 | 4.271 | 0.468 | 5.117 | 83.5% | 9.1% |
| 49536 | 370 | 0.322 | 3.760 | 0.629 | 4.738 | 79.4% | 13.3% |
| 49547 | 356 | 0.326 | 2.635 | 0.611 | 3.593 | 73.3% | 17.0% |
| 49557 | 360 | 0.364 | 4.017 | 0.519 | 4.925 | 81.6% | 10.5% |
| 49567 | 341 | 0.279 | 2.755 | 0.480 | 3.539 | 77.9% | 13.6% |
| 49578 | 340 | 0.345 | 4.431 | 0.432 | 5.229 | 84.7% | 8.3% |
| 49588 | 332 | 0.342 | 3.026 | 0.490 | 3.881 | 78.0% | 12.6% |
| 49599 | 304 | 0.265 | 2.508 | 0.396 | 3.190 | 78.6% | 12.4% |
| 49611 | 307 | 0.319 | 2.369 | 0.437 | 3.143 | 75.4% | 13.9% |
| 49618 | 315 | 0.284 | 1.869 | 0.412 | 2.589 | 72.2% | 15.9% |
| 49630 | 301 | 0.268 | 2.191 | 0.395 | 2.874 | 76.2% | 13.7% |
| 49642 | 293 | 0.273 | 2.557 | 0.438 | 3.287 | 77.8% | 13.3% |
| 49650 | 299 | 0.304 | 1.697 | 0.398 | 2.419 | 70.2% | 16.5% |
| 49660 | 297 | 0.416 | 3.861 | 0.335 | 4.630 | 83.4% | 7.2% |
| 49670 | 290 | 0.231 | 1.594 | 0.343 | 2.188 | 72.9% | 15.7% |
| 49680 | 281 | 0.271 | 1.776 | 0.388 | 2.456 | 72.3% | 15.8% |
| 49690 | 280 | 0.265 | 1.637 | 0.373 | 2.297 | 71.3% | 16.2% |
| 49700 | 271 | 0.244 | 1.577 | 0.334 | 2.176 | 72.5% | 15.3% |
| 49711 | 287 | 0.254 | 1.528 | 0.300 | 2.104 | 72.6% | 14.3% |
| 49721 | 281 | 0.388 | 1.594 | 0.353 | 2.355 | 67.7% | 15.0% |
| 49731 | 280 | 0.261 | 1.605 | 0.291 | 2.178 | 73.7% | 13.4% |
| 49741 | 259 | 0.249 | 1.673 | 0.332 | 2.272 | 73.6% | 14.6% |
| 49751 | 256 | 0.241 | 1.692 | 0.311 | 2.261 | 74.8% | 13.8% |
| 49762 | 248 | 0.282 | 1.812 | 0.254 | 2.364 | 76.7% | 10.8% |
| 49777 | 257 | 0.235 | 1.590 | 0.265 | 2.109 | 75.4% | 12.6% |
| 49787 | 248 | 0.222 | 1.579 | 0.253 | 2.072 | 76.2% | 12.2% |
| 49797 | 269 | 0.250 | 1.556 | 0.336 | 2.161 | 72.0% | 15.5% |
| 49807 | 281 | 0.266 | 1.958 | 0.304 | 2.547 | 76.9% | 11.9% |
| 49817 | 294 | 0.261 | 1.596 | 0.310 | 2.188 | 72.9% | 14.2% |
| 49828 | 288 | 0.256 | 1.852 | 0.314 | 2.442 | 75.9% | 12.9% |
| 49838 | 298 | 0.279 | 4.023 | 0.388 | 4.708 | 85.4% | 8.2% |
| 49847 | 324 | 0.285 | 2.083 | 0.522 | 2.910 | 71.6% | 17.9% |
| 49857 | 358 | 0.306 | 2.064 | 0.463 | 2.853 | 72.3% | 16.2% |
| 49867 | 362 | 0.302 | 2.341 | 0.441 | 3.109 | 75.3% | 14.2% |
| 49880 | 342 | 0.362 | 1.863 | 0.490 | 2.738 | 68.0% | 17.9% |
| 49889 | 353 | 0.324 | 2.052 | 0.406 | 2.802 | 73.2% | 14.5% |
| 49897 | 373 | 0.293 | 2.207 | 0.454 | 2.978 | 74.1% | 15.2% |
| 49911 | 380 | 0.528 | 4.183 | 0.530 | 5.269 | 79.4% | 10.1% |
| 49920 | 366 | 0.269 | 4.018 | 0.559 | 4.867 | 82.6% | 11.5% |
| 49930 | 361 | 0.305 | 2.695 | 0.520 | 3.541 | 76.1% | 14.7% |
| 49941 | 363 | 0.357 | 5.463 | 0.457 | 6.301 | 86.7% | 7.3% |
| 49951 | 354 | 0.298 | 5.797 | 0.458 | 6.576 | 88.1% | 7.0% |
| 49961 | 350 | 0.351 | 3.679 | 0.503 | 4.551 | 80.8% | 11.1% |
| 49972 | 331 | 0.274 | 2.752 | 0.459 | 3.507 | 78.5% | 13.1% |
| 49982 | 324 | 0.308 | 2.631 | 0.452 | 3.414 | 77.1% | 13.2% |
| 49993 | 311 | 0.405 | 5.066 | 0.372 | 5.864 | 86.4% | 6.3% |
| 50001 | 299 | 0.246 | 3.495 | 0.440 | 4.204 | 83.1% | 10.5% |
| 50013 | 286 | 0.306 | 2.520 | 0.434 | 3.280 | 76.8% | 13.2% |
| 50021 | 270 | 0.247 | 2.140 | 0.351 | 2.757 | 77.6% | 12.7% |
| 50034 | 258 | 0.235 | 2.509 | 0.359 | 3.120 | 80.4% | 11.5% |
| 50043 | 260 | 0.246 | 2.245 | 0.308 | 2.819 | 79.6% | 10.9% |
| 50053 | 283 | 0.234 | 1.529 | 0.307 | 2.091 | 73.1% | 14.7% |
| 50063 | 294 | 0.280 | 2.286 | 0.346 | 2.932 | 78.0% | 11.8% |
| 50073 | 294 | 0.293 | 1.656 | 0.337 | 2.302 | 71.9% | 14.6% |
| 50083 | 312 | 0.286 | 2.007 | 0.533 | 2.845 | 70.5% | 18.7% |
| 50097 | 341 | 0.376 | 2.230 | 0.459 | 3.086 | 72.2% | 14.9% |
| 50106 | 362 | 0.309 | 1.940 | 0.460 | 2.734 | 71.0% | 16.8% |
| 50115 | 370 | 0.316 | 1.834 | 0.540 | 2.717 | 67.5% | 19.9% |
| 50127 | 394 | 0.359 | 2.238 | 0.747 | 3.370 | 66.4% | 22.2% |
| 50138 | 386 | 0.414 | 3.880 | 0.677 | 4.990 | 77.8% | 13.6% |
| 50147 | 378 | 0.386 | 3.717 | 0.553 | 4.681 | 79.4% | 11.8% |
| 50156 | 378 | 0.377 | 4.058 | 0.459 | 4.919 | 82.5% | 9.3% |
| 50169 | 370 | 0.321 | 2.853 | 0.453 | 3.652 | 78.1% | 12.4% |
| 50179 | 356 | 0.339 | 5.193 | 0.591 | 6.148 | 84.5% | 9.6% |
| 50189 | 363 | 0.326 | 2.487 | 0.663 | 3.499 | 71.1% | 19.0% |
| 50199 | 378 | 0.349 | 2.778 | 0.750 | 3.902 | 71.2% | 19.2% |
| 50209 | 418 | 0.419 | 5.799 | 0.624 | 6.869 | 84.4% | 9.1% |
| 50221 | 408 | 0.347 | 4.284 | 0.632 | 5.291 | 81.0% | 12.0% |
| 50230 | 397 | 0.336 | 2.854 | 0.527 | 3.746 | 76.2% | 14.1% |
| 50240 | 399 | 0.321 | 3.251 | 0.610 | 4.206 | 77.3% | 14.5% |
| 50252 | 395 | 0.403 | 4.880 | 0.604 | 5.917 | 82.5% | 10.2% |
| 50261 | 397 | 0.404 | 4.470 | 0.528 | 5.426 | 82.4% | 9.7% |
| 50270 | 402 | 0.348 | 2.518 | 0.742 | 3.635 | 69.3% | 20.4% |
| 50283 | 385 | 0.368 | 5.584 | 0.553 | 6.531 | 85.5% | 8.5% |
| 50292 | 402 | 0.399 | 4.032 | 0.565 | 5.020 | 80.3% | 11.3% |
| 50301 | 391 | 0.376 | 2.913 | 0.729 | 4.046 | 72.0% | 18.0% |
| 50314 | 397 | 0.319 | 2.951 | 0.572 | 3.866 | 76.3% | 14.8% |
| 50323 | 393 | 0.376 | 4.378 | 0.481 | 5.260 | 83.2% | 9.1% |
| 50333 | 399 | 0.472 | 5.352 | 0.545 | 6.395 | 83.7% | 8.5% |
| 50345 | 402 | 0.350 | 3.880 | 0.714 | 4.969 | 78.1% | 14.4% |
| 50354 | 387 | 0.309 | 2.844 | 0.548 | 3.728 | 76.3% | 14.7% |
| 50363 | 389 | 0.347 | 2.941 | 0.637 | 3.949 | 74.5% | 16.1% |
| 50376 | 396 | 0.385 | 3.105 | 0.591 | 4.105 | 75.6% | 14.4% |
| 50385 | 380 | 0.395 | 5.201 | 0.656 | 6.278 | 82.9% | 10.4% |
| 50395 | 373 | 0.342 | 5.550 | 0.661 | 6.578 | 84.4% | 10.0% |
| 50404 | 368 | 0.323 | 3.478 | 0.544 | 4.370 | 79.6% | 12.5% |
| 50414 | 357 | 0.347 | 3.840 | 0.487 | 4.697 | 81.8% | 10.4% |
| 50425 | 344 | 0.289 | 3.210 | 0.460 | 3.983 | 80.6% | 11.5% |
| 50435 | 334 | 0.319 | 2.737 | 0.486 | 3.565 | 76.8% | 13.6% |
| 50446 | 334 | 0.322 | 4.266 | 0.465 | 5.075 | 84.0% | 9.2% |
| 50457 | 337 | 0.301 | 2.451 | 0.441 | 3.217 | 76.2% | 13.7% |
| 50468 | 329 | 0.264 | 2.639 | 0.469 | 3.393 | 77.8% | 13.8% |
| 50478 | 328 | 0.339 | 3.681 | 0.427 | 4.470 | 82.4% | 9.5% |
| 50490 | 334 | 0.311 | 4.748 | 0.505 | 5.588 | 85.0% | 9.0% |
| 50497 | 346 | 0.341 | 2.873 | 0.468 | 3.707 | 77.5% | 12.6% |
| 50508 | 348 | 0.313 | 3.022 | 0.769 | 4.125 | 73.2% | 18.6% |
| 50518 | 344 | 0.341 | 3.384 | 0.430 | 4.177 | 81.0% | 10.3% |
| 50529 | 342 | 0.309 | 2.509 | 0.482 | 3.324 | 75.5% | 14.5% |
| 50539 | 350 | 0.336 | 5.464 | 0.626 | 6.450 | 84.7% | 9.7% |
| 50549 | 345 | 0.340 | 5.325 | 0.450 | 6.139 | 86.7% | 7.3% |
| 50560 | 332 | 0.310 | 3.669 | 0.566 | 4.568 | 80.3% | 12.4% |
| 50571 | 324 | 0.260 | 2.714 | 0.463 | 3.460 | 78.4% | 13.4% |
| 50581 | 323 | 0.265 | 2.626 | 0.466 | 3.379 | 77.7% | 13.8% |
| 50592 | 329 | 0.312 | 3.898 | 0.418 | 4.648 | 83.9% | 9.0% |
| 50603 | 334 | 0.322 | 2.744 | 0.475 | 3.561 | 77.1% | 13.3% |
| 50613 | 336 | 0.300 | 3.136 | 0.495 | 3.953 | 79.3% | 12.5% |
| 50621 | 329 | 0.294 | 2.692 | 0.443 | 3.452 | 78.0% | 12.8% |
| 50632 | 319 | 0.272 | 2.421 | 0.456 | 3.172 | 76.3% | 14.4% |
| 50643 | 301 | 0.238 | 2.391 | 0.339 | 2.989 | 80.0% | 11.3% |
| 50655 | 297 | 0.301 | 2.840 | 0.400 | 3.558 | 79.8% | 11.2% |
| 50663 | 300 | 0.258 | 2.072 | 0.414 | 2.765 | 74.9% | 15.0% |
| 50673 | 307 | 0.276 | 1.800 | 0.342 | 2.440 | 73.8% | 14.0% |
| 50683 | 314 | 0.282 | 4.013 | 0.367 | 4.684 | 85.7% | 7.8% |
| 50692 | 319 | 0.277 | 1.556 | 0.476 | 2.332 | 66.7% | 20.4% |
| 50702 | 333 | 0.324 | 1.690 | 0.482 | 2.518 | 67.1% | 19.1% |
| 50717 | 348 | 0.324 | 1.682 | 0.422 | 2.451 | 68.6% | 17.2% |
| 50726 | 343 | 0.294 | 1.995 | 0.471 | 2.783 | 71.7% | 16.9% |
| 50735 | 353 | 0.323 | 1.825 | 0.466 | 2.639 | 69.2% | 17.7% |
| 50744 | 367 | 0.286 | 1.752 | 0.434 | 2.493 | 70.3% | 17.4% |
| 50757 | 383 | 0.314 | 1.871 | 0.563 | 2.774 | 67.5% | 20.3% |
| 50768 | 401 | 0.335 | 2.315 | 0.624 | 3.302 | 70.1% | 18.9% |
| 50778 | 401 | 0.348 | 3.583 | 0.763 | 4.720 | 75.9% | 16.2% |
| 50787 | 416 | 0.389 | 3.568 | 0.613 | 4.597 | 77.6% | 13.3% |
| 50799 | 420 | 0.359 | 3.943 | 0.626 | 4.955 | 79.6% | 12.6% |
| 50807 | 413 | 0.362 | 5.174 | 0.723 | 6.286 | 82.3% | 11.5% |
| 50820 | 392 | 0.373 | 3.257 | 0.729 | 4.380 | 74.4% | 16.6% |
| 50829 | 390 | 0.409 | 5.545 | 0.660 | 6.636 | 83.6% | 9.9% |
| 50839 | 353 | 0.392 | 5.171 | 0.429 | 6.014 | 86.0% | 7.1% |
| 50849 | 325 | 0.294 | 2.783 | 0.448 | 3.548 | 78.4% | 12.6% |
| 50860 | 311 | 0.281 | 2.679 | 0.375 | 3.355 | 79.8% | 11.2% |
| 50871 | 298 | 0.256 | 2.114 | 0.391 | 2.781 | 76.0% | 14.1% |
| 50881 | 292 | 0.269 | 1.625 | 0.390 | 2.305 | 70.5% | 16.9% |
| 50891 | 292 | 0.302 | 1.842 | 0.384 | 2.548 | 72.3% | 15.1% |
| 50901 | 300 | 0.279 | 1.847 | 0.380 | 2.529 | 73.1% | 15.0% |
| 50911 | 300 | 0.273 | 1.459 | 0.455 | 2.226 | 65.5% | 20.4% |
| 50922 | 292 | 0.268 | 1.916 | 0.305 | 2.511 | 76.3% | 12.2% |
| 50932 | 302 | 0.277 | 1.671 | 0.397 | 2.367 | 70.6% | 16.8% |
| 50941 | 310 | 0.275 | 1.586 | 0.351 | 2.234 | 71.0% | 15.7% |
| 50951 | 327 | 0.289 | 1.679 | 0.447 | 2.437 | 68.9% | 18.3% |
| 50961 | 335 | 0.338 | 3.965 | 0.467 | 4.793 | 82.7% | 9.7% |
| 50975 | 346 | 0.289 | 1.689 | 0.502 | 2.503 | 67.5% | 20.1% |
| 50985 | 349 | 0.351 | 1.780 | 0.478 | 2.634 | 67.6% | 18.2% |
| 50994 | 389 | 0.385 | 2.399 | 0.462 | 3.267 | 73.4% | 14.1% |
| 51006 | 409 | 0.444 | 2.960 | 0.611 | 4.038 | 73.3% | 15.1% |
| 51016 | 432 | 0.441 | 2.841 | 0.622 | 3.932 | 72.3% | 15.8% |
| 51025 | 432 | 0.401 | 3.003 | 0.618 | 4.051 | 74.1% | 15.3% |
| 51037 | 444 | 0.453 | 3.247 | 0.680 | 4.407 | 73.7% | 15.4% |
| 51046 | 441 | 0.382 | 3.291 | 0.652 | 4.354 | 75.6% | 15.0% |
| 51057 | 423 | 0.368 | 5.854 | 0.669 | 6.920 | 84.6% | 9.7% |
| 51066 | 394 | 0.361 | 3.206 | 0.589 | 4.180 | 76.7% | 14.1% |
| 51078 | 380 | 0.406 | 3.210 | 0.442 | 4.081 | 78.7% | 10.8% |
| 51087 | 362 | 0.353 | 2.995 | 0.676 | 4.047 | 74.0% | 16.7% |
| 51097 | 338 | 0.337 | 3.895 | 0.575 | 4.827 | 80.7% | 11.9% |
| 51107 | 348 | 0.329 | 2.856 | 0.591 | 3.797 | 75.2% | 15.6% |
| 51120 | 363 | 0.338 | 2.818 | 0.510 | 3.690 | 76.4% | 13.8% |
| 51130 | 348 | 0.300 | 3.131 | 0.589 | 4.041 | 77.5% | 14.6% |
| 51141 | 348 | 0.324 | 2.994 | 0.491 | 3.832 | 78.1% | 12.8% |
| 51151 | 371 | 0.281 | 3.430 | 0.555 | 4.289 | 80.0% | 12.9% |
| 51160 | 375 | 0.340 | 3.051 | 0.589 | 4.007 | 76.1% | 14.7% |
| 51170 | 359 | 0.294 | 3.715 | 0.432 | 4.466 | 83.2% | 9.7% |
| 51180 | 377 | 0.331 | 2.853 | 0.570 | 3.779 | 75.5% | 15.1% |
| 51191 | 375 | 0.341 | 3.594 | 0.549 | 4.506 | 79.8% | 12.2% |
| 51200 | 371 | 0.319 | 2.897 | 0.538 | 3.778 | 76.7% | 14.3% |
| 51213 | 365 | 0.356 | 2.927 | 0.569 | 3.873 | 75.6% | 14.7% |
| 51223 | 363 | 0.308 | 3.675 | 0.524 | 4.529 | 81.2% | 11.6% |
| 51233 | 344 | 0.301 | 2.628 | 0.487 | 3.440 | 76.4% | 14.2% |
| 51243 | 336 | 0.293 | 2.834 | 0.553 | 3.701 | 76.6% | 14.9% |
| 51254 | 338 | 0.325 | 3.397 | 0.497 | 4.243 | 80.1% | 11.7% |
| 51264 | 345 | 0.299 | 2.693 | 0.425 | 3.443 | 78.2% | 12.3% |
| 51275 | 334 | 0.307 | 2.362 | 0.468 | 3.161 | 74.7% | 14.8% |
| 51285 | 341 | 0.294 | 2.782 | 0.478 | 3.578 | 77.7% | 13.4% |
| 51296 | 340 | 0.293 | 3.126 | 0.488 | 3.929 | 79.6% | 12.4% |
| 51303 | 334 | 0.292 | 2.572 | 0.393 | 3.283 | 78.3% | 12.0% |
| 51314 | 337 | 0.324 | 2.673 | 0.479 | 3.500 | 76.4% | 13.7% |
| 51324 | 372 | 0.354 | 2.510 | 0.492 | 3.380 | 74.3% | 14.5% |
| 51334 | 379 | 0.387 | 5.122 | 0.456 | 5.992 | 85.5% | 7.6% |
| 51347 | 381 | 0.419 | 4.438 | 0.478 | 5.383 | 82.4% | 8.9% |
| 51356 | 390 | 0.377 | 2.667 | 0.625 | 3.694 | 72.2% | 16.9% |
| 51366 | 382 | 0.335 | 2.853 | 0.527 | 3.740 | 76.3% | 14.1% |
| 51378 | 383 | 0.366 | 2.905 | 0.583 | 3.877 | 74.9% | 15.0% |
| 51387 | 388 | 0.436 | 3.580 | 0.629 | 4.669 | 76.7% | 13.5% |
| 51397 | 372 | 0.341 | 6.260 | 0.528 | 7.150 | 87.6% | 7.4% |
| 51407 | 361 | 0.304 | 3.722 | 0.533 | 4.584 | 81.2% | 11.6% |
| 51419 | 373 | 0.335 | 2.726 | 0.572 | 3.660 | 74.5% | 15.6% |
| 51429 | 373 | 0.723 | 2.854 | 0.460 | 4.061 | 70.3% | 11.3% |
| 51438 | 363 | 0.321 | 2.625 | 0.602 | 3.573 | 73.5% | 16.9% |
| 51448 | 355 | 0.308 | 2.497 | 0.507 | 3.336 | 74.9% | 15.2% |
| 51458 | 354 | 0.323 | 2.668 | 0.548 | 3.564 | 74.9% | 15.4% |
| 51469 | 338 | 0.317 | 2.721 | 0.474 | 3.533 | 77.0% | 13.4% |
| 51479 | 319 | 0.308 | 2.391 | 0.537 | 3.257 | 73.4% | 16.5% |
| 51491 | 301 | 0.271 | 2.359 | 0.420 | 3.073 | 76.8% | 13.7% |
| 51502 | 292 | 0.263 | 2.477 | 0.401 | 3.161 | 78.4% | 12.7% |
| 51512 | 288 | 0.287 | 1.531 | 0.479 | 2.320 | 66.0% | 20.7% |
| 51521 | 300 | 0.295 | 1.578 | 0.418 | 2.314 | 68.2% | 18.1% |
| 51531 | 301 | 0.266 | 1.490 | 0.323 | 2.100 | 70.9% | 15.4% |
| 51541 | 302 | 0.280 | 1.548 | 0.330 | 2.180 | 71.0% | 15.1% |
| 51551 | 303 | 0.271 | 1.574 | 0.342 | 2.208 | 71.3% | 15.5% |
| 51561 | 300 | 0.293 | 1.735 | 0.489 | 2.537 | 68.4% | 19.3% |
| 51571 | 310 | 0.345 | 1.858 | 0.580 | 2.806 | 66.2% | 20.7% |
| 51585 | 309 | 0.273 | 1.805 | 0.403 | 2.504 | 72.1% | 16.1% |
| 51595 | 313 | 0.283 | 1.628 | 0.442 | 2.376 | 68.5% | 18.6% |
| 51605 | 294 | 0.296 | 1.633 | 0.408 | 2.359 | 69.2% | 17.3% |
| 51614 | 286 | 0.289 | 1.672 | 0.494 | 2.477 | 67.5% | 19.9% |
| 51625 | 277 | 0.254 | 1.685 | 0.396 | 2.354 | 71.6% | 16.8% |
| 51635 | 272 | 0.271 | 1.640 | 0.373 | 2.304 | 71.2% | 16.2% |
| 51645 | 275 | 0.298 | 1.695 | 0.373 | 2.385 | 71.1% | 15.6% |
| 51655 | 263 | 0.276 | 3.494 | 0.354 | 4.153 | 84.1% | 8.5% |
| 51665 | 287 | 0.271 | 1.593 | 0.321 | 2.207 | 72.2% | 14.6% |
| 51675 | 285 | 0.243 | 1.706 | 0.319 | 2.287 | 74.6% | 14.0% |
| 51686 | 280 | 0.336 | 1.728 | 0.371 | 2.454 | 70.4% | 15.1% |
| 51696 | 281 | 0.262 | 1.686 | 0.322 | 2.288 | 73.7% | 14.1% |
| 51706 | 288 | 0.258 | 1.483 | 0.352 | 2.115 | 70.1% | 16.6% |
| 51716 | 298 | 0.277 | 1.625 | 0.322 | 2.246 | 72.3% | 14.3% |
| 51726 | 324 | 0.307 | 1.746 | 0.375 | 2.451 | 71.2% | 15.3% |
| 51740 | 330 | 0.303 | 1.650 | 0.380 | 2.355 | 70.1% | 16.1% |
| 51749 | 344 | 0.338 | 1.659 | 0.504 | 2.544 | 65.2% | 19.8% |
| 51759 | 357 | 0.310 | 1.678 | 0.406 | 2.418 | 69.4% | 16.8% |
| 51771 | 371 | 0.329 | 1.773 | 0.445 | 2.572 | 68.9% | 17.3% |
| 51779 | 384 | 0.359 | 2.300 | 0.561 | 3.247 | 70.8% | 17.3% |
| 51789 | 378 | 0.335 | 2.743 | 0.549 | 3.653 | 75.1% | 15.0% |
| 51801 | 396 | 0.321 | 2.779 | 0.579 | 3.707 | 75.0% | 15.6% |
| 51811 | 400 | 0.381 | 4.232 | 0.486 | 5.120 | 82.7% | 9.5% |
| 51820 | 419 | 0.426 | 4.094 | 0.587 | 5.138 | 79.7% | 11.4% |
| 51832 | 444 | 0.392 | 2.920 | 0.605 | 3.946 | 74.0% | 15.3% |
| 51843 | 446 | 0.431 | 5.779 | 0.705 | 6.945 | 83.2% | 10.1% |
| 51852 | 458 | 0.432 | 4.832 | 0.716 | 6.014 | 80.3% | 11.9% |
| 51863 | 459 | 0.451 | 3.513 | 0.723 | 4.720 | 74.4% | 15.3% |
| 51874 | 456 | 0.414 | 4.724 | 0.613 | 5.782 | 81.7% | 10.6% |
| 51885 | 463 | 0.416 | 4.136 | 0.793 | 5.378 | 76.9% | 14.7% |
| 51893 | 483 | 0.474 | 4.903 | 0.632 | 6.045 | 81.1% | 10.4% |
| 51903 | 489 | 0.416 | 3.150 | 0.719 | 4.323 | 72.9% | 16.6% |
| 51913 | 502 | 0.511 | 7.018 | 0.859 | 8.422 | 83.3% | 10.2% |
| 51926 | 491 | 0.448 | 3.339 | 0.754 | 4.580 | 72.9% | 16.5% |
| 51936 | 492 | 0.506 | 3.497 | 0.767 | 4.803 | 72.8% | 16.0% |
| 51947 | 480 | 0.431 | 3.189 | 0.861 | 4.511 | 70.7% | 19.1% |
| 51957 | 457 | 0.423 | 3.346 | 0.686 | 4.486 | 74.6% | 15.3% |
| 51965 | 456 | 0.402 | 3.629 | 0.786 | 4.846 | 74.9% | 16.2% |
| 51976 | 453 | 0.417 | 7.817 | 0.721 | 8.986 | 87.0% | 8.0% |
| 51987 | 443 | 0.391 | 3.640 | 0.684 | 4.746 | 76.7% | 14.4% |
| 51998 | 427 | 0.393 | 6.164 | 0.529 | 7.122 | 86.6% | 7.4% |
| 52007 | 424 | 0.435 | 4.376 | 0.667 | 5.517 | 79.3% | 12.1% |
| 52019 | 409 | 0.361 | 3.179 | 0.665 | 4.234 | 75.1% | 15.7% |
| 52028 | 391 | 0.349 | 3.016 | 0.488 | 3.877 | 77.8% | 12.6% |
| 52040 | 387 | 0.325 | 3.851 | 0.633 | 4.840 | 79.6% | 13.1% |
| 52049 | 388 | 0.386 | 4.100 | 0.576 | 5.089 | 80.6% | 11.3% |
| 52059 | 378 | 0.369 | 4.172 | 0.543 | 5.106 | 81.7% | 10.6% |
| 52068 | 376 | 0.373 | 3.405 | 0.671 | 4.476 | 76.1% | 15.0% |
| 52081 | 364 | 0.306 | 4.747 | 0.513 | 5.590 | 84.9% | 9.2% |
| 52091 | 367 | 0.299 | 2.682 | 0.478 | 3.481 | 77.0% | 13.7% |
| 52101 | 359 | 0.305 | 2.799 | 0.495 | 3.623 | 77.3% | 13.7% |
| 52111 | 376 | 0.389 | 2.885 | 0.687 | 3.985 | 72.4% | 17.2% |
| 52120 | 387 | 0.332 | 3.385 | 0.559 | 4.303 | 78.7% | 13.0% |
| 52133 | 393 | 0.350 | 2.981 | 0.590 | 3.947 | 75.5% | 14.9% |
| 52142 | 414 | 0.326 | 2.908 | 0.701 | 3.960 | 73.4% | 17.7% |
| 52151 | 402 | 0.419 | 3.372 | 0.593 | 4.408 | 76.5% | 13.5% |
| 52163 | 403 | 0.735 | 4.540 | 0.622 | 5.925 | 76.6% | 10.5% |
| 52172 | 403 | 0.358 | 3.354 | 0.650 | 4.389 | 76.4% | 14.8% |
| 52184 | 402 | 0.382 | 3.094 | 0.672 | 4.176 | 74.1% | 16.1% |
| 52193 | 408 | 0.357 | 3.017 | 0.605 | 4.007 | 75.3% | 15.1% |
| 52205 | 399 | 0.345 | 3.197 | 0.581 | 4.151 | 77.0% | 14.0% |
| 52214 | 397 | 0.387 | 6.155 | 0.669 | 7.239 | 85.0% | 9.2% |
| 52223 | 379 | 0.643 | 4.633 | 0.524 | 5.825 | 79.5% | 9.0% |
| 52233 | 385 | 0.366 | 3.065 | 0.580 | 4.040 | 75.9% | 14.4% |
| 52246 | 385 | 0.328 | 2.892 | 0.555 | 3.802 | 76.1% | 14.6% |
| 52255 | 373 | 0.347 | 3.062 | 0.439 | 3.868 | 79.2% | 11.4% |
| 52265 | 369 | 0.346 | 2.988 | 0.570 | 3.928 | 76.1% | 14.5% |
| 52275 | 364 | 0.335 | 3.648 | 0.490 | 4.498 | 81.1% | 10.9% |
| 52285 | 360 | 0.316 | 4.633 | 0.481 | 5.453 | 84.9% | 8.8% |
| 52296 | 363 | 0.316 | 2.638 | 0.500 | 3.480 | 75.8% | 14.4% |
| 52306 | 346 | 0.329 | 2.331 | 0.485 | 3.169 | 73.6% | 15.3% |
| 52316 | 338 | 0.280 | 2.619 | 0.463 | 3.387 | 77.3% | 13.7% |
| 52327 | 319 | 0.279 | 2.439 | 0.432 | 3.173 | 76.9% | 13.6% |
| 52338 | 313 | 0.569 | 2.735 | 0.441 | 3.761 | 72.7% | 11.7% |
| 52350 | 299 | 0.278 | 5.776 | 0.449 | 6.523 | 88.6% | 6.9% |
| 52357 | 288 | 0.284 | 2.330 | 0.319 | 2.952 | 78.9% | 10.8% |
| 52370 | 289 | 0.296 | 3.639 | 0.333 | 4.286 | 84.9% | 7.8% |
| 52380 | 298 | 0.411 | 2.125 | 0.329 | 2.887 | 73.6% | 11.4% |
| 52390 | 280 | 0.256 | 1.999 | 0.579 | 2.855 | 70.0% | 20.3% |
| 52400 | 271 | 0.337 | 1.750 | 0.463 | 2.571 | 68.1% | 18.0% |
| 52410 | 281 | 0.288 | 2.011 | 0.380 | 2.696 | 74.6% | 14.1% |
| 52420 | 269 | 0.265 | 1.695 | 0.375 | 2.354 | 72.0% | 15.9% |
| 52431 | 255 | 0.229 | 1.587 | 0.263 | 2.097 | 75.7% | 12.5% |
| 52441 | 246 | 0.404 | 3.985 | 0.312 | 4.719 | 84.4% | 6.6% |
| 52451 | 243 | 0.238 | 1.944 | 0.250 | 2.448 | 79.4% | 10.2% |
| 52461 | 251 | 0.269 | 1.648 | 0.363 | 2.298 | 71.7% | 15.8% |
| 52471 | 257 | 0.236 | 1.631 | 0.315 | 2.202 | 74.1% | 14.3% |
| 52482 | 255 | 0.251 | 1.654 | 0.254 | 2.177 | 76.0% | 11.7% |
| 52492 | 257 | 0.252 | 2.079 | 0.325 | 2.672 | 77.8% | 12.2% |
| 52502 | 256 | 0.246 | 1.508 | 0.258 | 2.029 | 74.3% | 12.7% |
| 52512 | 256 | 0.245 | 1.653 | 0.309 | 2.226 | 74.2% | 13.9% |
| 52522 | 254 | 0.273 | 2.087 | 0.270 | 2.647 | 78.8% | 10.2% |
| 52533 | 250 | 0.259 | 1.547 | 0.311 | 2.132 | 72.6% | 14.6% |
| 52543 | 245 | 0.239 | 1.784 | 0.319 | 2.362 | 75.5% | 13.5% |
| 52553 | 250 | 0.222 | 1.536 | 0.299 | 2.077 | 74.0% | 14.4% |
| 52563 | 261 | 0.222 | 1.401 | 0.263 | 1.906 | 73.5% | 13.8% |
| 52573 | 255 | 0.238 | 1.505 | 0.274 | 2.034 | 74.0% | 13.5% |
| 52583 | 273 | 0.246 | 1.644 | 0.296 | 2.208 | 74.5% | 13.4% |
| 52593 | 298 | 0.309 | 2.011 | 0.332 | 2.674 | 75.2% | 12.4% |
| 52608 | 304 | 0.282 | 1.548 | 0.346 | 2.199 | 70.4% | 15.7% |
| 52618 | 313 | 0.303 | 1.658 | 0.451 | 2.433 | 68.1% | 18.5% |
| 52627 | 312 | 0.288 | 1.709 | 0.565 | 2.585 | 66.1% | 21.9% |
| 52637 | 315 | 0.262 | 1.598 | 0.456 | 2.338 | 68.4% | 19.5% |
| 52647 | 329 | 0.316 | 1.842 | 0.462 | 2.642 | 69.7% | 17.5% |
| 52660 | 342 | 0.349 | 1.982 | 0.493 | 2.847 | 69.6% | 17.3% |
| 52668 | 353 | 0.365 | 4.583 | 0.409 | 5.384 | 85.1% | 7.6% |
| 52677 | 355 | 0.338 | 3.464 | 0.421 | 4.249 | 81.5% | 9.9% |
| 52688 | 382 | 0.341 | 2.956 | 0.541 | 3.865 | 76.5% | 14.0% |
| 52701 | 380 | 0.345 | 2.309 | 0.632 | 3.312 | 69.7% | 19.1% |
| 52711 | 380 | 0.378 | 2.966 | 0.560 | 3.925 | 75.6% | 14.3% |
| 52720 | 380 | 0.372 | 3.606 | 0.566 | 4.571 | 78.9% | 12.4% |
| 52730 | 399 | 0.405 | 4.093 | 0.673 | 5.198 | 78.7% | 13.0% |
| 52742 | 377 | 0.333 | 2.360 | 0.458 | 3.177 | 74.3% | 14.4% |
| 52752 | 370 | 0.357 | 5.513 | 0.455 | 6.351 | 86.8% | 7.2% |
| 52761 | 374 | 0.358 | 3.265 | 0.548 | 4.197 | 77.8% | 13.1% |
| 52771 | 367 | 0.333 | 2.720 | 0.526 | 3.605 | 75.4% | 14.6% |
| 52781 | 358 | 0.373 | 4.025 | 0.423 | 4.851 | 83.0% | 8.7% |
| 52791 | 361 | 0.337 | 2.979 | 0.505 | 3.844 | 77.5% | 13.1% |
| 52802 | 342 | 0.305 | 3.593 | 0.614 | 4.532 | 79.3% | 13.6% |
| 52812 | 346 | 0.356 | 2.649 | 0.650 | 3.676 | 72.1% | 17.7% |
| 52823 | 350 | 0.364 | 3.287 | 0.484 | 4.155 | 79.1% | 11.6% |
| 52834 | 338 | 0.399 | 3.367 | 0.567 | 4.353 | 77.3% | 13.0% |
| 52845 | 314 | 0.294 | 2.577 | 0.448 | 3.342 | 77.1% | 13.4% |
| 52856 | 325 | 0.292 | 2.614 | 0.432 | 3.362 | 77.8% | 12.8% |
| 52863 | 302 | 0.260 | 2.285 | 0.355 | 2.923 | 78.2% | 12.2% |
| 52875 | 287 | 0.255 | 1.896 | 0.433 | 2.603 | 72.9% | 16.6% |
| 52887 | 290 | 0.327 | 2.008 | 0.400 | 2.755 | 72.9% | 14.5% |
| 52896 | 279 | 0.248 | 2.155 | 0.384 | 2.808 | 76.8% | 13.7% |
| 52904 | 267 | 0.227 | 1.793 | 0.332 | 2.371 | 75.6% | 14.0% |
| 52914 | 278 | 0.232 | 1.545 | 0.383 | 2.177 | 70.9% | 17.6% |
| 52924 | 287 | 0.222 | 2.500 | 0.395 | 3.137 | 79.7% | 12.6% |
| 52934 | 292 | 0.267 | 1.554 | 0.379 | 2.222 | 69.9% | 17.1% |
| 52949 | 295 | 0.252 | 1.526 | 0.356 | 2.155 | 70.8% | 16.5% |
| 52959 | 315 | 0.260 | 1.983 | 0.400 | 2.666 | 74.4% | 15.0% |
| 52968 | 332 | 0.274 | 2.208 | 0.478 | 2.982 | 74.0% | 16.0% |
| 52978 | 358 | 0.336 | 1.612 | 0.494 | 2.465 | 65.4% | 20.0% |
| 52987 | 381 | 0.364 | 1.996 | 0.527 | 2.912 | 68.5% | 18.1% |
| 53000 | 400 | 0.334 | 2.375 | 0.595 | 3.325 | 71.4% | 17.9% |
| 53011 | 418 | 0.350 | 4.484 | 0.654 | 5.515 | 81.3% | 11.9% |
| 53021 | 412 | 0.461 | 4.003 | 0.559 | 5.052 | 79.2% | 11.1% |
| 53030 | 418 | 0.366 | 2.953 | 0.767 | 4.114 | 71.8% | 18.6% |
| 53042 | 410 | 0.370 | 2.979 | 0.647 | 4.024 | 74.0% | 16.1% |
| 53051 | 383 | 0.343 | 2.692 | 0.577 | 3.641 | 73.9% | 15.8% |
| 53061 | 385 | 0.323 | 2.596 | 0.595 | 3.537 | 73.4% | 16.8% |
| 53073 | 376 | 0.362 | 4.030 | 0.454 | 4.871 | 82.7% | 9.3% |
| 53082 | 388 | 0.349 | 3.565 | 0.546 | 4.486 | 79.5% | 12.2% |
| 53091 | 386 | 0.302 | 3.177 | 0.668 | 4.171 | 76.2% | 16.0% |
| 53104 | 406 | 0.386 | 3.051 | 0.608 | 4.071 | 75.0% | 14.9% |
| 53113 | 393 | 0.428 | 3.629 | 0.580 | 4.657 | 77.9% | 12.4% |
| 53122 | 399 | 0.366 | 4.842 | 0.498 | 5.730 | 84.5% | 8.7% |
| 53134 | 421 | 0.357 | 3.185 | 0.623 | 4.196 | 75.9% | 14.8% |
| 53146 | 438 | 0.390 | 3.125 | 0.557 | 4.103 | 76.2% | 13.6% |
| 53154 | 450 | 0.422 | 4.014 | 0.694 | 5.170 | 77.6% | 13.4% |
| 53164 | 461 | 0.449 | 6.639 | 0.696 | 7.817 | 84.9% | 8.9% |
| 53175 | 472 | 0.408 | 3.264 | 0.736 | 4.440 | 73.5% | 16.6% |
| 53186 | 474 | 0.444 | 4.644 | 0.765 | 5.888 | 78.9% | 13.0% |
| 53197 | 474 | 0.378 | 3.054 | 0.818 | 4.283 | 71.3% | 19.1% |
| 53207 | 474 | 0.389 | 3.821 | 0.793 | 5.035 | 75.9% | 15.8% |
| 53218 | 467 | 0.375 | 3.074 | 0.783 | 4.262 | 72.1% | 18.4% |
| 53226 | 447 | 0.403 | 3.782 | 0.871 | 5.080 | 74.4% | 17.1% |
| 53238 | 449 | 0.425 | 4.517 | 0.587 | 5.562 | 81.2% | 10.6% |
| 53246 | 444 | 0.489 | 5.972 | 0.688 | 7.183 | 83.1% | 9.6% |
| 53258 | 426 | 0.366 | 3.157 | 0.648 | 4.202 | 75.1% | 15.4% |
| 53269 | 420 | 0.447 | 5.384 | 0.560 | 6.424 | 83.8% | 8.7% |
| 53278 | 397 | 0.521 | 2.921 | 0.564 | 4.032 | 72.4% | 14.0% |
| 53290 | 372 | 0.334 | 3.020 | 0.580 | 3.960 | 76.3% | 14.6% |
| 53300 | 356 | 0.369 | 4.707 | 0.536 | 5.640 | 83.5% | 9.5% |
| 53310 | 360 | 0.349 | 2.668 | 0.571 | 3.613 | 73.9% | 15.8% |
| 53320 | 363 | 0.322 | 4.685 | 0.532 | 5.563 | 84.2% | 9.6% |
| 53331 | 332 | 0.319 | 3.941 | 0.385 | 4.672 | 84.4% | 8.2% |
| 53341 | 324 | 0.302 | 2.789 | 0.448 | 3.564 | 78.2% | 12.6% |
| 53352 | 321 | 0.267 | 2.061 | 0.420 | 2.773 | 74.3% | 15.2% |
| 53359 | 319 | 0.297 | 2.622 | 0.433 | 3.376 | 77.6% | 12.8% |
| 53370 | 314 | 0.274 | 2.743 | 0.448 | 3.498 | 78.4% | 12.8% |
| 53381 | 309 | 0.266 | 2.742 | 0.413 | 3.444 | 79.6% | 12.0% |
| 53392 | 298 | 0.261 | 2.525 | 0.328 | 3.137 | 80.5% | 10.5% |
| 53403 | 285 | 0.307 | 2.594 | 0.392 | 3.340 | 77.7% | 11.7% |
| 53412 | 270 | 0.520 | 2.152 | 0.296 | 2.984 | 72.1% | 9.9% |
| 53421 | 270 | 0.237 | 1.474 | 0.296 | 2.029 | 72.6% | 14.6% |
| 53431 | 262 | 0.273 | 1.730 | 0.321 | 2.341 | 73.9% | 13.7% |
| 53441 | 252 | 0.273 | 1.651 | 0.310 | 2.252 | 73.3% | 13.8% |
| 53452 | 250 | 0.214 | 1.525 | 0.254 | 2.014 | 75.7% | 12.6% |
| 53462 | 253 | 0.198 | 1.810 | 0.276 | 2.303 | 78.6% | 12.0% |
| 53472 | 250 | 0.249 | 1.587 | 0.321 | 2.177 | 72.9% | 14.8% |
| 53482 | 260 | 0.229 | 1.583 | 0.315 | 2.146 | 73.8% | 14.7% |
| 53492 | 280 | 0.269 | 1.623 | 0.368 | 2.282 | 71.1% | 16.1% |
| 53503 | 286 | 0.251 | 3.079 | 0.403 | 3.751 | 82.1% | 10.7% |
| 53518 | 281 | 0.254 | 3.757 | 0.373 | 4.405 | 85.3% | 8.5% |
| 53528 | 288 | 0.252 | 1.621 | 0.374 | 2.268 | 71.5% | 16.5% |
| 53538 | 305 | 0.259 | 1.569 | 0.385 | 2.235 | 70.2% | 17.2% |
| 53547 | 308 | 0.262 | 1.646 | 0.393 | 2.323 | 70.9% | 16.9% |
| 53556 | 315 | 0.249 | 1.653 | 0.340 | 2.264 | 73.0% | 15.0% |
| 53566 | 333 | 0.298 | 2.065 | 0.452 | 2.837 | 72.8% | 15.9% |
| 53576 | 344 | 0.292 | 1.632 | 0.445 | 2.391 | 68.2% | 18.6% |
| 53590 | 351 | 0.348 | 1.646 | 0.532 | 2.548 | 64.6% | 20.9% |
| 53599 | 347 | 0.345 | 2.394 | 0.462 | 3.224 | 74.3% | 14.3% |
| 53610 | 366 | 0.349 | 2.985 | 0.552 | 3.910 | 76.3% | 14.1% |
| 53620 | 380 | 0.340 | 5.362 | 0.549 | 6.277 | 85.4% | 8.7% |
| 53629 | 394 | 0.362 | 2.950 | 0.557 | 3.894 | 75.8% | 14.3% |
| 53639 | 381 | 0.343 | 2.703 | 0.594 | 3.665 | 73.8% | 16.2% |
| 53651 | 395 | 0.380 | 3.643 | 0.578 | 4.625 | 78.8% | 12.5% |
| 53661 | 395 | 0.354 | 3.584 | 0.562 | 4.524 | 79.2% | 12.4% |
| 53670 | 410 | 0.378 | 3.021 | 0.575 | 4.002 | 75.5% | 14.4% |
| 53682 | 398 | 0.386 | 4.213 | 0.474 | 5.101 | 82.6% | 9.3% |
| 53692 | 383 | 0.328 | 2.843 | 0.554 | 3.750 | 75.8% | 14.8% |
| 53701 | 382 | 0.329 | 4.757 | 0.447 | 5.559 | 85.6% | 8.0% |
| 53714 | 381 | 0.291 | 2.984 | 0.485 | 3.784 | 78.9% | 12.8% |
| 53723 | 394 | 0.337 | 4.018 | 0.564 | 4.946 | 81.2% | 11.4% |
| 53733 | 390 | 0.315 | 2.876 | 0.460 | 3.679 | 78.2% | 12.5% |
| 53742 | 388 | 0.381 | 3.593 | 0.713 | 4.715 | 76.2% | 15.1% |
| 53755 | 396 | 0.352 | 4.509 | 0.580 | 5.469 | 82.4% | 10.6% |
| 53764 | 408 | 0.346 | 3.801 | 0.476 | 4.652 | 81.7% | 10.2% |
| 53773 | 427 | 0.365 | 2.899 | 0.601 | 3.894 | 74.5% | 15.4% |
| 53785 | 414 | 0.387 | 5.480 | 0.620 | 6.518 | 84.1% | 9.5% |
| 53794 | 406 | 0.314 | 6.658 | 0.766 | 7.762 | 85.8% | 9.9% |
| 53807 | 401 | 0.356 | 5.129 | 0.488 | 6.004 | 85.4% | 8.1% |
| 53816 | 396 | 0.349 | 5.545 | 0.620 | 6.542 | 84.8% | 9.5% |
| 53825 | 393 | 0.376 | 4.057 | 0.647 | 5.108 | 79.4% | 12.7% |
| 53838 | 385 | 0.342 | 2.649 | 0.578 | 3.592 | 73.7% | 16.1% |
| 53847 | 387 | 0.296 | 2.986 | 0.553 | 3.864 | 77.3% | 14.3% |
| 53856 | 386 | 0.307 | 4.575 | 0.562 | 5.472 | 83.6% | 10.3% |
| 53869 | 373 | 0.340 | 2.648 | 0.617 | 3.632 | 72.9% | 17.0% |
| 53879 | 359 | 0.300 | 2.560 | 0.443 | 3.329 | 76.9% | 13.3% |
| 53889 | 353 | 0.306 | 4.350 | 0.440 | 5.119 | 85.0% | 8.6% |
| 53899 | 337 | 0.301 | 2.191 | 0.451 | 2.966 | 73.9% | 15.2% |
| 53910 | 339 | 0.280 | 2.470 | 0.469 | 3.244 | 76.1% | 14.4% |
| 53920 | 340 | 0.288 | 2.756 | 0.473 | 3.540 | 77.9% | 13.4% |
| 53931 | 347 | 0.298 | 2.864 | 0.504 | 3.692 | 77.6% | 13.7% |
| 53941 | 361 | 0.315 | 2.716 | 0.522 | 3.578 | 75.9% | 14.6% |
| 53951 | 373 | 0.326 | 4.409 | 0.543 | 5.305 | 83.1% | 10.2% |
| 53960 | 362 | 0.351 | 3.994 | 0.528 | 4.897 | 81.6% | 10.8% |
| 53971 | 347 | 0.324 | 5.288 | 0.418 | 6.050 | 87.4% | 6.9% |
| 53981 | 342 | 0.294 | 2.504 | 0.492 | 3.315 | 75.5% | 14.8% |
| 53991 | 331 | 0.286 | 3.822 | 0.484 | 4.614 | 82.8% | 10.5% |
| 54002 | 309 | 0.293 | 3.694 | 0.348 | 4.358 | 84.8% | 8.0% |
| 54010 | 308 | 0.280 | 2.879 | 0.458 | 3.641 | 79.1% | 12.6% |
| 54021 | 304 | 0.326 | 3.870 | 0.357 | 4.577 | 84.5% | 7.8% |
| 54033 | 289 | 0.322 | 2.554 | 0.334 | 3.230 | 79.1% | 10.3% |
| 54041 | 290 | 0.251 | 2.195 | 0.395 | 2.861 | 76.7% | 13.8% |
| 54054 | 283 | 0.266 | 3.582 | 0.315 | 4.182 | 85.6% | 7.5% |
| 54062 | 291 | 0.321 | 2.381 | 0.436 | 3.159 | 75.4% | 13.8% |
| 54075 | 314 | 0.276 | 1.637 | 0.345 | 2.280 | 71.8% | 15.1% |
| 54084 | 321 | 0.340 | 1.979 | 0.457 | 2.798 | 70.7% | 16.3% |
| 54094 | 328 | 0.284 | 1.602 | 0.431 | 2.342 | 68.4% | 18.4% |
| 54104 | 342 | 0.292 | 1.611 | 0.448 | 2.376 | 67.8% | 18.9% |
| 54113 | 365 | 0.315 | 3.518 | 0.428 | 4.290 | 82.0% | 10.0% |
| 54126 | 355 | 0.316 | 1.788 | 0.496 | 2.627 | 68.1% | 18.9% |
| 54135 | 354 | 0.357 | 2.972 | 0.419 | 3.768 | 78.9% | 11.1% |
| 54148 | 353 | 0.299 | 2.293 | 0.538 | 3.156 | 72.7% | 17.0% |
| 54155 | 345 | 0.320 | 2.147 | 0.385 | 2.876 | 74.7% | 13.4% |
| 54166 | 318 | 0.269 | 2.645 | 0.486 | 3.424 | 77.2% | 14.2% |
| 54177 | 326 | 0.300 | 2.618 | 0.387 | 3.326 | 78.7% | 11.6% |
| 54187 | 330 | 0.275 | 2.135 | 0.488 | 2.924 | 73.0% | 16.7% |
| 54199 | 316 | 0.319 | 3.464 | 0.424 | 4.233 | 81.8% | 10.0% |
| 54206 | 313 | 0.290 | 2.588 | 0.430 | 3.329 | 77.7% | 12.9% |
| 54218 | 309 | 0.280 | 2.285 | 0.442 | 3.031 | 75.4% | 14.6% |
| 54227 | 322 | 0.308 | 1.902 | 0.469 | 2.704 | 70.3% | 17.4% |
| 54236 | 330 | 0.289 | 1.684 | 0.452 | 2.445 | 68.9% | 18.5% |
| 54251 | 341 | 0.280 | 1.722 | 0.416 | 2.444 | 70.5% | 17.0% |
| 54260 | 371 | 0.299 | 1.830 | 0.538 | 2.690 | 68.0% | 20.0% |
| 54271 | 383 | 0.327 | 2.058 | 0.505 | 2.918 | 70.5% | 17.3% |
| 54282 | 407 | 0.338 | 2.949 | 0.613 | 3.930 | 75.0% | 15.6% |
| 54291 | 428 | 0.371 | 3.015 | 0.661 | 4.072 | 74.0% | 16.2% |
| 54303 | 422 | 0.378 | 3.999 | 0.641 | 5.043 | 79.3% | 12.7% |
| 54312 | 425 | 0.345 | 4.935 | 0.642 | 5.953 | 82.9% | 10.8% |
| 54321 | 425 | 0.401 | 3.252 | 0.641 | 4.328 | 75.2% | 14.8% |
| 54333 | 407 | 0.366 | 4.084 | 0.612 | 5.096 | 80.1% | 12.0% |
| 54342 | 407 | 0.361 | 2.818 | 0.668 | 3.874 | 72.7% | 17.3% |
| 54354 | 383 | 0.311 | 5.784 | 0.680 | 6.802 | 85.0% | 10.0% |
| 54363 | 365 | 0.314 | 3.529 | 0.472 | 4.341 | 81.3% | 10.9% |
| 54373 | 346 | 0.340 | 2.949 | 0.508 | 3.821 | 77.2% | 13.3% |
| 54384 | 338 | 0.309 | 2.754 | 0.473 | 3.561 | 77.3% | 13.3% |
| 54395 | 324 | 0.320 | 2.779 | 0.448 | 3.570 | 77.9% | 12.6% |
| 54403 | 315 | 0.328 | 2.820 | 0.490 | 3.660 | 77.0% | 13.4% |
| 54414 | 312 | 0.297 | 3.451 | 0.446 | 4.213 | 81.9% | 10.6% |
| 54426 | 295 | 0.281 | 2.125 | 0.432 | 2.860 | 74.3% | 15.1% |
| 54434 | 310 | 0.326 | 3.814 | 0.353 | 4.527 | 84.2% | 7.8% |
| 54446 | 312 | 0.311 | 4.750 | 0.356 | 5.438 | 87.3% | 6.5% |
| 54455 | 321 | 0.378 | 1.679 | 0.353 | 2.429 | 69.1% | 14.5% |
| 54465 | 339 | 0.345 | 1.747 | 0.477 | 2.593 | 67.4% | 18.4% |
| 54478 | 359 | 0.320 | 1.791 | 0.496 | 2.632 | 68.1% | 18.8% |
| 54486 | 363 | 0.307 | 2.766 | 0.489 | 3.588 | 77.1% | 13.6% |
| 54497 | 356 | 0.317 | 2.837 | 0.467 | 3.647 | 77.8% | 12.8% |
| 54507 | 362 | 0.311 | 3.567 | 0.513 | 4.415 | 80.8% | 11.6% |
| 54517 | 374 | 0.316 | 3.088 | 0.612 | 4.039 | 76.5% | 15.2% |
| 54527 | 380 | 0.340 | 3.058 | 0.658 | 4.081 | 74.9% | 16.1% |
| 54540 | 388 | 0.332 | 2.951 | 0.609 | 3.918 | 75.3% | 15.5% |
| 54549 | 386 | 0.363 | 2.982 | 0.606 | 3.979 | 75.0% | 15.2% |
| 54559 | 389 | 0.419 | 2.897 | 0.607 | 3.949 | 73.4% | 15.4% |
| 54569 | 376 | 0.322 | 2.477 | 0.521 | 3.346 | 74.0% | 15.6% |
| 54581 | 377 | 0.366 | 4.049 | 0.546 | 4.986 | 81.2% | 11.0% |
| 54591 | 354 | 0.302 | 2.745 | 0.484 | 3.557 | 77.2% | 13.6% |
| 54602 | 363 | 0.316 | 2.631 | 0.469 | 3.438 | 76.5% | 13.7% |
| 54612 | 365 | 0.360 | 2.814 | 0.427 | 3.624 | 77.6% | 11.8% |
| 54622 | 360 | 0.326 | 2.811 | 0.509 | 3.668 | 76.7% | 13.9% |
| 54633 | 369 | 0.359 | 3.032 | 0.522 | 3.943 | 76.9% | 13.3% |
| 54643 | 364 | 0.354 | 2.668 | 0.528 | 3.573 | 74.7% | 14.8% |
| 54653 | 357 | 0.342 | 2.889 | 0.647 | 3.904 | 74.0% | 16.6% |
| 54663 | 345 | 0.295 | 2.709 | 0.504 | 3.534 | 76.7% | 14.3% |
| 54673 | 349 | 0.302 | 2.501 | 0.478 | 3.305 | 75.7% | 14.5% |
| 54684 | 373 | 0.341 | 4.090 | 0.543 | 4.999 | 81.8% | 10.9% |
| 54694 | 369 | 0.367 | 3.873 | 0.552 | 4.812 | 80.5% | 11.5% |
| 54704 | 363 | 0.324 | 2.781 | 0.507 | 3.636 | 76.5% | 13.9% |
| 54714 | 370 | 0.366 | 2.875 | 0.552 | 3.815 | 75.4% | 14.5% |
| 54724 | 354 | 0.366 | 2.947 | 0.694 | 4.026 | 73.2% | 17.2% |
| 54734 | 351 | 0.366 | 2.758 | 0.488 | 3.643 | 75.7% | 13.4% |
| 54744 | 345 | 0.303 | 3.375 | 0.491 | 4.193 | 80.5% | 11.7% |
| 54755 | 346 | 0.335 | 2.945 | 0.492 | 3.794 | 77.6% | 13.0% |
| 54766 | 335 | 0.288 | 5.132 | 0.506 | 5.949 | 86.3% | 8.5% |
| 54777 | 323 | 0.305 | 2.466 | 0.397 | 3.191 | 77.3% | 12.4% |
| 54788 | 303 | 0.258 | 3.129 | 0.525 | 3.934 | 79.5% | 13.4% |
| 54796 | 295 | 0.261 | 2.469 | 0.370 | 3.122 | 79.1% | 11.9% |
| 54808 | 301 | 0.241 | 1.661 | 0.378 | 2.303 | 72.1% | 16.4% |
| 54818 | 296 | 0.303 | 1.656 | 0.414 | 2.394 | 69.2% | 17.3% |
| 54828 | 307 | 0.310 | 1.646 | 0.503 | 2.481 | 66.4% | 20.3% |
| 54838 | 302 | 0.286 | 1.584 | 0.508 | 2.397 | 66.1% | 21.2% |
| 54848 | 309 | 0.297 | 1.688 | 0.419 | 2.422 | 69.7% | 17.3% |
| 54857 | 322 | 0.270 | 2.118 | 0.558 | 2.966 | 71.4% | 18.8% |
| 54871 | 332 | 0.290 | 1.805 | 0.431 | 2.548 | 70.8% | 16.9% |
| 54880 | 344 | 0.307 | 1.739 | 0.473 | 2.544 | 68.4% | 18.6% |
| 54889 | 349 | 0.309 | 1.862 | 0.383 | 2.578 | 72.2% | 14.9% |
| 54901 | 362 | 0.347 | 5.307 | 0.527 | 6.203 | 85.6% | 8.5% |
| 54910 | 360 | 0.314 | 2.239 | 0.517 | 3.094 | 72.4% | 16.7% |
| 54921 | 361 | 0.355 | 6.099 | 0.631 | 7.114 | 85.7% | 8.9% |
| 54930 | 351 | 0.300 | 2.865 | 0.486 | 3.675 | 78.0% | 13.2% |
| 54941 | 354 | 0.310 | 5.667 | 0.408 | 6.409 | 88.4% | 6.4% |
| 54952 | 359 | 0.340 | 2.618 | 0.576 | 3.560 | 73.5% | 16.2% |
| 54962 | 359 | 0.329 | 2.703 | 0.539 | 3.596 | 75.2% | 15.0% |
| 54972 | 342 | 0.290 | 2.531 | 0.505 | 3.347 | 75.6% | 15.1% |
| 54983 | 328 | 0.328 | 3.498 | 0.471 | 4.319 | 81.0% | 10.9% |
| 54994 | 316 | 0.284 | 2.735 | 0.522 | 3.562 | 76.8% | 14.7% |
| 55006 | 289 | 0.296 | 2.273 | 0.383 | 2.973 | 76.5% | 12.9% |
| 55015 | 282 | 0.268 | 1.905 | 0.416 | 2.608 | 73.0% | 16.0% |
| 55025 | 281 | 0.268 | 1.650 | 0.371 | 2.311 | 71.4% | 16.1% |
| 55036 | 277 | 0.255 | 1.818 | 0.400 | 2.494 | 72.9% | 16.0% |
| 55046 | 288 | 0.258 | 1.574 | 0.386 | 2.238 | 70.3% | 17.2% |
| 55056 | 283 | 0.334 | 1.662 | 0.452 | 2.468 | 67.4% | 18.3% |
| 55066 | 277 | 0.257 | 1.805 | 0.415 | 2.496 | 72.3% | 16.6% |
| 55076 | 288 | 0.239 | 1.679 | 0.340 | 2.278 | 73.7% | 14.9% |
| 55086 | 292 | 0.290 | 2.832 | 0.379 | 3.519 | 80.5% | 10.8% |
| 55095 | 307 | 0.287 | 2.776 | 0.439 | 3.524 | 78.8% | 12.5% |
| 55105 | 306 | 0.276 | 1.572 | 0.421 | 2.291 | 68.6% | 18.4% |
| 55115 | 314 | 0.268 | 1.563 | 0.607 | 2.456 | 63.6% | 24.7% |
| 55129 | 308 | 0.321 | 1.733 | 0.346 | 2.419 | 71.6% | 14.3% |
| 55139 | 332 | 0.318 | 1.674 | 0.516 | 2.529 | 66.2% | 20.4% |
| 55148 | 341 | 0.295 | 1.780 | 0.400 | 2.496 | 71.3% | 16.0% |
| 55157 | 350 | 0.447 | 1.674 | 0.480 | 2.620 | 63.9% | 18.3% |
| 55171 | 359 | 0.359 | 1.801 | 0.566 | 2.753 | 65.4% | 20.6% |
| 55179 | 369 | 0.345 | 2.126 | 0.526 | 3.017 | 70.5% | 17.4% |
| 55189 | 376 | 0.363 | 2.813 | 0.700 | 3.901 | 72.1% | 17.9% |
| 55199 | 355 | 0.325 | 3.706 | 0.514 | 4.568 | 81.1% | 11.3% |
| 55210 | 334 | 0.302 | 3.308 | 0.474 | 4.107 | 80.5% | 11.5% |
| 55221 | 340 | 0.317 | 2.530 | 0.482 | 3.353 | 75.5% | 14.4% |
| 55231 | 322 | 0.400 | 3.926 | 0.481 | 4.827 | 81.3% | 10.0% |
| 55242 | 306 | 0.288 | 2.572 | 0.468 | 3.349 | 76.8% | 14.0% |
| 55250 | 302 | 0.269 | 2.881 | 0.383 | 3.560 | 80.9% | 10.8% |
| 55262 | 289 | 0.243 | 2.181 | 0.517 | 2.957 | 73.7% | 17.5% |
| 55271 | 284 | 0.259 | 2.271 | 0.357 | 2.904 | 78.2% | 12.3% |
| 55283 | 281 | 0.261 | 2.751 | 0.390 | 3.422 | 80.4% | 11.4% |
| 55292 | 285 | 0.261 | 3.190 | 0.392 | 3.863 | 82.6% | 10.2% |
| 55304 | 260 | 0.407 | 2.133 | 0.380 | 2.939 | 72.6% | 12.9% |
| 55313 | 261 | 0.234 | 1.580 | 0.281 | 2.113 | 74.8% | 13.3% |
| 55324 | 270 | 0.239 | 1.728 | 0.374 | 2.357 | 73.3% | 15.9% |
| 55334 | 277 | 0.293 | 2.057 | 0.309 | 2.677 | 76.8% | 11.5% |
| 55344 | 280 | 0.265 | 2.022 | 0.378 | 2.683 | 75.4% | 14.1% |
| 55354 | 296 | 0.382 | 1.960 | 0.317 | 2.676 | 73.2% | 11.8% |
| 55364 | 305 | 0.290 | 1.601 | 0.391 | 2.302 | 69.6% | 17.0% |
| 55374 | 307 | 0.277 | 1.548 | 0.366 | 2.211 | 70.0% | 16.5% |
| 55383 | 334 | 0.308 | 1.611 | 0.392 | 2.333 | 69.0% | 16.8% |
| 55398 | 344 | 0.337 | 1.721 | 0.387 | 2.464 | 69.8% | 15.7% |
| 55408 | 334 | 0.335 | 1.729 | 0.447 | 2.533 | 68.3% | 17.6% |
| 55417 | 337 | 0.311 | 1.707 | 0.455 | 2.495 | 68.4% | 18.2% |
| 55427 | 341 | 0.317 | 1.555 | 0.410 | 2.305 | 67.5% | 17.8% |
| 55436 | 368 | 0.347 | 1.811 | 0.510 | 2.693 | 67.2% | 18.9% |
| 55449 | 384 | 0.347 | 1.718 | 0.459 | 2.549 | 67.4% | 18.0% |
| 55457 | 397 | 0.406 | 2.390 | 0.585 | 3.412 | 70.0% | 17.1% |
| 55468 | 407 | 0.388 | 5.547 | 0.514 | 6.475 | 85.7% | 7.9% |
| 55480 | 408 | 0.368 | 3.390 | 0.645 | 4.431 | 76.5% | 14.5% |
| 55489 | 420 | 0.523 | 4.538 | 0.648 | 5.733 | 79.2% | 11.3% |
| 55501 | 426 | 0.373 | 3.015 | 0.517 | 3.935 | 76.6% | 13.1% |
| 55509 | 441 | 0.456 | 5.587 | 0.689 | 6.756 | 82.7% | 10.2% |
| 55520 | 434 | 0.445 | 5.190 | 0.771 | 6.454 | 80.4% | 11.9% |
| 55532 | 454 | 0.434 | 4.873 | 0.664 | 6.001 | 81.2% | 11.1% |
| 55543 | 475 | 0.440 | 5.593 | 0.809 | 6.875 | 81.4% | 11.8% |
| 55553 | 489 | 0.513 | 4.306 | 0.789 | 5.639 | 76.4% | 14.0% |
| 55562 | 494 | 0.411 | 3.611 | 0.756 | 4.812 | 75.0% | 15.7% |
| 55572 | 494 | 0.409 | 3.433 | 0.815 | 4.684 | 73.3% | 17.4% |
| 55582 | 488 | 0.423 | 3.652 | 0.820 | 4.925 | 74.2% | 16.7% |
| 55594 | 486 | 0.427 | 3.066 | 0.648 | 4.172 | 73.5% | 15.5% |
| 55604 | 490 | 0.416 | 4.280 | 0.965 | 5.693 | 75.2% | 16.9% |
| 55614 | 483 | 0.542 | 4.034 | 0.997 | 5.612 | 71.9% | 17.8% |
| 55624 | 463 | 0.427 | 2.911 | 0.857 | 4.226 | 68.9% | 20.3% |
| 55636 | 448 | 0.463 | 3.276 | 0.939 | 4.709 | 69.6% | 19.9% |
| 55644 | 425 | 0.446 | 5.112 | 0.658 | 6.246 | 81.8% | 10.5% |
| 55656 | 430 | 0.431 | 3.329 | 0.660 | 4.450 | 74.8% | 14.8% |
| 55664 | 424 | 0.391 | 4.462 | 0.654 | 5.537 | 80.6% | 11.8% |
| 55676 | 410 | 0.357 | 3.123 | 0.677 | 4.183 | 74.7% | 16.2% |
| 55685 | 408 | 0.378 | 2.533 | 0.619 | 3.559 | 71.2% | 17.4% |
| 55697 | 409 | 0.347 | 3.662 | 0.621 | 4.658 | 78.6% | 13.3% |
| 55706 | 408 | 0.414 | 3.124 | 0.632 | 4.195 | 74.5% | 15.1% |
| 55718 | 409 | 0.353 | 3.077 | 0.552 | 4.012 | 76.7% | 13.8% |
| 55727 | 391 | 0.387 | 3.788 | 0.617 | 4.820 | 78.6% | 12.8% |
| 55736 | 373 | 0.373 | 3.357 | 0.630 | 4.393 | 76.4% | 14.4% |
| 55749 | 360 | 0.320 | 2.627 | 0.421 | 3.394 | 77.4% | 12.4% |
| 55757 | 347 | 0.345 | 3.611 | 0.670 | 4.658 | 77.5% | 14.4% |
| 55767 | 360 | 0.351 | 4.513 | 0.446 | 5.332 | 84.6% | 8.4% |
| 55778 | 346 | 0.327 | 2.595 | 0.495 | 3.444 | 75.3% | 14.4% |
| 55788 | 321 | 0.324 | 5.008 | 0.474 | 5.827 | 85.9% | 8.1% |
| 55799 | 315 | 0.288 | 2.460 | 0.421 | 3.191 | 77.1% | 13.2% |
| 55810 | 293 | 0.286 | 2.819 | 0.478 | 3.607 | 78.1% | 13.3% |
| 55822 | 283 | 0.295 | 5.034 | 0.309 | 5.659 | 89.0% | 5.5% |
| 55830 | 269 | 0.243 | 1.692 | 0.321 | 2.277 | 74.3% | 14.1% |
| 55840 | 267 | 0.237 | 1.590 | 0.277 | 2.125 | 74.8% | 13.0% |
| 55851 | 271 | 0.269 | 1.500 | 0.305 | 2.095 | 71.6% | 14.6% |
| 55860 | 283 | 0.291 | 2.122 | 0.356 | 2.790 | 76.1% | 12.8% |
| 55870 | 277 | 0.270 | 1.568 | 0.347 | 2.207 | 71.1% | 15.7% |
| 55881 | 283 | 0.259 | 2.040 | 0.359 | 2.681 | 76.1% | 13.4% |
| 55891 | 275 | 0.235 | 1.630 | 0.298 | 2.183 | 74.6% | 13.7% |
| 55901 | 280 | 0.250 | 2.029 | 0.391 | 2.691 | 75.4% | 14.5% |
| 55911 | 297 | 0.322 | 1.587 | 0.419 | 2.350 | 67.5% | 17.8% |
| 55921 | 297 | 0.256 | 1.767 | 0.302 | 2.344 | 75.4% | 12.9% |
| 55936 | 295 | 0.339 | 2.680 | 0.313 | 3.352 | 79.9% | 9.3% |
| 55945 | 314 | 0.342 | 1.897 | 0.441 | 2.700 | 70.3% | 16.3% |
| 55955 | 313 | 0.304 | 1.893 | 0.399 | 2.618 | 72.3% | 15.2% |
| 55965 | 318 | 0.269 | 1.629 | 0.355 | 2.275 | 71.6% | 15.6% |
| 55975 | 348 | 0.307 | 1.620 | 0.537 | 2.490 | 65.0% | 21.6% |
| 55984 | 345 | 0.327 | 1.667 | 0.427 | 2.441 | 68.3% | 17.5% |
| 55994 | 348 | 0.289 | 1.788 | 0.430 | 2.530 | 70.7% | 17.0% |
| 56007 | 354 | 0.332 | 1.690 | 0.396 | 2.441 | 69.2% | 16.2% |
| 56015 | 367 | 0.333 | 2.270 | 0.637 | 3.263 | 69.6% | 19.5% |
| 56026 | 383 | 0.440 | 5.117 | 0.575 | 6.158 | 83.1% | 9.3% |
| 56038 | 376 | 0.390 | 3.088 | 0.532 | 4.033 | 76.6% | 13.2% |
| 56048 | 366 | 0.363 | 2.961 | 0.601 | 3.948 | 75.0% | 15.2% |
| 56057 | 332 | 0.331 | 2.854 | 0.465 | 3.674 | 77.7% | 12.7% |
| 56067 | 324 | 0.299 | 2.602 | 0.425 | 3.349 | 77.7% | 12.7% |
| 56078 | 313 | 0.316 | 3.364 | 0.449 | 4.154 | 81.0% | 10.8% |
| 56090 | 303 | 0.235 | 2.837 | 0.416 | 3.511 | 80.8% | 11.9% |
| 56098 | 302 | 0.259 | 2.820 | 0.434 | 3.535 | 79.8% | 12.3% |
| 56108 | 311 | 0.251 | 1.555 | 0.353 | 2.182 | 71.3% | 16.2% |
| 56118 | 305 | 0.246 | 1.539 | 0.347 | 2.153 | 71.4% | 16.1% |
| 56128 | 330 | 0.277 | 1.576 | 0.429 | 2.306 | 68.3% | 18.6% |
| 56138 | 326 | 0.314 | 1.987 | 0.359 | 2.683 | 74.1% | 13.4% |
| 56152 | 331 | 0.317 | 1.828 | 0.377 | 2.542 | 71.9% | 14.8% |
| 56161 | 360 | 0.295 | 1.744 | 0.428 | 2.493 | 70.0% | 17.2% |
| 56170 | 367 | 0.278 | 1.804 | 0.526 | 2.646 | 68.2% | 19.9% |
| 56182 | 372 | 0.335 | 3.105 | 0.524 | 3.988 | 77.9% | 13.1% |
| 56192 | 377 | 0.325 | 4.585 | 0.634 | 5.570 | 82.3% | 11.4% |
| 56202 | 372 | 0.309 | 3.213 | 0.507 | 4.053 | 79.3% | 12.5% |
| 56212 | 369 | 0.313 | 3.225 | 0.552 | 4.116 | 78.3% | 13.4% |
| 56222 | 358 | 0.329 | 2.738 | 0.573 | 3.668 | 74.6% | 15.6% |
| 56235 | 354 | 0.421 | 3.663 | 0.513 | 4.624 | 79.2% | 11.1% |
| 56244 | 357 | 0.394 | 3.150 | 0.594 | 4.161 | 75.7% | 14.3% |
| 56254 | 365 | 0.340 | 2.820 | 0.417 | 3.604 | 78.2% | 11.6% |
| 56264 | 388 | 0.331 | 2.614 | 0.545 | 3.515 | 74.4% | 15.5% |
| 56276 | 403 | 0.415 | 3.186 | 0.597 | 4.221 | 75.5% | 14.1% |
| 56285 | 439 | 0.338 | 3.088 | 0.755 | 4.213 | 73.3% | 17.9% |
| 56297 | 456 | 0.369 | 3.182 | 0.620 | 4.203 | 75.7% | 14.8% |
| 56305 | 439 | 0.370 | 3.656 | 0.806 | 4.863 | 75.2% | 16.6% |
| 56317 | 449 | 0.411 | 4.449 | 0.765 | 5.656 | 78.7% | 13.5% |
| 56328 | 434 | 0.374 | 3.972 | 0.759 | 5.135 | 77.4% | 14.8% |
| 56337 | 443 | 0.440 | 3.562 | 0.721 | 4.761 | 74.8% | 15.1% |
| 56348 | 441 | 0.341 | 4.705 | 0.733 | 5.807 | 81.0% | 12.6% |
| 56357 | 428 | 0.442 | 3.062 | 0.706 | 4.237 | 72.3% | 16.7% |
| 56368 | 431 | 0.354 | 3.157 | 0.586 | 4.130 | 76.4% | 14.2% |
| 56379 | 406 | 0.403 | 3.309 | 0.595 | 4.336 | 76.3% | 13.7% |
| 56388 | 379 | 0.381 | 3.733 | 0.563 | 4.703 | 79.4% | 12.0% |
| 56398 | 361 | 0.330 | 2.252 | 0.608 | 3.218 | 70.0% | 18.9% |
| 56408 | 344 | 0.297 | 2.691 | 0.528 | 3.541 | 76.0% | 14.9% |
| 56418 | 336 | 0.306 | 2.521 | 0.554 | 3.405 | 74.0% | 16.3% |
| 56429 | 342 | 0.282 | 2.582 | 0.431 | 3.320 | 77.8% | 13.0% |
| 56440 | 331 | 0.308 | 2.419 | 0.486 | 3.233 | 74.8% | 15.0% |
| 56451 | 323 | 0.330 | 2.917 | 0.437 | 3.708 | 78.7% | 11.8% |
| 56462 | 311 | 0.299 | 2.353 | 0.435 | 3.106 | 75.7% | 14.0% |
| 56470 | 297 | 0.263 | 2.326 | 0.380 | 2.990 | 77.8% | 12.7% |
| 56481 | 307 | 0.294 | 5.067 | 0.430 | 5.810 | 87.2% | 7.4% |
| 56493 | 285 | 0.230 | 2.461 | 0.393 | 3.106 | 79.2% | 12.6% |
| 56501 | 280 | 0.262 | 2.398 | 0.430 | 3.113 | 77.0% | 13.8% |
| 56513 | 281 | 0.279 | 2.438 | 0.479 | 3.220 | 75.7% | 14.9% |
| 56522 | 270 | 0.364 | 2.112 | 0.370 | 2.864 | 73.7% | 12.9% |
| 56530 | 273 | 0.233 | 1.527 | 0.289 | 2.070 | 73.8% | 14.0% |
| 56545 | 276 | 0.241 | 2.182 | 0.470 | 2.913 | 74.9% | 16.1% |
| 56555 | 278 | 0.261 | 1.655 | 0.356 | 2.291 | 72.2% | 15.6% |
| 56565 | 277 | 0.248 | 1.555 | 0.400 | 2.223 | 69.9% | 18.0% |
| 56575 | 271 | 0.260 | 1.801 | 0.323 | 2.406 | 74.8% | 13.4% |
| 56585 | 274 | 0.304 | 1.722 | 0.478 | 2.522 | 68.3% | 19.0% |
| 56595 | 288 | 0.305 | 1.737 | 0.509 | 2.572 | 67.5% | 19.8% |
| 56605 | 302 | 0.253 | 1.714 | 0.402 | 2.391 | 71.7% | 16.8% |
| 56615 | 299 | 0.255 | 1.736 | 0.421 | 2.437 | 71.2% | 17.3% |
| 56625 | 328 | 0.292 | 1.718 | 0.430 | 2.463 | 69.7% | 17.5% |
| 56635 | 339 | 0.295 | 2.014 | 0.486 | 2.821 | 71.4% | 17.2% |
| 56644 | 340 | 0.327 | 1.778 | 0.644 | 2.774 | 64.1% | 23.2% |
| 56658 | 342 | 0.273 | 1.673 | 0.378 | 2.347 | 71.3% | 16.1% |
| 56667 | 348 | 0.303 | 2.048 | 0.566 | 2.943 | 69.6% | 19.2% |
| 56676 | 363 | 0.336 | 1.692 | 0.521 | 2.571 | 65.8% | 20.3% |
| 56688 | 387 | 0.318 | 1.857 | 0.564 | 2.765 | 67.2% | 20.4% |
| 56699 | 380 | 0.328 | 2.827 | 0.559 | 3.741 | 75.6% | 15.0% |
| 56709 | 382 | 0.353 | 4.755 | 0.518 | 5.653 | 84.1% | 9.2% |
| 56719 | 387 | 0.354 | 2.423 | 0.564 | 3.371 | 71.9% | 16.7% |
| 56729 | 376 | 0.535 | 3.052 | 0.738 | 4.345 | 70.2% | 17.0% |
| 56738 | 372 | 0.341 | 4.190 | 0.513 | 5.069 | 82.7% | 10.1% |
| 56751 | 381 | 0.319 | 5.398 | 0.538 | 6.286 | 85.9% | 8.6% |
| 56761 | 380 | 0.339 | 3.987 | 0.547 | 4.897 | 81.4% | 11.2% |
| 56770 | 390 | 0.331 | 3.118 | 0.522 | 3.997 | 78.0% | 13.1% |
| 56783 | 361 | 0.337 | 3.392 | 0.503 | 4.249 | 79.8% | 11.8% |
| 56793 | 365 | 0.345 | 2.758 | 0.541 | 3.671 | 75.1% | 14.7% |
| 56803 | 360 | 0.369 | 2.657 | 0.543 | 3.590 | 74.0% | 15.1% |
| 56813 | 356 | 0.329 | 2.797 | 0.511 | 3.658 | 76.5% | 14.0% |
| 56823 | 359 | 0.402 | 2.661 | 0.635 | 3.722 | 71.5% | 17.1% |
| 56834 | 332 | 0.326 | 3.219 | 0.480 | 4.048 | 79.5% | 11.9% |
| 56845 | 341 | 0.325 | 3.021 | 0.562 | 3.930 | 76.9% | 14.3% |
| 56855 | 366 | 0.308 | 2.144 | 0.513 | 2.991 | 71.7% | 17.2% |
| 56865 | 363 | 0.317 | 2.426 | 0.535 | 3.303 | 73.5% | 16.2% |
| 56875 | 388 | 0.365 | 3.037 | 0.552 | 3.979 | 76.3% | 13.9% |
| 56885 | 383 | 0.376 | 2.724 | 0.526 | 3.650 | 74.6% | 14.4% |
| 56894 | 375 | 0.350 | 2.828 | 0.425 | 3.627 | 78.0% | 11.7% |
| 56904 | 384 | 0.379 | 3.099 | 0.538 | 4.043 | 76.7% | 13.3% |
| 56914 | 366 | 0.350 | 4.091 | 0.515 | 4.982 | 82.1% | 10.3% |
| 56927 | 360 | 0.297 | 3.238 | 0.487 | 4.046 | 80.0% | 12.0% |
| 56938 | 352 | 0.311 | 2.822 | 0.501 | 3.659 | 77.1% | 13.7% |
| 56945 | 341 | 0.284 | 6.531 | 0.601 | 7.438 | 87.8% | 8.1% |
| 56956 | 345 | 0.331 | 2.751 | 0.486 | 3.593 | 76.6% | 13.5% |
| 56966 | 338 | 0.309 | 2.561 | 0.447 | 3.340 | 76.7% | 13.4% |
| 56977 | 345 | 0.351 | 2.461 | 0.452 | 3.287 | 74.9% | 13.8% |
| 56988 | 318 | 0.337 | 3.896 | 0.440 | 4.695 | 83.0% | 9.4% |
| 57000 | 323 | 0.301 | 2.474 | 0.461 | 3.259 | 75.9% | 14.2% |
| 57007 | 299 | 0.275 | 2.535 | 0.421 | 3.252 | 77.9% | 12.9% |
| 57019 | 293 | 0.297 | 3.664 | 0.332 | 4.312 | 85.0% | 7.7% |
| 57027 | 285 | 0.265 | 2.830 | 0.377 | 3.493 | 81.0% | 10.8% |
| 57039 | 289 | 0.323 | 2.178 | 0.380 | 2.901 | 75.1% | 13.1% |
| 57051 | 282 | 0.264 | 3.699 | 0.359 | 4.343 | 85.2% | 8.3% |
| 57059 | 265 | 0.216 | 2.210 | 0.347 | 2.790 | 79.2% | 12.4% |
| 57072 | 259 | 0.263 | 3.200 | 0.346 | 3.828 | 83.6% | 9.0% |
| 57083 | 252 | 0.225 | 1.552 | 0.264 | 2.060 | 75.3% | 12.8% |
| 57093 | 249 | 0.227 | 1.489 | 0.281 | 2.017 | 73.8% | 13.9% |
| 57103 | 257 | 0.232 | 1.566 | 0.366 | 2.182 | 71.8% | 16.8% |
| 57113 | 245 | 0.258 | 1.590 | 0.252 | 2.114 | 75.2% | 11.9% |
| 57124 | 250 | 0.202 | 1.390 | 0.260 | 1.871 | 74.3% | 13.9% |
| 57134 | 263 | 0.286 | 3.474 | 0.359 | 4.138 | 84.0% | 8.7% |
| 57144 | 271 | 0.243 | 1.586 | 0.386 | 2.236 | 70.9% | 17.3% |
| 57154 | 279 | 0.252 | 1.930 | 0.354 | 2.556 | 75.5% | 13.8% |
| 57164 | 278 | 0.254 | 1.828 | 0.303 | 2.404 | 76.0% | 12.6% |
| 57174 | 282 | 0.291 | 1.815 | 0.398 | 2.523 | 71.9% | 15.8% |
| 57184 | 300 | 0.280 | 1.692 | 0.419 | 2.414 | 70.1% | 17.4% |
| 57194 | 311 | 0.292 | 1.694 | 0.351 | 2.357 | 71.9% | 14.9% |
| 57204 | 321 | 0.288 | 1.542 | 0.466 | 2.315 | 66.6% | 20.1% |
| 57213 | 318 | 0.331 | 1.727 | 0.448 | 2.541 | 68.0% | 17.6% |
| 57223 | 327 | 0.352 | 1.849 | 0.466 | 2.689 | 68.8% | 17.3% |
| 57237 | 334 | 0.318 | 2.465 | 0.577 | 3.380 | 72.9% | 17.1% |
| 57246 | 346 | 0.345 | 1.762 | 0.484 | 2.615 | 67.4% | 18.5% |
| 57255 | 357 | 0.403 | 1.942 | 0.513 | 2.878 | 67.5% | 17.8% |
| 57268 | 366 | 0.344 | 1.849 | 0.535 | 2.754 | 67.1% | 19.4% |
| 57276 | 374 | 0.362 | 2.454 | 0.449 | 3.290 | 74.6% | 13.6% |
| 57287 | 363 | 0.365 | 3.855 | 0.513 | 4.761 | 81.0% | 10.8% |
| 57297 | 368 | 0.362 | 6.215 | 0.825 | 7.438 | 83.6% | 11.1% |
| 57307 | 346 | 0.332 | 2.416 | 0.496 | 3.264 | 74.0% | 15.2% |
| 57318 | 324 | 0.335 | 2.883 | 0.523 | 3.761 | 76.7% | 13.9% |
| 57329 | 311 | 0.306 | 3.256 | 0.472 | 4.052 | 80.4% | 11.6% |
| 57340 | 312 | 0.273 | 2.917 | 0.390 | 3.600 | 81.0% | 10.8% |
| 57348 | 314 | 0.275 | 2.528 | 0.451 | 3.277 | 77.2% | 13.8% |
| 57360 | 319 | 0.323 | 2.181 | 0.593 | 3.119 | 69.9% | 19.0% |
| 57371 | 323 | 0.285 | 2.433 | 0.444 | 3.181 | 76.5% | 13.9% |
| 57380 | 321 | 0.301 | 1.804 | 0.380 | 2.508 | 71.9% | 15.2% |
| 57389 | 329 | 0.273 | 1.519 | 0.384 | 2.196 | 69.2% | 17.5% |
| 57399 | 350 | 0.334 | 1.500 | 0.398 | 2.254 | 66.5% | 17.6% |
| 57413 | 357 | 0.317 | 1.652 | 0.623 | 2.618 | 63.1% | 23.8% |
| 57421 | 391 | 0.348 | 1.902 | 0.560 | 2.833 | 67.1% | 19.8% |
| 57433 | 393 | 0.329 | 3.845 | 0.657 | 4.856 | 79.2% | 13.5% |
| 57443 | 395 | 0.372 | 3.061 | 0.575 | 4.042 | 75.7% | 14.2% |
| 57452 | 395 | 0.371 | 3.414 | 0.485 | 4.294 | 79.5% | 11.3% |
| 57465 | 378 | 0.405 | 5.689 | 0.556 | 6.674 | 85.2% | 8.3% |
| 57474 | 394 | 0.345 | 3.590 | 0.693 | 4.657 | 77.1% | 14.9% |
| 57483 | 381 | 0.398 | 5.553 | 0.526 | 6.502 | 85.4% | 8.1% |
| 57496 | 377 | 0.316 | 2.804 | 0.542 | 3.687 | 76.0% | 14.7% |
| 57505 | 390 | 0.333 | 3.040 | 0.543 | 3.942 | 77.1% | 13.8% |
| 57515 | 392 | 0.430 | 5.719 | 0.552 | 6.724 | 85.1% | 8.2% |
| 57527 | 429 | 0.396 | 3.420 | 0.688 | 4.533 | 75.5% | 15.2% |
| 57535 | 434 | 0.390 | 3.199 | 0.681 | 4.297 | 74.4% | 15.9% |
| 57546 | 446 | 0.392 | 4.153 | 0.654 | 5.229 | 79.4% | 12.5% |
| 57558 | 439 | 0.446 | 3.177 | 0.636 | 4.299 | 73.9% | 14.8% |
| 57566 | 436 | 0.353 | 2.971 | 0.770 | 4.120 | 72.1% | 18.7% |
| 57578 | 459 | 0.449 | 5.449 | 0.955 | 6.888 | 79.1% | 13.9% |
| 57588 | 463 | 0.429 | 4.007 | 0.586 | 5.053 | 79.3% | 11.6% |
| 57599 | 470 | 0.505 | 4.832 | 0.669 | 6.050 | 79.9% | 11.1% |
| 57607 | 447 | 0.398 | 3.092 | 0.686 | 4.206 | 73.5% | 16.3% |
| 57619 | 445 | 0.405 | 2.908 | 0.701 | 4.046 | 71.9% | 17.3% |
| 57630 | 441 | 0.390 | 3.319 | 0.620 | 4.354 | 76.2% | 14.2% |
| 57639 | 438 | 0.394 | 5.305 | 0.764 | 6.492 | 81.7% | 11.8% |
| 57650 | 441 | 0.421 | 4.603 | 0.848 | 5.903 | 78.0% | 14.4% |
| 57659 | 450 | 0.436 | 4.789 | 0.701 | 5.957 | 80.4% | 11.8% |
| 57670 | 454 | 0.438 | 4.189 | 0.835 | 5.492 | 76.3% | 15.2% |
| 57681 | 441 | 0.354 | 3.205 | 0.642 | 4.233 | 75.7% | 15.2% |
| 57692 | 418 | 0.364 | 4.448 | 0.653 | 5.494 | 81.0% | 11.9% |
| 57701 | 387 | 0.342 | 4.478 | 0.592 | 5.435 | 82.4% | 10.9% |
| 57710 | 380 | 0.340 | 3.010 | 0.590 | 3.968 | 75.9% | 14.9% |
| 57723 | 367 | 0.349 | 5.904 | 0.563 | 6.841 | 86.3% | 8.2% |
| 57733 | 334 | 0.274 | 2.499 | 0.450 | 3.247 | 77.0% | 13.9% |
| 57743 | 302 | 0.262 | 2.898 | 0.418 | 3.600 | 80.5% | 11.6% |
| 57751 | 296 | 0.306 | 2.267 | 0.481 | 3.078 | 73.7% | 15.6% |
| 57764 | 291 | 0.231 | 2.304 | 0.423 | 2.979 | 77.3% | 14.2% |
| 57772 | 286 | 0.273 | 2.387 | 0.384 | 3.066 | 77.9% | 12.5% |
| 57784 | 273 | 0.223 | 2.100 | 0.358 | 2.699 | 77.8% | 13.3% |
| 57792 | 276 | 0.266 | 2.281 | 0.311 | 2.879 | 79.2% | 10.8% |
| 57806 | 274 | 0.250 | 1.591 | 0.364 | 2.225 | 71.5% | 16.3% |
| 57816 | 272 | 0.233 | 1.447 | 0.286 | 1.985 | 72.9% | 14.4% |
| 57826 | 268 | 0.241 | 1.521 | 0.315 | 2.098 | 72.5% | 15.0% |
| 57836 | 271 | 0.278 | 1.556 | 0.473 | 2.333 | 66.7% | 20.3% |
| 57846 | 268 | 0.284 | 1.606 | 0.354 | 2.263 | 70.9% | 15.6% |
| 57856 | 278 | 0.231 | 1.500 | 0.325 | 2.075 | 72.3% | 15.7% |
| 57866 | 272 | 0.212 | 1.680 | 0.407 | 2.320 | 72.4% | 17.6% |
| 57877 | 271 | 0.250 | 1.781 | 0.354 | 2.403 | 74.1% | 14.7% |
| 57887 | 287 | 0.278 | 1.615 | 0.315 | 2.230 | 72.4% | 14.1% |
| 57896 | 266 | 0.238 | 1.780 | 0.377 | 2.415 | 73.7% | 15.6% |
| 57906 | 266 | 0.237 | 1.509 | 0.296 | 2.062 | 73.2% | 14.4% |
| 57916 | 263 | 0.272 | 2.014 | 0.386 | 2.692 | 74.8% | 14.3% |
| 57927 | 247 | 0.216 | 1.468 | 0.323 | 2.027 | 72.4% | 15.9% |
| 57937 | 254 | 0.245 | 1.878 | 0.340 | 2.488 | 75.5% | 13.7% |
| 57947 | 261 | 0.261 | 1.724 | 0.355 | 2.358 | 73.1% | 15.1% |
| 57957 | 261 | 0.278 | 1.771 | 0.373 | 2.442 | 72.5% | 15.3% |
| 57968 | 251 | 0.254 | 1.632 | 0.432 | 2.341 | 69.7% | 18.5% |
| 57978 | 263 | 0.249 | 1.642 | 0.341 | 2.253 | 72.9% | 15.1% |
| 57988 | 271 | 0.247 | 1.533 | 0.375 | 2.176 | 70.4% | 17.2% |
| 57998 | 254 | 0.269 | 1.573 | 0.327 | 2.187 | 71.9% | 15.0% |
| 58008 | 262 | 0.286 | 1.706 | 0.349 | 2.361 | 72.3% | 14.8% |
| 58019 | 274 | 0.270 | 1.673 | 0.346 | 2.310 | 72.4% | 15.0% |
| 58029 | 274 | 0.241 | 1.522 | 0.281 | 2.065 | 73.7% | 13.6% |
| 58039 | 292 | 0.261 | 3.620 | 0.384 | 4.285 | 84.5% | 9.0% |
| 58054 | 306 | 0.264 | 1.707 | 0.331 | 2.321 | 73.5% | 14.3% |
| 58064 | 322 | 0.254 | 1.527 | 0.467 | 2.269 | 67.3% | 20.6% |
| 58074 | 337 | 0.302 | 1.674 | 0.472 | 2.472 | 67.7% | 19.1% |
| 58083 | 358 | 0.276 | 1.672 | 0.497 | 2.468 | 67.8% | 20.1% |
| 58092 | 388 | 0.411 | 2.958 | 0.555 | 3.949 | 74.9% | 14.0% |
| 58103 | 401 | 0.345 | 1.935 | 0.471 | 2.779 | 69.6% | 17.0% |
| 58114 | 406 | 0.436 | 3.296 | 0.609 | 4.370 | 75.4% | 13.9% |
| 58126 | 426 | 0.450 | 3.049 | 0.669 | 4.196 | 72.7% | 15.9% |
| 58135 | 449 | 0.394 | 4.513 | 0.774 | 5.708 | 79.1% | 13.6% |
| 58146 | 456 | 0.455 | 5.361 | 0.690 | 6.541 | 82.0% | 10.5% |
| 58157 | 445 | 0.438 | 5.450 | 0.648 | 6.572 | 82.9% | 9.9% |
| 58165 | 430 | 0.430 | 4.959 | 0.694 | 6.112 | 81.1% | 11.4% |
| 58177 | 407 | 0.336 | 2.807 | 0.603 | 3.771 | 74.5% | 16.0% |
| 58186 | 389 | 0.327 | 3.002 | 0.591 | 3.946 | 76.1% | 15.0% |
| 58196 | 358 | 0.300 | 3.746 | 0.408 | 4.479 | 83.6% | 9.1% |
| 58206 | 338 | 0.266 | 2.564 | 0.465 | 3.316 | 77.3% | 14.0% |
| 58217 | 328 | 0.329 | 3.191 | 0.557 | 4.098 | 77.9% | 13.6% |
| 58228 | 316 | 0.275 | 2.668 | 0.360 | 3.326 | 80.2% | 10.8% |
| 58239 | 330 | 0.365 | 2.484 | 0.438 | 3.309 | 75.0% | 13.2% |
| 58250 | 328 | 0.271 | 2.513 | 0.435 | 3.244 | 77.5% | 13.4% |
| 58257 | 311 | 0.302 | 2.641 | 0.412 | 3.378 | 78.2% | 12.2% |
| 58268 | 308 | 0.277 | 2.449 | 0.535 | 3.282 | 74.6% | 16.3% |
| 58279 | 318 | 0.333 | 2.615 | 0.439 | 3.407 | 76.8% | 12.9% |
| 58290 | 309 | 0.290 | 2.115 | 0.337 | 2.765 | 76.5% | 12.2% |
| 58301 | 309 | 0.266 | 2.487 | 0.442 | 3.214 | 77.4% | 13.7% |
| 58309 | 309 | 0.288 | 2.579 | 0.400 | 3.289 | 78.4% | 12.2% |
| 58321 | 290 | 0.257 | 2.183 | 0.478 | 2.936 | 74.3% | 16.3% |
| 58333 | 294 | 0.319 | 2.422 | 0.432 | 3.193 | 75.9% | 13.5% |
| 58340 | 296 | 0.331 | 3.587 | 0.386 | 4.323 | 83.0% | 8.9% |
| 58352 | 299 | 0.248 | 4.920 | 0.335 | 5.522 | 89.1% | 6.1% |
| 58364 | 297 | 0.272 | 2.419 | 0.408 | 3.119 | 77.6% | 13.1% |
| 58372 | 315 | 0.298 | 2.369 | 0.422 | 3.111 | 76.2% | 13.6% |
| 58384 | 309 | 0.314 | 2.333 | 0.414 | 3.082 | 75.7% | 13.4% |
| 58391 | 302 | 0.275 | 2.239 | 0.447 | 2.980 | 75.1% | 15.0% |
| 58403 | 314 | 0.294 | 2.298 | 0.358 | 2.991 | 76.8% | 12.0% |
| 58415 | 317 | 0.269 | 2.574 | 0.547 | 3.412 | 75.4% | 16.0% |
| 58423 | 315 | 0.293 | 1.870 | 0.424 | 2.607 | 71.7% | 16.3% |
| 58432 | 335 | 0.372 | 2.636 | 0.498 | 3.529 | 74.7% | 14.1% |
| 58445 | 347 | 0.302 | 1.793 | 0.429 | 2.546 | 70.4% | 16.9% |
| 58454 | 373 | 0.325 | 1.854 | 0.533 | 2.737 | 67.7% | 19.5% |
| 58466 | 376 | 0.422 | 2.001 | 0.573 | 3.026 | 66.1% | 18.9% |
| 58476 | 402 | 0.382 | 2.964 | 0.614 | 3.985 | 74.4% | 15.4% |
| 58486 | 416 | 0.463 | 3.125 | 0.697 | 4.313 | 72.5% | 16.2% |
| 58497 | 428 | 0.405 | 2.813 | 0.660 | 3.902 | 72.1% | 16.9% |
| 58506 | 414 | 0.455 | 5.124 | 0.643 | 6.251 | 82.0% | 10.3% |
| 58518 | 401 | 0.383 | 4.168 | 0.608 | 5.184 | 80.4% | 11.7% |
| 58527 | 410 | 0.434 | 4.293 | 0.615 | 5.372 | 79.9% | 11.4% |
| 58537 | 399 | 0.369 | 4.568 | 0.561 | 5.522 | 82.7% | 10.2% |
| 58549 | 400 | 0.358 | 2.976 | 0.594 | 3.956 | 75.2% | 15.0% |
| 58558 | 412 | 0.332 | 5.221 | 0.499 | 6.081 | 85.9% | 8.2% |
| 58570 | 424 | 0.389 | 3.050 | 0.626 | 4.092 | 74.5% | 15.3% |
| 58578 | 428 | 0.418 | 5.025 | 0.646 | 6.122 | 82.1% | 10.6% |
| 58590 | 400 | 0.374 | 3.886 | 0.606 | 4.895 | 79.4% | 12.4% |
| 58599 | 402 | 0.340 | 3.312 | 0.582 | 4.265 | 77.7% | 13.6% |
| 58609 | 389 | 0.341 | 7.567 | 0.576 | 8.508 | 88.9% | 6.8% |
| 58621 | 393 | 0.508 | 4.575 | 0.512 | 5.622 | 81.4% | 9.1% |
| 58630 | 390 | 0.362 | 3.676 | 0.663 | 4.729 | 77.7% | 14.0% |
| 58643 | 398 | 0.391 | 4.512 | 0.633 | 5.568 | 81.0% | 11.4% |
| 58652 | 387 | 0.354 | 3.537 | 0.468 | 4.382 | 80.7% | 10.7% |
| 58661 | 374 | 0.343 | 3.478 | 0.517 | 4.362 | 79.7% | 11.9% |
| 58671 | 369 | 0.381 | 4.947 | 0.535 | 5.905 | 83.8% | 9.1% |
| 58681 | 358 | 0.374 | 2.853 | 0.519 | 3.768 | 75.7% | 13.8% |
| 58692 | 357 | 0.344 | 2.670 | 0.506 | 3.541 | 75.4% | 14.3% |
| 58702 | 349 | 0.344 | 3.563 | 0.504 | 4.434 | 80.4% | 11.4% |
| 58712 | 350 | 0.307 | 2.677 | 0.477 | 3.485 | 76.8% | 13.7% |
| 58723 | 334 | 0.363 | 2.385 | 0.546 | 3.315 | 71.9% | 16.5% |
| 58734 | 333 | 0.299 | 2.489 | 0.477 | 3.290 | 75.7% | 14.5% |
| 58745 | 329 | 0.435 | 3.946 | 0.503 | 4.909 | 80.4% | 10.2% |
| 58756 | 327 | 0.312 | 2.561 | 0.446 | 3.338 | 76.7% | 13.4% |
| 58767 | 313 | 0.250 | 3.053 | 0.513 | 3.836 | 79.6% | 13.4% |
| 58775 | 305 | 0.290 | 5.173 | 0.420 | 5.903 | 87.6% | 7.1% |
| 58786 | 308 | 0.236 | 5.646 | 0.356 | 6.255 | 90.3% | 5.7% |
| 58798 | 305 | 0.255 | 2.442 | 0.387 | 3.107 | 78.6% | 12.5% |
| 58806 | 307 | 0.256 | 2.361 | 0.405 | 3.043 | 77.6% | 13.3% |
| 58818 | 311 | 0.326 | 2.448 | 0.438 | 3.233 | 75.7% | 13.5% |
| 58829 | 308 | 0.332 | 4.254 | 0.434 | 5.053 | 84.2% | 8.6% |
| 58836 | 313 | 0.299 | 2.357 | 0.490 | 3.167 | 74.4% | 15.5% |
| 58848 | 300 | 0.390 | 3.671 | 0.535 | 4.622 | 79.4% | 11.6% |
| 58857 | 293 | 0.279 | 1.722 | 0.386 | 2.414 | 71.3% | 16.0% |
| 58867 | 293 | 0.288 | 1.641 | 0.384 | 2.335 | 70.3% | 16.5% |
| 58877 | 288 | 0.278 | 1.720 | 0.492 | 2.510 | 68.5% | 19.6% |
| 58887 | 277 | 0.334 | 2.111 | 0.413 | 2.882 | 73.2% | 14.3% |
| 58897 | 267 | 0.233 | 1.548 | 0.273 | 2.073 | 74.7% | 13.2% |
| 58907 | 273 | 0.224 | 1.486 | 0.343 | 2.073 | 71.7% | 16.5% |
| 58918 | 272 | 0.272 | 1.610 | 0.373 | 2.277 | 70.7% | 16.4% |
| 58928 | 281 | 0.259 | 1.633 | 0.358 | 2.271 | 71.9% | 15.8% |
| 58938 | 279 | 0.264 | 1.560 | 0.292 | 2.136 | 73.0% | 13.6% |
| 58953 | 277 | 0.292 | 1.786 | 0.357 | 2.454 | 72.8% | 14.5% |
| 58963 | 281 | 0.257 | 1.637 | 0.277 | 2.191 | 74.7% | 12.6% |
| 58973 | 291 | 0.241 | 1.619 | 0.377 | 2.257 | 71.8% | 16.7% |
| 58983 | 289 | 0.254 | 1.923 | 0.593 | 2.792 | 68.9% | 21.3% |
| 58993 | 306 | 0.283 | 1.738 | 0.400 | 2.449 | 71.0% | 16.3% |
| 59003 | 318 | 0.247 | 1.975 | 0.431 | 2.676 | 73.8% | 16.1% |
| 59013 | 327 | 0.306 | 2.228 | 0.461 | 3.016 | 73.9% | 15.3% |
| 59022 | 327 | 0.280 | 1.655 | 0.406 | 2.363 | 70.0% | 17.2% |
| 59031 | 338 | 0.338 | 1.936 | 0.388 | 2.683 | 72.2% | 14.4% |
| 59045 | 358 | 0.356 | 1.682 | 0.481 | 2.544 | 66.1% | 18.9% |
| 59053 | 362 | 0.384 | 4.852 | 0.494 | 5.750 | 84.4% | 8.6% |
| 59065 | 366 | 0.330 | 4.209 | 0.550 | 5.113 | 82.3% | 10.8% |
| 59075 | 367 | 0.346 | 4.027 | 0.443 | 4.842 | 83.2% | 9.1% |
| 59085 | 381 | 0.348 | 2.802 | 0.437 | 3.613 | 77.6% | 12.1% |
| 59097 | 399 | 0.375 | 3.982 | 0.774 | 5.158 | 77.2% | 15.0% |
| 59106 | 415 | 0.446 | 4.998 | 0.603 | 6.071 | 82.3% | 9.9% |
| 59115 | 414 | 0.344 | 3.043 | 0.610 | 4.028 | 75.5% | 15.1% |
| 59127 | 437 | 0.404 | 3.089 | 0.738 | 4.261 | 72.5% | 17.3% |
| 59139 | 430 | 0.360 | 2.698 | 0.683 | 3.769 | 71.6% | 18.1% |
| 59148 | 426 | 0.371 | 3.881 | 0.765 | 5.049 | 76.9% | 15.2% |
| 59157 | 422 | 0.447 | 3.071 | 0.941 | 4.486 | 68.5% | 21.0% |
| 59169 | 416 | 0.540 | 4.356 | 0.571 | 5.491 | 79.3% | 10.4% |
| 59178 | 429 | 0.426 | 4.104 | 0.605 | 5.163 | 79.5% | 11.7% |
| 59190 | 426 | 0.410 | 4.426 | 0.946 | 5.806 | 76.2% | 16.3% |
| 59199 | 412 | 0.364 | 2.937 | 0.607 | 3.933 | 74.7% | 15.4% |
| 59211 | 413 | 0.369 | 2.806 | 0.605 | 3.808 | 73.7% | 15.9% |
| 59220 | 423 | 0.354 | 3.543 | 0.687 | 4.608 | 76.9% | 14.9% |
| 59229 | 411 | 0.389 | 3.067 | 0.565 | 4.049 | 75.7% | 13.9% |
| 59241 | 414 | 0.407 | 3.958 | 0.638 | 5.033 | 78.7% | 12.7% |
| 59250 | 396 | 0.362 | 2.882 | 0.666 | 3.939 | 73.2% | 16.9% |
| 59263 | 375 | 0.339 | 2.529 | 0.562 | 3.457 | 73.2% | 16.3% |
| 59272 | 396 | 0.410 | 4.118 | 0.571 | 5.128 | 80.3% | 11.1% |
| 59281 | 384 | 0.360 | 4.256 | 0.518 | 5.157 | 82.5% | 10.0% |
| 59294 | 366 | 0.646 | 3.237 | 0.472 | 4.379 | 73.9% | 10.8% |
| 59304 | 335 | 0.391 | 2.409 | 0.465 | 3.285 | 73.3% | 14.1% |
| 59311 | 310 | 0.317 | 2.120 | 0.463 | 2.922 | 72.5% | 15.8% |
| 59323 | 276 | 0.278 | 2.335 | 0.385 | 3.017 | 77.4% | 12.8% |
| 59335 | 261 | 0.247 | 2.066 | 0.341 | 2.675 | 77.2% | 12.8% |
| 59344 | 248 | 0.229 | 1.645 | 0.319 | 2.216 | 74.2% | 14.4% |
| 59354 | 242 | 0.289 | 1.447 | 0.337 | 2.092 | 69.2% | 16.1% |
| 59364 | 242 | 0.237 | 1.641 | 0.258 | 2.152 | 76.3% | 12.0% |
| 59374 | 251 | 0.252 | 1.731 | 0.330 | 2.333 | 74.2% | 14.2% |
| 59384 | 261 | 0.401 | 1.945 | 0.296 | 2.660 | 73.1% | 11.1% |
| 59395 | 263 | 0.266 | 1.955 | 0.339 | 2.577 | 75.9% | 13.1% |
| 59405 | 258 | 0.253 | 1.708 | 0.276 | 2.257 | 75.7% | 12.2% |
| 59415 | 262 | 0.253 | 1.734 | 0.274 | 2.282 | 76.0% | 12.0% |
| 59425 | 277 | 0.257 | 1.610 | 0.292 | 2.180 | 73.9% | 13.4% |
| 59435 | 258 | 0.309 | 1.659 | 0.333 | 2.321 | 71.5% | 14.3% |
| 59445 | 282 | 0.301 | 2.914 | 0.305 | 3.541 | 82.3% | 8.6% |
| 59455 | 275 | 0.273 | 1.665 | 0.278 | 2.237 | 74.4% | 12.4% |
| 59465 | 274 | 0.293 | 1.687 | 0.418 | 2.420 | 69.7% | 17.3% |
| 59475 | 296 | 0.264 | 1.568 | 0.454 | 2.308 | 67.9% | 19.7% |
| 59490 | 309 | 0.260 | 1.544 | 0.347 | 2.171 | 71.1% | 16.0% |
| 59500 | 318 | 0.299 | 2.065 | 0.416 | 2.805 | 73.6% | 14.8% |
| 59509 | 335 | 0.319 | 2.016 | 0.449 | 2.806 | 71.8% | 16.0% |
| 59519 | 361 | 0.387 | 2.540 | 0.503 | 3.455 | 73.5% | 14.5% |
| 59532 | 380 | 0.377 | 3.497 | 0.498 | 4.400 | 79.5% | 11.3% |
| 59539 | 396 | 0.394 | 2.815 | 0.668 | 3.903 | 72.1% | 17.1% |
| 59550 | 410 | 0.363 | 3.717 | 0.574 | 4.682 | 79.4% | 12.3% |
| 59562 | 398 | 0.400 | 4.586 | 0.487 | 5.499 | 83.4% | 8.9% |
| 59571 | 401 | 0.347 | 3.586 | 0.703 | 4.660 | 77.0% | 15.1% |
| 59580 | 412 | 0.352 | 5.221 | 0.645 | 6.247 | 83.6% | 10.3% |
| 59592 | 431 | 0.553 | 3.195 | 0.606 | 4.378 | 73.0% | 13.8% |
| 59604 | 449 | 0.375 | 2.790 | 0.678 | 3.871 | 72.1% | 17.5% |
| 59612 | 451 | 0.420 | 5.102 | 0.640 | 6.197 | 82.3% | 10.3% |
| 59623 | 457 | 0.469 | 4.888 | 0.717 | 6.099 | 80.1% | 11.8% |
| 59634 | 478 | 0.556 | 5.386 | 0.783 | 6.757 | 79.7% | 11.6% |
| 59644 | 482 | 0.633 | 4.480 | 0.755 | 5.896 | 76.0% | 12.8% |
| 59654 | 478 | 0.438 | 3.060 | 0.723 | 4.254 | 71.9% | 17.0% |
| 59665 | 473 | 0.479 | 3.406 | 0.773 | 4.686 | 72.7% | 16.5% |
| 59675 | 485 | 0.427 | 3.541 | 0.702 | 4.698 | 75.4% | 14.9% |
| 59686 | 474 | 0.400 | 3.944 | 0.638 | 5.012 | 78.7% | 12.7% |
| 59696 | 470 | 0.449 | 4.284 | 0.732 | 5.499 | 77.9% | 13.3% |
| 59707 | 467 | 0.398 | 3.659 | 0.615 | 4.702 | 77.8% | 13.1% |
| 59715 | 458 | 0.414 | 3.733 | 0.705 | 4.883 | 76.4% | 14.4% |
| 59726 | 437 | 0.427 | 4.476 | 0.671 | 5.604 | 79.9% | 12.0% |
| 59737 | 429 | 0.470 | 3.212 | 0.689 | 4.406 | 72.9% | 15.6% |
| 59746 | 412 | 0.433 | 4.738 | 0.527 | 5.728 | 82.7% | 9.2% |
| 59758 | 396 | 0.342 | 2.875 | 0.550 | 3.796 | 75.7% | 14.5% |
| 59768 | 389 | 0.310 | 2.862 | 0.574 | 3.774 | 75.8% | 15.2% |
| 59777 | 371 | 0.336 | 2.696 | 0.544 | 3.600 | 74.9% | 15.1% |
| 59787 | 368 | 0.336 | 4.912 | 0.558 | 5.832 | 84.2% | 9.6% |
| 59800 | 354 | 0.334 | 5.994 | 0.438 | 6.792 | 88.2% | 6.4% |
| 59809 | 369 | 0.352 | 2.544 | 0.558 | 3.479 | 73.1% | 16.0% |
| 59819 | 363 | 0.301 | 2.590 | 0.497 | 3.415 | 75.8% | 14.5% |
| 59829 | 361 | 0.363 | 5.353 | 0.430 | 6.172 | 86.7% | 7.0% |
| 59839 | 365 | 0.349 | 2.550 | 0.545 | 3.472 | 73.4% | 15.7% |
| 59849 | 362 | 0.357 | 3.538 | 0.646 | 4.565 | 77.5% | 14.2% |
| 59859 | 344 | 0.360 | 3.717 | 0.569 | 4.671 | 79.6% | 12.2% |
| 59870 | 345 | 0.343 | 2.759 | 0.477 | 3.601 | 76.6% | 13.3% |
| 59883 | 338 | 0.318 | 2.956 | 0.499 | 3.795 | 77.9% | 13.1% |
| 59893 | 323 | 0.331 | 4.470 | 0.371 | 5.191 | 86.1% | 7.1% |
| 59903 | 324 | 0.304 | 2.551 | 0.446 | 3.323 | 76.8% | 13.4% |
| 59913 | 312 | 0.313 | 3.687 | 0.509 | 4.527 | 81.5% | 11.2% |
| 59923 | 324 | 0.389 | 1.403 | 0.473 | 2.284 | 61.4% | 20.7% |
| 59933 | 325 | 0.300 | 1.206 | 0.439 | 1.966 | 61.3% | 22.3% |
| 59943 | 321 | 0.356 | 1.522 | 0.461 | 2.358 | 64.5% | 19.6% |
| 59952 | 341 | 0.324 | 1.321 | 0.460 | 2.125 | 62.1% | 21.7% |
| 59962 | 376 | 0.342 | 1.243 | 0.540 | 2.145 | 57.9% | 25.2% |
| 59972 | 393 | 0.366 | 1.646 | 0.615 | 2.651 | 62.1% | 23.2% |
| 59986 | 420 | 0.381 | 1.551 | 0.649 | 2.606 | 59.5% | 24.9% |
| 59993 | 434 | 0.457 | 2.369 | 0.857 | 3.716 | 63.8% | 23.1% |
| 60007 | 449 | 0.360 | 3.019 | 0.660 | 4.067 | 74.2% | 16.2% |
| 60016 | 450 | 0.418 | 3.101 | 0.697 | 4.248 | 73.0% | 16.4% |
| 60027 | 459 | 0.496 | 5.171 | 0.740 | 6.442 | 80.3% | 11.5% |
| 60036 | 444 | 0.458 | 4.178 | 0.783 | 5.447 | 76.7% | 14.4% |
| 60047 | 413 | 0.370 | 3.534 | 0.587 | 4.520 | 78.2% | 13.0% |
| 60056 | 403 | 0.412 | 3.104 | 0.596 | 4.141 | 75.0% | 14.4% |
| 60069 | 370 | 0.304 | 4.261 | 0.568 | 5.156 | 82.6% | 11.0% |
| 60078 | 371 | 0.346 | 2.465 | 0.666 | 3.502 | 70.4% | 19.0% |
| 60088 | 354 | 0.304 | 2.701 | 0.582 | 3.612 | 74.8% | 16.1% |
| 60098 | 354 | 0.345 | 2.779 | 0.507 | 3.653 | 76.1% | 13.9% |
| 60108 | 339 | 0.366 | 4.145 | 0.407 | 4.966 | 83.5% | 8.2% |
| 60119 | 332 | 0.313 | 2.706 | 0.451 | 3.495 | 77.4% | 12.9% |
| 60130 | 324 | 0.262 | 2.444 | 0.456 | 3.183 | 76.8% | 14.3% |
| 60141 | 326 | 0.295 | 3.002 | 0.468 | 3.789 | 79.2% | 12.4% |
| 60149 | 332 | 0.342 | 4.326 | 0.505 | 5.197 | 83.2% | 9.7% |
| 60160 | 320 | 0.311 | 3.381 | 0.456 | 4.172 | 81.0% | 10.9% |
| 60171 | 303 | 0.320 | 2.350 | 0.467 | 3.160 | 74.4% | 14.8% |
| 60183 | 295 | 0.256 | 2.536 | 0.413 | 3.229 | 78.6% | 12.8% |
| 60191 | 274 | 0.264 | 3.186 | 0.355 | 3.826 | 83.3% | 9.3% |
| 60203 | 263 | 0.220 | 2.167 | 0.319 | 2.726 | 79.5% | 11.7% |
| 60212 | 251 | 0.242 | 1.719 | 0.302 | 2.283 | 75.3% | 13.2% |
| 60223 | 235 | 0.224 | 1.498 | 0.304 | 2.046 | 73.2% | 14.9% |
| 60233 | 232 | 0.185 | 1.572 | 0.249 | 2.023 | 77.7% | 12.3% |
| 60243 | 211 | 0.187 | 1.567 | 0.209 | 1.980 | 79.1% | 10.5% |
| 60253 | 198 | 0.196 | 1.570 | 0.257 | 2.039 | 77.0% | 12.6% |
| 60263 | 189 | 0.158 | 1.426 | 0.189 | 1.789 | 79.7% | 10.6% |
| 60274 | 190 | 0.284 | 2.801 | 0.210 | 3.306 | 84.7% | 6.3% |
| 60284 | 183 | 0.173 | 1.515 | 0.171 | 1.875 | 80.8% | 9.1% |
| 60294 | 189 | 0.195 | 1.556 | 0.198 | 1.964 | 79.2% | 10.1% |
| 60304 | 193 | 0.193 | 1.777 | 0.183 | 2.168 | 82.0% | 8.4% |
| 60315 | 189 | 0.201 | 1.530 | 0.174 | 1.920 | 79.7% | 9.0% |
| 60325 | 189 | 0.177 | 1.659 | 0.194 | 2.046 | 81.1% | 9.5% |
| 60335 | 198 | 0.281 | 1.603 | 0.199 | 2.097 | 76.4% | 9.5% |
| 60345 | 212 | 0.203 | 1.499 | 0.278 | 1.997 | 75.1% | 13.9% |
| 60355 | 227 | 0.187 | 1.496 | 0.224 | 1.927 | 77.6% | 11.6% |
| 60366 | 245 | 0.255 | 2.111 | 0.240 | 2.625 | 80.4% | 9.2% |
| 60376 | 246 | 0.221 | 1.517 | 0.250 | 2.005 | 75.6% | 12.5% |
| 60386 | 262 | 0.317 | 1.734 | 0.340 | 2.407 | 72.0% | 14.1% |
| 60396 | 279 | 0.306 | 1.974 | 0.328 | 2.628 | 75.1% | 12.5% |
| 60406 | 283 | 0.303 | 1.995 | 0.306 | 2.625 | 76.0% | 11.7% |
| 60416 | 293 | 0.269 | 1.590 | 0.315 | 2.196 | 72.4% | 14.3% |
| 60426 | 305 | 0.333 | 1.763 | 0.416 | 2.530 | 69.7% | 16.4% |
| 60441 | 324 | 0.289 | 1.765 | 0.455 | 2.530 | 69.8% | 18.0% |
| 60450 | 345 | 0.319 | 1.954 | 0.410 | 2.707 | 72.2% | 15.1% |
| 60460 | 356 | 0.315 | 1.664 | 0.420 | 2.423 | 68.7% | 17.4% |
| 60468 | 366 | 0.314 | 1.673 | 0.498 | 2.509 | 66.7% | 19.8% |
| 60481 | 377 | 0.334 | 1.889 | 0.542 | 2.789 | 67.7% | 19.4% |
| 60492 | 378 | 0.331 | 2.781 | 0.568 | 3.706 | 75.0% | 15.3% |
| 60502 | 371 | 0.329 | 2.790 | 0.597 | 3.738 | 74.6% | 16.0% |
| 60511 | 382 | 0.345 | 2.806 | 0.544 | 3.721 | 75.4% | 14.6% |
| 60521 | 377 | 0.359 | 5.046 | 0.574 | 6.006 | 84.0% | 9.6% |
| 60533 | 383 | 0.338 | 3.043 | 0.521 | 3.925 | 77.5% | 13.3% |
| 60543 | 377 | 0.317 | 3.413 | 0.612 | 4.367 | 78.2% | 14.0% |
| 60552 | 378 | 0.365 | 4.440 | 0.465 | 5.296 | 83.8% | 8.8% |
| 60565 | 375 | 0.331 | 3.193 | 0.490 | 4.038 | 79.1% | 12.1% |
| 60574 | 406 | 0.367 | 4.332 | 0.818 | 5.544 | 78.1% | 14.7% |
| 60583 | 405 | 0.480 | 3.116 | 0.583 | 4.207 | 74.1% | 13.9% |
| 60596 | 393 | 0.410 | 2.659 | 0.549 | 3.645 | 73.0% | 15.1% |
| 60605 | 406 | 0.402 | 2.997 | 0.956 | 4.383 | 68.4% | 21.8% |
| 60614 | 398 | 0.371 | 5.388 | 0.549 | 6.336 | 85.0% | 8.7% |
| 60626 | 401 | 0.402 | 5.384 | 0.579 | 6.393 | 84.2% | 9.1% |
| 60635 | 390 | 0.328 | 2.997 | 0.595 | 3.943 | 76.0% | 15.1% |
| 60647 | 372 | 0.330 | 2.986 | 0.614 | 3.956 | 75.5% | 15.5% |
| 60657 | 357 | 0.348 | 3.058 | 0.779 | 4.214 | 72.6% | 18.5% |
| 60666 | 352 | 0.296 | 2.441 | 0.638 | 3.402 | 71.7% | 18.8% |
| 60677 | 356 | 0.323 | 2.478 | 0.560 | 3.386 | 73.2% | 16.5% |
| 60687 | 333 | 0.379 | 2.418 | 0.480 | 3.295 | 73.4% | 14.6% |
| 60698 | 320 | 0.294 | 2.518 | 0.556 | 3.391 | 74.2% | 16.4% |
| 60709 | 310 | 0.275 | 2.378 | 0.371 | 3.047 | 78.0% | 12.2% |
| 60717 | 283 | 0.269 | 2.822 | 0.386 | 3.498 | 80.7% | 11.0% |
| 60729 | 266 | 0.231 | 2.325 | 0.351 | 2.928 | 79.4% | 12.0% |
| 60738 | 265 | 0.222 | 1.756 | 0.292 | 2.287 | 76.8% | 12.8% |
| 60748 | 264 | 0.283 | 1.889 | 0.323 | 2.514 | 75.1% | 12.8% |
| 60758 | 268 | 0.289 | 1.798 | 0.400 | 2.508 | 71.7% | 16.0% |
| 60768 | 275 | 0.263 | 2.006 | 0.369 | 2.658 | 75.5% | 13.9% |
| 60778 | 296 | 0.253 | 1.896 | 0.330 | 2.500 | 75.8% | 13.2% |
| 60788 | 305 | 0.293 | 2.132 | 0.451 | 2.898 | 73.6% | 15.6% |
| 60802 | 311 | 0.273 | 1.663 | 0.442 | 2.401 | 69.3% | 18.4% |
| 60811 | 323 | 0.298 | 1.754 | 0.419 | 2.494 | 70.3% | 16.8% |
| 60821 | 319 | 0.257 | 1.897 | 0.435 | 2.612 | 72.6% | 16.7% |
| 60831 | 336 | 0.391 | 2.671 | 0.607 | 3.699 | 72.2% | 16.4% |
| 60840 | 346 | 0.328 | 1.699 | 0.494 | 2.544 | 66.8% | 19.4% |
| 60853 | 348 | 0.346 | 1.754 | 0.494 | 2.617 | 67.0% | 18.9% |
| 60862 | 358 | 0.359 | 1.680 | 0.760 | 2.820 | 59.6% | 27.0% |
| 60874 | 384 | 0.346 | 2.247 | 0.549 | 3.163 | 71.0% | 17.3% |
| 60884 | 416 | 0.350 | 3.008 | 0.615 | 4.003 | 75.1% | 15.4% |
| 60896 | 443 | 0.445 | 3.412 | 0.835 | 4.723 | 72.2% | 17.7% |
| 60904 | 448 | 0.407 | 3.003 | 0.677 | 4.117 | 72.9% | 16.4% |
| 60915 | 469 | 0.433 | 3.410 | 0.734 | 4.610 | 74.0% | 15.9% |
| 60926 | 476 | 0.484 | 4.034 | 0.798 | 5.349 | 75.4% | 14.9% |
| 60936 | 488 | 0.507 | 4.127 | 0.985 | 5.660 | 72.9% | 17.4% |
| 60947 | 498 | 0.437 | 4.064 | 0.768 | 5.302 | 76.6% | 14.5% |
| 60957 | 513 | 0.427 | 3.834 | 0.816 | 5.112 | 75.0% | 16.0% |
| 60967 | 520 | 0.485 | 4.476 | 1.008 | 6.003 | 74.6% | 16.8% |
| 60978 | 510 | 0.458 | 5.199 | 0.834 | 6.527 | 79.7% | 12.8% |
| 60988 | 516 | 0.462 | 3.727 | 0.849 | 5.072 | 73.5% | 16.7% |
| 60997 | 535 | 0.428 | 3.900 | 0.883 | 5.244 | 74.4% | 16.8% |
| 61007 | 543 | 0.448 | 3.687 | 0.825 | 4.992 | 73.9% | 16.5% |
| 61019 | 539 | 0.476 | 5.527 | 1.000 | 7.049 | 78.4% | 14.2% |
| 61028 | 516 | 0.440 | 3.635 | 0.863 | 4.982 | 73.0% | 17.3% |
| 61039 | 481 | 0.428 | 3.101 | 0.856 | 4.421 | 70.1% | 19.4% |
| 61049 | 448 | 0.445 | 4.639 | 0.727 | 5.842 | 79.4% | 12.5% |
| 61058 | 406 | 0.357 | 4.178 | 0.738 | 5.300 | 78.8% | 13.9% |
| 61071 | 375 | 0.321 | 2.920 | 0.503 | 3.771 | 77.4% | 13.3% |
| 61080 | 340 | 0.302 | 3.218 | 0.477 | 4.020 | 80.0% | 11.9% |
| 61091 | 320 | 0.369 | 3.607 | 0.437 | 4.434 | 81.3% | 9.8% |
| 61099 | 305 | 0.255 | 2.067 | 0.427 | 2.775 | 74.5% | 15.4% |
| 61112 | 298 | 0.256 | 1.810 | 0.413 | 2.503 | 72.3% | 16.5% |
| 61122 | 295 | 0.270 | 2.003 | 0.436 | 2.733 | 73.3% | 15.9% |
| 61132 | 281 | 0.265 | 1.603 | 0.352 | 2.241 | 71.5% | 15.7% |
| 61142 | 279 | 0.271 | 1.551 | 0.304 | 2.145 | 72.3% | 14.2% |
| 61152 | 286 | 0.253 | 1.469 | 0.309 | 2.054 | 71.5% | 15.0% |
| 61162 | 284 | 0.295 | 2.256 | 0.421 | 2.992 | 75.4% | 14.1% |
| 61172 | 289 | 0.246 | 1.944 | 0.445 | 2.659 | 73.1% | 16.7% |
| 61182 | 294 | 0.238 | 1.694 | 0.406 | 2.360 | 71.8% | 17.2% |
| 61192 | 279 | 0.303 | 1.593 | 0.387 | 2.304 | 69.1% | 16.8% |
| 61202 | 279 | 0.335 | 1.695 | 0.347 | 2.396 | 70.8% | 14.5% |
| 61212 | 269 | 0.288 | 1.742 | 0.297 | 2.348 | 74.2% | 12.6% |
| 61222 | 263 | 0.259 | 2.051 | 0.349 | 2.678 | 76.6% | 13.0% |
| 61232 | 272 | 0.244 | 1.705 | 0.284 | 2.256 | 75.6% | 12.6% |
| 61242 | 277 | 0.254 | 1.619 | 0.302 | 2.200 | 73.6% | 13.7% |
| 61257 | 289 | 0.288 | 1.640 | 0.392 | 2.344 | 70.0% | 16.7% |
| 61267 | 292 | 0.266 | 1.634 | 0.313 | 2.236 | 73.1% | 14.0% |
| 61277 | 318 | 0.308 | 1.700 | 0.434 | 2.466 | 68.9% | 17.6% |
| 61287 | 335 | 0.285 | 1.559 | 0.372 | 2.239 | 69.6% | 16.6% |
| 61296 | 363 | 0.398 | 1.843 | 0.604 | 2.868 | 64.3% | 21.1% |
| 61305 | 374 | 0.322 | 1.924 | 0.562 | 2.835 | 67.9% | 19.8% |
| 61317 | 378 | 0.310 | 2.333 | 0.575 | 3.243 | 71.9% | 17.7% |
| 61328 | 391 | 0.353 | 2.301 | 0.575 | 3.255 | 70.7% | 17.7% |
| 61339 | 406 | 0.314 | 2.826 | 0.604 | 3.772 | 74.9% | 16.0% |
| 61348 | 395 | 0.348 | 3.809 | 0.576 | 4.757 | 80.1% | 12.1% |
| 61360 | 404 | 0.299 | 2.768 | 0.587 | 3.679 | 75.3% | 15.9% |
| 61370 | 401 | 0.370 | 3.664 | 0.492 | 4.555 | 80.4% | 10.8% |
| 61379 | 394 | 0.400 | 3.802 | 0.636 | 4.867 | 78.1% | 13.1% |
| 61391 | 399 | 0.322 | 3.211 | 0.669 | 4.226 | 76.0% | 15.8% |
| 61400 | 388 | 0.373 | 4.432 | 0.526 | 5.355 | 82.8% | 9.8% |
| 61409 | 391 | 0.357 | 3.400 | 0.648 | 4.431 | 76.7% | 14.6% |
| 61422 | 385 | 0.359 | 3.081 | 0.583 | 4.048 | 76.1% | 14.4% |
| 61431 | 381 | 0.314 | 2.861 | 0.540 | 3.737 | 76.5% | 14.4% |
| 61440 | 373 | 0.311 | 3.161 | 0.603 | 4.098 | 77.1% | 14.7% |
| 61453 | 370 | 0.324 | 5.125 | 0.454 | 5.925 | 86.5% | 7.7% |
| 61463 | 365 | 0.320 | 3.448 | 0.528 | 4.315 | 79.9% | 12.2% |
| 61473 | 364 | 0.350 | 3.800 | 0.535 | 4.708 | 80.7% | 11.4% |
| 61483 | 372 | 0.324 | 2.929 | 0.534 | 3.808 | 76.9% | 14.0% |
| 61492 | 361 | 0.306 | 3.207 | 0.558 | 4.098 | 78.3% | 13.6% |
| 61503 | 357 | 0.311 | 2.483 | 0.480 | 3.294 | 75.4% | 14.6% |
| 61513 | 348 | 0.325 | 2.481 | 0.590 | 3.417 | 72.6% | 17.3% |
| 61523 | 354 | 0.612 | 2.795 | 0.516 | 3.947 | 70.8% | 13.1% |
| 61534 | 326 | 0.297 | 3.099 | 0.372 | 3.791 | 81.7% | 9.8% |
| 61545 | 298 | 0.299 | 3.460 | 0.423 | 4.201 | 82.4% | 10.1% |
| 61553 | 295 | 0.241 | 1.627 | 0.365 | 2.255 | 72.2% | 16.2% |
| 61563 | 298 | 0.249 | 1.534 | 0.322 | 2.128 | 72.1% | 15.1% |
| 61573 | 291 | 0.271 | 1.729 | 0.319 | 2.339 | 73.9% | 13.6% |
| 61583 | 280 | 0.273 | 1.951 | 0.366 | 2.611 | 74.7% | 14.0% |
| 61598 | 273 | 0.276 | 1.530 | 0.291 | 2.117 | 72.3% | 13.7% |
| 61608 | 272 | 0.379 | 2.076 | 0.296 | 2.766 | 75.1% | 10.7% |
| 61618 | 280 | 0.285 | 2.581 | 0.409 | 3.320 | 77.7% | 12.3% |
| 61628 | 280 | 0.254 | 1.549 | 0.300 | 2.122 | 73.0% | 14.1% |
| 61638 | 289 | 0.283 | 6.785 | 0.444 | 7.538 | 90.0% | 5.9% |
| 61648 | 282 | 0.236 | 1.707 | 0.319 | 2.280 | 74.8% | 14.0% |
| 61658 | 293 | 0.305 | 1.411 | 0.314 | 2.053 | 68.8% | 15.3% |
| 61668 | 310 | 0.281 | 1.874 | 0.454 | 2.631 | 71.2% | 17.3% |
| 61679 | 318 | 0.270 | 1.501 | 0.351 | 2.142 | 70.1% | 16.4% |
| 61688 | 336 | 0.288 | 1.592 | 0.449 | 2.352 | 67.7% | 19.1% |
| 61698 | 347 | 0.362 | 1.753 | 0.549 | 2.687 | 65.2% | 20.4% |
| 61711 | 355 | 0.334 | 1.727 | 0.478 | 2.560 | 67.4% | 18.7% |
| 61720 | 387 | 0.348 | 1.784 | 0.510 | 2.665 | 66.9% | 19.2% |
| 61732 | 385 | 0.348 | 2.493 | 0.552 | 3.421 | 72.9% | 16.1% |
| 61742 | 392 | 0.366 | 2.785 | 0.583 | 3.763 | 74.0% | 15.5% |
| 61751 | 392 | 0.337 | 2.904 | 0.570 | 3.846 | 75.5% | 14.8% |
| 61764 | 392 | 0.405 | 4.315 | 0.663 | 5.413 | 79.7% | 12.2% |
| 61773 | 382 | 0.363 | 2.876 | 0.552 | 3.815 | 75.4% | 14.5% |
| 61782 | 391 | 0.334 | 5.458 | 0.636 | 6.456 | 84.5% | 9.9% |
| 61794 | 381 | 0.322 | 2.921 | 0.602 | 3.867 | 75.5% | 15.6% |
| 61804 | 366 | 0.325 | 5.970 | 0.472 | 6.790 | 87.9% | 7.0% |
| 61814 | 381 | 0.369 | 4.701 | 0.584 | 5.678 | 82.8% | 10.3% |
| 61823 | 361 | 0.311 | 2.345 | 0.506 | 3.186 | 73.6% | 15.9% |
| 61833 | 353 | 0.282 | 2.581 | 0.516 | 3.401 | 75.9% | 15.2% |
| 61844 | 340 | 0.367 | 2.705 | 0.559 | 3.651 | 74.1% | 15.3% |
| 61854 | 360 | 0.340 | 2.506 | 0.501 | 3.372 | 74.3% | 14.9% |
| 61864 | 343 | 0.306 | 2.582 | 0.489 | 3.400 | 75.9% | 14.4% |
| 61875 | 330 | 0.303 | 3.055 | 0.510 | 3.892 | 78.5% | 13.1% |
| 61886 | 313 | 0.303 | 2.504 | 0.434 | 3.263 | 76.7% | 13.3% |
| 61897 | 324 | 0.265 | 2.546 | 0.463 | 3.295 | 77.3% | 14.0% |
| 61905 | 317 | 0.268 | 2.194 | 0.439 | 2.921 | 75.1% | 15.0% |
| 61917 | 300 | 0.266 | 2.351 | 0.405 | 3.045 | 77.2% | 13.3% |
| 61929 | 284 | 0.258 | 2.520 | 0.374 | 3.170 | 79.5% | 11.8% |
| 61937 | 275 | 0.219 | 2.108 | 0.432 | 2.779 | 75.9% | 15.6% |
| 61950 | 275 | 0.245 | 2.193 | 0.360 | 2.819 | 77.8% | 12.8% |
| 61958 | 271 | 0.258 | 2.297 | 0.308 | 2.880 | 79.8% | 10.7% |
| 61968 | 265 | 0.350 | 2.010 | 0.377 | 2.753 | 73.0% | 13.7% |
| 61978 | 251 | 0.240 | 1.565 | 0.509 | 2.332 | 67.1% | 21.8% |
| 61988 | 246 | 0.206 | 1.763 | 0.268 | 2.255 | 78.2% | 11.9% |
| 61998 | 249 | 0.237 | 1.528 | 0.274 | 2.058 | 74.2% | 13.3% |
| 62009 | 245 | 0.284 | 2.040 | 0.367 | 2.707 | 75.3% | 13.6% |
| 62019 | 235 | 0.223 | 1.909 | 0.356 | 2.507 | 76.2% | 14.2% |
| 62029 | 241 | 0.239 | 1.680 | 0.482 | 2.416 | 69.5% | 19.9% |
| 62039 | 247 | 0.262 | 3.215 | 0.296 | 3.791 | 84.8% | 7.8% |
| 62050 | 243 | 0.239 | 2.117 | 0.307 | 2.682 | 78.9% | 11.5% |
| 62060 | 253 | 0.258 | 1.653 | 0.330 | 2.260 | 73.1% | 14.6% |
| 62070 | 252 | 0.256 | 1.923 | 0.372 | 2.567 | 74.9% | 14.5% |
| 62080 | 278 | 0.264 | 2.076 | 0.462 | 2.823 | 73.6% | 16.3% |
| 62090 | 282 | 0.266 | 1.982 | 0.464 | 2.734 | 72.5% | 17.0% |
| 62100 | 299 | 0.297 | 1.895 | 0.418 | 2.633 | 72.0% | 15.9% |
| 62114 | 307 | 0.284 | 1.634 | 0.343 | 2.280 | 71.7% | 15.0% |
| 62124 | 307 | 0.295 | 1.720 | 0.469 | 2.507 | 68.6% | 18.7% |
| 62133 | 323 | 0.287 | 1.673 | 0.451 | 2.430 | 68.8% | 18.6% |
| 62143 | 330 | 0.322 | 1.684 | 0.585 | 2.612 | 64.5% | 22.4% |
| 62156 | 339 | 0.337 | 2.100 | 0.500 | 2.957 | 71.0% | 16.9% |
| 62165 | 333 | 0.307 | 1.723 | 0.481 | 2.533 | 68.0% | 19.0% |
| 62174 | 335 | 0.348 | 1.945 | 0.488 | 2.802 | 69.4% | 17.4% |
| 62186 | 355 | 0.327 | 1.852 | 0.410 | 2.612 | 70.9% | 15.7% |
| 62195 | 361 | 0.426 | 3.476 | 0.474 | 4.399 | 79.0% | 10.8% |
| 62206 | 362 | 0.384 | 2.490 | 0.509 | 3.407 | 73.1% | 14.9% |
| 62217 | 351 | 0.316 | 2.347 | 0.520 | 3.207 | 73.2% | 16.2% |
| 62227 | 352 | 0.321 | 2.506 | 0.569 | 3.417 | 73.3% | 16.7% |
| 62237 | 346 | 0.347 | 3.747 | 0.553 | 4.671 | 80.2% | 11.8% |
| 62248 | 345 | 0.302 | 2.507 | 0.415 | 3.248 | 77.2% | 12.8% |
| 62258 | 338 | 0.283 | 2.559 | 0.494 | 3.360 | 76.2% | 14.7% |
| 62269 | 329 | 0.325 | 2.701 | 0.533 | 3.582 | 75.4% | 14.9% |
| 62280 | 323 | 0.309 | 3.146 | 0.480 | 3.958 | 79.5% | 12.1% |
| 62288 | 303 | 0.296 | 2.667 | 0.455 | 3.437 | 77.6% | 13.2% |
| 62300 | 295 | 0.245 | 2.179 | 0.426 | 2.870 | 75.9% | 14.8% |
| 62308 | 271 | 0.249 | 2.784 | 0.521 | 3.575 | 77.9% | 14.6% |
| 62317 | 245 | 0.232 | 1.651 | 0.321 | 2.223 | 74.3% | 14.4% |
| 62327 | 254 | 0.269 | 1.526 | 0.368 | 2.183 | 69.9% | 16.9% |
| 62337 | 251 | 0.227 | 1.615 | 0.275 | 2.136 | 75.6% | 12.9% |
| 62348 | 264 | 0.259 | 1.602 | 0.272 | 2.154 | 74.4% | 12.6% |
| 62363 | 279 | 0.338 | 1.809 | 0.385 | 2.554 | 70.8% | 15.1% |
| 62373 | 295 | 0.291 | 1.667 | 0.391 | 2.369 | 70.3% | 16.5% |
| 62383 | 297 | 0.288 | 1.776 | 0.369 | 2.455 | 72.4% | 15.0% |
| 62393 | 306 | 0.274 | 1.561 | 0.339 | 2.198 | 71.0% | 15.4% |
| 62403 | 324 | 0.330 | 3.434 | 0.518 | 4.306 | 79.8% | 12.0% |
| 62413 | 332 | 0.312 | 1.996 | 0.468 | 2.798 | 71.3% | 16.7% |
| 62422 | 348 | 0.316 | 1.923 | 0.472 | 2.736 | 70.3% | 17.3% |
| 62435 | 365 | 0.341 | 1.788 | 0.523 | 2.673 | 66.9% | 19.6% |
| 62444 | 394 | 0.345 | 2.159 | 0.605 | 3.137 | 68.8% | 19.3% |
| 62454 | 413 | 0.386 | 3.949 | 0.504 | 4.863 | 81.2% | 10.4% |
| 62464 | 416 | 0.337 | 2.952 | 0.649 | 3.965 | 74.5% | 16.4% |
| 62474 | 409 | 0.483 | 3.138 | 0.607 | 4.256 | 73.7% | 14.3% |
| 62486 | 444 | 0.390 | 3.220 | 0.676 | 4.318 | 74.6% | 15.7% |
| 62495 | 437 | 0.418 | 3.729 | 0.546 | 4.720 | 79.0% | 11.6% |
| 62506 | 443 | 0.409 | 4.346 | 0.610 | 5.395 | 80.6% | 11.3% |
| 62518 | 452 | 0.396 | 3.075 | 0.573 | 4.073 | 75.5% | 14.1% |
| 62526 | 455 | 0.464 | 4.963 | 0.765 | 6.221 | 79.8% | 12.3% |
| 62537 | 466 | 0.439 | 3.311 | 0.718 | 4.503 | 73.5% | 15.9% |
| 62547 | 485 | 0.510 | 5.286 | 0.757 | 6.593 | 80.2% | 11.5% |
| 62558 | 503 | 0.404 | 3.364 | 0.811 | 4.613 | 72.9% | 17.6% |
| 62568 | 516 | 0.432 | 3.203 | 0.851 | 4.517 | 70.9% | 18.8% |
| 62578 | 514 | 0.498 | 7.263 | 0.714 | 8.528 | 85.2% | 8.4% |
| 62590 | 512 | 0.410 | 3.425 | 0.947 | 4.813 | 71.2% | 19.7% |
| 62600 | 510 | 0.408 | 4.376 | 0.745 | 5.566 | 78.6% | 13.4% |
| 62610 | 520 | 0.419 | 3.060 | 0.830 | 4.344 | 70.4% | 19.1% |
| 62620 | 505 | 0.410 | 3.846 | 0.830 | 5.121 | 75.1% | 16.2% |
| 62630 | 509 | 0.420 | 3.709 | 0.814 | 4.981 | 74.5% | 16.3% |
| 62640 | 501 | 0.421 | 3.503 | 0.797 | 4.757 | 73.7% | 16.8% |
| 62650 | 505 | 0.405 | 3.221 | 0.817 | 4.473 | 72.0% | 18.3% |
| 62662 | 490 | 0.407 | 3.572 | 0.893 | 4.907 | 72.8% | 18.2% |
| 62673 | 494 | 0.475 | 3.620 | 0.815 | 4.946 | 73.2% | 16.5% |
| 62683 | 480 | 0.415 | 3.734 | 0.762 | 4.944 | 75.5% | 15.4% |
| 62691 | 470 | 0.462 | 4.118 | 0.787 | 5.388 | 76.4% | 14.6% |
| 62702 | 463 | 0.449 | 3.093 | 0.734 | 4.307 | 71.8% | 17.1% |
| 62713 | 442 | 0.459 | 4.061 | 0.678 | 5.233 | 77.6% | 13.0% |
| 62724 | 443 | 0.398 | 3.019 | 0.635 | 4.084 | 73.9% | 15.6% |
| 62733 | 421 | 0.371 | 3.043 | 0.584 | 4.029 | 75.5% | 14.5% |
| 62745 | 392 | 0.353 | 3.486 | 0.444 | 4.312 | 80.8% | 10.3% |
| 62755 | 364 | 0.305 | 3.398 | 0.484 | 4.216 | 80.6% | 11.5% |
| 62765 | 338 | 0.300 | 2.306 | 0.477 | 3.109 | 74.2% | 15.4% |
| 62776 | 348 | 0.325 | 3.317 | 0.570 | 4.239 | 78.3% | 13.4% |
| 62783 | 329 | 0.318 | 3.376 | 0.417 | 4.137 | 81.6% | 10.1% |
| 62794 | 328 | 0.323 | 4.503 | 0.369 | 5.220 | 86.3% | 7.1% |
| 62805 | 309 | 0.278 | 3.413 | 0.565 | 4.281 | 79.7% | 13.2% |
| 62817 | 321 | 0.290 | 2.620 | 0.418 | 3.353 | 78.1% | 12.5% |
| 62824 | 305 | 0.280 | 2.353 | 0.323 | 2.978 | 79.0% | 10.8% |
| 62836 | 310 | 0.287 | 2.486 | 0.389 | 3.185 | 78.0% | 12.2% |
| 62844 | 304 | 0.325 | 1.708 | 0.379 | 2.433 | 70.2% | 15.6% |
| 62858 | 330 | 0.321 | 1.892 | 0.507 | 2.744 | 69.0% | 18.5% |
| 62868 | 330 | 0.319 | 1.732 | 0.534 | 2.608 | 66.4% | 20.5% |
| 62877 | 332 | 0.291 | 2.156 | 0.442 | 2.914 | 74.0% | 15.2% |
| 62887 | 345 | 0.292 | 1.718 | 0.540 | 2.575 | 66.7% | 21.0% |
| 62899 | 355 | 0.299 | 2.443 | 0.555 | 3.324 | 73.5% | 16.7% |
| 62910 | 340 | 0.301 | 4.141 | 0.466 | 4.933 | 84.0% | 9.5% |
| 62918 | 327 | 0.373 | 2.249 | 0.396 | 3.062 | 73.4% | 12.9% |
| 62928 | 336 | 0.305 | 4.190 | 0.390 | 4.907 | 85.4% | 7.9% |
| 62939 | 318 | 0.301 | 2.312 | 0.470 | 3.106 | 74.4% | 15.1% |
| 62951 | 311 | 0.308 | 2.212 | 0.416 | 2.957 | 74.8% | 14.1% |
| 62959 | 291 | 0.277 | 2.442 | 0.395 | 3.135 | 77.9% | 12.6% |
| 62971 | 279 | 0.280 | 3.790 | 0.312 | 4.403 | 86.1% | 7.1% |
| 62979 | 296 | 0.246 | 2.068 | 0.427 | 2.764 | 74.8% | 15.4% |
| 62993 | 298 | 0.256 | 1.664 | 0.401 | 2.341 | 71.1% | 17.1% |
| 63003 | 308 | 0.265 | 1.636 | 0.341 | 2.261 | 72.4% | 15.1% |
| 63013 | 312 | 0.286 | 4.255 | 0.359 | 4.921 | 86.5% | 7.3% |
| 63023 | 307 | 0.259 | 1.981 | 0.422 | 2.686 | 73.7% | 15.7% |
| 63033 | 310 | 0.310 | 1.643 | 0.414 | 2.392 | 68.7% | 17.3% |
| 63043 | 306 | 0.285 | 1.945 | 0.525 | 2.778 | 70.0% | 18.9% |
| 63053 | 306 | 0.264 | 1.713 | 0.389 | 2.385 | 71.8% | 16.3% |
| 63063 | 301 | 0.283 | 1.700 | 0.498 | 2.504 | 67.9% | 19.9% |
| 63073 | 304 | 0.347 | 1.708 | 0.369 | 2.445 | 69.8% | 15.1% |
| 63082 | 319 | 0.268 | 2.805 | 0.374 | 3.470 | 80.8% | 10.8% |
| 63092 | 334 | 0.290 | 1.617 | 0.384 | 2.315 | 69.9% | 16.6% |
| 63106 | 344 | 0.313 | 1.765 | 0.487 | 2.588 | 68.2% | 18.8% |
| 63115 | 371 | 0.351 | 1.989 | 0.462 | 2.825 | 70.4% | 16.3% |
| 63126 | 372 | 0.391 | 2.946 | 0.512 | 3.875 | 76.0% | 13.2% |
| 63137 | 373 | 0.314 | 3.927 | 0.568 | 4.834 | 81.2% | 11.8% |
| 63146 | 382 | 0.302 | 2.828 | 0.564 | 3.718 | 76.1% | 15.2% |
| 63156 | 388 | 0.357 | 6.400 | 0.488 | 7.271 | 88.0% | 6.7% |
| 63168 | 388 | 0.362 | 4.121 | 0.554 | 5.064 | 81.4% | 10.9% |
| 63177 | 390 | 0.352 | 4.898 | 0.542 | 5.835 | 83.9% | 9.3% |
| 63187 | 386 | 0.338 | 2.648 | 0.573 | 3.582 | 73.9% | 16.0% |
| 63199 | 402 | 0.373 | 4.465 | 0.607 | 5.474 | 81.6% | 11.1% |
| 63209 | 389 | 0.295 | 3.577 | 0.802 | 4.702 | 76.1% | 17.1% |
| 63218 | 376 | 0.344 | 2.841 | 0.613 | 3.825 | 74.3% | 16.0% |
| 63231 | 382 | 0.335 | 2.828 | 0.535 | 3.726 | 75.9% | 14.4% |
| 63240 | 388 | 0.337 | 3.913 | 0.679 | 4.957 | 78.9% | 13.7% |
| 63249 | 394 | 0.331 | 2.829 | 0.591 | 3.780 | 74.9% | 15.6% |
| 63262 | 392 | 0.357 | 3.395 | 0.598 | 4.377 | 77.6% | 13.7% |
| 63271 | 408 | 0.408 | 2.764 | 0.623 | 3.824 | 72.3% | 16.3% |
| 63283 | 388 | 0.340 | 3.390 | 0.636 | 4.393 | 77.2% | 14.5% |
| 63292 | 391 | 0.328 | 2.823 | 0.608 | 3.786 | 74.6% | 16.1% |
| 63301 | 393 | 0.345 | 5.569 | 0.735 | 6.677 | 83.4% | 11.0% |
| 63313 | 383 | 0.322 | 4.075 | 0.537 | 4.962 | 82.1% | 10.8% |
| 63322 | 389 | 0.390 | 3.609 | 0.800 | 4.822 | 74.8% | 16.6% |
| 63332 | 386 | 0.359 | 7.507 | 0.572 | 8.466 | 88.7% | 6.8% |
| 63344 | 376 | 0.323 | 2.925 | 0.580 | 3.854 | 75.9% | 15.1% |
| 63354 | 371 | 0.305 | 3.910 | 0.563 | 4.801 | 81.4% | 11.7% |
| 63364 | 341 | 0.296 | 2.791 | 0.538 | 3.647 | 76.5% | 14.7% |
| 63374 | 337 | 0.286 | 2.661 | 0.477 | 3.448 | 77.2% | 13.8% |
| 63384 | 336 | 0.270 | 2.726 | 0.455 | 3.475 | 78.4% | 13.1% |
| 63396 | 322 | 0.282 | 2.202 | 0.430 | 2.937 | 75.0% | 14.6% |
| 63406 | 314 | 0.374 | 2.320 | 0.449 | 3.172 | 73.1% | 14.1% |
| 63414 | 276 | 0.244 | 2.144 | 0.377 | 2.786 | 77.0% | 13.5% |
| 63423 | 278 | 0.227 | 1.569 | 0.314 | 2.127 | 73.7% | 14.8% |
| 63433 | 274 | 0.256 | 1.968 | 0.324 | 2.568 | 76.7% | 12.6% |
| 63443 | 260 | 0.212 | 1.655 | 0.267 | 2.154 | 76.8% | 12.4% |
| 63453 | 265 | 0.226 | 1.673 | 0.307 | 2.227 | 75.1% | 13.8% |
| 63464 | 262 | 0.227 | 1.445 | 0.376 | 2.068 | 69.9% | 18.2% |
| 63474 | 264 | 0.247 | 1.525 | 0.293 | 2.086 | 73.1% | 14.0% |
| 63489 | 269 | 0.229 | 1.676 | 0.356 | 2.277 | 73.6% | 15.6% |
| 63499 | 279 | 0.285 | 1.673 | 0.413 | 2.392 | 70.0% | 17.3% |
| 63509 | 275 | 0.234 | 1.742 | 0.307 | 2.300 | 75.7% | 13.3% |
| 63519 | 279 | 0.224 | 1.533 | 0.306 | 2.081 | 73.7% | 14.7% |
| 63529 | 281 | 0.256 | 2.029 | 0.375 | 2.683 | 75.6% | 14.0% |
| 63539 | 277 | 0.269 | 1.487 | 0.380 | 2.156 | 69.0% | 17.6% |
| 63549 | 282 | 0.247 | 1.602 | 0.388 | 2.257 | 71.0% | 17.2% |
| 63559 | 286 | 0.351 | 3.258 | 0.390 | 4.020 | 81.1% | 9.7% |
| 63569 | 274 | 0.264 | 1.735 | 0.351 | 2.367 | 73.3% | 14.8% |
| 63579 | 281 | 0.440 | 1.529 | 0.341 | 2.325 | 65.8% | 14.7% |
| 63589 | 288 | 0.254 | 1.584 | 0.363 | 2.221 | 71.3% | 16.3% |
| 63599 | 284 | 0.248 | 1.346 | 0.433 | 2.044 | 65.8% | 21.2% |
| 63609 | 299 | 0.313 | 1.634 | 0.433 | 2.398 | 68.1% | 18.0% |
| 63619 | 295 | 0.265 | 1.720 | 0.432 | 2.435 | 70.6% | 17.7% |
| 63633 | 305 | 0.263 | 1.758 | 0.430 | 2.474 | 71.1% | 17.4% |
| 63643 | 300 | 0.397 | 2.226 | 0.389 | 3.043 | 73.2% | 12.8% |
| 63653 | 305 | 0.358 | 2.144 | 0.422 | 2.943 | 72.9% | 14.4% |
| 63663 | 308 | 0.281 | 1.658 | 0.461 | 2.422 | 68.4% | 19.0% |
| 63673 | 301 | 0.298 | 1.747 | 0.401 | 2.467 | 70.8% | 16.2% |
| 63683 | 293 | 0.259 | 1.540 | 0.387 | 2.208 | 69.7% | 17.5% |
| 63693 | 286 | 0.367 | 2.472 | 0.407 | 3.264 | 75.7% | 12.5% |
| 63703 | 303 | 0.249 | 1.734 | 0.438 | 2.441 | 71.1% | 18.0% |
| 63713 | 311 | 0.287 | 1.647 | 0.406 | 2.362 | 69.7% | 17.2% |
| 63723 | 338 | 0.297 | 1.643 | 0.495 | 2.458 | 66.8% | 20.1% |
| 63737 | 339 | 0.286 | 1.638 | 0.468 | 2.414 | 67.8% | 19.4% |
| 63746 | 359 | 0.321 | 1.790 | 0.495 | 2.626 | 68.2% | 18.8% |
| 63755 | 385 | 0.335 | 2.683 | 0.599 | 3.638 | 73.7% | 16.5% |
| 63766 | 391 | 0.373 | 2.540 | 0.619 | 3.557 | 71.4% | 17.4% |
| 63776 | 401 | 0.354 | 3.698 | 0.564 | 4.644 | 79.6% | 12.1% |
| 63789 | 414 | 0.345 | 2.736 | 0.608 | 3.717 | 73.6% | 16.4% |
| 63798 | 402 | 0.355 | 2.975 | 0.575 | 3.929 | 75.7% | 14.6% |
| 63807 | 400 | 0.403 | 2.975 | 0.599 | 4.004 | 74.3% | 15.0% |
| 63819 | 391 | 0.441 | 3.082 | 0.656 | 4.210 | 73.2% | 15.6% |
| 63828 | 390 | 0.322 | 2.536 | 0.594 | 3.480 | 72.9% | 17.1% |
| 63838 | 395 | 0.356 | 5.252 | 0.520 | 6.157 | 85.3% | 8.4% |
| 63850 | 406 | 0.346 | 6.706 | 0.585 | 7.664 | 87.5% | 7.6% |
| 63859 | 418 | 0.386 | 3.347 | 0.630 | 4.393 | 76.2% | 14.3% |
| 63871 | 416 | 0.379 | 3.669 | 0.689 | 4.766 | 77.0% | 14.5% |
| 63880 | 432 | 0.357 | 3.066 | 0.655 | 4.108 | 74.6% | 15.9% |
| 63891 | 433 | 0.408 | 3.150 | 0.726 | 4.310 | 73.1% | 16.8% |
| 63900 | 421 | 0.335 | 3.659 | 0.607 | 4.626 | 79.1% | 13.1% |
| 63912 | 416 | 0.428 | 4.598 | 0.609 | 5.664 | 81.2% | 10.7% |
| 63921 | 401 | 0.392 | 4.048 | 0.636 | 5.105 | 79.3% | 12.5% |
| 63933 | 395 | 0.337 | 3.623 | 0.570 | 4.557 | 79.5% | 12.5% |
| 63942 | 391 | 0.562 | 4.579 | 0.471 | 5.654 | 81.0% | 8.3% |
| 63954 | 384 | 0.379 | 5.254 | 0.491 | 6.148 | 85.4% | 8.0% |
| 63963 | 374 | 0.316 | 3.313 | 0.460 | 4.116 | 80.5% | 11.2% |
| 63973 | 372 | 0.314 | 2.753 | 0.458 | 3.550 | 77.6% | 12.9% |
| 63982 | 361 | 0.361 | 2.782 | 0.538 | 3.702 | 75.1% | 14.5% |
| 63995 | 371 | 0.394 | 2.532 | 0.576 | 3.528 | 71.8% | 16.3% |
| 64005 | 372 | 0.364 | 2.499 | 0.540 | 3.427 | 72.9% | 15.8% |
| 64015 | 369 | 0.368 | 3.925 | 0.626 | 4.940 | 79.4% | 12.7% |
| 64025 | 351 | 0.319 | 2.697 | 0.505 | 3.542 | 76.1% | 14.3% |
| 64035 | 340 | 0.303 | 3.644 | 0.384 | 4.352 | 83.7% | 8.8% |
| 64046 | 342 | 0.280 | 2.608 | 0.482 | 3.394 | 76.8% | 14.2% |
| 64057 | 337 | 0.321 | 2.971 | 0.403 | 3.719 | 79.9% | 10.8% |
| 64068 | 338 | 0.286 | 2.479 | 0.444 | 3.232 | 76.7% | 13.7% |
| 64075 | 319 | 0.291 | 6.928 | 0.413 | 7.658 | 90.5% | 5.4% |
| 64087 | 308 | 0.262 | 2.477 | 0.400 | 3.161 | 78.4% | 12.6% |
| 64098 | 290 | 0.300 | 2.309 | 0.334 | 2.962 | 78.0% | 11.3% |
| 64106 | 289 | 0.241 | 1.802 | 0.400 | 2.465 | 73.1% | 16.2% |
| 64118 | 295 | 0.253 | 2.119 | 0.405 | 2.797 | 75.8% | 14.5% |
| 64126 | 306 | 0.315 | 3.128 | 0.460 | 3.923 | 79.7% | 11.7% |
| 64138 | 313 | 0.285 | 2.351 | 0.410 | 3.069 | 76.6% | 13.4% |
| 64150 | 310 | 0.326 | 5.931 | 0.430 | 6.710 | 88.4% | 6.4% |
| 64157 | 316 | 0.291 | 3.334 | 0.435 | 4.080 | 81.7% | 10.7% |
| 64169 | 319 | 0.266 | 3.037 | 0.476 | 3.802 | 79.9% | 12.5% |
| 64180 | 323 | 0.357 | 6.542 | 0.393 | 7.314 | 89.5% | 5.4% |
| 64191 | 294 | 0.261 | 2.122 | 0.367 | 2.771 | 76.6% | 13.2% |
| 64199 | 296 | 0.283 | 2.439 | 0.383 | 3.126 | 78.0% | 12.3% |
| 64211 | 289 | 0.235 | 1.826 | 0.384 | 2.465 | 74.1% | 15.6% |
| 64223 | 291 | 0.272 | 5.042 | 0.389 | 5.724 | 88.1% | 6.8% |
| 64231 | 297 | 0.281 | 2.265 | 0.383 | 2.950 | 76.8% | 13.0% |
| 64243 | 289 | 0.282 | 2.281 | 0.398 | 2.981 | 76.5% | 13.4% |
| 64251 | 289 | 0.285 | 2.176 | 0.417 | 2.894 | 75.2% | 14.4% |
| 64260 | 285 | 0.333 | 1.780 | 0.483 | 2.612 | 68.1% | 18.5% |
| 64270 | 276 | 0.251 | 1.621 | 0.354 | 2.245 | 72.2% | 15.8% |
| 64280 | 290 | 0.287 | 2.033 | 0.388 | 2.728 | 74.5% | 14.2% |
| 64295 | 294 | 0.316 | 1.804 | 0.406 | 2.545 | 70.9% | 16.0% |
| 64305 | 316 | 0.298 | 4.040 | 0.359 | 4.718 | 85.6% | 7.6% |
| 64315 | 336 | 0.315 | 2.395 | 0.704 | 3.435 | 69.7% | 20.5% |
| 64323 | 347 | 0.326 | 1.955 | 0.542 | 2.846 | 68.7% | 19.0% |
| 64336 | 356 | 0.320 | 1.703 | 0.489 | 2.533 | 67.2% | 19.3% |
| 64345 | 360 | 0.297 | 2.207 | 0.508 | 3.037 | 72.7% | 16.7% |
| 64357 | 370 | 0.353 | 1.941 | 0.556 | 2.878 | 67.5% | 19.3% |
| 64364 | 358 | 0.328 | 3.439 | 0.514 | 4.304 | 79.9% | 12.0% |
| 64377 | 354 | 0.571 | 2.780 | 0.532 | 3.909 | 71.1% | 13.6% |
| 64388 | 348 | 0.343 | 2.699 | 0.406 | 3.469 | 77.8% | 11.7% |
| 64398 | 336 | 0.418 | 3.018 | 0.505 | 3.963 | 76.2% | 12.7% |
| 64409 | 338 | 0.269 | 3.283 | 0.582 | 4.154 | 79.0% | 14.0% |
| 64416 | 326 | 0.299 | 3.720 | 0.428 | 4.469 | 83.2% | 9.6% |
| 64427 | 322 | 0.285 | 2.551 | 0.442 | 3.298 | 77.3% | 13.4% |
| 64438 | 322 | 0.390 | 4.735 | 0.603 | 5.748 | 82.4% | 10.5% |
| 64449 | 320 | 0.292 | 2.513 | 0.460 | 3.287 | 76.4% | 14.0% |
| 64460 | 316 | 0.272 | 2.519 | 0.509 | 3.321 | 75.8% | 15.3% |
| 64467 | 315 | 0.291 | 2.466 | 0.422 | 3.200 | 77.0% | 13.2% |
| 64479 | 307 | 0.420 | 2.495 | 0.417 | 3.354 | 74.4% | 12.4% |
| 64490 | 308 | 0.346 | 2.054 | 0.421 | 2.842 | 72.3% | 14.8% |
| 64502 | 313 | 0.322 | 2.037 | 0.379 | 2.758 | 73.8% | 13.7% |
| 64510 | 313 | 0.286 | 2.116 | 0.438 | 2.863 | 73.9% | 15.3% |
| 64522 | 308 | 0.316 | 2.376 | 0.710 | 3.421 | 69.4% | 20.7% |
| 64533 | 300 | 0.332 | 2.957 | 0.370 | 3.685 | 80.2% | 10.0% |
| 64540 | 302 | 0.304 | 2.348 | 0.448 | 3.119 | 75.3% | 14.4% |
| 64552 | 292 | 0.296 | 2.021 | 0.384 | 2.722 | 74.2% | 14.1% |
| 64560 | 291 | 0.263 | 2.572 | 0.381 | 3.239 | 79.4% | 11.8% |
| 64573 | 303 | 0.323 | 1.973 | 0.429 | 2.747 | 71.8% | 15.6% |
| 64581 | 320 | 0.286 | 4.684 | 0.464 | 5.458 | 85.8% | 8.5% |
| 64593 | 306 | 0.282 | 3.040 | 0.411 | 3.758 | 80.9% | 10.9% |
| 64604 | 308 | 0.330 | 2.777 | 0.426 | 3.561 | 78.0% | 12.0% |
| 64615 | 302 | 0.270 | 2.956 | 0.344 | 3.589 | 82.4% | 9.6% |
| 64623 | 299 | 0.269 | 5.454 | 0.485 | 6.229 | 87.6% | 7.8% |
| 64635 | 282 | 0.295 | 2.306 | 0.405 | 3.026 | 76.2% | 13.4% |
| 64643 | 284 | 0.260 | 2.558 | 0.412 | 3.251 | 78.7% | 12.7% |
| 64655 | 272 | 0.250 | 2.024 | 0.421 | 2.714 | 74.6% | 15.5% |
| 64665 | 270 | 0.241 | 1.680 | 0.369 | 2.309 | 72.8% | 16.0% |
| 64675 | 280 | 0.261 | 1.376 | 0.287 | 1.944 | 70.8% | 14.8% |
| 64685 | 289 | 0.266 | 1.816 | 0.388 | 2.490 | 72.9% | 15.6% |
| 64695 | 280 | 0.282 | 1.426 | 0.343 | 2.071 | 68.8% | 16.6% |
| 64705 | 291 | 0.271 | 1.490 | 0.386 | 2.163 | 68.9% | 17.8% |
| 64715 | 297 | 0.334 | 2.197 | 0.397 | 2.948 | 74.5% | 13.5% |
| 64725 | 307 | 0.359 | 2.016 | 0.421 | 2.815 | 71.6% | 15.0% |
| 64735 | 309 | 0.304 | 1.611 | 0.440 | 2.376 | 67.8% | 18.5% |
| 64750 | 319 | 0.299 | 1.860 | 0.447 | 2.623 | 70.9% | 17.0% |
| 64759 | 325 | 0.454 | 1.283 | 0.374 | 2.132 | 60.2% | 17.6% |
| 64769 | 333 | 0.342 | 1.431 | 0.451 | 2.246 | 63.7% | 20.1% |
| 64779 | 342 | 0.301 | 1.315 | 0.402 | 2.040 | 64.5% | 19.7% |
| 64789 | 355 | 0.312 | 1.560 | 0.454 | 2.350 | 66.4% | 19.3% |
| 64798 | 373 | 0.330 | 1.695 | 0.491 | 2.541 | 66.7% | 19.3% |
| 64811 | 373 | 0.351 | 1.856 | 0.545 | 2.778 | 66.8% | 19.6% |
| 64822 | 377 | 0.355 | 2.722 | 0.541 | 3.643 | 74.7% | 14.9% |
| 64831 | 372 | 0.483 | 3.023 | 0.683 | 4.214 | 71.7% | 16.2% |
| 64841 | 368 | 0.335 | 2.978 | 0.549 | 3.885 | 76.7% | 14.1% |
| 64851 | 368 | 0.299 | 2.612 | 0.528 | 3.461 | 75.5% | 15.3% |
| 64863 | 397 | 0.355 | 2.708 | 0.475 | 3.561 | 76.0% | 13.3% |
| 64872 | 396 | 0.366 | 2.838 | 0.578 | 3.812 | 74.5% | 15.2% |
| 64882 | 397 | 0.396 | 4.457 | 0.663 | 5.543 | 80.4% | 12.0% |
| 64894 | 405 | 0.360 | 2.764 | 0.602 | 3.751 | 73.7% | 16.0% |
| 64903 | 410 | 0.364 | 2.851 | 0.620 | 3.863 | 73.8% | 16.0% |
| 64913 | 409 | 0.407 | 3.103 | 0.723 | 4.258 | 72.9% | 17.0% |
| 64925 | 409 | 0.508 | 4.822 | 0.604 | 5.966 | 80.8% | 10.1% |
| 64934 | 395 | 0.491 | 3.540 | 0.603 | 4.662 | 75.9% | 12.9% |
| 64946 | 391 | 0.307 | 5.582 | 0.646 | 6.559 | 85.1% | 9.9% |
| 64955 | 400 | 0.361 | 3.452 | 0.614 | 4.456 | 77.5% | 13.8% |
| 64964 | 401 | 0.356 | 2.876 | 0.580 | 3.838 | 74.9% | 15.1% |
| 64977 | 393 | 0.378 | 2.686 | 0.620 | 3.710 | 72.4% | 16.7% |
| 64986 | 406 | 0.388 | 3.479 | 0.634 | 4.526 | 76.9% | 14.0% |
| 64995 | 412 | 0.500 | 3.003 | 0.633 | 4.159 | 72.2% | 15.2% |
| 65007 | 401 | 0.534 | 2.906 | 0.610 | 4.076 | 71.3% | 15.0% |
| 65017 | 397 | 0.386 | 2.765 | 0.618 | 3.794 | 72.9% | 16.3% |
| 65029 | 406 | 0.417 | 3.069 | 0.599 | 4.110 | 74.7% | 14.6% |
| 65038 | 397 | 0.344 | 3.064 | 0.654 | 4.090 | 74.9% | 16.0% |
| 65047 | 387 | 0.413 | 4.656 | 0.491 | 5.582 | 83.4% | 8.8% |
| 65060 | 374 | 0.357 | 2.911 | 0.552 | 3.846 | 75.7% | 14.4% |
| 65069 | 358 | 0.346 | 3.210 | 0.568 | 4.146 | 77.4% | 13.7% |
| 65080 | 337 | 0.290 | 3.692 | 0.729 | 4.734 | 78.0% | 15.4% |
| 65091 | 328 | 0.328 | 3.769 | 0.399 | 4.517 | 83.4% | 8.8% |
| 65098 | 341 | 0.284 | 2.557 | 0.477 | 3.342 | 76.5% | 14.3% |
| 65109 | 329 | 0.322 | 2.298 | 0.478 | 3.120 | 73.6% | 15.3% |
| 65121 | 320 | 0.283 | 2.176 | 0.449 | 2.931 | 74.2% | 15.3% |
| 65132 | 313 | 0.284 | 2.677 | 0.364 | 3.347 | 80.0% | 10.9% |
| 65139 | 299 | 0.267 | 3.740 | 0.565 | 4.593 | 81.4% | 12.3% |
| 65151 | 304 | 0.316 | 3.955 | 0.624 | 4.918 | 80.4% | 12.7% |
| 65163 | 289 | 0.318 | 3.532 | 0.324 | 4.194 | 84.2% | 7.7% |
| 65171 | 294 | 0.261 | 3.762 | 0.314 | 4.359 | 86.3% | 7.2% |
| 65183 | 300 | 0.298 | 2.435 | 0.571 | 3.327 | 73.2% | 17.1% |
| 65191 | 294 | 0.247 | 1.815 | 0.331 | 2.414 | 75.2% | 13.7% |
| 65200 | 285 | 0.268 | 1.521 | 0.382 | 2.193 | 69.4% | 17.4% |
| 65210 | 281 | 0.242 | 1.606 | 0.301 | 2.169 | 74.0% | 13.9% |
| 65225 | 301 | 0.256 | 1.477 | 0.389 | 2.145 | 68.9% | 18.1% |
| 65235 | 314 | 0.283 | 1.512 | 0.361 | 2.179 | 69.4% | 16.6% |
| 65245 | 309 | 0.287 | 2.415 | 0.444 | 3.171 | 76.2% | 14.0% |
| 65254 | 312 | 0.310 | 1.709 | 0.431 | 2.473 | 69.1% | 17.4% |
| 65264 | 318 | 0.298 | 1.891 | 0.420 | 2.629 | 71.9% | 16.0% |
| 65274 | 332 | 0.328 | 2.122 | 0.472 | 2.946 | 72.0% | 16.0% |
| 65283 | 341 | 0.313 | 1.830 | 0.477 | 2.643 | 69.2% | 18.0% |
| 65297 | 360 | 0.336 | 3.050 | 0.480 | 3.890 | 78.4% | 12.3% |
| 65305 | 386 | 0.354 | 2.473 | 0.572 | 3.426 | 72.2% | 16.7% |
| 65316 | 400 | 0.391 | 2.832 | 0.558 | 3.806 | 74.4% | 14.7% |
| 65328 | 394 | 0.503 | 2.806 | 0.491 | 3.828 | 73.3% | 12.8% |
| 65337 | 382 | 0.332 | 3.201 | 0.583 | 4.144 | 77.3% | 14.1% |
| 65347 | 371 | 0.375 | 6.595 | 0.540 | 7.547 | 87.4% | 7.2% |
| 65356 | 352 | 0.290 | 3.151 | 0.427 | 3.892 | 81.0% | 11.0% |
| 65370 | 345 | 0.299 | 2.713 | 0.483 | 3.520 | 77.1% | 13.7% |
| 65380 | 367 | 0.350 | 2.708 | 0.536 | 3.619 | 74.8% | 14.8% |
| 65390 | 353 | 0.316 | 2.763 | 0.503 | 3.603 | 76.7% | 14.0% |
| 65400 | 361 | 0.384 | 3.742 | 0.514 | 4.662 | 80.3% | 11.0% |
| 65409 | 356 | 0.397 | 4.170 | 0.623 | 5.216 | 80.0% | 11.9% |
| 65420 | 340 | 0.307 | 2.418 | 0.471 | 3.221 | 75.1% | 14.6% |
| 65430 | 330 | 0.357 | 3.247 | 0.495 | 4.119 | 78.8% | 12.0% |
| 65442 | 325 | 0.279 | 3.030 | 0.451 | 3.784 | 80.1% | 11.9% |
| 65449 | 330 | 0.313 | 2.703 | 0.460 | 3.497 | 77.3% | 13.2% |
| 65460 | 317 | 0.257 | 2.429 | 0.526 | 3.234 | 75.1% | 16.3% |
| 65472 | 328 | 0.300 | 2.499 | 0.391 | 3.213 | 77.8% | 12.2% |
| 65483 | 324 | 0.347 | 3.890 | 0.373 | 4.630 | 84.0% | 8.1% |
| 65494 | 330 | 0.370 | 2.763 | 0.469 | 3.621 | 76.3% | 12.9% |
| 65501 | 326 | 0.291 | 2.034 | 0.410 | 2.769 | 73.5% | 14.8% |
| 65512 | 324 | 0.322 | 3.660 | 0.717 | 4.722 | 77.5% | 15.2% |
| 65523 | 326 | 0.319 | 4.098 | 0.525 | 4.964 | 82.5% | 10.6% |
| 65534 | 338 | 0.284 | 2.528 | 0.457 | 3.295 | 76.7% | 13.9% |
| 65545 | 325 | 0.311 | 4.253 | 0.467 | 5.056 | 84.1% | 9.2% |
| 65552 | 313 | 0.298 | 2.888 | 0.442 | 3.647 | 79.2% | 12.1% |
| 65563 | 307 | 0.321 | 2.160 | 0.423 | 2.923 | 73.9% | 14.5% |
| 65575 | 289 | 0.269 | 2.422 | 0.398 | 3.110 | 77.9% | 12.8% |
| 65583 | 286 | 0.340 | 2.373 | 0.494 | 3.227 | 73.5% | 15.3% |
| 65592 | 292 | 0.254 | 3.254 | 0.418 | 3.949 | 82.4% | 10.6% |
| 65604 | 303 | 0.279 | 2.328 | 0.410 | 3.040 | 76.6% | 13.5% |
| 65612 | 307 | 0.270 | 2.572 | 0.469 | 3.335 | 77.1% | 14.0% |
| 65624 | 298 | 0.290 | 4.051 | 0.334 | 4.697 | 86.3% | 7.1% |
| 65635 | 293 | 0.280 | 2.681 | 0.381 | 3.363 | 79.7% | 11.3% |
| 65644 | 305 | 0.292 | 1.651 | 0.340 | 2.308 | 71.6% | 14.7% |
| 65653 | 320 | 0.310 | 2.435 | 0.527 | 3.294 | 73.9% | 16.0% |
| 65663 | 326 | 0.309 | 1.728 | 0.397 | 2.458 | 70.3% | 16.2% |
| 65673 | 337 | 0.337 | 1.692 | 0.389 | 2.443 | 69.3% | 15.9% |
| 65682 | 330 | 0.302 | 1.974 | 0.389 | 2.692 | 73.3% | 14.5% |
| 65692 | 336 | 0.361 | 2.019 | 0.963 | 3.361 | 60.1% | 28.7% |
| 65705 | 354 | 0.360 | 1.971 | 0.533 | 2.886 | 68.3% | 18.5% |
| 65714 | 338 | 0.326 | 1.782 | 0.670 | 2.802 | 63.6% | 23.9% |
| 65723 | 347 | 0.369 | 1.719 | 0.476 | 2.585 | 66.5% | 18.4% |
| 65735 | 361 | 0.313 | 1.861 | 0.530 | 2.728 | 68.2% | 19.4% |
| 65743 | 345 | 0.306 | 1.969 | 0.502 | 2.803 | 70.3% | 17.9% |
| 65752 | 355 | 0.334 | 2.498 | 0.503 | 3.364 | 74.2% | 14.9% |
| 65762 | 348 | 0.320 | 2.614 | 0.461 | 3.419 | 76.5% | 13.5% |
| 65773 | 369 | 0.333 | 3.051 | 0.526 | 3.935 | 77.5% | 13.4% |
| 65782 | 381 | 0.375 | 3.559 | 0.512 | 4.472 | 79.6% | 11.4% |
| 65795 | 374 | 0.427 | 2.769 | 0.569 | 3.790 | 73.0% | 15.0% |
| 65805 | 377 | 0.338 | 4.889 | 0.667 | 5.921 | 82.6% | 11.3% |
| 65814 | 385 | 0.361 | 2.861 | 0.694 | 3.942 | 72.6% | 17.6% |
| 65824 | 390 | 0.409 | 4.121 | 0.558 | 5.111 | 80.6% | 10.9% |
| 65833 | 389 | 0.338 | 5.357 | 0.531 | 6.251 | 85.7% | 8.5% |
| 65843 | 386 | 0.338 | 2.917 | 0.580 | 3.862 | 75.5% | 15.0% |
| 65855 | 395 | 0.319 | 2.921 | 0.512 | 3.775 | 77.4% | 13.6% |
| 65865 | 379 | 0.356 | 2.770 | 0.446 | 3.595 | 77.1% | 12.4% |
| 65874 | 372 | 0.339 | 2.701 | 0.538 | 3.604 | 74.9% | 14.9% |
| 65884 | 373 | 0.332 | 3.929 | 0.562 | 4.848 | 81.1% | 11.6% |
| 65894 | 376 | 0.358 | 2.718 | 0.586 | 3.682 | 73.8% | 15.9% |
| 65903 | 381 | 0.375 | 4.122 | 0.562 | 5.085 | 81.0% | 11.1% |
| 65913 | 390 | 0.373 | 5.981 | 0.657 | 7.034 | 85.0% | 9.3% |
| 65925 | 402 | 0.351 | 3.226 | 0.646 | 4.250 | 75.9% | 15.2% |
| 65934 | 398 | 0.364 | 3.512 | 0.586 | 4.496 | 78.1% | 13.0% |
| 65943 | 410 | 0.411 | 2.898 | 0.692 | 4.031 | 71.9% | 17.2% |
| 65955 | 406 | 0.350 | 3.079 | 0.657 | 4.114 | 74.8% | 16.0% |
| 65964 | 409 | 0.606 | 5.091 | 0.523 | 6.246 | 81.5% | 8.4% |
| 65973 | 419 | 0.376 | 2.962 | 0.636 | 4.003 | 74.0% | 15.9% |
| 65985 | 408 | 0.386 | 3.020 | 0.591 | 4.026 | 75.0% | 14.7% |
| 65994 | 391 | 0.383 | 4.868 | 0.609 | 5.888 | 82.7% | 10.3% |
| 66003 | 408 | 0.364 | 3.111 | 0.590 | 4.094 | 76.0% | 14.4% |
| 66012 | 397 | 0.499 | 3.063 | 0.695 | 4.278 | 71.6% | 16.2% |
| 66025 | 401 | 0.348 | 3.493 | 0.512 | 4.381 | 79.7% | 11.7% |
| 66034 | 378 | 0.384 | 2.808 | 0.635 | 3.854 | 72.8% | 16.5% |
| 66044 | 354 | 0.296 | 2.506 | 0.637 | 3.462 | 72.4% | 18.4% |
| 66054 | 327 | 0.269 | 2.108 | 0.383 | 2.784 | 75.7% | 13.8% |
| 66065 | 317 | 0.281 | 2.810 | 0.465 | 3.579 | 78.5% | 13.0% |
| 66073 | 322 | 0.311 | 2.116 | 0.371 | 2.821 | 75.0% | 13.2% |
| 66084 | 301 | 0.252 | 2.548 | 0.479 | 3.299 | 77.2% | 14.5% |
| 66092 | 312 | 0.283 | 3.160 | 0.451 | 3.916 | 80.7% | 11.5% |
| 66104 | 308 | 0.286 | 2.358 | 0.460 | 3.128 | 75.4% | 14.7% |
| 66111 | 299 | 0.288 | 2.245 | 0.365 | 2.916 | 77.0% | 12.5% |
| 66123 | 294 | 0.270 | 2.422 | 0.435 | 3.148 | 76.9% | 13.8% |
| 66131 | 293 | 0.268 | 2.282 | 0.376 | 2.945 | 77.5% | 12.8% |
| 66144 | 283 | 0.277 | 2.175 | 0.334 | 2.804 | 77.6% | 11.9% |
| 66152 | 288 | 0.289 | 3.399 | 0.325 | 4.029 | 84.4% | 8.1% |
| 66164 | 281 | 0.233 | 2.401 | 0.363 | 3.018 | 79.6% | 12.0% |
| 66172 | 265 | 0.262 | 2.598 | 0.383 | 3.264 | 79.6% | 11.7% |
| 66182 | 263 | 0.311 | 2.362 | 0.357 | 3.049 | 77.5% | 11.7% |
| 66191 | 271 | 0.285 | 1.687 | 0.299 | 2.291 | 73.6% | 13.1% |
| 66201 | 284 | 0.255 | 1.295 | 0.310 | 1.881 | 68.9% | 16.5% |
| 66211 | 307 | 0.309 | 1.538 | 0.472 | 2.339 | 65.8% | 20.2% |
| 66221 | 314 | 0.370 | 1.709 | 0.435 | 2.533 | 67.5% | 17.2% |
| 66231 | 315 | 0.322 | 2.818 | 0.414 | 3.577 | 78.8% | 11.6% |
| 66245 | 334 | 0.331 | 2.639 | 0.484 | 3.476 | 75.9% | 13.9% |
| 66254 | 345 | 0.291 | 1.834 | 0.657 | 2.808 | 65.3% | 23.4% |
| 66263 | 351 | 0.363 | 2.071 | 0.524 | 2.982 | 69.4% | 17.6% |
| 66272 | 365 | 0.380 | 2.055 | 0.500 | 2.960 | 69.4% | 16.9% |
| 66284 | 380 | 0.322 | 2.253 | 0.562 | 3.164 | 71.2% | 17.8% |
| 66295 | 386 | 0.338 | 3.129 | 0.539 | 4.033 | 77.6% | 13.4% |
| 66305 | 392 | 0.478 | 3.611 | 0.545 | 4.659 | 77.5% | 11.7% |
| 66314 | 366 | 0.317 | 3.101 | 0.536 | 3.979 | 77.9% | 13.5% |
| 66323 | 365 | 0.337 | 2.894 | 0.602 | 3.859 | 75.0% | 15.6% |
| 66333 | 341 | 0.317 | 2.464 | 0.459 | 3.260 | 75.6% | 14.1% |
| 66343 | 325 | 0.275 | 2.705 | 0.458 | 3.459 | 78.2% | 13.3% |
| 66354 | 324 | 0.357 | 6.955 | 0.499 | 7.836 | 88.8% | 6.4% |
| 66362 | 322 | 0.301 | 2.487 | 0.362 | 3.172 | 78.4% | 11.4% |
| 66373 | 323 | 0.346 | 2.325 | 0.475 | 3.171 | 73.3% | 15.0% |
| 66384 | 311 | 0.271 | 2.612 | 0.428 | 3.334 | 78.3% | 12.8% |
| 66395 | 295 | 0.263 | 2.749 | 0.436 | 3.471 | 79.2% | 12.6% |
| 66403 | 304 | 0.264 | 2.852 | 0.433 | 3.569 | 79.9% | 12.1% |
| 66415 | 298 | 0.316 | 2.415 | 0.382 | 3.134 | 77.1% | 12.2% |
| 66422 | 317 | 0.315 | 2.305 | 0.447 | 3.087 | 74.7% | 14.5% |
| 66434 | 315 | 0.316 | 3.474 | 0.393 | 4.204 | 82.6% | 9.4% |
| 66445 | 340 | 0.362 | 3.321 | 0.478 | 4.184 | 79.4% | 11.4% |
| 66452 | 349 | 0.339 | 2.530 | 0.546 | 3.439 | 73.5% | 15.9% |
| 66463 | 345 | 0.384 | 5.578 | 0.722 | 6.708 | 83.2% | 10.8% |
| 66473 | 362 | 0.310 | 2.719 | 0.527 | 3.581 | 75.9% | 14.7% |
| 66484 | 340 | 0.382 | 4.431 | 0.506 | 5.339 | 83.0% | 9.5% |
| 66493 | 346 | 0.292 | 2.382 | 0.520 | 3.217 | 74.0% | 16.2% |
| 66504 | 349 | 0.350 | 3.043 | 0.459 | 3.875 | 78.5% | 11.9% |
| 66514 | 325 | 0.301 | 2.699 | 0.592 | 3.613 | 74.7% | 16.4% |
| 66525 | 328 | 0.319 | 3.776 | 0.448 | 4.564 | 82.7% | 9.8% |
| 66533 | 314 | 0.307 | 2.336 | 0.427 | 3.090 | 75.6% | 13.8% |
| 66544 | 323 | 0.316 | 2.021 | 0.459 | 2.817 | 71.7% | 16.3% |
| 66552 | 318 | 0.283 | 2.510 | 0.361 | 3.177 | 79.0% | 11.4% |
| 66563 | 284 | 0.277 | 3.609 | 0.452 | 4.358 | 82.8% | 10.4% |
| 66572 | 293 | 0.292 | 1.622 | 0.563 | 2.499 | 64.9% | 22.5% |
| 66581 | 289 | 0.303 | 4.057 | 0.372 | 4.752 | 85.4% | 7.8% |
| 66591 | 300 | 0.245 | 1.773 | 0.334 | 2.376 | 74.6% | 14.1% |
| 66601 | 310 | 0.305 | 1.655 | 0.345 | 2.329 | 71.1% | 14.8% |
| 66611 | 309 | 0.293 | 1.551 | 0.341 | 2.203 | 70.4% | 15.5% |
| 66621 | 325 | 0.293 | 1.582 | 0.359 | 2.260 | 70.0% | 15.9% |
| 66631 | 334 | 0.259 | 1.607 | 0.428 | 2.315 | 69.4% | 18.5% |
| 66645 | 343 | 0.307 | 1.595 | 0.420 | 2.345 | 68.0% | 17.9% |
| 66654 | 357 | 0.313 | 1.630 | 0.415 | 2.384 | 68.4% | 17.4% |
| 66663 | 353 | 0.297 | 1.799 | 0.498 | 2.617 | 68.8% | 19.0% |
| 66672 | 356 | 0.303 | 1.817 | 0.409 | 2.555 | 71.1% | 16.0% |
| 66685 | 347 | 0.327 | 1.765 | 0.500 | 2.614 | 67.5% | 19.1% |
| 66693 | 338 | 0.392 | 3.603 | 0.485 | 4.508 | 79.9% | 10.8% |
| 66702 | 337 | 0.248 | 1.741 | 0.479 | 2.488 | 70.0% | 19.2% |
| 66711 | 352 | 0.333 | 1.850 | 0.472 | 2.678 | 69.1% | 17.6% |
| 66724 | 350 | 0.327 | 2.722 | 0.500 | 3.580 | 76.0% | 14.0% |
| 66733 | 356 | 0.303 | 1.733 | 0.469 | 2.526 | 68.6% | 18.6% |
| 66742 | 360 | 0.347 | 2.209 | 1.334 | 3.913 | 56.4% | 34.1% |
| 66753 | 354 | 0.310 | 3.821 | 0.421 | 4.575 | 83.5% | 9.2% |
| 66764 | 370 | 0.304 | 2.544 | 0.516 | 3.386 | 75.1% | 15.2% |
| 66774 | 383 | 0.377 | 4.672 | 0.663 | 5.734 | 81.5% | 11.6% |
| 66784 | 385 | 0.382 | 5.238 | 0.573 | 6.218 | 84.2% | 9.2% |
| 66793 | 393 | 0.329 | 2.773 | 0.562 | 3.691 | 75.1% | 15.2% |
| 66805 | 404 | 0.522 | 3.191 | 0.605 | 4.344 | 73.4% | 13.9% |
| 66814 | 408 | 0.390 | 2.883 | 0.761 | 4.059 | 71.0% | 18.8% |
| 66823 | 414 | 0.337 | 2.779 | 0.611 | 3.757 | 74.0% | 16.3% |
| 66835 | 411 | 0.364 | 2.993 | 0.554 | 3.938 | 76.0% | 14.1% |
| 66844 | 401 | 0.302 | 3.450 | 0.606 | 4.386 | 78.7% | 13.8% |
| 66853 | 398 | 0.340 | 3.054 | 0.649 | 4.064 | 75.1% | 16.0% |
| 66862 | 401 | 0.373 | 3.669 | 0.579 | 4.650 | 78.9% | 12.5% |
| 66875 | 411 | 0.366 | 2.905 | 0.642 | 3.936 | 73.8% | 16.3% |
| 66883 | 436 | 0.416 | 4.447 | 0.772 | 5.663 | 78.5% | 13.6% |
| 66894 | 427 | 0.379 | 3.203 | 0.760 | 4.370 | 73.3% | 17.4% |
| 66903 | 410 | 0.328 | 3.086 | 0.675 | 4.117 | 74.9% | 16.4% |
| 66915 | 426 | 0.369 | 3.381 | 0.537 | 4.315 | 78.4% | 12.4% |
| 66923 | 432 | 0.356 | 2.913 | 0.647 | 3.947 | 73.8% | 16.4% |
| 66935 | 434 | 0.356 | 3.125 | 0.744 | 4.255 | 73.4% | 17.5% |
| 66944 | 436 | 0.403 | 4.837 | 0.879 | 6.148 | 78.7% | 14.3% |
| 66955 | 447 | 0.392 | 4.472 | 0.724 | 5.619 | 79.6% | 12.9% |
| 66963 | 448 | 0.372 | 3.604 | 0.706 | 4.711 | 76.5% | 15.0% |
| 66974 | 472 | 0.432 | 4.099 | 0.768 | 5.326 | 77.0% | 14.4% |
| 66985 | 470 | 0.390 | 2.921 | 0.825 | 4.162 | 70.2% | 19.8% |
| 66993 | 464 | 0.466 | 4.093 | 0.750 | 5.347 | 76.6% | 14.0% |
| 67004 | 450 | 0.511 | 3.317 | 0.802 | 4.659 | 71.2% | 17.2% |
| 67013 | 427 | 0.412 | 4.492 | 0.660 | 5.595 | 80.3% | 11.8% |
| 67025 | 416 | 0.377 | 3.083 | 0.618 | 4.107 | 75.1% | 15.0% |
| 67034 | 404 | 0.362 | 4.425 | 0.647 | 5.462 | 81.0% | 11.9% |
| 67043 | 373 | 0.337 | 2.865 | 0.547 | 3.778 | 75.8% | 14.5% |
| 67053 | 350 | 0.313 | 5.348 | 0.448 | 6.134 | 87.2% | 7.3% |
| 67063 | 343 | 0.294 | 2.535 | 0.487 | 3.341 | 75.9% | 14.6% |
| 67074 | 336 | 0.270 | 6.179 | 0.596 | 7.069 | 87.4% | 8.4% |
| 67085 | 316 | 0.286 | 2.655 | 0.447 | 3.412 | 77.8% | 13.1% |
| 67092 | 320 | 0.282 | 2.835 | 0.769 | 3.909 | 72.5% | 19.7% |
| 67103 | 304 | 0.252 | 2.903 | 0.505 | 3.679 | 78.9% | 13.7% |
| 67112 | 273 | 0.260 | 4.192 | 0.407 | 4.880 | 85.9% | 8.3% |
| 67122 | 277 | 0.270 | 4.058 | 0.322 | 4.670 | 86.9% | 6.9% |
| 67132 | 275 | 0.233 | 1.516 | 0.315 | 2.086 | 72.7% | 15.1% |
| 67142 | 279 | 0.233 | 1.590 | 0.302 | 2.146 | 74.1% | 14.1% |
| 67152 | 279 | 0.247 | 1.495 | 0.355 | 2.119 | 70.6% | 16.7% |
| 67162 | 284 | 0.273 | 1.964 | 0.406 | 2.664 | 73.7% | 15.2% |
| 67172 | 285 | 0.246 | 1.511 | 0.481 | 2.263 | 66.8% | 21.3% |
| 67182 | 285 | 0.280 | 1.924 | 0.500 | 2.726 | 70.6% | 18.3% |
| 67192 | 279 | 0.235 | 1.640 | 0.299 | 2.196 | 74.7% | 13.6% |
| 67202 | 276 | 0.258 | 1.587 | 0.376 | 2.241 | 70.8% | 16.8% |
| 67212 | 287 | 0.242 | 1.581 | 0.296 | 2.139 | 73.9% | 13.8% |
| 67222 | 292 | 0.299 | 1.650 | 0.387 | 2.358 | 70.0% | 16.4% |
| 67232 | 284 | 0.251 | 1.574 | 0.384 | 2.230 | 70.6% | 17.2% |
| 67242 | 287 | 0.247 | 1.618 | 0.378 | 2.263 | 71.5% | 16.7% |
| 67252 | 297 | 0.255 | 1.526 | 0.397 | 2.198 | 69.4% | 18.1% |
| 67262 | 312 | 0.282 | 1.593 | 0.432 | 2.332 | 68.3% | 18.5% |
| 67272 | 325 | 0.327 | 1.620 | 0.368 | 2.339 | 69.3% | 15.7% |
| 67281 | 335 | 0.315 | 1.778 | 0.407 | 2.525 | 70.4% | 16.1% |
| 67291 | 320 | 0.283 | 1.812 | 0.442 | 2.562 | 70.7% | 17.3% |
| 67305 | 349 | 0.347 | 2.553 | 0.525 | 3.449 | 74.0% | 15.2% |
| 67314 | 373 | 0.362 | 4.431 | 0.456 | 5.272 | 84.0% | 8.6% |
| 67322 | 399 | 0.362 | 1.967 | 0.606 | 2.963 | 66.4% | 20.4% |
| 67333 | 399 | 0.368 | 3.924 | 0.599 | 4.919 | 79.8% | 12.2% |
| 67343 | 411 | 0.369 | 3.191 | 0.772 | 4.365 | 73.1% | 17.7% |
| 67354 | 420 | 0.384 | 3.236 | 0.660 | 4.308 | 75.1% | 15.3% |
| 67363 | 406 | 0.352 | 4.505 | 0.683 | 5.571 | 80.9% | 12.3% |
| 67375 | 408 | 0.391 | 2.949 | 0.688 | 4.060 | 72.6% | 16.9% |
| 67384 | 401 | 0.526 | 3.931 | 0.617 | 5.098 | 77.1% | 12.1% |
| 67393 | 392 | 0.335 | 2.903 | 0.545 | 3.807 | 76.2% | 14.3% |
| 67403 | 382 | 0.368 | 3.226 | 0.529 | 4.147 | 77.8% | 12.8% |
| 67412 | 371 | 0.349 | 5.880 | 0.520 | 6.774 | 86.8% | 7.7% |
| 67425 | 367 | 0.342 | 4.025 | 0.542 | 4.935 | 81.6% | 11.0% |
| 67435 | 358 | 0.337 | 5.811 | 0.597 | 6.766 | 85.9% | 8.8% |
| 67445 | 369 | 0.336 | 2.791 | 0.439 | 3.589 | 77.8% | 12.2% |
| 67455 | 366 | 0.322 | 2.557 | 0.531 | 3.432 | 74.5% | 15.5% |
| 67465 | 349 | 0.327 | 3.500 | 0.461 | 4.312 | 81.2% | 10.7% |
| 67472 | 341 | 0.330 | 3.911 | 0.499 | 4.763 | 82.1% | 10.5% |
| 67483 | 333 | 0.271 | 2.529 | 0.535 | 3.356 | 75.4% | 15.9% |
| 67494 | 330 | 0.254 | 4.920 | 0.430 | 5.625 | 87.5% | 7.6% |
| 67505 | 324 | 0.271 | 2.322 | 0.432 | 3.050 | 76.1% | 14.2% |
| 67513 | 310 | 0.309 | 2.546 | 0.449 | 3.326 | 76.5% | 13.5% |
| 67524 | 307 | 0.277 | 2.155 | 0.422 | 2.876 | 74.9% | 14.7% |
| 67532 | 310 | 0.317 | 2.827 | 0.431 | 3.616 | 78.2% | 11.9% |
| 67543 | 330 | 0.271 | 3.277 | 0.477 | 4.048 | 80.9% | 11.8% |
| 67554 | 326 | 0.293 | 3.789 | 0.489 | 4.590 | 82.5% | 10.7% |
| 67564 | 341 | 0.303 | 3.502 | 0.501 | 4.350 | 80.5% | 11.5% |
| 67575 | 328 | 0.292 | 3.905 | 0.381 | 4.599 | 84.9% | 8.3% |
| 67582 | 340 | 0.368 | 2.568 | 0.485 | 3.443 | 74.6% | 14.1% |
| 67593 | 335 | 0.333 | 2.572 | 0.472 | 3.396 | 75.7% | 13.9% |
| 67604 | 330 | 0.275 | 2.696 | 0.437 | 3.430 | 78.6% | 12.7% |
| 67612 | 320 | 0.284 | 2.423 | 0.400 | 3.129 | 77.4% | 12.8% |
| 67623 | 323 | 0.277 | 2.277 | 0.445 | 3.022 | 75.3% | 14.7% |
| 67634 | 322 | 0.303 | 2.196 | 0.453 | 2.972 | 73.9% | 15.2% |
| 67642 | 315 | 0.311 | 2.342 | 0.429 | 3.106 | 75.4% | 13.8% |
| 67653 | 304 | 0.289 | 3.816 | 0.411 | 4.537 | 84.1% | 9.1% |
| 67665 | 296 | 0.289 | 2.374 | 0.331 | 3.016 | 78.7% | 11.0% |
| 67673 | 289 | 0.273 | 2.410 | 0.407 | 3.109 | 77.5% | 13.1% |
| 67685 | 277 | 0.239 | 2.338 | 0.378 | 2.977 | 78.6% | 12.7% |
| 67693 | 271 | 0.245 | 2.068 | 0.358 | 2.695 | 76.8% | 13.3% |
| 67702 | 272 | 0.227 | 2.223 | 0.383 | 2.855 | 77.9% | 13.4% |
| 67711 | 273 | 0.267 | 1.875 | 0.391 | 2.554 | 73.4% | 15.3% |
| 67721 | 278 | 0.294 | 1.865 | 0.325 | 2.505 | 74.5% | 13.0% |
| 67731 | 282 | 0.291 | 2.086 | 0.429 | 2.827 | 73.8% | 15.2% |
| 67741 | 294 | 0.271 | 1.644 | 0.482 | 2.418 | 68.0% | 19.9% |
| 67751 | 314 | 0.268 | 1.513 | 0.402 | 2.205 | 68.6% | 18.2% |
| 67761 | 328 | 0.308 | 1.695 | 0.464 | 2.489 | 68.1% | 18.6% |
| 67775 | 347 | 0.261 | 1.582 | 0.497 | 2.361 | 67.0% | 21.0% |
| 67784 | 362 | 0.312 | 1.760 | 0.415 | 2.511 | 70.1% | 16.5% |
| 67792 | 378 | 0.333 | 2.437 | 0.612 | 3.409 | 71.5% | 17.9% |
| 67803 | 391 | 0.348 | 3.984 | 0.467 | 4.825 | 82.6% | 9.7% |
| 67812 | 393 | 0.373 | 4.342 | 0.576 | 5.314 | 81.7% | 10.8% |
| 67825 | 387 | 0.394 | 3.151 | 0.554 | 4.125 | 76.4% | 13.4% |
| 67835 | 386 | 0.324 | 2.988 | 0.644 | 3.983 | 75.0% | 16.2% |
| 67844 | 390 | 0.353 | 3.492 | 0.672 | 4.569 | 76.4% | 14.7% |
| 67853 | 362 | 0.312 | 2.502 | 0.445 | 3.283 | 76.2% | 13.6% |
| 67863 | 349 | 0.300 | 3.454 | 0.493 | 4.272 | 80.9% | 11.5% |
| 67873 | 360 | 0.296 | 2.569 | 0.511 | 3.402 | 75.5% | 15.0% |
| 67883 | 354 | 0.267 | 2.500 | 0.495 | 3.287 | 76.1% | 15.1% |
| 67893 | 362 | 0.346 | 2.863 | 0.498 | 3.731 | 76.7% | 13.3% |
| 67903 | 368 | 0.353 | 3.148 | 0.580 | 4.105 | 76.7% | 14.1% |
| 67913 | 359 | 0.350 | 5.476 | 0.423 | 6.271 | 87.3% | 6.8% |
| 67923 | 348 | 0.343 | 2.904 | 0.484 | 3.755 | 77.3% | 12.9% |
| 67933 | 352 | 0.297 | 2.501 | 0.476 | 3.299 | 75.8% | 14.4% |
| 67944 | 357 | 0.344 | 2.833 | 0.536 | 3.738 | 75.8% | 14.3% |
| 67954 | 357 | 0.333 | 2.701 | 0.414 | 3.469 | 77.9% | 11.9% |
| 67964 | 350 | 0.303 | 2.588 | 0.488 | 3.403 | 76.1% | 14.3% |
| 67974 | 350 | 0.321 | 2.796 | 0.591 | 3.732 | 74.9% | 15.8% |
| 67984 | 353 | 0.292 | 5.394 | 0.570 | 6.277 | 85.9% | 9.1% |
| 67995 | 361 | 0.327 | 2.741 | 0.518 | 3.609 | 75.9% | 14.4% |
| 68005 | 363 | 0.395 | 5.115 | 0.466 | 5.996 | 85.3% | 7.8% |
| 68015 | 358 | 0.340 | 2.555 | 0.555 | 3.474 | 73.6% | 16.0% |
| 68025 | 356 | 0.369 | 3.959 | 0.517 | 4.867 | 81.3% | 10.6% |
| 68035 | 371 | 0.324 | 2.753 | 0.534 | 3.637 | 75.7% | 14.7% |
| 68044 | 368 | 0.347 | 5.538 | 0.446 | 6.360 | 87.1% | 7.0% |
| 68054 | 373 | 0.349 | 3.727 | 0.527 | 4.627 | 80.5% | 11.4% |
| 68064 | 380 | 0.379 | 6.160 | 0.495 | 7.054 | 87.3% | 7.0% |
| 68073 | 373 | 0.400 | 2.836 | 0.579 | 3.837 | 73.9% | 15.1% |
| 68083 | 361 | 0.355 | 2.409 | 0.545 | 3.334 | 72.3% | 16.4% |
| 68093 | 345 | 0.295 | 2.627 | 0.470 | 3.417 | 76.9% | 13.8% |
| 68103 | 345 | 0.376 | 2.779 | 0.449 | 3.629 | 76.6% | 12.4% |
| 68114 | 323 | 0.293 | 2.641 | 0.487 | 3.442 | 76.7% | 14.2% |
| 68125 | 333 | 0.303 | 2.474 | 0.543 | 3.343 | 74.0% | 16.2% |
| 68133 | 321 | 0.314 | 2.459 | 0.449 | 3.242 | 75.9% | 13.9% |
| 68144 | 324 | 0.311 | 2.428 | 0.493 | 3.253 | 74.6% | 15.1% |
| 68152 | 320 | 0.301 | 2.459 | 0.470 | 3.252 | 75.6% | 14.5% |
| 68164 | 322 | 0.263 | 2.578 | 0.460 | 3.321 | 77.6% | 13.9% |
| 68175 | 304 | 0.314 | 2.161 | 0.349 | 2.843 | 76.0% | 12.3% |
| 68183 | 321 | 0.276 | 3.507 | 0.411 | 4.215 | 83.2% | 9.8% |
| 68194 | 323 | 0.318 | 2.309 | 0.467 | 3.116 | 74.1% | 15.0% |
| 68202 | 306 | 0.274 | 2.273 | 0.405 | 2.975 | 76.4% | 13.6% |
| 68214 | 305 | 0.230 | 2.133 | 0.428 | 2.814 | 75.8% | 15.2% |
| 68222 | 299 | 0.335 | 2.977 | 0.388 | 3.721 | 80.0% | 10.4% |
| 68234 | 294 | 0.331 | 2.308 | 0.425 | 3.083 | 74.9% | 13.8% |
| 68242 | 300 | 0.282 | 3.405 | 0.406 | 4.114 | 82.8% | 9.9% |
| 68253 | 315 | 0.304 | 3.403 | 0.515 | 4.245 | 80.2% | 12.1% |
| 68265 | 331 | 0.277 | 2.319 | 0.442 | 3.061 | 75.8% | 14.4% |
| 68272 | 344 | 0.293 | 3.565 | 0.500 | 4.383 | 81.3% | 11.4% |
| 68283 | 347 | 0.345 | 2.801 | 0.502 | 3.672 | 76.3% | 13.7% |
| 68293 | 360 | 0.416 | 5.369 | 0.490 | 6.296 | 85.3% | 7.8% |
| 68303 | 357 | 0.393 | 2.712 | 0.509 | 3.635 | 74.6% | 14.0% |
| 68314 | 362 | 0.410 | 4.734 | 0.667 | 5.834 | 81.2% | 11.4% |
| 68324 | 362 | 0.370 | 2.771 | 0.537 | 3.702 | 74.8% | 14.5% |
| 68334 | 386 | 0.444 | 3.990 | 0.565 | 5.025 | 79.4% | 11.2% |
| 68343 | 375 | 0.378 | 2.925 | 0.648 | 3.977 | 73.5% | 16.3% |
| 68353 | 367 | 0.361 | 3.486 | 0.435 | 4.304 | 81.0% | 10.1% |
| 68363 | 354 | 0.321 | 2.484 | 0.494 | 3.321 | 74.8% | 14.9% |
| 68373 | 361 | 0.358 | 2.622 | 0.492 | 3.494 | 75.0% | 14.1% |
| 68383 | 370 | 0.372 | 2.937 | 0.600 | 3.935 | 74.6% | 15.3% |
| 68393 | 368 | 0.327 | 2.523 | 0.518 | 3.393 | 74.4% | 15.3% |
| 68403 | 371 | 0.349 | 4.116 | 0.559 | 5.050 | 81.5% | 11.1% |
| 68413 | 366 | 0.336 | 7.048 | 0.483 | 7.892 | 89.3% | 6.1% |
| 68423 | 355 | 0.404 | 5.069 | 0.429 | 5.922 | 85.6% | 7.2% |
| 68433 | 370 | 0.303 | 3.149 | 0.567 | 4.045 | 77.8% | 14.0% |
| 68443 | 366 | 0.364 | 4.527 | 0.423 | 5.341 | 84.8% | 7.9% |
| 68453 | 364 | 0.579 | 4.059 | 0.508 | 5.171 | 78.5% | 9.8% |
| 68463 | 345 | 0.338 | 4.628 | 0.474 | 5.463 | 84.7% | 8.7% |
| 68473 | 337 | 0.287 | 3.103 | 0.496 | 3.909 | 79.4% | 12.7% |
| 68484 | 325 | 0.256 | 2.191 | 0.429 | 2.895 | 75.7% | 14.8% |
| 68495 | 317 | 0.274 | 2.923 | 0.485 | 3.705 | 78.9% | 13.1% |
| 68502 | 309 | 0.275 | 2.664 | 0.421 | 3.383 | 78.7% | 12.4% |
| 68513 | 322 | 0.273 | 2.576 | 0.438 | 3.308 | 77.9% | 13.2% |
| 68524 | 317 | 0.301 | 2.461 | 0.349 | 3.130 | 78.6% | 11.1% |
| 68535 | 319 | 0.290 | 5.276 | 0.483 | 6.067 | 87.0% | 8.0% |
| 68542 | 334 | 0.285 | 2.569 | 0.451 | 3.329 | 77.2% | 13.6% |
| 68553 | 330 | 0.288 | 2.519 | 0.451 | 3.282 | 76.8% | 13.7% |
| 68564 | 320 | 0.267 | 2.636 | 0.443 | 3.367 | 78.3% | 13.2% |
| 68572 | 316 | 0.290 | 3.799 | 0.475 | 4.586 | 82.8% | 10.3% |
| 68583 | 311 | 0.456 | 4.726 | 0.368 | 5.570 | 84.8% | 6.6% |
| 68595 | 295 | 0.273 | 2.339 | 0.414 | 3.045 | 76.8% | 13.6% |
| 68603 | 318 | 0.333 | 1.997 | 0.477 | 2.825 | 70.7% | 16.9% |
| 68615 | 317 | 0.269 | 2.314 | 0.415 | 3.021 | 76.6% | 13.7% |
| 68623 | 317 | 0.348 | 2.066 | 0.471 | 2.935 | 70.4% | 16.1% |
| 68635 | 316 | 0.303 | 3.131 | 0.452 | 3.906 | 80.2% | 11.6% |
| 68642 | 323 | 0.302 | 4.490 | 0.445 | 5.259 | 85.4% | 8.5% |
| 68653 | 334 | 0.302 | 2.512 | 0.384 | 3.220 | 78.0% | 11.9% |
| 68664 | 338 | 0.364 | 2.826 | 0.483 | 3.697 | 76.4% | 13.1% |
| 68674 | 352 | 0.376 | 3.164 | 0.515 | 4.079 | 77.6% | 12.6% |
| 68684 | 359 | 0.297 | 2.712 | 0.507 | 3.541 | 76.6% | 14.3% |
| 68693 | 378 | 0.308 | 2.983 | 0.539 | 3.857 | 77.3% | 14.0% |
| 68703 | 374 | 0.345 | 2.818 | 0.556 | 3.743 | 75.3% | 14.9% |
| 68713 | 384 | 0.323 | 2.611 | 0.562 | 3.522 | 74.1% | 15.9% |
| 68725 | 383 | 0.414 | 6.012 | 0.576 | 7.025 | 85.6% | 8.2% |
| 68734 | 389 | 0.401 | 4.371 | 0.591 | 5.385 | 81.2% | 11.0% |
| 68744 | 389 | 0.328 | 2.454 | 0.594 | 3.403 | 72.1% | 17.5% |
| 68753 | 392 | 0.348 | 3.200 | 0.680 | 4.252 | 75.3% | 16.0% |
| 68763 | 387 | 0.344 | 3.366 | 0.555 | 4.292 | 78.4% | 12.9% |
| 68775 | 375 | 0.341 | 2.866 | 0.515 | 3.747 | 76.5% | 13.7% |
| 68785 | 360 | 0.358 | 4.207 | 0.431 | 5.019 | 83.8% | 8.6% |
| 68795 | 343 | 0.293 | 2.072 | 0.494 | 2.883 | 71.9% | 17.1% |
| 68805 | 344 | 0.322 | 2.712 | 0.483 | 3.538 | 76.7% | 13.7% |
| 68813 | 322 | 0.328 | 4.346 | 0.477 | 5.206 | 83.5% | 9.2% |
| 68824 | 297 | 0.291 | 2.488 | 0.417 | 3.216 | 77.4% | 13.0% |
| 68831 | 263 | 0.242 | 2.096 | 0.397 | 2.752 | 76.2% | 14.4% |
| 68844 | 250 | 0.223 | 1.582 | 0.414 | 2.238 | 70.7% | 18.5% |
| 68855 | 248 | 0.229 | 2.517 | 0.331 | 3.096 | 81.3% | 10.7% |
| 68865 | 275 | 0.263 | 1.689 | 0.462 | 2.433 | 69.4% | 19.0% |
| 68875 | 283 | 0.280 | 1.573 | 0.367 | 2.240 | 70.2% | 16.4% |
| 68885 | 284 | 0.271 | 1.684 | 0.381 | 2.357 | 71.5% | 16.2% |
| 68895 | 297 | 0.296 | 1.820 | 0.367 | 2.504 | 72.7% | 14.7% |
| 68905 | 308 | 0.291 | 1.785 | 0.338 | 2.433 | 73.4% | 13.9% |
| 68915 | 318 | 0.267 | 1.583 | 0.449 | 2.322 | 68.2% | 19.4% |
| 68925 | 331 | 0.333 | 2.100 | 0.372 | 2.831 | 74.2% | 13.2% |
| 68935 | 339 | 0.312 | 2.025 | 0.453 | 2.814 | 72.0% | 16.1% |
| 68943 | 362 | 0.291 | 1.766 | 0.520 | 2.598 | 68.0% | 20.0% |
| 68952 | 369 | 0.309 | 1.691 | 0.410 | 2.436 | 69.4% | 16.8% |
| 68965 | 394 | 0.354 | 1.933 | 0.557 | 2.870 | 67.4% | 19.4% |
| 68973 | 404 | 0.340 | 2.425 | 0.540 | 3.331 | 72.8% | 16.2% |
| 68983 | 421 | 0.322 | 2.902 | 0.639 | 3.888 | 74.6% | 16.4% |
| 68995 | 448 | 0.381 | 3.137 | 0.703 | 4.252 | 73.8% | 16.5% |
| 69003 | 472 | 0.395 | 3.341 | 0.790 | 4.558 | 73.3% | 17.3% |
| 69014 | 467 | 0.484 | 4.782 | 0.715 | 6.013 | 79.5% | 11.9% |
| 69025 | 474 | 0.442 | 4.034 | 0.739 | 5.249 | 76.9% | 14.1% |
| 69033 | 483 | 0.539 | 3.159 | 0.754 | 4.479 | 70.5% | 16.8% |
| 69044 | 464 | 0.667 | 3.174 | 0.816 | 4.689 | 67.7% | 17.4% |
| 69055 | 453 | 0.410 | 3.143 | 0.735 | 4.315 | 72.8% | 17.0% |
| 69063 | 447 | 0.428 | 3.183 | 0.708 | 4.344 | 73.3% | 16.3% |
| 69074 | 435 | 0.370 | 3.376 | 0.783 | 4.558 | 74.1% | 17.2% |
| 69083 | 427 | 0.364 | 3.078 | 0.659 | 4.131 | 74.5% | 16.0% |
| 69095 | 418 | 0.380 | 3.975 | 0.619 | 5.002 | 79.5% | 12.4% |
| 69103 | 417 | 0.392 | 3.316 | 0.563 | 4.298 | 77.2% | 13.1% |
| 69113 | 400 | 0.383 | 4.110 | 0.678 | 5.200 | 79.1% | 13.0% |
| 69125 | 401 | 0.366 | 3.009 | 0.632 | 4.032 | 74.6% | 15.7% |
| 69134 | 400 | 0.331 | 2.782 | 0.560 | 3.702 | 75.1% | 15.1% |
| 69143 | 378 | 0.293 | 2.810 | 0.445 | 3.575 | 78.6% | 12.5% |
| 69153 | 378 | 0.330 | 2.796 | 0.530 | 3.683 | 75.9% | 14.4% |
| 69162 | 364 | 0.467 | 4.438 | 0.435 | 5.363 | 82.8% | 8.1% |
| 69172 | 370 | 0.324 | 2.984 | 0.534 | 3.869 | 77.1% | 13.8% |
| 69182 | 356 | 0.277 | 3.260 | 0.534 | 4.094 | 79.6% | 13.0% |
| 69193 | 343 | 0.307 | 2.637 | 0.504 | 3.474 | 75.9% | 14.5% |
| 69203 | 328 | 0.327 | 2.501 | 0.490 | 3.340 | 74.9% | 14.7% |
| 69214 | 349 | 0.326 | 2.778 | 0.528 | 3.654 | 76.0% | 14.5% |
| 69225 | 344 | 0.304 | 3.105 | 0.567 | 3.998 | 77.7% | 14.2% |
| 69235 | 328 | 0.264 | 2.125 | 0.470 | 2.880 | 73.8% | 16.3% |
| 69242 | 325 | 0.270 | 3.363 | 0.505 | 4.163 | 80.8% | 12.1% |
| 69253 | 318 | 0.281 | 2.294 | 0.424 | 3.019 | 76.0% | 14.0% |
| 69264 | 301 | 0.257 | 2.186 | 0.398 | 2.859 | 76.5% | 13.9% |
| 69272 | 281 | 0.228 | 2.296 | 0.377 | 2.921 | 78.6% | 12.9% |
| 69285 | 274 | 0.240 | 2.913 | 0.435 | 3.609 | 80.7% | 12.0% |
| 69294 | 259 | 0.259 | 1.802 | 0.430 | 2.511 | 71.7% | 17.1% |
| 69304 | 244 | 0.228 | 1.541 | 0.299 | 2.092 | 73.7% | 14.3% |
| 69314 | 238 | 0.212 | 1.818 | 0.308 | 2.354 | 77.2% | 13.1% |
| 69324 | 231 | 0.183 | 1.649 | 0.242 | 2.091 | 78.9% | 11.6% |
| 69334 | 226 | 0.236 | 1.590 | 0.290 | 2.131 | 74.6% | 13.6% |
| 69345 | 220 | 0.186 | 1.541 | 0.210 | 1.955 | 78.9% | 10.7% |
| 69355 | 218 | 0.224 | 1.662 | 0.225 | 2.127 | 78.1% | 10.6% |
| 69365 | 223 | 0.211 | 1.685 | 0.225 | 2.137 | 78.8% | 10.5% |
| 69375 | 230 | 0.203 | 1.838 | 0.295 | 2.355 | 78.1% | 12.5% |
| 69385 | 253 | 0.259 | 2.037 | 0.350 | 2.663 | 76.5% | 13.1% |
| 69390 | 254 | 0.232 | 1.695 | 0.360 | 2.307 | 73.5% | 15.6% |
| 69401 | 285 | 0.279 | 1.662 | 0.380 | 2.341 | 71.0% | 16.2% |
| 69411 | 294 | 0.394 | 1.815 | 0.325 | 2.554 | 71.1% | 12.7% |
| 69421 | 306 | 0.272 | 1.699 | 0.366 | 2.357 | 72.1% | 15.5% |
| 69431 | 329 | 0.312 | 1.782 | 0.465 | 2.579 | 69.1% | 18.0% |
| 69445 | 340 | 0.297 | 4.556 | 0.489 | 5.365 | 84.9% | 9.1% |
| 69453 | 377 | 0.378 | 2.501 | 0.573 | 3.476 | 72.0% | 16.5% |
| 69464 | 384 | 0.337 | 5.033 | 0.479 | 5.872 | 85.7% | 8.2% |
| 69473 | 399 | 0.351 | 3.221 | 0.608 | 4.202 | 76.6% | 14.5% |
| 69483 | 413 | 0.400 | 2.966 | 0.631 | 4.024 | 73.7% | 15.7% |
| 69495 | 418 | 0.394 | 3.075 | 0.631 | 4.120 | 74.6% | 15.3% |
| 69504 | 412 | 0.399 | 3.163 | 0.730 | 4.319 | 73.2% | 16.9% |
| 69513 | 412 | 0.449 | 5.166 | 0.526 | 6.172 | 83.7% | 8.5% |
| 69525 | 396 | 0.500 | 4.383 | 0.573 | 5.483 | 79.9% | 10.5% |
| 69534 | 404 | 0.395 | 5.619 | 0.719 | 6.757 | 83.2% | 10.6% |
| 69543 | 402 | 0.373 | 4.348 | 0.646 | 5.393 | 80.6% | 12.0% |
| 69555 | 404 | 0.331 | 3.490 | 0.653 | 4.503 | 77.5% | 14.5% |
| 69564 | 413 | 0.302 | 3.031 | 0.609 | 3.967 | 76.4% | 15.3% |
| 69573 | 425 | 0.641 | 3.335 | 0.663 | 4.666 | 71.5% | 14.2% |
| 69585 | 447 | 0.378 | 4.580 | 0.696 | 5.680 | 80.6% | 12.2% |
| 69593 | 471 | 0.399 | 3.075 | 0.673 | 4.180 | 73.6% | 16.1% |
| 69603 | 469 | 0.445 | 3.766 | 0.811 | 5.053 | 74.5% | 16.1% |
| 69614 | 465 | 0.405 | 3.956 | 0.878 | 5.270 | 75.1% | 16.7% |
| 69624 | 469 | 0.410 | 3.536 | 0.797 | 4.776 | 74.0% | 16.7% |
| 69635 | 461 | 0.439 | 3.394 | 0.728 | 4.587 | 74.0% | 15.9% |
| 69643 | 426 | 0.323 | 3.195 | 0.618 | 4.163 | 76.8% | 14.9% |
| 69655 | 423 | 0.386 | 3.099 | 0.724 | 4.239 | 73.1% | 17.1% |
| 69664 | 414 | 0.362 | 3.224 | 0.635 | 4.251 | 75.8% | 14.9% |
| 69675 | 429 | 0.316 | 3.166 | 0.735 | 4.248 | 74.5% | 17.3% |
| 69684 | 439 | 0.384 | 3.150 | 0.746 | 4.306 | 73.2% | 17.3% |
| 69692 | 427 | 0.378 | 3.245 | 0.696 | 4.344 | 74.7% | 16.0% |
| 69704 | 422 | 0.379 | 2.824 | 0.626 | 3.858 | 73.2% | 16.2% |
| 69713 | 429 | 0.372 | 3.074 | 0.620 | 4.096 | 75.1% | 15.1% |
| 69725 | 430 | 0.351 | 2.918 | 0.627 | 3.928 | 74.3% | 16.0% |
| 69734 | 429 | 0.382 | 2.978 | 0.535 | 3.924 | 75.9% | 13.6% |
| 69743 | 414 | 0.405 | 3.035 | 0.541 | 4.010 | 75.7% | 13.5% |
| 69752 | 402 | 0.313 | 2.849 | 0.565 | 3.754 | 75.9% | 15.0% |
| 69765 | 377 | 0.323 | 4.301 | 0.464 | 5.113 | 84.1% | 9.1% |
| 69774 | 369 | 0.302 | 5.760 | 0.609 | 6.697 | 86.0% | 9.1% |
| 69784 | 345 | 0.281 | 2.320 | 0.636 | 3.260 | 71.2% | 19.5% |
| 69795 | 334 | 0.296 | 2.335 | 0.468 | 3.123 | 74.8% | 15.0% |
| 69802 | 303 | 0.250 | 2.375 | 0.451 | 3.097 | 76.7% | 14.6% |
| 69814 | 298 | 0.239 | 1.687 | 0.390 | 2.341 | 72.1% | 16.7% |
| 69824 | 314 | 0.294 | 1.732 | 0.472 | 2.520 | 68.7% | 18.8% |
| 69834 | 317 | 0.316 | 1.663 | 0.475 | 2.476 | 67.2% | 19.2% |
| 69843 | 320 | 0.280 | 1.592 | 0.458 | 2.351 | 67.7% | 19.5% |
| 69853 | 333 | 0.296 | 1.752 | 0.460 | 2.532 | 69.2% | 18.2% |
| 69863 | 334 | 0.289 | 1.692 | 0.374 | 2.381 | 71.1% | 15.7% |
| 69872 | 350 | 0.294 | 1.615 | 0.516 | 2.452 | 65.9% | 21.1% |
| 69885 | 363 | 0.318 | 1.798 | 0.497 | 2.636 | 68.2% | 18.8% |
| 69893 | 376 | 0.343 | 2.331 | 0.542 | 3.250 | 71.7% | 16.7% |
| 69903 | 378 | 0.301 | 2.694 | 0.550 | 3.572 | 75.4% | 15.4% |
| 69913 | 365 | 0.328 | 4.974 | 0.534 | 5.862 | 84.9% | 9.1% |
| 69922 | 378 | 0.333 | 5.052 | 0.507 | 5.919 | 85.4% | 8.6% |
| 69935 | 377 | 0.335 | 2.845 | 0.571 | 3.778 | 75.3% | 15.1% |
| 69944 | 355 | 0.332 | 2.728 | 0.468 | 3.554 | 76.7% | 13.2% |
| 69954 | 361 | 0.278 | 2.692 | 0.514 | 3.507 | 76.8% | 14.7% |
| 69965 | 333 | 0.297 | 2.694 | 0.549 | 3.566 | 75.6% | 15.4% |
| 69975 | 321 | 0.266 | 2.358 | 0.459 | 3.107 | 75.9% | 14.8% |
| 69983 | 346 | 0.337 | 5.058 | 0.420 | 5.837 | 86.7% | 7.2% |
| 69993 | 338 | 0.294 | 2.626 | 0.515 | 3.460 | 75.9% | 14.9% |
| 70004 | 338 | 0.288 | 2.824 | 0.479 | 3.613 | 78.2% | 13.3% |
| 70015 | 328 | 0.295 | 2.552 | 0.482 | 3.351 | 76.2% | 14.4% |
| 70022 | 310 | 0.310 | 3.874 | 0.439 | 4.644 | 83.4% | 9.5% |
| 70033 | 294 | 0.260 | 3.107 | 0.583 | 3.974 | 78.2% | 14.7% |
| 70045 | 288 | 0.280 | 2.273 | 0.440 | 3.016 | 75.3% | 14.6% |
| 70054 | 274 | 0.267 | 1.560 | 0.336 | 2.185 | 71.4% | 15.4% |
| 70064 | 282 | 0.274 | 1.860 | 0.388 | 2.544 | 73.1% | 15.2% |
| 70074 | 270 | 0.289 | 1.843 | 0.344 | 2.494 | 73.9% | 13.8% |
| 70084 | 271 | 0.248 | 1.546 | 0.290 | 2.102 | 73.5% | 13.8% |
| 70094 | 278 | 0.317 | 2.077 | 0.386 | 2.798 | 74.2% | 13.8% |
| 70104 | 272 | 0.248 | 1.700 | 0.369 | 2.337 | 72.7% | 15.8% |
| 70114 | 279 | 0.376 | 1.543 | 0.294 | 2.230 | 69.2% | 13.2% |
| 70124 | 262 | 0.324 | 1.562 | 0.346 | 2.247 | 69.5% | 15.4% |
| 70135 | 249 | 0.289 | 2.089 | 0.360 | 2.759 | 75.7% | 13.1% |
| 70145 | 245 | 0.197 | 1.908 | 0.399 | 2.521 | 75.7% | 15.8% |
| 70155 | 251 | 0.183 | 1.489 | 0.310 | 2.000 | 74.5% | 15.5% |
| 70165 | 256 | 0.222 | 1.929 | 0.323 | 2.495 | 77.3% | 12.9% |
| 70170 | 279 | 0.237 | 1.580 | 0.357 | 2.193 | 72.1% | 16.3% |
| 70180 | 283 | 0.241 | 1.608 | 0.297 | 2.170 | 74.1% | 13.7% |
| 70191 | 280 | 0.255 | 1.530 | 0.313 | 2.116 | 72.3% | 14.8% |
| 70201 | 292 | 0.258 | 1.329 | 0.325 | 1.932 | 68.8% | 16.8% |
| 70211 | 300 | 0.276 | 1.546 | 0.308 | 2.154 | 71.8% | 14.3% |
| 70221 | 318 | 0.326 | 3.067 | 0.438 | 3.854 | 79.6% | 11.4% |
| 70235 | 324 | 0.298 | 1.759 | 0.445 | 2.523 | 69.7% | 17.6% |
| 70244 | 335 | 0.290 | 1.705 | 0.355 | 2.374 | 71.8% | 15.0% |
| 70253 | 342 | 0.359 | 1.801 | 0.581 | 2.785 | 64.7% | 20.9% |
| 70262 | 359 | 0.297 | 1.865 | 0.488 | 2.676 | 69.7% | 18.2% |
| 70275 | 365 | 0.332 | 1.773 | 0.423 | 2.551 | 69.5% | 16.6% |
| 70283 | 394 | 0.338 | 2.155 | 0.655 | 3.177 | 67.8% | 20.6% |
| 70294 | 403 | 0.338 | 2.246 | 0.598 | 3.212 | 69.9% | 18.6% |
| 70304 | 407 | 0.405 | 6.939 | 0.529 | 7.903 | 87.8% | 6.7% |
| 70313 | 410 | 0.373 | 2.921 | 0.514 | 3.838 | 76.1% | 13.4% |
| 70325 | 414 | 0.433 | 3.549 | 0.577 | 4.587 | 77.4% | 12.6% |
| 70334 | 416 | 0.385 | 3.026 | 0.756 | 4.195 | 72.1% | 18.0% |
| 70345 | 434 | 0.425 | 3.307 | 0.666 | 4.423 | 74.8% | 15.1% |
| 70354 | 448 | 0.404 | 3.294 | 0.730 | 4.459 | 73.9% | 16.4% |
| 70364 | 462 | 0.418 | 3.277 | 0.782 | 4.509 | 72.7% | 17.3% |
| 70375 | 456 | 0.401 | 3.702 | 0.703 | 4.835 | 76.6% | 14.5% |
| 70383 | 471 | 0.371 | 3.714 | 0.684 | 4.798 | 77.4% | 14.3% |
| 70394 | 469 | 0.458 | 3.534 | 0.978 | 4.996 | 70.7% | 19.6% |
| 70405 | 477 | 0.410 | 4.297 | 0.741 | 5.480 | 78.4% | 13.5% |
| 70413 | 465 | 0.401 | 3.418 | 0.786 | 4.637 | 73.7% | 17.0% |
| 70424 | 441 | 0.403 | 3.355 | 0.717 | 4.501 | 74.5% | 15.9% |
| 70435 | 444 | 0.385 | 3.520 | 0.837 | 4.773 | 73.7% | 17.5% |
| 70444 | 445 | 0.408 | 2.792 | 0.675 | 3.907 | 71.5% | 17.3% |
| 70455 | 454 | 0.359 | 3.296 | 0.800 | 4.482 | 73.5% | 17.8% |
| 70463 | 428 | 0.357 | 3.308 | 0.720 | 4.415 | 74.9% | 16.3% |
| 70475 | 436 | 0.374 | 3.081 | 0.671 | 4.157 | 74.1% | 16.2% |
| 70484 | 434 | 0.448 | 2.939 | 0.663 | 4.073 | 72.2% | 16.3% |
| 70493 | 406 | 0.363 | 2.912 | 0.614 | 3.914 | 74.4% | 15.7% |
| 70505 | 396 | 0.353 | 2.961 | 0.657 | 4.002 | 74.0% | 16.4% |
| 70514 | 369 | 0.336 | 3.187 | 0.598 | 4.147 | 76.8% | 14.4% |
| 70523 | 341 | 0.291 | 2.679 | 0.546 | 3.542 | 75.7% | 15.4% |
| 70534 | 314 | 0.260 | 5.721 | 0.486 | 6.489 | 88.2% | 7.5% |
| 70545 | 307 | 0.284 | 2.452 | 0.477 | 3.237 | 75.8% | 14.7% |
| 70553 | 283 | 0.245 | 2.172 | 0.389 | 2.830 | 76.8% | 13.8% |
| 70564 | 288 | 0.245 | 2.483 | 0.412 | 3.160 | 78.6% | 13.1% |
| 70572 | 293 | 0.278 | 2.253 | 0.412 | 2.964 | 76.0% | 13.9% |
| 70584 | 290 | 0.249 | 2.140 | 0.319 | 2.727 | 78.5% | 11.7% |
| 70592 | 292 | 0.256 | 2.423 | 0.371 | 3.071 | 78.9% | 12.1% |
| 70603 | 287 | 0.296 | 3.479 | 0.374 | 4.169 | 83.4% | 9.0% |
| 70612 | 284 | 0.247 | 1.855 | 0.366 | 2.490 | 74.5% | 14.7% |
| 70621 | 289 | 0.257 | 1.576 | 0.310 | 2.164 | 72.8% | 14.3% |
| 70631 | 289 | 0.252 | 1.770 | 0.321 | 2.363 | 74.9% | 13.6% |
| 70641 | 291 | 0.264 | 2.131 | 0.323 | 2.741 | 77.7% | 11.8% |
| 70651 | 282 | 0.259 | 1.533 | 0.292 | 2.106 | 72.8% | 13.9% |
| 70661 | 277 | 0.256 | 1.760 | 0.350 | 2.388 | 73.7% | 14.7% |
| 70671 | 301 | 0.265 | 1.653 | 0.367 | 2.309 | 71.6% | 15.9% |
| 70680 | 301 | 0.236 | 1.571 | 0.387 | 2.214 | 71.0% | 17.5% |
| 70690 | 291 | 0.289 | 2.163 | 0.462 | 2.939 | 73.6% | 15.7% |
| 70700 | 305 | 0.258 | 1.674 | 0.383 | 2.338 | 71.6% | 16.4% |
| 70715 | 316 | 0.455 | 1.602 | 0.359 | 2.435 | 65.8% | 14.8% |
| 70725 | 327 | 0.261 | 1.554 | 0.386 | 2.226 | 69.8% | 17.4% |
| 70735 | 339 | 0.306 | 1.912 | 0.535 | 2.775 | 68.9% | 19.3% |
| 70744 | 329 | 0.303 | 2.025 | 0.375 | 2.725 | 74.3% | 13.8% |
| 70753 | 332 | 0.301 | 1.651 | 0.388 | 2.363 | 69.9% | 16.4% |
| 70762 | 346 | 0.293 | 1.666 | 0.397 | 2.380 | 70.0% | 16.7% |
| 70772 | 366 | 0.351 | 2.021 | 0.459 | 2.854 | 70.8% | 16.1% |
| 70785 | 375 | 0.339 | 1.789 | 0.438 | 2.583 | 69.3% | 17.0% |
| 70793 | 370 | 0.307 | 1.778 | 0.533 | 2.643 | 67.3% | 20.2% |
| 70805 | 374 | 0.517 | 3.448 | 0.546 | 4.530 | 76.1% | 12.1% |
| 70815 | 369 | 0.331 | 6.208 | 0.581 | 7.144 | 86.9% | 8.1% |
| 70825 | 374 | 0.327 | 3.850 | 0.684 | 4.885 | 78.8% | 14.0% |
| 70834 | 383 | 0.345 | 3.065 | 0.576 | 4.015 | 76.3% | 14.3% |
| 70844 | 382 | 0.419 | 3.857 | 0.621 | 4.921 | 78.4% | 12.6% |
| 70853 | 378 | 0.388 | 4.085 | 0.576 | 5.075 | 80.5% | 11.3% |
| 70862 | 397 | 0.359 | 3.058 | 0.621 | 4.062 | 75.3% | 15.3% |
| 70874 | 402 | 0.369 | 2.791 | 0.497 | 3.681 | 75.8% | 13.5% |
| 70884 | 398 | 0.343 | 2.679 | 0.608 | 3.655 | 73.3% | 16.6% |
| 70893 | 385 | 0.429 | 2.950 | 0.502 | 3.911 | 75.4% | 12.8% |
| 70902 | 395 | 0.370 | 2.709 | 0.572 | 3.679 | 73.6% | 15.6% |
| 70915 | 395 | 0.340 | 3.090 | 0.478 | 3.937 | 78.5% | 12.2% |
| 70924 | 403 | 0.361 | 2.954 | 0.647 | 3.990 | 74.0% | 16.2% |
| 70933 | 417 | 0.372 | 3.275 | 0.633 | 4.310 | 76.0% | 14.7% |
| 70945 | 404 | 0.401 | 4.186 | 0.619 | 5.233 | 80.0% | 11.8% |
| 70954 | 392 | 0.367 | 6.637 | 0.594 | 7.626 | 87.0% | 7.8% |
| 70964 | 381 | 0.377 | 4.881 | 0.574 | 5.859 | 83.3% | 9.8% |
| 70973 | 357 | 0.354 | 3.978 | 0.605 | 4.960 | 80.2% | 12.2% |
| 70983 | 346 | 0.621 | 2.849 | 0.502 | 3.994 | 71.3% | 12.6% |
| 70993 | 343 | 0.443 | 3.661 | 0.472 | 4.600 | 79.6% | 10.3% |
| 71003 | 347 | 0.267 | 2.685 | 0.496 | 3.470 | 77.4% | 14.3% |
| 71014 | 340 | 0.331 | 4.006 | 0.391 | 4.748 | 84.4% | 8.2% |
| 71025 | 324 | 0.339 | 2.720 | 0.446 | 3.526 | 77.1% | 12.7% |
| 71032 | 307 | 0.316 | 5.189 | 0.473 | 6.000 | 86.5% | 7.9% |
| 71041 | 284 | 0.291 | 4.220 | 0.327 | 4.855 | 86.9% | 6.7% |
| 71051 | 300 | 0.239 | 1.546 | 0.307 | 2.119 | 73.0% | 14.5% |
| 71061 | 297 | 0.241 | 2.515 | 0.339 | 3.117 | 80.7% | 10.9% |
| 71071 | 297 | 0.271 | 1.620 | 0.342 | 2.254 | 71.9% | 15.2% |
| 71081 | 293 | 0.266 | 1.579 | 0.410 | 2.277 | 69.3% | 18.0% |
| 71091 | 290 | 0.233 | 1.523 | 0.347 | 2.125 | 71.7% | 16.4% |
| 71101 | 290 | 0.357 | 2.297 | 0.396 | 3.068 | 74.9% | 12.9% |
| 71111 | 293 | 0.246 | 1.723 | 0.445 | 2.433 | 70.8% | 18.3% |
| 71121 | 286 | 0.347 | 2.687 | 0.309 | 3.364 | 79.9% | 9.2% |
| 71131 | 280 | 0.236 | 1.602 | 0.301 | 2.167 | 73.9% | 13.9% |
| 71141 | 267 | 0.233 | 1.796 | 0.362 | 2.408 | 74.6% | 15.0% |
| 71151 | 281 | 0.268 | 1.546 | 0.365 | 2.201 | 70.2% | 16.6% |
| 71161 | 279 | 0.371 | 1.537 | 0.311 | 2.238 | 68.7% | 13.9% |
| 71171 | 279 | 0.249 | 1.568 | 0.322 | 2.158 | 72.7% | 14.9% |
| 71181 | 299 | 0.246 | 1.627 | 0.348 | 2.244 | 72.5% | 15.5% |
| 71191 | 307 | 0.278 | 1.603 | 0.425 | 2.326 | 68.9% | 18.3% |
| 71201 | 326 | 0.345 | 2.978 | 0.464 | 3.810 | 78.2% | 12.2% |
| 71215 | 352 | 0.313 | 1.770 | 0.473 | 2.582 | 68.5% | 18.3% |
| 71224 | 374 | 0.348 | 1.754 | 0.478 | 2.602 | 67.4% | 18.4% |
| 71232 | 373 | 0.343 | 5.146 | 0.540 | 6.057 | 85.0% | 8.9% |
| 71244 | 384 | 0.324 | 2.516 | 0.533 | 3.398 | 74.1% | 15.7% |
| 71254 | 391 | 0.395 | 2.857 | 0.558 | 3.833 | 74.5% | 14.6% |
| 71263 | 399 | 0.391 | 2.973 | 0.600 | 3.988 | 74.5% | 15.0% |
| 71273 | 374 | 0.336 | 2.899 | 0.535 | 3.800 | 76.3% | 14.1% |
| 71283 | 356 | 0.366 | 4.060 | 0.519 | 4.971 | 81.7% | 10.4% |
| 71293 | 352 | 0.269 | 2.637 | 0.488 | 3.419 | 77.1% | 14.3% |
| 71303 | 353 | 0.299 | 2.434 | 0.501 | 3.259 | 74.7% | 15.4% |
| 71313 | 387 | 0.302 | 3.385 | 0.523 | 4.237 | 79.9% | 12.3% |
| 71322 | 395 | 0.374 | 3.092 | 0.601 | 4.095 | 75.5% | 14.7% |
| 71334 | 413 | 0.332 | 2.620 | 0.691 | 3.673 | 71.3% | 18.8% |
| 71343 | 417 | 0.347 | 3.251 | 0.638 | 4.261 | 76.3% | 15.0% |
| 71355 | 442 | 0.447 | 5.597 | 0.690 | 6.762 | 82.8% | 10.2% |
| 71363 | 456 | 0.418 | 3.936 | 0.713 | 5.097 | 77.2% | 14.0% |
| 71375 | 453 | 0.498 | 5.700 | 0.661 | 6.887 | 82.8% | 9.6% |
| 71383 | 482 | 0.499 | 3.452 | 0.919 | 4.908 | 70.3% | 18.7% |
| 71393 | 483 | 0.488 | 3.232 | 0.721 | 4.472 | 72.3% | 16.1% |
| 71403 | 498 | 0.444 | 3.959 | 0.986 | 5.421 | 73.0% | 18.2% |
| 71413 | 503 | 0.489 | 3.423 | 0.841 | 4.783 | 71.6% | 17.6% |
| 71424 | 484 | 0.597 | 3.297 | 1.019 | 4.946 | 66.7% | 20.6% |
| 71434 | 499 | 0.456 | 4.258 | 0.779 | 5.531 | 77.0% | 14.1% |
| 71444 | 487 | 0.469 | 3.771 | 0.767 | 5.051 | 74.7% | 15.2% |
| 71455 | 481 | 0.411 | 3.357 | 0.789 | 4.587 | 73.2% | 17.2% |
| 71463 | 465 | 0.403 | 3.067 | 0.719 | 4.222 | 72.7% | 17.0% |
| 71474 | 454 | 0.469 | 5.164 | 0.637 | 6.294 | 82.1% | 10.1% |
| 71485 | 445 | 0.374 | 6.182 | 0.827 | 7.414 | 83.4% | 11.1% |
| 71494 | 444 | 0.557 | 3.762 | 0.726 | 5.075 | 74.1% | 14.3% |
| 71502 | 430 | 0.442 | 3.671 | 0.614 | 4.754 | 77.2% | 12.9% |
| 71514 | 422 | 0.372 | 3.761 | 0.526 | 4.689 | 80.2% | 11.2% |
| 71523 | 424 | 0.382 | 3.298 | 0.647 | 4.355 | 75.7% | 14.9% |
| 71535 | 400 | 0.404 | 3.291 | 0.573 | 4.299 | 76.5% | 13.3% |
| 71544 | 368 | 0.309 | 3.503 | 0.581 | 4.427 | 79.1% | 13.1% |
| 71554 | 368 | 0.330 | 5.566 | 0.544 | 6.467 | 86.1% | 8.4% |
| 71564 | 355 | 0.314 | 2.699 | 0.535 | 3.571 | 75.6% | 15.0% |
| 71575 | 343 | 0.409 | 3.286 | 0.422 | 4.143 | 79.3% | 10.2% |
| 71585 | 342 | 0.297 | 2.702 | 0.457 | 3.481 | 77.6% | 13.1% |
| 71593 | 324 | 0.319 | 2.890 | 0.605 | 3.835 | 75.4% | 15.8% |
| 71604 | 319 | 0.301 | 3.289 | 0.359 | 3.973 | 82.8% | 9.0% |
| 71611 | 307 | 0.257 | 4.929 | 0.399 | 5.609 | 87.9% | 7.1% |
| 71623 | 304 | 0.279 | 5.421 | 0.397 | 6.119 | 88.6% | 6.5% |
| 71635 | 305 | 0.305 | 2.325 | 0.440 | 3.093 | 75.2% | 14.2% |
| 71642 | 293 | 0.285 | 2.130 | 0.472 | 2.907 | 73.3% | 16.2% |
| 71655 | 280 | 0.214 | 2.099 | 0.375 | 2.709 | 77.5% | 13.8% |
| 71663 | 266 | 0.233 | 2.066 | 0.373 | 2.693 | 76.7% | 13.9% |
| 71672 | 241 | 0.239 | 3.284 | 0.362 | 3.905 | 84.1% | 9.3% |
| 71681 | 238 | 0.209 | 1.524 | 0.240 | 1.991 | 76.6% | 12.0% |
| 71691 | 231 | 0.275 | 1.630 | 0.294 | 2.219 | 73.5% | 13.3% |
| 71702 | 216 | 0.198 | 1.969 | 0.273 | 2.460 | 80.1% | 11.1% |
| 71712 | 203 | 0.196 | 1.564 | 0.199 | 1.977 | 79.1% | 10.0% |
| 71722 | 208 | 0.241 | 1.407 | 0.399 | 2.064 | 68.2% | 19.3% |
| 71732 | 217 | 0.207 | 1.267 | 0.264 | 1.757 | 72.1% | 15.0% |
| 71742 | 221 | 0.242 | 1.461 | 0.223 | 1.942 | 75.3% | 11.5% |
| 71752 | 229 | 0.236 | 2.167 | 0.236 | 2.656 | 81.6% | 8.9% |
| 71762 | 240 | 0.238 | 1.826 | 0.284 | 2.367 | 77.1% | 12.0% |
| 71773 | 248 | 0.214 | 1.923 | 0.396 | 2.553 | 75.3% | 15.5% |
| 71783 | 254 | 0.222 | 1.627 | 0.307 | 2.178 | 74.7% | 14.1% |
| 71793 | 266 | 0.257 | 1.705 | 0.485 | 2.469 | 69.1% | 19.6% |
| 71803 | 271 | 0.269 | 1.813 | 0.352 | 2.451 | 74.0% | 14.3% |
| 71813 | 277 | 0.261 | 1.542 | 0.346 | 2.166 | 71.2% | 16.0% |
| 71823 | 282 | 0.277 | 1.609 | 0.387 | 2.292 | 70.2% | 16.9% |
| 71833 | 292 | 0.268 | 1.670 | 0.323 | 2.280 | 73.3% | 14.2% |
| 71843 | 270 | 0.280 | 1.935 | 0.290 | 2.522 | 76.7% | 11.5% |
| 71854 | 266 | 0.312 | 1.594 | 0.337 | 2.261 | 70.5% | 14.9% |
| 71864 | 264 | 0.234 | 1.452 | 0.329 | 2.034 | 71.4% | 16.2% |
| 71874 | 268 | 0.296 | 1.804 | 0.394 | 2.511 | 71.9% | 15.7% |
| 71884 | 255 | 0.315 | 1.593 | 0.284 | 2.239 | 71.1% | 12.7% |
| 71895 | 259 | 0.258 | 1.670 | 0.295 | 2.240 | 74.6% | 13.2% |
| 71905 | 273 | 0.282 | 1.723 | 0.427 | 2.452 | 70.3% | 17.4% |
| 71915 | 270 | 0.234 | 1.913 | 0.370 | 2.534 | 75.5% | 14.6% |
| 71925 | 280 | 0.329 | 3.338 | 0.307 | 3.994 | 83.6% | 7.7% |
| 71935 | 286 | 0.279 | 1.634 | 0.381 | 2.314 | 70.6% | 16.5% |
| 71945 | 296 | 0.258 | 1.522 | 0.387 | 2.188 | 69.5% | 17.7% |
| 71955 | 304 | 0.285 | 1.530 | 0.330 | 2.165 | 70.7% | 15.2% |
| 71965 | 315 | 0.322 | 1.709 | 0.385 | 2.434 | 70.2% | 15.8% |
| 71975 | 305 | 0.284 | 1.638 | 0.402 | 2.345 | 69.9% | 17.1% |
| 71985 | 318 | 0.290 | 1.581 | 0.539 | 2.433 | 65.0% | 22.2% |
| 71995 | 334 | 0.290 | 1.650 | 0.362 | 2.325 | 71.0% | 15.6% |
| 72004 | 346 | 0.371 | 1.847 | 0.481 | 2.721 | 67.9% | 17.7% |
| 72013 | 368 | 0.362 | 1.749 | 0.615 | 2.748 | 63.6% | 22.4% |
| 72022 | 387 | 0.339 | 2.110 | 0.576 | 3.050 | 69.2% | 18.9% |
| 72033 | 400 | 0.380 | 5.187 | 0.674 | 6.268 | 82.8% | 10.8% |
| 72043 | 407 | 0.337 | 2.945 | 0.660 | 3.966 | 74.3% | 16.6% |
| 72055 | 401 | 0.357 | 3.994 | 0.595 | 4.973 | 80.3% | 12.0% |
| 72064 | 387 | 0.325 | 3.285 | 0.590 | 4.225 | 77.8% | 14.0% |
| 72074 | 390 | 0.322 | 2.710 | 0.569 | 3.630 | 74.7% | 15.7% |
| 72083 | 387 | 0.339 | 2.889 | 0.552 | 3.808 | 75.9% | 14.5% |
| 72093 | 371 | 0.335 | 2.841 | 0.531 | 3.734 | 76.1% | 14.2% |
| 72105 | 373 | 0.306 | 2.969 | 0.595 | 3.896 | 76.2% | 15.3% |
| 72115 | 364 | 0.330 | 2.784 | 0.515 | 3.655 | 76.2% | 14.1% |
| 72124 | 364 | 0.320 | 3.459 | 0.595 | 4.397 | 78.7% | 13.5% |
| 72134 | 341 | 0.329 | 6.607 | 0.422 | 7.380 | 89.5% | 5.7% |
| 72145 | 341 | 0.258 | 2.289 | 0.410 | 2.980 | 76.8% | 13.8% |
| 72152 | 345 | 0.306 | 2.474 | 0.534 | 3.337 | 74.1% | 16.0% |
| 72163 | 354 | 0.315 | 3.501 | 0.544 | 4.385 | 79.8% | 12.4% |
| 72172 | 372 | 0.318 | 2.481 | 0.537 | 3.361 | 73.8% | 16.0% |
| 72185 | 386 | 0.481 | 3.390 | 0.506 | 4.403 | 77.0% | 11.5% |
| 72195 | 394 | 0.360 | 2.799 | 0.737 | 3.919 | 71.4% | 18.8% |
| 72204 | 405 | 0.392 | 2.914 | 0.680 | 4.013 | 72.6% | 16.9% |
| 72213 | 417 | 0.356 | 3.133 | 0.490 | 4.008 | 78.2% | 12.2% |
| 72225 | 418 | 0.363 | 2.994 | 0.559 | 3.943 | 75.9% | 14.2% |
| 72234 | 419 | 0.392 | 5.569 | 0.632 | 6.633 | 84.0% | 9.5% |
| 72243 | 421 | 0.453 | 3.888 | 0.641 | 5.022 | 77.4% | 12.8% |
| 72254 | 445 | 0.439 | 5.982 | 0.690 | 7.140 | 83.8% | 9.7% |
| 72263 | 442 | 0.406 | 3.848 | 0.647 | 4.927 | 78.1% | 13.1% |
| 72274 | 435 | 0.429 | 4.537 | 0.757 | 5.750 | 78.9% | 13.2% |
| 72283 | 432 | 0.371 | 3.011 | 0.648 | 4.057 | 74.2% | 16.0% |
| 72294 | 440 | 0.364 | 3.158 | 0.697 | 4.245 | 74.4% | 16.4% |
| 72303 | 453 | 0.427 | 4.671 | 0.634 | 5.759 | 81.1% | 11.0% |
| 72313 | 433 | 0.395 | 4.672 | 0.687 | 5.784 | 80.8% | 11.9% |
| 72325 | 421 | 0.440 | 9.257 | 0.709 | 10.435 | 88.7% | 6.8% |
| 72334 | 406 | 0.341 | 2.816 | 0.637 | 3.824 | 73.6% | 16.7% |
| 72343 | 400 | 0.524 | 2.665 | 0.615 | 3.830 | 69.6% | 16.1% |
| 72355 | 397 | 0.412 | 3.828 | 0.693 | 4.962 | 77.1% | 14.0% |
| 72364 | 389 | 0.348 | 3.058 | 0.525 | 3.959 | 77.2% | 13.3% |
| 72373 | 389 | 0.345 | 3.010 | 0.679 | 4.065 | 74.0% | 16.7% |
| 72383 | 387 | 0.300 | 3.474 | 0.566 | 4.369 | 79.5% | 12.9% |
| 72395 | 382 | 0.348 | 2.619 | 0.502 | 3.494 | 75.0% | 14.4% |
| 72405 | 389 | 0.388 | 5.742 | 0.626 | 6.778 | 84.7% | 9.2% |
| 72414 | 367 | 0.385 | 5.275 | 0.533 | 6.228 | 84.7% | 8.6% |
| 72424 | 348 | 0.328 | 6.034 | 0.522 | 6.909 | 87.3% | 7.6% |
| 72434 | 336 | 0.327 | 4.410 | 0.406 | 5.170 | 85.3% | 7.8% |
| 72445 | 311 | 0.278 | 2.236 | 0.371 | 2.908 | 76.9% | 12.7% |
| 72453 | 308 | 0.270 | 4.465 | 0.376 | 5.133 | 87.0% | 7.3% |
| 72464 | 310 | 0.281 | 2.174 | 0.458 | 2.936 | 74.0% | 15.6% |
| 72472 | 283 | 0.244 | 2.249 | 0.402 | 2.918 | 77.1% | 13.8% |
| 72484 | 259 | 0.216 | 3.070 | 0.360 | 3.664 | 83.8% | 9.8% |
| 72494 | 251 | 0.272 | 3.281 | 0.394 | 3.967 | 82.7% | 9.9% |
| 72504 | 246 | 0.198 | 2.849 | 0.270 | 3.334 | 85.4% | 8.1% |
| 72514 | 246 | 0.236 | 1.515 | 0.285 | 2.066 | 73.3% | 13.8% |
| 72524 | 222 | 0.221 | 2.144 | 0.247 | 2.631 | 81.5% | 9.4% |
| 72534 | 214 | 0.240 | 1.629 | 0.285 | 2.170 | 75.0% | 13.1% |
| 72544 | 204 | 0.218 | 1.963 | 0.218 | 2.414 | 81.3% | 9.0% |
| 72555 | 206 | 0.262 | 1.546 | 0.367 | 2.192 | 70.5% | 16.8% |
| 72565 | 209 | 0.208 | 1.553 | 0.244 | 2.020 | 76.9% | 12.1% |
| 72575 | 219 | 0.207 | 1.590 | 0.229 | 2.043 | 77.8% | 11.2% |
| 72585 | 228 | 0.244 | 1.622 | 0.228 | 2.113 | 76.8% | 10.8% |
| 72595 | 228 | 0.311 | 1.649 | 0.234 | 2.212 | 74.5% | 10.6% |
| 72605 | 236 | 0.288 | 1.716 | 0.310 | 2.332 | 73.6% | 13.3% |
| 72610 | 247 | 0.262 | 1.754 | 0.283 | 2.316 | 75.7% | 12.2% |
| 72621 | 269 | 0.248 | 1.597 | 0.330 | 2.195 | 72.7% | 15.0% |
| 72631 | 266 | 0.260 | 1.636 | 0.349 | 2.263 | 72.3% | 15.4% |
| 72641 | 268 | 0.285 | 1.850 | 0.346 | 2.503 | 73.9% | 13.8% |
| 72651 | 277 | 0.264 | 1.617 | 0.366 | 2.268 | 71.3% | 16.1% |
| 72662 | 278 | 0.323 | 2.098 | 0.375 | 2.815 | 74.5% | 13.3% |
| 72672 | 272 | 0.289 | 1.872 | 0.404 | 2.584 | 72.4% | 15.6% |
| 72682 | 287 | 0.286 | 1.559 | 0.371 | 2.236 | 69.8% | 16.6% |
| 72692 | 284 | 0.267 | 1.738 | 0.337 | 2.363 | 73.6% | 14.3% |
| 72702 | 289 | 0.259 | 1.542 | 0.311 | 2.132 | 72.3% | 14.6% |
| 72712 | 293 | 0.268 | 1.543 | 0.331 | 2.163 | 71.3% | 15.3% |
| 72722 | 293 | 0.265 | 1.556 | 0.381 | 2.224 | 70.0% | 17.1% |
| 72731 | 313 | 0.343 | 1.548 | 0.430 | 2.341 | 66.1% | 18.4% |
| 72742 | 310 | 0.287 | 2.837 | 0.514 | 3.659 | 77.5% | 14.0% |
| 72751 | 338 | 0.316 | 1.942 | 0.464 | 2.744 | 70.8% | 16.9% |
| 72765 | 347 | 0.339 | 3.170 | 0.433 | 3.965 | 80.0% | 10.9% |
| 72774 | 375 | 0.335 | 2.186 | 0.512 | 3.056 | 71.5% | 16.7% |
| 72782 | 395 | 0.382 | 2.478 | 0.563 | 3.451 | 71.8% | 16.3% |
| 72793 | 406 | 0.406 | 2.799 | 0.734 | 3.963 | 70.6% | 18.5% |
| 72803 | 406 | 0.397 | 3.393 | 0.480 | 4.305 | 78.8% | 11.2% |
| 72815 | 401 | 0.363 | 2.805 | 0.576 | 3.768 | 74.4% | 15.3% |
| 72824 | 413 | 0.399 | 4.269 | 0.669 | 5.365 | 79.6% | 12.5% |
| 72833 | 428 | 0.385 | 4.592 | 0.728 | 5.733 | 80.1% | 12.7% |
| 72845 | 436 | 0.415 | 3.461 | 0.697 | 4.615 | 75.0% | 15.1% |
| 72854 | 428 | 0.435 | 5.784 | 0.697 | 6.949 | 83.2% | 10.0% |
| 72865 | 431 | 0.429 | 3.200 | 0.677 | 4.333 | 73.8% | 15.6% |
| 72874 | 412 | 0.352 | 3.004 | 0.602 | 3.983 | 75.4% | 15.1% |
| 72883 | 421 | 0.366 | 3.455 | 0.814 | 4.665 | 74.1% | 17.4% |
| 72892 | 414 | 0.378 | 3.101 | 0.660 | 4.169 | 74.4% | 15.8% |
| 72905 | 396 | 0.531 | 3.372 | 0.612 | 4.536 | 74.3% | 13.5% |
| 72914 | 391 | 0.536 | 5.274 | 0.481 | 6.315 | 83.5% | 7.6% |
| 72923 | 387 | 0.318 | 2.557 | 0.593 | 3.491 | 73.2% | 17.0% |
| 72933 | 377 | 0.343 | 2.875 | 0.481 | 3.724 | 77.2% | 12.9% |
| 72945 | 366 | 0.440 | 2.875 | 0.571 | 3.912 | 73.5% | 14.6% |
| 72955 | 366 | 0.349 | 3.756 | 0.445 | 4.572 | 82.2% | 9.7% |
| 72965 | 363 | 0.333 | 3.282 | 0.450 | 4.090 | 80.2% | 11.0% |
| 72974 | 364 | 0.370 | 3.789 | 0.455 | 4.636 | 81.7% | 9.8% |
| 72984 | 358 | 0.297 | 2.747 | 0.512 | 3.578 | 76.8% | 14.3% |
| 72994 | 375 | 0.361 | 3.723 | 0.618 | 4.730 | 78.7% | 13.1% |
| 73004 | 393 | 0.333 | 2.877 | 0.691 | 3.930 | 73.2% | 17.6% |
| 73013 | 395 | 0.370 | 5.585 | 0.532 | 6.511 | 85.8% | 8.2% |
| 73023 | 384 | 0.514 | 3.081 | 0.650 | 4.282 | 71.9% | 15.2% |
| 73035 | 411 | 0.444 | 4.528 | 0.603 | 5.603 | 80.8% | 10.8% |
| 73044 | 409 | 0.365 | 2.939 | 0.730 | 4.065 | 72.3% | 18.0% |
| 73053 | 449 | 0.373 | 3.071 | 0.567 | 4.041 | 76.0% | 14.0% |
| 73064 | 458 | 0.520 | 3.703 | 0.599 | 4.852 | 76.3% | 12.4% |
| 73075 | 452 | 0.373 | 3.310 | 0.710 | 4.421 | 74.9% | 16.1% |
| 73083 | 459 | 0.467 | 4.025 | 0.909 | 5.436 | 74.0% | 16.7% |
| 73094 | 463 | 0.412 | 3.189 | 0.749 | 4.381 | 72.8% | 17.1% |
| 73105 | 487 | 0.418 | 3.291 | 0.760 | 4.502 | 73.1% | 16.9% |
| 73115 | 506 | 0.414 | 3.529 | 0.836 | 4.809 | 73.4% | 17.4% |
| 73125 | 511 | 0.436 | 3.436 | 0.725 | 4.631 | 74.2% | 15.7% |
| 73135 | 523 | 0.476 | 3.738 | 0.762 | 5.012 | 74.6% | 15.2% |
| 73145 | 516 | 0.396 | 3.008 | 0.827 | 4.263 | 70.5% | 19.4% |
| 73154 | 518 | 0.585 | 4.353 | 0.784 | 5.752 | 75.7% | 13.6% |
| 73164 | 519 | 0.453 | 4.904 | 0.929 | 6.324 | 77.6% | 14.7% |
| 73174 | 490 | 0.443 | 5.009 | 0.772 | 6.255 | 80.1% | 12.3% |
| 73184 | 475 | 0.407 | 4.723 | 0.809 | 5.966 | 79.2% | 13.6% |
| 73195 | 465 | 0.389 | 3.508 | 0.838 | 4.768 | 73.6% | 17.6% |
| 73203 | 448 | 0.374 | 3.058 | 0.697 | 4.162 | 73.5% | 16.8% |
| 73215 | 415 | 0.376 | 2.993 | 0.736 | 4.132 | 72.4% | 17.8% |
| 73224 | 396 | 0.544 | 4.548 | 0.623 | 5.740 | 79.2% | 10.9% |
| 73234 | 375 | 0.288 | 2.835 | 0.509 | 3.660 | 77.5% | 13.9% |
| 73243 | 364 | 0.339 | 2.818 | 0.508 | 3.692 | 76.3% | 13.8% |
| 73253 | 335 | 0.323 | 2.836 | 0.486 | 3.668 | 77.3% | 13.3% |
| 73264 | 322 | 0.292 | 6.047 | 0.409 | 6.773 | 89.3% | 6.0% |
| 73275 | 309 | 0.274 | 2.598 | 0.398 | 3.294 | 78.9% | 12.1% |
| 73283 | 311 | 0.289 | 2.748 | 0.461 | 3.522 | 78.0% | 13.1% |
| 73294 | 300 | 0.272 | 2.754 | 0.441 | 3.489 | 78.9% | 12.6% |
| 73302 | 310 | 0.272 | 2.454 | 0.381 | 3.131 | 78.4% | 12.2% |
| 73313 | 305 | 0.282 | 2.656 | 0.409 | 3.368 | 78.9% | 12.1% |
| 73325 | 296 | 0.274 | 2.816 | 0.389 | 3.502 | 80.4% | 11.1% |
| 73333 | 311 | 0.291 | 2.577 | 0.333 | 3.225 | 79.9% | 10.3% |
| 73345 | 302 | 0.308 | 2.539 | 0.379 | 3.272 | 77.6% | 11.6% |
| 73353 | 300 | 0.286 | 2.436 | 0.376 | 3.123 | 78.0% | 12.0% |
| 73361 | 268 | 0.245 | 1.581 | 0.352 | 2.200 | 71.9% | 16.0% |
| 73371 | 263 | 0.287 | 1.988 | 0.360 | 2.657 | 74.8% | 13.6% |
| 73381 | 265 | 0.317 | 1.904 | 0.328 | 2.565 | 74.2% | 12.8% |
| 73391 | 274 | 0.293 | 1.903 | 0.302 | 2.519 | 75.6% | 12.0% |
| 73401 | 282 | 0.259 | 1.823 | 0.337 | 2.439 | 74.7% | 13.8% |
| 73411 | 271 | 0.284 | 1.713 | 0.279 | 2.298 | 74.6% | 12.1% |
| 73421 | 279 | 0.316 | 1.766 | 0.367 | 2.472 | 71.5% | 14.9% |
| 73431 | 293 | 0.254 | 1.596 | 0.387 | 2.259 | 70.6% | 17.1% |
| 73441 | 300 | 0.259 | 1.523 | 0.358 | 2.160 | 70.5% | 16.6% |
| 73451 | 312 | 0.337 | 1.681 | 0.396 | 2.436 | 69.0% | 16.3% |
| 73461 | 329 | 0.303 | 1.732 | 0.466 | 2.525 | 68.6% | 18.5% |
| 73475 | 345 | 0.324 | 1.569 | 0.394 | 2.311 | 67.9% | 17.0% |
| 73485 | 349 | 0.329 | 3.060 | 0.496 | 3.909 | 78.3% | 12.7% |
| 73493 | 357 | 0.295 | 1.704 | 0.425 | 2.446 | 69.7% | 17.4% |
| 73502 | 360 | 0.419 | 2.079 | 0.476 | 3.001 | 69.3% | 15.9% |
| 73513 | 356 | 0.309 | 2.074 | 0.423 | 2.831 | 73.3% | 14.9% |
| 73524 | 348 | 0.319 | 2.885 | 0.519 | 3.746 | 77.0% | 13.9% |
| 73534 | 343 | 0.293 | 2.547 | 0.499 | 3.361 | 75.8% | 14.9% |
| 73544 | 329 | 0.274 | 2.586 | 0.538 | 3.424 | 75.5% | 15.7% |
| 73552 | 324 | 0.278 | 2.589 | 0.450 | 3.342 | 77.5% | 13.5% |
| 73563 | 330 | 0.311 | 2.490 | 0.478 | 3.305 | 75.3% | 14.5% |
| 73574 | 300 | 0.345 | 3.687 | 0.344 | 4.413 | 83.5% | 7.8% |
| 73582 | 291 | 0.280 | 2.555 | 0.396 | 3.254 | 78.5% | 12.2% |
| 73594 | 269 | 0.302 | 2.466 | 0.406 | 3.193 | 77.2% | 12.7% |
| 73603 | 245 | 0.219 | 1.797 | 0.328 | 2.362 | 76.1% | 13.9% |
| 73613 | 236 | 0.237 | 1.480 | 0.254 | 1.989 | 74.4% | 12.7% |
| 73623 | 217 | 0.221 | 1.624 | 0.287 | 2.150 | 75.5% | 13.3% |
| 73633 | 212 | 0.242 | 1.772 | 0.230 | 2.264 | 78.3% | 10.2% |
| 73644 | 186 | 0.194 | 1.598 | 0.190 | 1.996 | 80.1% | 9.5% |
| 73654 | 177 | 0.156 | 1.432 | 0.228 | 1.829 | 78.3% | 12.5% |
| 73664 | 162 | 0.163 | 1.388 | 0.198 | 1.761 | 78.8% | 11.2% |
| 73674 | 156 | 0.171 | 1.650 | 0.152 | 1.985 | 83.1% | 7.7% |
| 73684 | 149 | 0.137 | 1.472 | 0.139 | 1.760 | 83.6% | 7.9% |
| 73694 | 151 | 0.214 | 2.720 | 0.235 | 3.179 | 85.6% | 7.4% |
| 73705 | 155 | 0.267 | 1.562 | 0.168 | 2.008 | 77.8% | 8.3% |
| 73715 | 150 | 0.198 | 1.450 | 0.135 | 1.794 | 80.8% | 7.6% |
| 73725 | 163 | 0.195 | 1.542 | 0.197 | 1.947 | 79.2% | 10.1% |
| 73735 | 164 | 0.142 | 1.547 | 0.153 | 1.854 | 83.5% | 8.3% |
| 73745 | 163 | 0.170 | 2.527 | 0.203 | 2.913 | 86.7% | 7.0% |
| 73755 | 183 | 0.186 | 1.420 | 0.188 | 1.809 | 78.5% | 10.4% |
| 73765 | 208 | 0.223 | 1.548 | 0.317 | 2.105 | 73.6% | 15.0% |
| 73775 | 212 | 0.230 | 1.539 | 0.243 | 2.027 | 75.9% | 12.0% |
| 73785 | 230 | 0.251 | 1.873 | 0.287 | 2.427 | 77.2% | 11.8% |
| 73790 | 242 | 0.257 | 1.849 | 0.319 | 2.442 | 75.7% | 13.1% |
| 73801 | 253 | 0.247 | 1.658 | 0.332 | 2.255 | 73.5% | 14.7% |
| 73811 | 272 | 0.259 | 1.662 | 0.335 | 2.275 | 73.1% | 14.7% |
| 73821 | 289 | 0.283 | 1.675 | 0.397 | 2.377 | 70.4% | 16.7% |
| 73831 | 305 | 0.258 | 1.571 | 0.362 | 2.215 | 71.0% | 16.4% |
| 73841 | 320 | 0.367 | 2.099 | 0.522 | 3.010 | 69.7% | 17.4% |
| 73855 | 332 | 0.322 | 1.580 | 0.410 | 2.335 | 67.7% | 17.6% |
| 73865 | 345 | 0.291 | 1.611 | 0.491 | 2.416 | 66.7% | 20.3% |
| 73874 | 350 | 0.364 | 2.501 | 0.428 | 3.317 | 75.4% | 12.9% |
| 73883 | 372 | 0.346 | 1.753 | 0.549 | 2.670 | 65.7% | 20.6% |
| 73895 | 404 | 0.379 | 2.418 | 0.632 | 3.456 | 70.0% | 18.3% |
| 73905 | 428 | 0.423 | 2.998 | 0.753 | 4.203 | 71.3% | 17.9% |
| 73913 | 446 | 0.410 | 5.546 | 1.026 | 7.010 | 79.1% | 14.6% |
| 73924 | 447 | 0.469 | 3.170 | 0.891 | 4.561 | 69.5% | 19.5% |
| 73933 | 459 | 0.517 | 3.725 | 0.819 | 5.091 | 73.2% | 16.1% |
| 73943 | 460 | 0.514 | 3.029 | 0.711 | 4.283 | 70.7% | 16.6% |
| 73953 | 467 | 0.426 | 3.342 | 0.810 | 4.606 | 72.6% | 17.6% |
| 73963 | 469 | 0.506 | 4.986 | 0.655 | 6.178 | 80.7% | 10.6% |
| 73974 | 445 | 0.547 | 4.106 | 0.780 | 5.459 | 75.2% | 14.3% |
| 73984 | 450 | 0.399 | 3.438 | 0.767 | 4.635 | 74.2% | 16.5% |
| 73993 | 446 | 0.474 | 4.233 | 0.739 | 5.479 | 77.3% | 13.5% |
| 74004 | 454 | 0.392 | 6.275 | 0.608 | 7.302 | 85.9% | 8.3% |
| 74014 | 461 | 0.382 | 3.409 | 0.760 | 4.584 | 74.4% | 16.6% |
| 74025 | 458 | 0.430 | 2.763 | 0.732 | 3.957 | 69.8% | 18.5% |
| 74033 | 462 | 0.472 | 3.461 | 0.764 | 4.728 | 73.2% | 16.2% |
| 74044 | 445 | 0.462 | 3.001 | 0.589 | 4.084 | 73.5% | 14.4% |
| 74053 | 445 | 0.419 | 3.077 | 0.692 | 4.220 | 72.9% | 16.4% |
| 74064 | 445 | 0.375 | 3.702 | 0.664 | 4.768 | 77.6% | 13.9% |
| 74075 | 438 | 0.371 | 3.284 | 0.700 | 4.386 | 74.9% | 15.9% |
| 74083 | 441 | 0.419 | 4.763 | 0.717 | 5.929 | 80.3% | 12.1% |
| 74094 | 446 | 0.405 | 3.322 | 0.616 | 4.370 | 76.0% | 14.1% |
| 74103 | 441 | 0.419 | 4.741 | 0.678 | 5.868 | 80.8% | 11.5% |
| 74114 | 442 | 0.417 | 2.849 | 0.772 | 4.065 | 70.1% | 19.0% |
| 74124 | 449 | 0.462 | 4.598 | 0.920 | 6.023 | 76.3% | 15.3% |
| 74135 | 426 | 0.453 | 3.130 | 0.815 | 4.430 | 70.7% | 18.4% |
| 74143 | 416 | 0.422 | 3.529 | 0.680 | 4.662 | 75.7% | 14.6% |
| 74154 | 423 | 0.388 | 4.990 | 0.637 | 6.045 | 82.5% | 10.5% |
| 74163 | 423 | 0.418 | 4.184 | 0.666 | 5.299 | 79.0% | 12.6% |
| 74174 | 412 | 0.376 | 2.935 | 0.642 | 3.980 | 73.7% | 16.1% |
| 74183 | 404 | 0.314 | 3.045 | 0.623 | 4.012 | 75.9% | 15.5% |
| 74194 | 377 | 0.339 | 4.630 | 0.674 | 5.673 | 81.6% | 11.9% |
| 74203 | 379 | 0.362 | 3.436 | 0.613 | 4.439 | 77.4% | 13.8% |
| 74215 | 372 | 0.319 | 2.961 | 0.539 | 3.851 | 76.9% | 14.0% |
| 74225 | 364 | 0.341 | 3.732 | 0.538 | 4.636 | 80.5% | 11.6% |
| 74234 | 350 | 0.295 | 2.764 | 0.518 | 3.602 | 76.7% | 14.4% |
| 74245 | 349 | 0.310 | 2.805 | 0.558 | 3.706 | 75.7% | 15.0% |
| 74255 | 338 | 0.311 | 4.278 | 0.593 | 5.203 | 82.2% | 11.4% |
| 74262 | 349 | 0.299 | 2.482 | 0.520 | 3.323 | 74.7% | 15.6% |
| 74272 | 346 | 0.342 | 3.771 | 0.536 | 4.676 | 80.6% | 11.5% |
| 74283 | 342 | 0.303 | 2.559 | 0.521 | 3.411 | 75.0% | 15.3% |
| 74293 | 327 | 0.272 | 2.525 | 0.442 | 3.264 | 77.3% | 13.5% |
| 74304 | 312 | 0.268 | 2.691 | 0.539 | 3.523 | 76.4% | 15.3% |
| 74312 | 319 | 0.250 | 2.347 | 0.432 | 3.055 | 76.8% | 14.1% |
| 74323 | 310 | 0.303 | 2.614 | 0.615 | 3.551 | 73.6% | 17.3% |
| 74334 | 289 | 0.240 | 2.390 | 0.395 | 3.048 | 78.4% | 13.0% |
| 74342 | 281 | 0.266 | 2.165 | 0.398 | 2.851 | 75.9% | 13.9% |
| 74354 | 286 | 0.259 | 5.089 | 0.326 | 5.695 | 89.4% | 5.7% |
| 74363 | 265 | 0.252 | 3.925 | 0.369 | 4.566 | 86.0% | 8.1% |
| 74372 | 261 | 0.255 | 4.016 | 0.362 | 4.656 | 86.3% | 7.8% |
| 74385 | 258 | 0.208 | 1.807 | 0.288 | 2.321 | 77.8% | 12.4% |
| 74390 | 248 | 0.196 | 1.483 | 0.257 | 1.955 | 75.9% | 13.1% |
| 74400 | 240 | 0.257 | 2.123 | 0.301 | 2.702 | 78.6% | 11.1% |
| 74411 | 234 | 0.215 | 1.689 | 0.292 | 2.218 | 76.2% | 13.2% |
| 74421 | 223 | 0.215 | 1.629 | 0.264 | 2.127 | 76.6% | 12.4% |
| 74431 | 225 | 0.199 | 1.490 | 0.290 | 1.998 | 74.6% | 14.5% |
| 74441 | 220 | 0.211 | 1.845 | 0.266 | 2.342 | 78.8% | 11.3% |
| 74451 | 220 | 0.201 | 1.551 | 0.276 | 2.047 | 75.8% | 13.5% |
| 74461 | 232 | 0.276 | 2.155 | 0.289 | 2.739 | 78.7% | 10.5% |
| 74471 | 232 | 0.216 | 1.552 | 0.373 | 2.161 | 71.8% | 17.3% |
| 74481 | 231 | 0.247 | 1.548 | 0.374 | 2.188 | 70.7% | 17.1% |
| 74492 | 232 | 0.208 | 1.567 | 0.267 | 2.059 | 76.1% | 13.0% |
| 74502 | 248 | 0.356 | 2.079 | 0.274 | 2.729 | 76.2% | 10.0% |
| 74512 | 247 | 0.194 | 1.629 | 0.268 | 2.109 | 77.2% | 12.7% |
| 74522 | 255 | 0.325 | 1.945 | 0.416 | 2.705 | 71.9% | 15.4% |
| 74532 | 251 | 0.220 | 1.584 | 0.257 | 2.083 | 76.0% | 12.4% |
| 74542 | 245 | 0.223 | 1.528 | 0.305 | 2.073 | 73.7% | 14.7% |
| 74553 | 239 | 0.266 | 1.652 | 0.291 | 2.228 | 74.1% | 13.0% |
| 74563 | 248 | 0.186 | 1.850 | 0.324 | 2.379 | 77.8% | 13.6% |
| 74573 | 254 | 0.220 | 1.613 | 0.286 | 2.139 | 75.4% | 13.3% |
| 74583 | 261 | 0.240 | 1.613 | 0.341 | 2.216 | 72.8% | 15.4% |
| 74593 | 268 | 0.216 | 1.586 | 0.279 | 2.100 | 75.5% | 13.3% |
| 74603 | 273 | 0.297 | 1.703 | 0.392 | 2.414 | 70.6% | 16.2% |
| 74613 | 281 | 0.260 | 1.586 | 0.352 | 2.219 | 71.5% | 15.8% |
| 74623 | 293 | 0.321 | 1.532 | 0.410 | 2.278 | 67.3% | 18.0% |
| 74633 | 313 | 0.284 | 1.648 | 0.437 | 2.393 | 68.9% | 18.3% |
| 74643 | 331 | 0.304 | 1.641 | 0.372 | 2.340 | 70.1% | 15.9% |
| 74653 | 337 | 0.325 | 1.945 | 0.474 | 2.764 | 70.4% | 17.1% |
| 74662 | 337 | 0.363 | 4.554 | 0.501 | 5.438 | 83.7% | 9.2% |
| 74671 | 337 | 0.353 | 1.736 | 0.467 | 2.588 | 67.1% | 18.0% |
| 74685 | 343 | 0.329 | 1.922 | 0.486 | 2.763 | 69.6% | 17.6% |
| 74694 | 354 | 0.298 | 1.727 | 0.509 | 2.558 | 67.5% | 19.9% |
| 74703 | 365 | 0.307 | 1.690 | 0.537 | 2.558 | 66.1% | 21.0% |
| 74715 | 381 | 0.364 | 1.835 | 0.574 | 2.795 | 65.7% | 20.6% |
| 74723 | 381 | 0.339 | 2.183 | 0.582 | 3.127 | 69.8% | 18.6% |
| 74733 | 382 | 0.334 | 2.865 | 0.560 | 3.786 | 75.7% | 14.8% |
| 74745 | 398 | 0.355 | 2.824 | 0.689 | 3.892 | 72.6% | 17.7% |
| 74754 | 408 | 0.393 | 3.911 | 0.603 | 4.934 | 79.3% | 12.2% |
| 74763 | 430 | 0.385 | 2.663 | 0.616 | 3.693 | 72.1% | 16.7% |
| 74775 | 419 | 0.389 | 2.745 | 0.526 | 3.688 | 74.4% | 14.3% |
| 74784 | 423 | 0.378 | 2.713 | 0.531 | 3.651 | 74.3% | 14.5% |
| 74793 | 398 | 0.338 | 3.456 | 0.641 | 4.464 | 77.4% | 14.4% |
| 74805 | 389 | 0.330 | 2.959 | 0.591 | 3.907 | 75.7% | 15.1% |
| 74814 | 402 | 0.437 | 5.451 | 0.509 | 6.424 | 84.8% | 7.9% |
| 74823 | 409 | 0.353 | 3.397 | 0.669 | 4.448 | 76.4% | 15.0% |
| 74835 | 400 | 0.331 | 2.950 | 0.588 | 3.897 | 75.7% | 15.1% |
| 74844 | 405 | 0.434 | 2.983 | 0.704 | 4.147 | 71.9% | 17.0% |
| 74853 | 431 | 0.370 | 4.267 | 0.831 | 5.497 | 77.6% | 15.1% |
| 74864 | 448 | 0.486 | 3.368 | 0.738 | 4.618 | 72.9% | 16.0% |
| 74875 | 435 | 0.448 | 4.274 | 0.663 | 5.415 | 78.9% | 12.2% |
| 74884 | 437 | 0.394 | 3.068 | 0.761 | 4.251 | 72.2% | 17.9% |
| 74895 | 447 | 0.389 | 2.964 | 0.573 | 3.959 | 74.9% | 14.5% |
| 74903 | 432 | 0.398 | 3.131 | 0.777 | 4.333 | 72.2% | 17.9% |
| 74915 | 426 | 0.359 | 2.810 | 0.709 | 3.905 | 72.0% | 18.1% |
| 74924 | 417 | 0.373 | 2.734 | 0.646 | 3.782 | 72.3% | 17.1% |
| 74933 | 424 | 0.436 | 3.332 | 0.686 | 4.485 | 74.3% | 15.3% |
| 74944 | 434 | 0.451 | 6.405 | 0.682 | 7.568 | 84.6% | 9.0% |
| 74955 | 454 | 0.392 | 3.191 | 0.844 | 4.456 | 71.6% | 18.9% |
| 74963 | 464 | 0.415 | 3.614 | 0.786 | 4.845 | 74.6% | 16.2% |
| 74974 | 466 | 0.488 | 6.937 | 0.642 | 8.104 | 85.6% | 7.9% |
| 74984 | 464 | 0.413 | 2.929 | 0.765 | 4.137 | 70.8% | 18.5% |
| 74993 | 452 | 0.410 | 4.365 | 0.784 | 5.590 | 78.1% | 14.0% |
| 75004 | 440 | 0.388 | 3.004 | 0.674 | 4.099 | 73.3% | 16.5% |
| 75015 | 420 | 0.445 | 2.998 | 0.601 | 4.074 | 73.6% | 14.7% |
| 75024 | 384 | 0.363 | 2.917 | 0.566 | 3.873 | 75.3% | 14.6% |
| 75033 | 374 | 0.409 | 2.912 | 0.575 | 3.923 | 74.2% | 14.7% |
| 75043 | 349 | 0.307 | 2.807 | 0.647 | 3.791 | 74.0% | 17.1% |
| 75053 | 344 | 0.293 | 2.835 | 0.467 | 3.621 | 78.3% | 12.9% |
| 75064 | 326 | 0.315 | 3.967 | 0.488 | 4.802 | 82.6% | 10.2% |
| 75075 | 314 | 0.288 | 2.523 | 0.357 | 3.188 | 79.1% | 11.2% |
| 75082 | 307 | 0.274 | 5.309 | 0.566 | 6.173 | 86.0% | 9.2% |
| 75094 | 298 | 0.270 | 2.221 | 0.408 | 2.922 | 76.0% | 14.0% |
| 75102 | 287 | 0.252 | 1.772 | 0.372 | 2.418 | 73.3% | 15.4% |
| 75111 | 290 | 0.254 | 1.537 | 0.337 | 2.151 | 71.5% | 15.7% |
| 75121 | 288 | 0.236 | 1.506 | 0.304 | 2.067 | 72.8% | 14.7% |
| 75131 | 282 | 0.284 | 1.657 | 0.364 | 2.325 | 71.3% | 15.7% |
| 75141 | 277 | 0.450 | 2.214 | 0.311 | 3.010 | 73.6% | 10.3% |
| 75151 | 270 | 0.271 | 2.084 | 0.398 | 2.773 | 75.2% | 14.3% |
| 75161 | 260 | 0.228 | 1.590 | 0.322 | 2.159 | 73.6% | 14.9% |
| 75172 | 270 | 0.244 | 1.535 | 0.374 | 2.170 | 70.7% | 17.3% |
| 75182 | 259 | 0.271 | 1.766 | 0.327 | 2.384 | 74.1% | 13.7% |
| 75192 | 253 | 0.257 | 1.746 | 0.337 | 2.360 | 74.0% | 14.3% |
| 75203 | 242 | 0.219 | 1.555 | 0.308 | 2.100 | 74.1% | 14.7% |
| 75213 | 238 | 0.225 | 1.693 | 0.256 | 2.190 | 77.3% | 11.7% |
| 75223 | 224 | 0.197 | 1.516 | 0.277 | 2.007 | 75.5% | 13.8% |
| 75233 | 215 | 0.228 | 1.689 | 0.218 | 2.149 | 78.6% | 10.1% |
| 75243 | 228 | 0.269 | 1.689 | 0.363 | 2.335 | 72.3% | 15.5% |
| 75253 | 227 | 0.229 | 1.526 | 0.293 | 2.063 | 74.0% | 14.2% |
| 75263 | 237 | 0.243 | 2.878 | 0.269 | 3.405 | 84.5% | 7.9% |
| 75274 | 246 | 0.220 | 1.647 | 0.271 | 2.155 | 76.4% | 12.6% |
| 75284 | 247 | 0.233 | 1.701 | 0.356 | 2.305 | 73.8% | 15.4% |
| 75294 | 249 | 0.272 | 2.034 | 0.340 | 2.662 | 76.4% | 12.8% |
| 75304 | 252 | 0.213 | 1.682 | 0.278 | 2.190 | 76.8% | 12.7% |
| 75314 | 253 | 0.225 | 1.677 | 0.381 | 2.300 | 72.9% | 16.5% |
| 75325 | 251 | 0.213 | 1.501 | 0.260 | 1.990 | 75.4% | 13.0% |
| 75335 | 249 | 0.240 | 1.719 | 0.347 | 2.324 | 74.0% | 14.9% |
| 75345 | 240 | 0.222 | 1.834 | 0.271 | 2.346 | 78.2% | 11.6% |
| 75355 | 230 | 0.217 | 1.562 | 0.243 | 2.037 | 76.7% | 11.9% |
| 75365 | 269 | 0.236 | 1.623 | 0.375 | 2.255 | 72.0% | 16.6% |
| 75370 | 270 | 0.267 | 1.729 | 0.298 | 2.312 | 74.8% | 12.9% |
| 75381 | 274 | 0.239 | 1.605 | 0.314 | 2.179 | 73.7% | 14.4% |
| 75391 | 288 | 0.269 | 1.745 | 0.546 | 2.579 | 67.7% | 21.2% |
| 75401 | 299 | 0.303 | 2.046 | 0.377 | 2.744 | 74.5% | 13.8% |
| 75415 | 314 | 0.319 | 1.691 | 0.436 | 2.467 | 68.5% | 17.7% |
| 75425 | 330 | 0.417 | 4.428 | 0.408 | 5.272 | 84.0% | 7.7% |
| 75435 | 343 | 0.302 | 1.686 | 0.387 | 2.399 | 70.3% | 16.1% |
| 75444 | 357 | 0.310 | 1.646 | 0.409 | 2.390 | 68.9% | 17.1% |
| 75452 | 373 | 0.278 | 1.779 | 0.447 | 2.532 | 70.3% | 17.7% |
| 75464 | 395 | 0.339 | 2.161 | 0.532 | 3.058 | 70.7% | 17.4% |
| 75474 | 396 | 0.365 | 4.268 | 0.732 | 5.394 | 79.1% | 13.6% |
| 75484 | 407 | 0.341 | 3.041 | 0.571 | 3.981 | 76.4% | 14.3% |
| 75492 | 415 | 0.349 | 4.572 | 0.660 | 5.610 | 81.5% | 11.8% |
| 75504 | 433 | 0.429 | 3.404 | 0.703 | 4.561 | 74.6% | 15.4% |
| 75513 | 424 | 0.407 | 2.843 | 0.678 | 3.954 | 71.9% | 17.1% |
| 75525 | 432 | 0.420 | 4.649 | 0.691 | 5.785 | 80.4% | 11.9% |
| 75534 | 422 | 0.474 | 4.868 | 0.752 | 6.122 | 79.5% | 12.3% |
| 75545 | 441 | 0.396 | 3.105 | 0.705 | 4.234 | 73.3% | 16.6% |
| 75554 | 431 | 0.499 | 4.837 | 0.630 | 6.011 | 80.5% | 10.5% |
| 75563 | 430 | 0.413 | 5.291 | 0.944 | 6.676 | 79.2% | 14.1% |
| 75574 | 451 | 0.362 | 2.993 | 0.764 | 4.150 | 72.1% | 18.4% |
| 75583 | 446 | 0.425 | 3.069 | 0.701 | 4.225 | 72.6% | 16.6% |
| 75594 | 448 | 0.406 | 2.857 | 0.805 | 4.099 | 69.7% | 19.6% |
| 75605 | 461 | 0.578 | 3.276 | 0.711 | 4.595 | 71.3% | 15.5% |
| 75613 | 457 | 0.364 | 3.475 | 0.715 | 4.582 | 75.8% | 15.6% |
| 75624 | 460 | 0.433 | 4.475 | 0.833 | 5.772 | 77.5% | 14.4% |
| 75635 | 425 | 0.369 | 3.537 | 0.785 | 4.717 | 75.0% | 16.6% |
| 75644 | 409 | 0.409 | 3.054 | 0.734 | 4.233 | 72.2% | 17.3% |
| 75653 | 396 | 0.330 | 2.788 | 0.545 | 3.691 | 75.5% | 14.8% |
| 75663 | 397 | 0.297 | 2.933 | 0.593 | 3.848 | 76.2% | 15.4% |
| 75675 | 385 | 0.335 | 2.988 | 0.463 | 3.812 | 78.4% | 12.1% |
| 75684 | 362 | 0.292 | 5.455 | 0.546 | 6.320 | 86.3% | 8.6% |
| 75695 | 356 | 0.296 | 2.604 | 0.519 | 3.444 | 75.6% | 15.1% |
| 75705 | 348 | 0.350 | 2.478 | 0.519 | 3.372 | 73.5% | 15.4% |
| 75712 | 345 | 0.302 | 2.488 | 0.529 | 3.344 | 74.4% | 15.8% |
| 75723 | 316 | 0.277 | 2.576 | 0.425 | 3.301 | 78.0% | 12.9% |
| 75734 | 291 | 0.239 | 2.403 | 0.393 | 3.054 | 78.7% | 12.9% |
| 75742 | 276 | 0.292 | 2.141 | 0.414 | 2.867 | 74.7% | 14.5% |
| 75755 | 263 | 0.257 | 2.351 | 0.422 | 3.049 | 77.1% | 13.9% |
| 75763 | 257 | 0.228 | 2.027 | 0.331 | 2.606 | 77.8% | 12.7% |
| 75773 | 240 | 0.222 | 1.522 | 0.346 | 2.109 | 72.2% | 16.4% |
| 75783 | 239 | 0.235 | 1.541 | 0.244 | 2.037 | 75.7% | 12.0% |
| 75793 | 243 | 0.247 | 1.920 | 0.249 | 2.435 | 78.8% | 10.2% |
| 75803 | 239 | 0.208 | 1.858 | 0.308 | 2.390 | 77.7% | 12.9% |
| 75814 | 242 | 0.198 | 2.442 | 0.334 | 2.990 | 81.7% | 11.2% |
| 75824 | 253 | 0.212 | 1.548 | 0.257 | 2.033 | 76.1% | 12.6% |
| 75834 | 271 | 0.286 | 2.080 | 0.420 | 2.838 | 73.3% | 14.8% |
| 75844 | 272 | 0.249 | 1.613 | 0.360 | 2.240 | 72.0% | 16.1% |
| 75854 | 283 | 0.229 | 1.606 | 0.329 | 2.182 | 73.6% | 15.1% |
| 75864 | 287 | 0.237 | 1.527 | 0.304 | 2.089 | 73.1% | 14.5% |
| 75875 | 272 | 0.269 | 1.592 | 0.291 | 2.172 | 73.3% | 13.4% |
| 75885 | 296 | 0.332 | 3.190 | 0.381 | 3.924 | 81.3% | 9.7% |
| 75895 | 290 | 0.284 | 1.676 | 0.505 | 2.486 | 67.4% | 20.3% |
| 75905 | 287 | 0.279 | 1.912 | 0.363 | 2.575 | 74.3% | 14.1% |
| 75914 | 301 | 0.322 | 1.850 | 0.417 | 2.609 | 70.9% | 16.0% |
| 75924 | 308 | 0.308 | 1.667 | 0.494 | 2.491 | 66.9% | 19.8% |
| 75934 | 305 | 0.294 | 1.731 | 0.344 | 2.388 | 72.5% | 14.4% |
| 75944 | 300 | 0.314 | 1.899 | 0.426 | 2.657 | 71.5% | 16.0% |
| 75954 | 307 | 0.270 | 1.776 | 0.484 | 2.550 | 69.6% | 19.0% |
| 75964 | 314 | 0.299 | 1.685 | 0.424 | 2.429 | 69.4% | 17.5% |
| 75973 | 315 | 0.286 | 1.615 | 0.353 | 2.278 | 70.9% | 15.5% |
| 75983 | 318 | 0.298 | 1.548 | 0.411 | 2.278 | 68.0% | 18.0% |
| 75993 | 312 | 0.299 | 1.669 | 0.356 | 2.348 | 71.1% | 15.2% |
| 76003 | 316 | 0.295 | 1.649 | 0.410 | 2.373 | 69.5% | 17.3% |
| 76013 | 325 | 0.295 | 1.976 | 0.450 | 2.744 | 72.0% | 16.4% |
| 76023 | 330 | 0.322 | 1.851 | 0.534 | 2.729 | 67.8% | 19.6% |
| 76032 | 340 | 0.291 | 1.685 | 0.395 | 2.395 | 70.3% | 16.5% |
| 76042 | 345 | 0.340 | 1.636 | 0.540 | 2.540 | 64.4% | 21.3% |
| 76055 | 363 | 0.323 | 1.689 | 0.546 | 2.584 | 65.4% | 21.1% |
| 76063 | 379 | 0.558 | 1.871 | 0.636 | 3.092 | 60.5% | 20.6% |
| 76074 | 387 | 0.307 | 2.395 | 0.627 | 3.354 | 71.4% | 18.7% |
| 76083 | 395 | 0.365 | 3.066 | 0.550 | 4.011 | 76.5% | 13.7% |
| 76093 | 395 | 0.342 | 6.476 | 0.512 | 7.359 | 88.0% | 7.0% |
| 76102 | 400 | 0.407 | 2.968 | 0.588 | 3.993 | 74.3% | 14.7% |
| 76114 | 392 | 0.334 | 2.817 | 0.579 | 3.759 | 74.9% | 15.4% |
| 76124 | 388 | 0.325 | 2.789 | 0.681 | 3.820 | 73.0% | 17.8% |
| 76133 | 397 | 0.313 | 2.918 | 0.566 | 3.826 | 76.3% | 14.8% |
| 76142 | 389 | 0.367 | 3.878 | 0.586 | 4.857 | 79.8% | 12.1% |
| 76155 | 392 | 0.391 | 5.535 | 0.528 | 6.475 | 85.5% | 8.2% |
| 76164 | 402 | 0.385 | 3.065 | 0.599 | 4.077 | 75.2% | 14.7% |
| 76173 | 421 | 0.367 | 3.854 | 0.674 | 4.921 | 78.3% | 13.7% |
| 76185 | 417 | 0.367 | 5.155 | 0.624 | 6.176 | 83.5% | 10.1% |
| 76193 | 403 | 0.351 | 3.043 | 0.640 | 4.063 | 74.9% | 15.8% |
| 76203 | 402 | 0.369 | 2.772 | 0.815 | 3.984 | 69.6% | 20.4% |
| 76215 | 395 | 0.367 | 3.164 | 0.642 | 4.199 | 75.4% | 15.3% |
| 76224 | 377 | 0.365 | 2.703 | 0.602 | 3.696 | 73.1% | 16.3% |
| 76233 | 368 | 0.343 | 3.072 | 0.644 | 4.086 | 75.2% | 15.8% |
| 76243 | 364 | 0.568 | 3.278 | 0.544 | 4.410 | 74.3% | 12.3% |
| 76253 | 367 | 0.375 | 2.515 | 0.535 | 3.453 | 72.9% | 15.5% |
| 76263 | 337 | 0.347 | 2.722 | 0.520 | 3.611 | 75.4% | 14.4% |
| 76273 | 320 | 0.298 | 3.626 | 0.435 | 4.382 | 82.7% | 9.9% |
| 76284 | 312 | 0.258 | 2.014 | 0.473 | 2.769 | 72.7% | 17.1% |
| 76292 | 304 | 0.256 | 2.447 | 0.411 | 3.138 | 78.0% | 13.1% |
| 76303 | 297 | 0.273 | 2.270 | 0.442 | 3.008 | 75.5% | 14.7% |
| 76315 | 283 | 0.260 | 3.226 | 0.355 | 3.863 | 83.5% | 9.2% |
| 76323 | 302 | 0.269 | 1.824 | 0.424 | 2.538 | 71.9% | 16.7% |
| 76333 | 287 | 0.287 | 1.758 | 0.384 | 2.448 | 71.8% | 15.7% |
| 76343 | 293 | 0.255 | 1.758 | 0.493 | 2.527 | 69.6% | 19.5% |
| 76353 | 298 | 0.285 | 1.640 | 0.318 | 2.265 | 72.4% | 14.0% |
| 76363 | 317 | 0.300 | 1.686 | 0.456 | 2.466 | 68.4% | 18.5% |
| 76372 | 320 | 0.321 | 1.667 | 0.352 | 2.363 | 70.5% | 14.9% |
| 76382 | 339 | 0.285 | 1.823 | 0.513 | 2.647 | 68.9% | 19.4% |
| 76392 | 348 | 0.309 | 1.588 | 0.478 | 2.401 | 66.1% | 19.9% |
| 76401 | 349 | 0.248 | 1.647 | 0.407 | 2.324 | 70.9% | 17.5% |
| 76415 | 343 | 0.304 | 2.026 | 0.499 | 2.854 | 71.0% | 17.5% |
| 76424 | 327 | 0.262 | 1.665 | 0.387 | 2.339 | 71.2% | 16.6% |
| 76432 | 355 | 0.362 | 1.978 | 0.435 | 2.805 | 70.5% | 15.5% |
| 76445 | 352 | 0.324 | 2.037 | 0.498 | 2.882 | 70.7% | 17.3% |
| 76453 | 361 | 0.335 | 2.894 | 0.526 | 3.779 | 76.6% | 13.9% |
| 76462 | 378 | 0.332 | 1.873 | 0.543 | 2.779 | 67.4% | 19.5% |
| 76473 | 384 | 0.315 | 2.627 | 0.529 | 3.495 | 75.2% | 15.1% |
| 76483 | 400 | 0.339 | 5.338 | 0.569 | 6.292 | 84.8% | 9.0% |
| 76493 | 400 | 0.352 | 3.912 | 0.540 | 4.834 | 80.9% | 11.2% |
| 76505 | 413 | 0.409 | 3.562 | 0.603 | 4.601 | 77.4% | 13.1% |
| 76514 | 412 | 0.357 | 3.131 | 0.583 | 4.101 | 76.3% | 14.2% |
| 76523 | 412 | 0.367 | 3.225 | 0.613 | 4.236 | 76.1% | 14.5% |
| 76534 | 405 | 0.318 | 2.876 | 0.580 | 3.801 | 75.7% | 15.3% |
| 76544 | 412 | 0.357 | 4.002 | 0.633 | 5.021 | 79.7% | 12.6% |
| 76552 | 416 | 0.431 | 3.205 | 0.604 | 4.267 | 75.1% | 14.1% |
| 76564 | 411 | 0.360 | 3.219 | 0.609 | 4.213 | 76.4% | 14.4% |
| 76573 | 395 | 0.344 | 2.659 | 0.603 | 3.632 | 73.2% | 16.6% |
| 76583 | 390 | 0.374 | 4.077 | 0.681 | 5.159 | 79.0% | 13.2% |
| 76595 | 363 | 0.333 | 2.878 | 0.518 | 3.756 | 76.6% | 13.8% |
| 76605 | 346 | 0.297 | 2.697 | 0.488 | 3.505 | 77.0% | 13.9% |
| 76615 | 344 | 0.313 | 4.793 | 0.434 | 5.564 | 86.1% | 7.8% |
| 76622 | 341 | 0.399 | 3.382 | 0.620 | 4.426 | 76.4% | 14.0% |
| 76633 | 330 | 0.329 | 5.730 | 0.470 | 6.555 | 87.4% | 7.2% |
| 76644 | 350 | 0.339 | 3.887 | 0.412 | 4.665 | 83.3% | 8.8% |
| 76654 | 357 | 0.362 | 2.448 | 0.560 | 3.419 | 71.6% | 16.4% |
| 76664 | 337 | 0.308 | 2.510 | 0.486 | 3.330 | 75.4% | 14.6% |
| 76675 | 333 | 0.313 | 2.400 | 0.618 | 3.355 | 71.5% | 18.4% |
| 76682 | 328 | 0.300 | 2.723 | 0.450 | 3.498 | 77.9% | 12.9% |
| 76693 | 316 | 0.304 | 2.229 | 0.442 | 2.999 | 74.3% | 14.7% |
| 76704 | 298 | 0.264 | 2.318 | 0.420 | 3.024 | 76.6% | 13.9% |
| 76712 | 271 | 0.302 | 2.276 | 0.329 | 2.924 | 77.8% | 11.3% |
| 76725 | 268 | 0.242 | 2.279 | 0.398 | 2.941 | 77.5% | 13.5% |
| 76735 | 265 | 0.220 | 1.587 | 0.293 | 2.122 | 74.8% | 13.8% |
| 76745 | 260 | 0.226 | 1.514 | 0.351 | 2.110 | 71.7% | 16.7% |
| 76755 | 256 | 0.238 | 2.041 | 0.332 | 2.631 | 77.6% | 12.6% |
| 76765 | 254 | 0.252 | 1.690 | 0.326 | 2.288 | 73.8% | 14.3% |
| 76770 | 251 | 0.208 | 1.523 | 0.271 | 2.022 | 75.4% | 13.4% |
| 76781 | 253 | 0.224 | 1.741 | 0.316 | 2.302 | 75.7% | 13.7% |
| 76791 | 253 | 0.420 | 1.605 | 0.516 | 2.560 | 62.7% | 20.2% |
| 76801 | 246 | 0.237 | 1.484 | 0.328 | 2.068 | 71.8% | 15.8% |
| 76811 | 234 | 0.245 | 1.801 | 0.266 | 2.330 | 77.3% | 11.4% |
| 76821 | 243 | 0.328 | 1.781 | 0.267 | 2.391 | 74.5% | 11.2% |
| 76831 | 241 | 0.264 | 1.794 | 0.328 | 2.404 | 74.6% | 13.6% |
| 76842 | 233 | 0.232 | 1.572 | 0.267 | 2.089 | 75.2% | 12.8% |
| 76852 | 245 | 0.265 | 3.013 | 0.451 | 3.748 | 80.4% | 12.0% |
| 76862 | 251 | 0.282 | 3.486 | 0.343 | 4.130 | 84.4% | 8.3% |
| 76872 | 253 | 0.282 | 1.682 | 0.440 | 2.424 | 69.4% | 18.1% |
| 76882 | 253 | 0.280 | 1.646 | 0.407 | 2.352 | 70.0% | 17.3% |
| 76893 | 279 | 0.258 | 1.756 | 0.324 | 2.360 | 74.4% | 13.7% |
| 76903 | 292 | 0.309 | 2.131 | 0.337 | 2.798 | 76.2% | 12.1% |
| 76913 | 310 | 0.293 | 1.593 | 0.365 | 2.268 | 70.2% | 16.1% |
| 76923 | 327 | 0.313 | 1.604 | 0.372 | 2.314 | 69.3% | 16.1% |
| 76932 | 353 | 0.353 | 1.816 | 0.638 | 2.832 | 64.1% | 22.5% |
| 76941 | 376 | 0.377 | 2.142 | 0.559 | 3.099 | 69.1% | 18.0% |
| 76954 | 387 | 0.419 | 2.627 | 0.625 | 3.699 | 71.0% | 16.9% |
| 76965 | 374 | 0.358 | 2.168 | 0.477 | 3.027 | 71.6% | 15.8% |
| 76975 | 387 | 0.375 | 3.030 | 0.586 | 4.014 | 75.5% | 14.6% |
| 76984 | 387 | 0.381 | 3.913 | 0.584 | 4.902 | 79.8% | 11.9% |
| 76993 | 403 | 0.423 | 5.503 | 0.619 | 6.567 | 83.8% | 9.4% |
| 77002 | 417 | 0.361 | 3.285 | 0.637 | 4.310 | 76.2% | 14.8% |
| 77014 | 421 | 0.385 | 2.996 | 0.593 | 4.004 | 74.8% | 14.8% |
| 77023 | 416 | 0.370 | 4.368 | 0.647 | 5.413 | 80.7% | 11.9% |
| 77035 | 432 | 0.428 | 2.973 | 0.647 | 4.078 | 72.9% | 15.9% |
| 77044 | 417 | 0.386 | 3.079 | 0.734 | 4.225 | 72.9% | 17.4% |
| 77053 | 417 | 0.387 | 3.859 | 0.688 | 4.964 | 77.8% | 13.9% |
| 77065 | 421 | 0.391 | 3.067 | 0.627 | 4.117 | 74.5% | 15.2% |
| 77074 | 427 | 0.383 | 3.245 | 0.729 | 4.387 | 74.0% | 16.6% |
| 77085 | 428 | 0.363 | 3.549 | 0.642 | 4.581 | 77.5% | 14.0% |
| 77094 | 428 | 0.416 | 3.389 | 0.684 | 4.518 | 75.0% | 15.1% |
| 77103 | 438 | 0.442 | 4.723 | 0.709 | 5.905 | 80.0% | 12.0% |
| 77114 | 440 | 0.378 | 2.926 | 0.555 | 3.890 | 75.2% | 14.3% |
| 77123 | 451 | 0.397 | 2.817 | 0.723 | 3.968 | 71.0% | 18.2% |
| 77134 | 435 | 0.395 | 3.019 | 0.554 | 4.000 | 75.5% | 13.9% |
| 77143 | 444 | 0.465 | 4.864 | 0.644 | 6.005 | 81.0% | 10.7% |
| 77153 | 437 | 0.417 | 3.284 | 0.674 | 4.404 | 74.6% | 15.3% |
| 77165 | 434 | 0.483 | 2.792 | 0.739 | 4.039 | 69.1% | 18.3% |
| 77174 | 417 | 0.421 | 3.848 | 0.661 | 4.956 | 77.6% | 13.3% |
| 77183 | 390 | 0.355 | 3.059 | 0.589 | 4.031 | 75.9% | 14.6% |
| 77195 | 375 | 0.321 | 2.522 | 0.541 | 3.408 | 74.0% | 15.9% |
| 77205 | 365 | 0.360 | 2.617 | 0.541 | 3.540 | 73.9% | 15.3% |
| 77214 | 353 | 0.319 | 6.017 | 0.573 | 6.934 | 86.8% | 8.3% |
| 77224 | 336 | 0.402 | 4.911 | 0.491 | 5.827 | 84.3% | 8.4% |
| 77235 | 326 | 0.284 | 2.580 | 0.513 | 3.400 | 75.9% | 15.1% |
| 77242 | 315 | 0.273 | 2.562 | 0.428 | 3.287 | 78.0% | 13.0% |
| 77253 | 297 | 0.263 | 2.887 | 0.432 | 3.603 | 80.1% | 12.0% |
| 77265 | 298 | 0.361 | 2.848 | 0.397 | 3.629 | 78.5% | 10.9% |
| 77273 | 305 | 0.260 | 2.214 | 0.475 | 2.971 | 74.5% | 16.0% |
| 77285 | 294 | 0.257 | 2.644 | 0.422 | 3.341 | 79.1% | 12.6% |
| 77293 | 281 | 0.468 | 4.406 | 0.321 | 5.210 | 84.6% | 6.2% |
| 77301 | 271 | 0.299 | 4.557 | 0.372 | 5.245 | 86.9% | 7.1% |
| 77314 | 263 | 0.270 | 2.399 | 0.326 | 3.012 | 79.7% | 10.8% |
| 77325 | 257 | 0.231 | 1.512 | 0.314 | 2.076 | 72.8% | 15.1% |
| 77335 | 257 | 0.261 | 1.591 | 0.330 | 2.202 | 72.3% | 15.0% |
| 77345 | 255 | 0.247 | 1.735 | 0.326 | 2.327 | 74.6% | 14.0% |
| 77350 | 260 | 0.217 | 1.631 | 0.279 | 2.146 | 76.0% | 13.0% |
| 77361 | 251 | 0.294 | 1.940 | 0.335 | 2.587 | 75.0% | 13.0% |
| 77371 | 259 | 0.260 | 1.552 | 0.314 | 2.145 | 72.4% | 14.7% |
| 77381 | 266 | 0.271 | 2.059 | 0.347 | 2.697 | 76.3% | 12.9% |
| 77391 | 291 | 0.289 | 1.684 | 0.367 | 2.364 | 71.2% | 15.5% |
| 77401 | 294 | 0.291 | 1.849 | 0.368 | 2.532 | 73.1% | 14.5% |
| 77411 | 310 | 0.289 | 1.792 | 0.334 | 2.437 | 73.5% | 13.7% |
| 77421 | 314 | 0.329 | 1.669 | 0.414 | 2.433 | 68.6% | 17.0% |
| 77431 | 310 | 0.340 | 2.135 | 0.408 | 2.905 | 73.5% | 14.0% |
| 77441 | 317 | 0.343 | 1.888 | 0.427 | 2.680 | 70.4% | 15.9% |
| 77451 | 318 | 0.361 | 1.750 | 0.444 | 2.578 | 67.9% | 17.2% |
| 77460 | 312 | 0.304 | 1.926 | 0.368 | 2.616 | 73.6% | 14.1% |
| 77470 | 301 | 0.266 | 1.553 | 0.322 | 2.161 | 71.9% | 14.9% |
| 77485 | 288 | 0.292 | 3.120 | 0.386 | 3.819 | 81.7% | 10.1% |
| 77495 | 278 | 0.331 | 1.663 | 0.373 | 2.386 | 69.7% | 15.6% |
| 77505 | 279 | 0.310 | 1.889 | 0.299 | 2.534 | 74.6% | 11.8% |
| 77515 | 280 | 0.286 | 1.762 | 0.302 | 2.369 | 74.4% | 12.8% |
| 77525 | 279 | 0.275 | 1.600 | 0.342 | 2.234 | 71.6% | 15.3% |
| 77530 | 266 | 0.258 | 1.639 | 0.342 | 2.259 | 72.6% | 15.1% |
| 77541 | 260 | 0.230 | 1.752 | 0.333 | 2.333 | 75.1% | 14.3% |
| 77551 | 264 | 0.263 | 1.545 | 0.275 | 2.103 | 73.5% | 13.1% |
| 77561 | 253 | 0.216 | 1.513 | 0.321 | 2.070 | 73.1% | 15.5% |
| 77571 | 247 | 0.225 | 1.716 | 0.307 | 2.266 | 75.7% | 13.5% |
| 77582 | 269 | 0.283 | 1.568 | 0.382 | 2.252 | 69.7% | 16.9% |
| 77592 | 270 | 0.247 | 1.925 | 0.385 | 2.577 | 74.7% | 15.0% |
| 77602 | 263 | 0.304 | 1.908 | 0.385 | 2.616 | 72.9% | 14.7% |
| 77612 | 260 | 0.261 | 1.877 | 0.368 | 2.524 | 74.3% | 14.6% |
| 77623 | 257 | 0.254 | 1.630 | 0.261 | 2.165 | 75.3% | 12.1% |
| 77633 | 248 | 0.227 | 1.893 | 0.275 | 2.413 | 78.5% | 11.4% |
| 77643 | 246 | 0.238 | 1.554 | 0.310 | 2.122 | 73.3% | 14.6% |
| 77653 | 253 | 0.228 | 1.584 | 0.279 | 2.109 | 75.1% | 13.2% |
| 77663 | 262 | 0.265 | 1.701 | 0.287 | 2.272 | 74.8% | 12.6% |
| 77673 | 278 | 0.235 | 1.499 | 0.304 | 2.059 | 72.8% | 14.8% |
| 77684 | 283 | 0.281 | 1.597 | 0.325 | 2.217 | 72.0% | 14.7% |
| 77693 | 298 | 0.246 | 1.643 | 0.347 | 2.258 | 72.8% | 15.4% |
| 77703 | 288 | 0.314 | 2.181 | 0.405 | 2.917 | 74.8% | 13.9% |
| 77713 | 291 | 0.269 | 1.533 | 0.343 | 2.168 | 70.7% | 15.8% |
| 77723 | 271 | 0.264 | 1.815 | 0.339 | 2.438 | 74.4% | 13.9% |
| 77733 | 266 | 0.190 | 1.525 | 0.282 | 2.013 | 75.7% | 14.0% |
| 77744 | 267 | 0.282 | 2.014 | 0.352 | 2.666 | 75.5% | 13.2% |
| 77754 | 267 | 0.243 | 1.521 | 0.354 | 2.138 | 71.1% | 16.6% |
| 77764 | 278 | 0.236 | 1.439 | 0.298 | 1.993 | 72.2% | 14.9% |
| 77774 | 293 | 0.242 | 1.649 | 0.329 | 2.241 | 73.6% | 14.7% |
| 77784 | 304 | 0.271 | 1.678 | 0.365 | 2.333 | 71.9% | 15.6% |
| 77793 | 315 | 0.269 | 1.988 | 0.442 | 2.720 | 73.1% | 16.2% |
| 77803 | 344 | 0.331 | 1.879 | 0.480 | 2.714 | 69.2% | 17.7% |
| 77812 | 373 | 0.322 | 2.133 | 0.553 | 3.034 | 70.3% | 18.2% |
| 77824 | 387 | 0.321 | 2.127 | 0.554 | 3.028 | 70.2% | 18.3% |
| 77834 | 386 | 0.316 | 3.123 | 0.505 | 3.971 | 78.6% | 12.7% |
| 77844 | 411 | 0.341 | 2.813 | 0.584 | 3.768 | 74.6% | 15.5% |
| 77853 | 413 | 0.356 | 3.217 | 0.709 | 4.308 | 74.7% | 16.5% |
| 77865 | 426 | 0.357 | 3.386 | 0.626 | 4.398 | 77.0% | 14.2% |
| 77873 | 437 | 0.426 | 5.950 | 0.710 | 7.113 | 83.6% | 10.0% |
| 77885 | 444 | 0.394 | 4.389 | 0.569 | 5.381 | 81.6% | 10.6% |
| 77893 | 459 | 0.460 | 2.909 | 0.722 | 4.121 | 70.6% | 17.5% |
| 77903 | 453 | 0.428 | 5.676 | 0.707 | 6.842 | 83.0% | 10.3% |
| 77915 | 451 | 0.378 | 3.208 | 0.608 | 4.225 | 75.9% | 14.4% |
| 77923 | 459 | 0.564 | 3.233 | 0.635 | 4.461 | 72.5% | 14.2% |
| 77934 | 469 | 0.341 | 3.258 | 0.773 | 4.401 | 74.0% | 17.6% |
| 77944 | 482 | 0.468 | 4.302 | 0.746 | 5.545 | 77.6% | 13.5% |
| 77954 | 486 | 0.459 | 4.101 | 0.633 | 5.222 | 78.5% | 12.1% |
| 77965 | 495 | 0.412 | 4.353 | 0.758 | 5.558 | 78.3% | 13.6% |
| 77975 | 482 | 0.410 | 3.909 | 0.717 | 5.070 | 77.1% | 14.1% |
| 77983 | 482 | 0.524 | 3.906 | 0.768 | 5.233 | 74.6% | 14.7% |
| 77993 | 463 | 0.416 | 3.713 | 0.584 | 4.740 | 78.3% | 12.3% |
| 78004 | 447 | 0.474 | 2.932 | 0.720 | 4.156 | 70.5% | 17.3% |
| 78015 | 453 | 0.432 | 3.105 | 0.723 | 4.294 | 72.3% | 16.8% |
| 78023 | 456 | 0.391 | 4.166 | 0.709 | 5.298 | 78.6% | 13.4% |
| 78034 | 456 | 0.387 | 2.848 | 0.582 | 3.847 | 74.0% | 15.1% |
| 78045 | 461 | 0.414 | 3.328 | 0.785 | 4.556 | 73.1% | 17.2% |
| 78053 | 469 | 0.444 | 3.532 | 0.799 | 4.806 | 73.5% | 16.6% |
| 78063 | 464 | 0.447 | 4.159 | 0.684 | 5.322 | 78.1% | 12.9% |
| 78074 | 448 | 0.366 | 3.239 | 0.705 | 4.343 | 74.6% | 16.2% |
| 78085 | 458 | 0.383 | 3.340 | 0.710 | 4.464 | 74.8% | 15.9% |
| 78093 | 456 | 0.435 | 3.091 | 0.653 | 4.211 | 73.4% | 15.5% |
| 78104 | 443 | 0.385 | 3.160 | 0.666 | 4.243 | 74.5% | 15.7% |
| 78113 | 424 | 0.324 | 3.339 | 0.653 | 4.343 | 76.9% | 15.0% |
| 78124 | 434 | 0.351 | 2.976 | 0.553 | 3.907 | 76.2% | 14.2% |
| 78133 | 419 | 0.336 | 2.887 | 0.608 | 3.858 | 74.8% | 15.8% |
| 78145 | 413 | 0.594 | 4.421 | 0.623 | 5.668 | 78.0% | 11.0% |
| 78154 | 400 | 0.395 | 8.572 | 0.564 | 9.558 | 89.7% | 5.9% |
| 78163 | 394 | 0.317 | 5.402 | 0.656 | 6.404 | 84.3% | 10.2% |
| 78173 | 370 | 0.352 | 2.730 | 0.532 | 3.636 | 75.1% | 14.6% |
| 78182 | 353 | 0.319 | 3.735 | 0.477 | 4.548 | 82.1% | 10.5% |
| 78193 | 347 | 0.290 | 2.128 | 0.481 | 2.926 | 72.7% | 16.4% |
| 78203 | 342 | 0.406 | 5.776 | 0.423 | 6.633 | 87.1% | 6.4% |
| 78214 | 341 | 0.268 | 2.722 | 0.458 | 3.474 | 78.3% | 13.2% |
| 78224 | 338 | 0.369 | 2.835 | 0.541 | 3.773 | 75.1% | 14.3% |
| 78235 | 339 | 0.304 | 3.172 | 0.385 | 3.886 | 81.6% | 9.9% |
| 78242 | 317 | 0.288 | 2.613 | 0.416 | 3.339 | 78.2% | 12.5% |
| 78253 | 295 | 0.325 | 2.404 | 0.429 | 3.182 | 75.6% | 13.5% |
| 78265 | 277 | 0.268 | 2.472 | 0.523 | 3.284 | 75.3% | 15.9% |
| 78274 | 263 | 0.283 | 2.833 | 0.361 | 3.500 | 81.0% | 10.3% |
| 78282 | 248 | 0.295 | 3.702 | 0.327 | 4.340 | 85.3% | 7.5% |
| 78292 | 244 | 0.230 | 1.617 | 0.311 | 2.177 | 74.3% | 14.3% |
| 78302 | 233 | 0.218 | 1.509 | 0.343 | 2.087 | 72.3% | 16.4% |
| 78312 | 231 | 0.207 | 1.562 | 0.278 | 2.067 | 75.6% | 13.4% |
| 78322 | 222 | 0.233 | 2.063 | 0.326 | 2.640 | 78.1% | 12.4% |
| 78333 | 216 | 0.207 | 1.558 | 0.274 | 2.057 | 75.7% | 13.3% |
| 78343 | 222 | 0.201 | 1.495 | 0.224 | 1.939 | 77.1% | 11.5% |
| 78353 | 219 | 0.238 | 2.170 | 0.237 | 2.663 | 81.5% | 8.9% |
| 78363 | 215 | 0.217 | 1.530 | 0.228 | 1.995 | 76.7% | 11.4% |
| 78373 | 214 | 0.239 | 2.018 | 0.274 | 2.547 | 79.2% | 10.7% |
| 78383 | 220 | 0.222 | 1.492 | 0.215 | 1.945 | 76.7% | 11.0% |
| 78393 | 219 | 0.198 | 1.939 | 0.358 | 2.514 | 77.1% | 14.2% |
| 78403 | 250 | 0.223 | 1.607 | 0.305 | 2.152 | 74.7% | 14.2% |
| 78413 | 259 | 0.233 | 1.583 | 0.287 | 2.123 | 74.6% | 13.5% |
| 78424 | 266 | 0.249 | 1.753 | 0.343 | 2.363 | 74.2% | 14.5% |
| 78434 | 272 | 0.282 | 2.684 | 0.388 | 3.375 | 79.5% | 11.5% |
| 78444 | 278 | 0.243 | 1.550 | 0.396 | 2.206 | 70.2% | 17.9% |
| 78454 | 297 | 0.269 | 1.523 | 0.320 | 2.133 | 71.4% | 15.0% |
| 78464 | 315 | 0.305 | 1.829 | 0.430 | 2.606 | 70.2% | 16.5% |
| 78474 | 315 | 0.438 | 1.713 | 0.398 | 2.571 | 66.7% | 15.5% |
| 78483 | 313 | 0.293 | 2.054 | 0.372 | 2.741 | 74.9% | 13.6% |
| 78493 | 328 | 0.262 | 1.600 | 0.375 | 2.257 | 70.9% | 16.6% |
| 78502 | 333 | 0.301 | 1.640 | 0.429 | 2.393 | 68.5% | 17.9% |
| 78512 | 354 | 0.357 | 1.801 | 0.620 | 2.799 | 64.4% | 22.1% |
| 78525 | 358 | 0.370 | 4.607 | 0.448 | 5.447 | 84.6% | 8.2% |
| 78533 | 383 | 0.365 | 2.511 | 0.709 | 3.610 | 69.6% | 19.6% |
| 78544 | 394 | 0.444 | 2.157 | 0.661 | 3.288 | 65.6% | 20.1% |
| 78553 | 378 | 0.313 | 2.851 | 0.515 | 3.705 | 77.0% | 13.9% |
| 78563 | 380 | 0.383 | 3.947 | 0.540 | 4.908 | 80.4% | 11.0% |
| 78572 | 380 | 0.322 | 2.989 | 0.527 | 3.865 | 77.3% | 13.6% |
| 78585 | 377 | 0.341 | 2.807 | 0.645 | 3.819 | 73.5% | 16.9% |
| 78594 | 388 | 0.350 | 3.714 | 0.646 | 4.739 | 78.4% | 13.6% |
| 78604 | 382 | 0.327 | 2.869 | 0.567 | 3.786 | 75.8% | 15.0% |
| 78613 | 414 | 0.484 | 2.851 | 0.515 | 3.874 | 73.6% | 13.3% |
| 78625 | 418 | 0.465 | 4.583 | 0.693 | 5.770 | 79.4% | 12.0% |
| 78633 | 436 | 0.384 | 4.240 | 0.708 | 5.361 | 79.1% | 13.2% |
| 78645 | 455 | 0.441 | 3.544 | 0.705 | 4.720 | 75.1% | 14.9% |
| 78653 | 457 | 0.395 | 3.083 | 0.693 | 4.201 | 73.4% | 16.5% |
| 78664 | 464 | 0.423 | 4.375 | 0.855 | 5.686 | 77.0% | 15.0% |
| 78674 | 467 | 0.390 | 3.168 | 0.674 | 4.262 | 74.3% | 15.8% |
| 78685 | 458 | 0.399 | 3.237 | 0.660 | 4.325 | 74.8% | 15.3% |
| 78694 | 434 | 0.435 | 3.260 | 0.670 | 4.399 | 74.1% | 15.2% |
| 78703 | 421 | 0.517 | 3.019 | 0.644 | 4.205 | 71.8% | 15.3% |
| 78715 | 402 | 0.351 | 6.129 | 0.624 | 7.133 | 85.9% | 8.7% |
| 78724 | 418 | 0.403 | 3.098 | 0.671 | 4.197 | 73.8% | 16.0% |
| 78733 | 403 | 0.383 | 2.841 | 0.650 | 3.903 | 72.8% | 16.6% |
| 78742 | 395 | 0.308 | 3.430 | 0.605 | 4.368 | 78.5% | 13.8% |
| 78755 | 386 | 0.370 | 3.196 | 0.587 | 4.181 | 76.5% | 14.0% |
| 78764 | 407 | 0.376 | 4.293 | 0.573 | 5.272 | 81.4% | 10.9% |
| 78773 | 408 | 0.408 | 2.947 | 0.610 | 3.993 | 73.8% | 15.3% |
| 78785 | 399 | 0.333 | 4.682 | 0.561 | 5.606 | 83.5% | 10.0% |
| 78794 | 402 | 0.396 | 3.002 | 0.498 | 3.924 | 76.5% | 12.7% |
| 78803 | 391 | 0.325 | 4.384 | 0.600 | 5.339 | 82.1% | 11.2% |
| 78813 | 379 | 0.363 | 3.245 | 0.525 | 4.160 | 78.0% | 12.6% |
| 78822 | 372 | 0.342 | 2.869 | 0.601 | 3.840 | 74.7% | 15.6% |
| 78832 | 366 | 0.384 | 3.838 | 0.615 | 4.869 | 78.8% | 12.6% |
| 78842 | 360 | 0.456 | 4.862 | 0.433 | 5.804 | 83.8% | 7.5% |
| 78853 | 354 | 0.334 | 3.509 | 0.568 | 4.438 | 79.1% | 12.8% |
| 78863 | 347 | 0.303 | 3.575 | 0.477 | 4.378 | 81.7% | 10.9% |
| 78874 | 323 | 0.314 | 4.535 | 0.373 | 5.247 | 86.4% | 7.1% |
| 78885 | 310 | 0.370 | 2.982 | 0.460 | 3.829 | 77.9% | 12.0% |
| 78892 | 292 | 0.307 | 3.283 | 0.398 | 4.010 | 81.9% | 9.9% |
| 78904 | 285 | 0.397 | 3.816 | 0.328 | 4.564 | 83.6% | 7.2% |
| 78913 | 283 | 0.230 | 1.909 | 0.353 | 2.513 | 76.0% | 14.0% |
| 78925 | 283 | 0.322 | 2.150 | 0.403 | 2.895 | 74.3% | 13.9% |
| 78932 | 314 | 0.250 | 2.140 | 0.418 | 2.831 | 75.6% | 14.8% |
| 78944 | 311 | 0.405 | 2.356 | 0.390 | 3.174 | 74.2% | 12.3% |
| 78955 | 323 | 0.314 | 2.354 | 0.450 | 3.145 | 74.8% | 14.3% |
| 78962 | 329 | 0.271 | 2.312 | 0.484 | 3.093 | 74.8% | 15.6% |
| 78973 | 330 | 0.304 | 2.340 | 0.467 | 3.136 | 74.6% | 14.9% |
| 78985 | 311 | 0.275 | 2.151 | 0.414 | 2.864 | 75.1% | 14.5% |
| 78992 | 324 | 0.304 | 2.552 | 0.444 | 3.325 | 76.8% | 13.3% |
| 79004 | 345 | 0.342 | 2.078 | 0.554 | 3.002 | 69.2% | 18.5% |
| 79015 | 370 | 0.322 | 2.561 | 0.508 | 3.417 | 75.0% | 14.9% |
| 79025 | 395 | 0.343 | 4.521 | 0.559 | 5.451 | 82.9% | 10.3% |
| 79034 | 419 | 0.354 | 4.909 | 0.564 | 5.858 | 83.8% | 9.6% |
| 79043 | 421 | 0.463 | 3.408 | 0.691 | 4.591 | 74.2% | 15.1% |
| 79055 | 436 | 0.391 | 3.096 | 0.687 | 4.203 | 73.7% | 16.4% |
| 79063 | 445 | 0.395 | 3.268 | 0.713 | 4.408 | 74.1% | 16.2% |
| 79074 | 444 | 0.429 | 5.310 | 0.685 | 6.462 | 82.2% | 10.6% |
| 79085 | 463 | 0.420 | 3.443 | 0.725 | 4.617 | 74.6% | 15.7% |
| 79093 | 491 | 0.438 | 3.306 | 0.755 | 4.532 | 73.0% | 16.7% |
| 79104 | 490 | 0.406 | 3.096 | 0.760 | 4.298 | 72.0% | 17.7% |
| 79114 | 494 | 0.394 | 3.628 | 0.805 | 4.861 | 74.6% | 16.6% |
| 79125 | 488 | 0.346 | 3.732 | 0.775 | 4.884 | 76.4% | 15.9% |
| 79134 | 484 | 0.360 | 3.520 | 0.646 | 4.555 | 77.3% | 14.2% |
| 79145 | 452 | 0.394 | 3.863 | 0.844 | 5.134 | 75.2% | 16.4% |
| 79153 | 430 | 0.397 | 3.972 | 0.728 | 5.125 | 77.5% | 14.2% |
| 79164 | 432 | 0.356 | 3.348 | 0.702 | 4.434 | 75.5% | 15.8% |
| 79173 | 417 | 0.388 | 3.921 | 0.652 | 4.990 | 78.6% | 13.1% |
| 79183 | 395 | 0.329 | 2.901 | 0.579 | 3.840 | 75.5% | 15.1% |
| 79195 | 379 | 0.288 | 2.687 | 0.519 | 3.519 | 76.4% | 14.7% |
| 79205 | 381 | 0.299 | 2.950 | 0.558 | 3.836 | 76.9% | 14.6% |
| 79214 | 360 | 0.328 | 2.916 | 0.568 | 3.836 | 76.0% | 14.8% |
| 79225 | 339 | 0.279 | 3.418 | 0.372 | 4.097 | 83.4% | 9.1% |
| 79232 | 328 | 0.387 | 2.501 | 0.491 | 3.398 | 73.6% | 14.4% |
| 79243 | 307 | 0.492 | 4.186 | 0.480 | 5.194 | 80.6% | 9.2% |
| 79254 | 285 | 0.267 | 2.410 | 0.374 | 3.073 | 78.4% | 12.2% |
| 79263 | 293 | 0.245 | 2.322 | 0.499 | 3.088 | 75.2% | 16.2% |
| 79275 | 287 | 0.271 | 2.064 | 0.373 | 2.729 | 75.6% | 13.7% |
| 79285 | 298 | 0.295 | 2.244 | 0.331 | 2.892 | 77.6% | 11.5% |
| 79295 | 296 | 0.327 | 1.673 | 0.371 | 2.392 | 69.9% | 15.5% |
| 79305 | 306 | 0.270 | 2.606 | 0.338 | 3.240 | 80.4% | 10.4% |
| 79315 | 297 | 0.268 | 1.610 | 0.307 | 2.206 | 73.0% | 13.9% |
| 79325 | 291 | 0.229 | 1.530 | 0.313 | 2.091 | 73.2% | 15.0% |
| 79335 | 285 | 0.273 | 1.811 | 0.374 | 2.480 | 73.0% | 15.1% |
| 79345 | 272 | 0.247 | 1.999 | 0.283 | 2.550 | 78.4% | 11.1% |
| 79355 | 271 | 0.238 | 1.502 | 0.289 | 2.051 | 73.3% | 14.1% |
| 79365 | 285 | 0.253 | 1.951 | 0.360 | 2.587 | 75.4% | 13.9% |
| 79374 | 287 | 0.271 | 1.970 | 0.367 | 2.629 | 74.9% | 14.0% |
| 79384 | 312 | 0.295 | 4.777 | 0.349 | 5.444 | 87.7% | 6.4% |
| 79394 | 329 | 0.315 | 1.722 | 0.389 | 2.445 | 70.4% | 15.9% |
| 79403 | 331 | 0.297 | 1.703 | 0.630 | 2.652 | 64.2% | 23.7% |
| 79412 | 362 | 0.337 | 2.050 | 0.518 | 2.927 | 70.0% | 17.7% |
| 79424 | 385 | 0.406 | 2.508 | 0.563 | 3.504 | 71.6% | 16.1% |
| 79435 | 408 | 0.367 | 2.936 | 0.501 | 3.833 | 76.6% | 13.1% |
| 79444 | 410 | 0.388 | 4.847 | 0.722 | 5.981 | 81.0% | 12.1% |
| 79453 | 404 | 0.369 | 3.116 | 0.590 | 4.105 | 75.9% | 14.4% |
| 79465 | 413 | 0.378 | 4.940 | 0.771 | 6.117 | 80.8% | 12.6% |
| 79474 | 420 | 0.323 | 2.922 | 0.611 | 3.889 | 75.1% | 15.7% |
| 79483 | 422 | 0.360 | 3.564 | 0.673 | 4.627 | 77.0% | 14.5% |
| 79495 | 416 | 0.387 | 3.910 | 0.583 | 4.902 | 79.8% | 11.9% |
| 79504 | 415 | 0.414 | 4.438 | 0.567 | 5.451 | 81.4% | 10.4% |
| 79513 | 388 | 0.317 | 3.741 | 0.547 | 4.632 | 80.8% | 11.8% |
| 79525 | 385 | 0.370 | 2.719 | 0.551 | 3.665 | 74.2% | 15.0% |
| 79535 | 372 | 0.339 | 2.403 | 0.578 | 3.347 | 71.8% | 17.3% |
| 79544 | 370 | 0.274 | 3.861 | 0.493 | 4.655 | 83.0% | 10.6% |
| 79554 | 365 | 0.336 | 4.214 | 0.660 | 5.234 | 80.5% | 12.6% |
| 79564 | 372 | 0.350 | 3.248 | 0.523 | 4.148 | 78.3% | 12.6% |
| 79575 | 345 | 0.294 | 2.498 | 0.456 | 3.273 | 76.3% | 13.9% |
| 79585 | 345 | 0.275 | 2.400 | 0.530 | 3.227 | 74.4% | 16.4% |
| 79592 | 329 | 0.270 | 2.548 | 0.448 | 3.289 | 77.5% | 13.6% |
| 79603 | 315 | 0.264 | 2.589 | 0.453 | 3.327 | 77.8% | 13.6% |
| 79615 | 302 | 0.263 | 2.499 | 0.482 | 3.264 | 76.6% | 14.8% |
| 79623 | 305 | 0.270 | 2.326 | 0.418 | 3.034 | 76.7% | 13.8% |
| 79634 | 295 | 0.315 | 2.544 | 0.407 | 3.286 | 77.4% | 12.4% |
| 79642 | 291 | 0.245 | 2.755 | 0.409 | 3.431 | 80.3% | 11.9% |
| 79654 | 293 | 0.267 | 3.658 | 0.334 | 4.278 | 85.5% | 7.8% |
| 79662 | 284 | 0.272 | 1.734 | 0.319 | 2.343 | 74.0% | 13.6% |
| 79671 | 298 | 0.325 | 1.635 | 0.398 | 2.380 | 68.7% | 16.7% |
| 79681 | 315 | 0.261 | 1.615 | 0.348 | 2.247 | 71.9% | 15.5% |
| 79691 | 325 | 0.266 | 1.500 | 0.479 | 2.269 | 66.1% | 21.1% |
| 79705 | 348 | 0.320 | 1.606 | 0.411 | 2.362 | 68.0% | 17.4% |
| 79715 | 359 | 0.538 | 1.859 | 0.446 | 2.863 | 64.9% | 15.6% |
| 79723 | 375 | 0.324 | 2.177 | 0.616 | 3.144 | 69.3% | 19.6% |
| 79735 | 365 | 0.327 | 2.373 | 0.501 | 3.227 | 73.5% | 15.5% |
| 79742 | 363 | 0.399 | 3.273 | 0.550 | 4.247 | 77.1% | 12.9% |
| 79752 | 351 | 0.317 | 2.403 | 0.483 | 3.226 | 74.5% | 15.0% |
| 79763 | 349 | 0.355 | 3.961 | 0.528 | 4.870 | 81.3% | 10.8% |
| 79773 | 342 | 0.300 | 2.579 | 0.499 | 3.403 | 75.8% | 14.7% |
| 79784 | 333 | 0.290 | 2.643 | 0.495 | 3.452 | 76.6% | 14.3% |
| 79794 | 327 | 0.275 | 2.132 | 0.506 | 2.936 | 72.6% | 17.2% |
| 79802 | 316 | 0.312 | 3.422 | 0.444 | 4.201 | 81.5% | 10.6% |
| 79813 | 314 | 0.295 | 2.299 | 0.443 | 3.056 | 75.2% | 14.5% |
| 79824 | 303 | 0.277 | 2.559 | 0.410 | 3.270 | 78.2% | 12.5% |
| 79832 | 310 | 0.246 | 2.387 | 0.390 | 3.043 | 78.5% | 12.8% |
| 79843 | 303 | 0.282 | 2.872 | 0.541 | 3.717 | 77.3% | 14.6% |
| 79855 | 295 | 0.696 | 3.506 | 0.399 | 4.621 | 75.9% | 8.6% |
| 79863 | 283 | 0.238 | 1.908 | 0.371 | 2.538 | 75.1% | 14.6% |
| 79873 | 285 | 0.321 | 1.550 | 0.305 | 2.194 | 70.6% | 13.9% |
| 79883 | 291 | 0.298 | 1.612 | 0.318 | 2.250 | 71.7% | 14.1% |
| 79893 | 281 | 0.246 | 1.532 | 0.388 | 2.188 | 70.0% | 17.7% |
| 79903 | 287 | 0.328 | 1.519 | 0.389 | 2.257 | 67.3% | 17.2% |
| 79913 | 286 | 0.358 | 1.730 | 0.373 | 2.488 | 69.5% | 15.0% |
| 79923 | 300 | 0.304 | 1.758 | 0.458 | 2.541 | 69.2% | 18.0% |
| 79933 | 303 | 0.287 | 1.741 | 0.358 | 2.407 | 72.3% | 14.9% |
| 79942 | 332 | 0.287 | 1.609 | 0.467 | 2.386 | 67.4% | 19.6% |
| 79952 | 338 | 0.336 | 2.975 | 0.635 | 3.973 | 74.9% | 16.0% |
| 79965 | 347 | 0.338 | 1.884 | 0.501 | 2.745 | 68.6% | 18.3% |
| 79974 | 356 | 0.363 | 3.503 | 0.522 | 4.416 | 79.3% | 11.8% |
| 79982 | 368 | 0.385 | 4.582 | 0.609 | 5.602 | 81.8% | 10.9% |
| 79992 | 370 | 0.331 | 2.921 | 0.556 | 3.836 | 76.2% | 14.5% |
| 80005 | 381 | 0.379 | 3.777 | 0.558 | 4.738 | 79.7% | 11.8% |
| 80015 | 399 | 0.379 | 5.661 | 0.592 | 6.661 | 85.0% | 8.9% |
| 80024 | 402 | 0.351 | 2.501 | 0.616 | 3.496 | 71.5% | 17.6% |
| 80033 | 401 | 0.343 | 3.102 | 0.596 | 4.070 | 76.2% | 14.6% |
| 80045 | 439 | 0.362 | 4.346 | 0.721 | 5.459 | 79.6% | 13.2% |
| 80053 | 442 | 0.377 | 2.994 | 0.709 | 4.110 | 72.8% | 17.2% |
| 80065 | 460 | 0.422 | 3.429 | 0.750 | 4.632 | 74.0% | 16.2% |
| 80075 | 459 | 0.451 | 5.141 | 0.755 | 6.377 | 80.6% | 11.8% |
| 80083 | 461 | 0.542 | 3.361 | 0.719 | 4.656 | 72.2% | 15.5% |
| 80094 | 470 | 0.465 | 4.054 | 0.732 | 5.282 | 76.8% | 13.9% |
| 80105 | 462 | 0.410 | 2.850 | 0.673 | 3.964 | 71.9% | 17.0% |
| 80115 | 459 | 0.398 | 3.141 | 0.710 | 4.279 | 73.4% | 16.6% |
| 80124 | 445 | 0.366 | 3.147 | 0.656 | 4.196 | 75.0% | 15.6% |
| 80132 | 449 | 0.371 | 2.853 | 0.734 | 3.988 | 71.5% | 18.4% |
| 80144 | 447 | 0.433 | 4.428 | 0.611 | 5.506 | 80.4% | 11.1% |
| 80153 | 427 | 0.396 | 2.993 | 0.690 | 4.106 | 72.9% | 16.8% |
| 80164 | 443 | 0.396 | 4.679 | 0.700 | 5.810 | 80.5% | 12.1% |
| 80173 | 439 | 0.349 | 3.412 | 0.666 | 4.457 | 76.5% | 14.9% |
| 80185 | 429 | 0.408 | 7.147 | 0.765 | 8.353 | 85.6% | 9.2% |
| 80193 | 428 | 0.459 | 4.657 | 0.730 | 5.879 | 79.2% | 12.4% |
| 80202 | 406 | 0.380 | 4.768 | 0.685 | 5.861 | 81.3% | 11.7% |
| 80214 | 401 | 0.347 | 2.791 | 0.669 | 3.837 | 72.7% | 17.4% |
| 80223 | 392 | 0.352 | 3.236 | 0.627 | 4.247 | 76.2% | 14.8% |
| 80233 | 379 | 0.380 | 4.122 | 0.541 | 5.113 | 80.6% | 10.6% |
| 80242 | 363 | 0.299 | 2.697 | 0.516 | 3.540 | 76.2% | 14.6% |
| 80252 | 338 | 0.324 | 2.865 | 0.513 | 3.730 | 76.8% | 13.7% |
| 80263 | 318 | 0.302 | 2.699 | 0.431 | 3.456 | 78.1% | 12.5% |
| 80274 | 288 | 0.326 | 2.203 | 0.346 | 2.893 | 76.2% | 12.0% |
| 80282 | 273 | 0.257 | 2.260 | 0.465 | 3.003 | 75.3% | 15.5% |
| 80293 | 249 | 0.291 | 2.464 | 0.253 | 3.027 | 81.4% | 8.4% |
| 80305 | 237 | 0.243 | 2.426 | 0.308 | 2.995 | 81.0% | 10.3% |
| 80314 | 229 | 0.239 | 2.102 | 0.277 | 2.634 | 79.8% | 10.5% |
| 80323 | 218 | 0.208 | 2.304 | 0.306 | 2.833 | 81.3% | 10.8% |
| 80333 | 218 | 0.194 | 1.680 | 0.295 | 2.187 | 76.8% | 13.5% |
| 80343 | 200 | 0.214 | 1.584 | 0.243 | 2.054 | 77.1% | 11.8% |
| 80353 | 201 | 0.240 | 1.680 | 0.260 | 2.197 | 76.5% | 11.9% |
| 80363 | 203 | 0.200 | 1.748 | 0.253 | 2.217 | 78.9% | 11.4% |
| 80374 | 198 | 0.208 | 1.602 | 0.220 | 2.045 | 78.3% | 10.8% |
| 80384 | 198 | 0.183 | 1.543 | 0.199 | 1.938 | 79.6% | 10.3% |
| 80394 | 197 | 0.181 | 1.541 | 0.249 | 1.986 | 77.6% | 12.5% |
| 80404 | 208 | 0.250 | 1.809 | 0.383 | 2.457 | 73.6% | 15.6% |
| 80415 | 198 | 0.191 | 1.457 | 0.234 | 1.897 | 76.8% | 12.3% |
| 80425 | 205 | 0.200 | 1.581 | 0.240 | 2.038 | 77.6% | 11.8% |
| 80435 | 196 | 0.195 | 1.950 | 0.256 | 2.418 | 80.7% | 10.6% |
| 80445 | 204 | 0.181 | 1.518 | 0.329 | 2.045 | 74.2% | 16.1% |
| 80450 | 192 | 0.167 | 1.294 | 0.185 | 1.661 | 77.9% | 11.2% |
| 80461 | 208 | 0.167 | 1.270 | 0.302 | 1.753 | 72.4% | 17.2% |
| 80471 | 214 | 0.197 | 1.377 | 0.303 | 1.894 | 72.7% | 16.0% |
| 80481 | 209 | 0.193 | 1.460 | 0.251 | 1.920 | 76.0% | 13.1% |
| 80491 | 227 | 0.200 | 1.532 | 0.278 | 2.026 | 75.6% | 13.7% |
| 80501 | 253 | 0.214 | 1.842 | 0.327 | 2.402 | 76.7% | 13.6% |
| 80511 | 263 | 0.247 | 1.508 | 0.284 | 2.057 | 73.3% | 13.8% |
| 80522 | 286 | 0.239 | 1.539 | 0.325 | 2.124 | 72.4% | 15.3% |
| 80531 | 311 | 0.255 | 1.513 | 0.429 | 2.220 | 68.1% | 19.3% |
| 80541 | 344 | 0.270 | 2.108 | 0.688 | 3.089 | 68.2% | 22.3% |
| 80555 | 368 | 0.389 | 4.276 | 0.553 | 5.240 | 81.6% | 10.6% |
| 80563 | 402 | 0.353 | 1.818 | 0.590 | 2.789 | 65.2% | 21.2% |
| 80574 | 416 | 0.386 | 2.073 | 0.738 | 3.222 | 64.4% | 22.9% |
| 80584 | 425 | 0.374 | 2.731 | 0.622 | 3.755 | 72.7% | 16.6% |
| 80592 | 432 | 0.437 | 5.264 | 0.675 | 6.409 | 82.1% | 10.5% |
| 80604 | 436 | 0.379 | 3.220 | 0.707 | 4.333 | 74.3% | 16.3% |
| 80613 | 434 | 0.413 | 3.954 | 0.756 | 5.152 | 76.7% | 14.7% |
| 80625 | 426 | 0.366 | 4.769 | 0.690 | 5.851 | 81.5% | 11.8% |
| 80634 | 437 | 0.411 | 3.945 | 0.642 | 5.030 | 78.4% | 12.8% |
| 80645 | 425 | 0.380 | 3.413 | 0.662 | 4.483 | 76.1% | 14.8% |
| 80654 | 406 | 0.363 | 3.349 | 0.712 | 4.448 | 75.3% | 16.0% |
| 80663 | 403 | 0.339 | 2.830 | 0.623 | 3.821 | 74.1% | 16.3% |
| 80675 | 398 | 0.349 | 3.592 | 0.756 | 4.727 | 76.0% | 16.0% |
| 80684 | 405 | 0.428 | 2.797 | 0.647 | 3.903 | 71.7% | 16.6% |
| 80693 | 387 | 0.345 | 2.756 | 0.611 | 3.745 | 73.6% | 16.3% |
| 80702 | 381 | 0.357 | 2.382 | 0.557 | 3.324 | 71.7% | 16.8% |
| 80715 | 364 | 0.336 | 3.405 | 0.656 | 4.427 | 76.9% | 14.8% |
| 80724 | 355 | 0.345 | 3.581 | 0.425 | 4.375 | 81.8% | 9.7% |
| 80735 | 339 | 0.307 | 3.031 | 0.533 | 3.896 | 77.8% | 13.7% |
| 80742 | 335 | 0.365 | 2.830 | 0.493 | 3.714 | 76.2% | 13.3% |
| 80753 | 313 | 0.269 | 3.243 | 0.432 | 3.964 | 81.8% | 10.9% |
| 80764 | 312 | 0.317 | 2.918 | 0.449 | 3.708 | 78.7% | 12.1% |
| 80775 | 308 | 0.326 | 2.587 | 0.447 | 3.384 | 76.5% | 13.2% |
| 80783 | 292 | 0.414 | 4.887 | 0.428 | 5.774 | 84.6% | 7.4% |
| 80795 | 295 | 0.270 | 2.095 | 0.419 | 2.805 | 74.7% | 14.9% |
| 80803 | 277 | 0.270 | 4.127 | 0.354 | 4.771 | 86.5% | 7.4% |
| 80812 | 248 | 0.222 | 1.501 | 0.265 | 2.008 | 74.7% | 13.2% |
| 80822 | 229 | 0.200 | 1.524 | 0.229 | 1.972 | 77.3% | 11.6% |
| 80832 | 225 | 0.200 | 1.610 | 0.250 | 2.075 | 77.6% | 12.1% |
| 80843 | 223 | 0.227 | 1.490 | 0.223 | 1.956 | 76.2% | 11.4% |
| 80853 | 217 | 0.248 | 1.766 | 0.214 | 2.243 | 78.7% | 9.5% |
| 80863 | 220 | 0.224 | 1.883 | 0.300 | 2.425 | 77.7% | 12.4% |
| 80873 | 221 | 0.234 | 1.676 | 0.343 | 2.269 | 73.9% | 15.1% |
| 80883 | 223 | 0.190 | 1.528 | 0.313 | 2.047 | 74.6% | 15.3% |
| 80893 | 230 | 0.227 | 1.656 | 0.259 | 2.161 | 76.6% | 12.0% |
| 80903 | 240 | 0.226 | 1.504 | 0.277 | 2.024 | 74.3% | 13.7% |
| 80913 | 246 | 0.201 | 1.574 | 0.240 | 2.033 | 77.4% | 11.8% |
| 80924 | 257 | 0.221 | 1.481 | 0.333 | 2.055 | 72.1% | 16.2% |
| 80934 | 247 | 0.246 | 1.701 | 0.300 | 2.265 | 75.1% | 13.2% |
| 80944 | 257 | 0.231 | 1.839 | 0.454 | 2.544 | 72.3% | 17.8% |
| 80954 | 279 | 0.347 | 1.789 | 0.313 | 2.469 | 72.5% | 12.7% |
| 80964 | 305 | 0.262 | 1.956 | 0.391 | 2.632 | 74.3% | 14.9% |
| 80974 | 323 | 0.357 | 2.067 | 0.545 | 2.992 | 69.1% | 18.2% |
| 80983 | 339 | 0.340 | 1.770 | 0.486 | 2.619 | 67.6% | 18.6% |
| 80992 | 359 | 0.326 | 2.161 | 0.657 | 3.169 | 68.2% | 20.7% |
| 81005 | 381 | 0.345 | 1.868 | 0.508 | 2.749 | 68.0% | 18.5% |
| 81013 | 411 | 0.380 | 2.545 | 0.610 | 3.566 | 71.4% | 17.1% |
| 81023 | 410 | 0.380 | 2.998 | 0.613 | 4.014 | 74.7% | 15.3% |
| 81035 | 423 | 0.409 | 4.882 | 0.643 | 5.967 | 81.8% | 10.8% |
| 81044 | 437 | 0.374 | 3.066 | 0.585 | 4.053 | 75.7% | 14.4% |
| 81055 | 453 | 0.416 | 3.570 | 0.720 | 4.737 | 75.4% | 15.2% |
| 81063 | 474 | 0.490 | 3.397 | 0.800 | 4.742 | 71.6% | 16.9% |
| 81074 | 466 | 0.499 | 3.842 | 0.708 | 5.070 | 75.8% | 14.0% |
| 81085 | 468 | 0.415 | 3.259 | 0.698 | 4.408 | 73.9% | 15.8% |
| 81095 | 475 | 0.452 | 2.995 | 0.630 | 4.115 | 72.8% | 15.3% |
| 81103 | 460 | 0.453 | 5.089 | 0.616 | 6.197 | 82.1% | 9.9% |
| 81114 | 454 | 0.450 | 3.256 | 0.827 | 4.566 | 71.3% | 18.1% |
| 81125 | 455 | 0.425 | 3.790 | 0.925 | 5.169 | 73.3% | 17.9% |
| 81133 | 448 | 0.502 | 5.430 | 0.735 | 6.706 | 81.0% | 11.0% |
| 81144 | 449 | 0.387 | 3.948 | 0.722 | 5.084 | 77.6% | 14.2% |
| 81153 | 437 | 0.353 | 3.364 | 0.685 | 4.434 | 75.9% | 15.5% |
| 81164 | 434 | 0.417 | 3.725 | 0.708 | 4.886 | 76.2% | 14.5% |
| 81173 | 429 | 0.393 | 4.112 | 0.693 | 5.227 | 78.7% | 13.3% |
| 81185 | 426 | 0.406 | 2.970 | 0.670 | 4.080 | 72.8% | 16.4% |
| 81193 | 407 | 0.409 | 3.491 | 0.652 | 4.585 | 76.1% | 14.2% |
| 81203 | 382 | 0.351 | 3.842 | 0.718 | 4.939 | 77.8% | 14.5% |
| 81212 | 372 | 0.360 | 2.725 | 0.500 | 3.613 | 75.4% | 13.8% |
| 81225 | 366 | 0.381 | 3.034 | 0.930 | 4.376 | 69.3% | 21.3% |
| 81234 | 373 | 0.580 | 3.045 | 0.535 | 4.193 | 72.6% | 12.8% |
| 81244 | 370 | 0.347 | 3.939 | 0.497 | 4.814 | 81.8% | 10.3% |
| 81254 | 369 | 0.304 | 2.708 | 0.425 | 3.466 | 78.1% | 12.2% |
| 81264 | 341 | 0.274 | 2.938 | 0.479 | 3.712 | 79.1% | 12.9% |
| 81274 | 325 | 0.314 | 2.499 | 0.407 | 3.247 | 77.0% | 12.5% |
| 81282 | 322 | 0.273 | 2.514 | 0.458 | 3.272 | 76.8% | 14.0% |
| 81294 | 310 | 0.277 | 2.431 | 0.403 | 3.136 | 77.5% | 12.9% |
| 81301 | 297 | 0.287 | 2.143 | 0.379 | 2.828 | 75.8% | 13.4% |
| 81315 | 306 | 0.338 | 1.748 | 0.397 | 2.506 | 69.8% | 15.8% |
| 81325 | 302 | 0.323 | 1.981 | 0.451 | 2.778 | 71.3% | 16.2% |
| 81335 | 300 | 0.252 | 1.939 | 0.461 | 2.675 | 72.5% | 17.2% |
| 81345 | 302 | 0.268 | 1.510 | 0.367 | 2.168 | 69.7% | 16.9% |
| 81355 | 305 | 0.263 | 1.534 | 0.425 | 2.245 | 68.3% | 18.9% |
| 81365 | 300 | 0.329 | 1.843 | 0.410 | 2.606 | 70.7% | 15.8% |
| 81375 | 287 | 0.268 | 1.771 | 0.330 | 2.392 | 74.0% | 13.8% |
| 81385 | 288 | 0.265 | 1.635 | 0.383 | 2.305 | 70.9% | 16.6% |
| 81395 | 276 | 0.227 | 1.545 | 0.293 | 2.086 | 74.1% | 14.0% |
| 81405 | 287 | 0.268 | 2.737 | 0.361 | 3.389 | 80.8% | 10.6% |
| 81415 | 291 | 0.273 | 3.027 | 0.327 | 3.648 | 83.0% | 9.0% |
| 81425 | 286 | 0.275 | 1.666 | 0.305 | 2.268 | 73.5% | 13.5% |
| 81435 | 302 | 0.284 | 1.782 | 0.395 | 2.483 | 71.8% | 15.9% |
| 81445 | 298 | 0.277 | 1.774 | 0.317 | 2.390 | 74.2% | 13.3% |
| 81455 | 296 | 0.310 | 1.557 | 0.330 | 2.218 | 70.2% | 14.9% |
| 81464 | 328 | 0.304 | 2.009 | 0.476 | 2.813 | 71.4% | 16.9% |
| 81474 | 315 | 0.262 | 1.602 | 0.421 | 2.308 | 69.4% | 18.2% |
| 81483 | 311 | 0.467 | 1.983 | 0.471 | 2.941 | 67.4% | 16.0% |
| 81493 | 326 | 0.293 | 1.775 | 0.420 | 2.511 | 70.7% | 16.7% |
| 81503 | 328 | 0.276 | 2.042 | 0.389 | 2.730 | 74.8% | 14.2% |
| 81513 | 338 | 0.310 | 2.119 | 0.465 | 2.916 | 72.7% | 16.0% |
| 81522 | 359 | 0.304 | 1.764 | 0.491 | 2.585 | 68.2% | 19.0% |
| 81535 | 367 | 0.298 | 2.355 | 0.476 | 3.156 | 74.6% | 15.1% |
| 81542 | 363 | 0.285 | 2.473 | 0.497 | 3.278 | 75.4% | 15.2% |
| 81552 | 371 | 0.341 | 2.433 | 0.519 | 3.321 | 73.3% | 15.6% |
| 81562 | 370 | 0.316 | 2.861 | 0.443 | 3.646 | 78.5% | 12.2% |
| 81572 | 349 | 0.331 | 3.625 | 0.544 | 4.524 | 80.1% | 12.0% |
| 81582 | 370 | 0.325 | 2.711 | 0.557 | 3.620 | 74.9% | 15.4% |
| 81592 | 365 | 0.402 | 4.250 | 0.403 | 5.081 | 83.7% | 7.9% |
| 81602 | 353 | 0.278 | 2.575 | 0.559 | 3.434 | 75.0% | 16.3% |
| 81612 | 352 | 0.324 | 2.794 | 0.490 | 3.631 | 76.9% | 13.5% |
| 81622 | 349 | 0.283 | 2.621 | 0.504 | 3.429 | 76.4% | 14.7% |
| 81632 | 345 | 0.314 | 4.439 | 0.406 | 5.184 | 85.6% | 7.8% |
| 81642 | 354 | 0.337 | 4.330 | 0.460 | 5.147 | 84.1% | 8.9% |
| 81653 | 343 | 0.351 | 4.851 | 0.406 | 5.631 | 86.1% | 7.2% |
| 81663 | 344 | 0.296 | 2.667 | 0.489 | 3.472 | 76.8% | 14.1% |
| 81674 | 328 | 0.284 | 2.668 | 0.451 | 3.425 | 77.9% | 13.2% |
| 81685 | 339 | 0.425 | 4.034 | 0.406 | 4.884 | 82.6% | 8.3% |
| 81692 | 347 | 0.387 | 3.284 | 0.657 | 4.352 | 75.5% | 15.1% |
| 81703 | 347 | 0.304 | 2.564 | 0.616 | 3.509 | 73.1% | 17.5% |
| 81713 | 352 | 0.310 | 2.961 | 0.576 | 3.872 | 76.5% | 14.9% |
| 81724 | 341 | 0.354 | 3.494 | 0.509 | 4.384 | 79.7% | 11.6% |
| 81734 | 331 | 0.324 | 3.270 | 0.549 | 4.168 | 78.4% | 13.2% |
| 81745 | 319 | 0.296 | 2.609 | 0.448 | 3.377 | 77.3% | 13.3% |
| 81752 | 332 | 0.292 | 2.203 | 0.416 | 2.932 | 75.1% | 14.2% |
| 81764 | 331 | 0.295 | 2.567 | 0.442 | 3.328 | 77.1% | 13.3% |
| 81775 | 320 | 0.320 | 3.550 | 0.452 | 4.347 | 81.7% | 10.4% |
| 81782 | 335 | 0.339 | 3.380 | 0.414 | 4.157 | 81.3% | 10.0% |
| 81793 | 323 | 0.380 | 3.100 | 0.520 | 4.023 | 77.1% | 12.9% |
| 81804 | 318 | 0.294 | 2.372 | 0.440 | 3.129 | 75.8% | 14.1% |
| 81815 | 323 | 0.338 | 3.557 | 0.460 | 4.378 | 81.3% | 10.5% |
| 81823 | 301 | 0.289 | 4.820 | 0.420 | 5.549 | 86.9% | 7.6% |
| 81834 | 318 | 0.377 | 2.335 | 0.407 | 3.141 | 74.4% | 13.0% |
| 81845 | 295 | 0.362 | 3.021 | 0.513 | 3.921 | 77.0% | 13.1% |
| 81853 | 280 | 0.277 | 1.945 | 0.317 | 2.557 | 76.1% | 12.4% |
| 81862 | 270 | 0.268 | 2.967 | 0.368 | 3.623 | 81.9% | 10.1% |
| 81871 | 277 | 0.266 | 2.405 | 0.381 | 3.073 | 78.3% | 12.4% |
| 81884 | 270 | 0.245 | 1.645 | 0.279 | 2.190 | 75.1% | 12.7% |
| 81895 | 277 | 0.253 | 1.750 | 0.371 | 2.393 | 73.2% | 15.5% |
| 81905 | 293 | 0.443 | 4.461 | 0.508 | 5.438 | 82.0% | 9.3% |
| 81915 | 316 | 0.309 | 2.973 | 0.495 | 3.801 | 78.2% | 13.0% |
| 81924 | 334 | 0.316 | 1.761 | 0.525 | 2.622 | 67.2% | 20.0% |
| 81933 | 359 | 0.320 | 1.576 | 0.507 | 2.427 | 64.9% | 20.9% |
| 81942 | 367 | 0.335 | 1.734 | 0.403 | 2.496 | 69.4% | 16.2% |
| 81954 | 393 | 0.350 | 2.234 | 0.522 | 3.136 | 71.2% | 16.7% |
| 81965 | 398 | 0.351 | 5.788 | 0.561 | 6.725 | 86.1% | 8.3% |
| 81975 | 396 | 0.338 | 2.814 | 0.565 | 3.744 | 75.2% | 15.1% |
| 81984 | 398 | 0.323 | 3.054 | 0.474 | 3.877 | 78.8% | 12.2% |
| 81993 | 400 | 0.400 | 3.021 | 0.690 | 4.137 | 73.0% | 16.7% |
| 82005 | 400 | 0.349 | 3.546 | 0.564 | 4.486 | 79.0% | 12.6% |
| 82014 | 398 | 0.401 | 4.316 | 0.568 | 5.317 | 81.2% | 10.7% |
| 82024 | 395 | 0.384 | 2.864 | 0.682 | 3.963 | 72.3% | 17.2% |
| 82033 | 372 | 0.332 | 2.417 | 0.526 | 3.304 | 73.2% | 15.9% |
| 82043 | 371 | 0.334 | 3.198 | 0.446 | 4.005 | 79.8% | 11.1% |
| 82053 | 355 | 0.331 | 4.547 | 0.430 | 5.334 | 85.2% | 8.1% |
| 82063 | 348 | 0.314 | 2.758 | 0.571 | 3.667 | 75.2% | 15.6% |
| 82074 | 336 | 0.304 | 2.064 | 0.425 | 2.817 | 73.3% | 15.1% |
| 82085 | 328 | 0.318 | 2.724 | 0.471 | 3.535 | 77.1% | 13.3% |
| 82092 | 315 | 0.261 | 3.268 | 0.532 | 4.083 | 80.0% | 13.0% |
| 82104 | 305 | 0.224 | 2.288 | 0.323 | 2.858 | 80.0% | 11.3% |
| 82112 | 313 | 0.378 | 2.456 | 0.424 | 3.290 | 74.7% | 12.9% |
| 82123 | 300 | 0.266 | 2.306 | 0.410 | 3.005 | 76.7% | 13.6% |
| 82135 | 289 | 0.261 | 5.411 | 0.416 | 6.110 | 88.6% | 6.8% |
| 82143 | 286 | 0.235 | 2.292 | 0.364 | 2.911 | 78.7% | 12.5% |
| 82155 | 284 | 0.249 | 2.394 | 0.368 | 3.035 | 78.9% | 12.1% |
| 82163 | 277 | 0.243 | 1.846 | 0.355 | 2.464 | 74.9% | 14.4% |
| 82172 | 282 | 0.249 | 1.735 | 0.356 | 2.362 | 73.4% | 15.1% |
| 82182 | 297 | 0.277 | 1.619 | 0.375 | 2.295 | 70.5% | 16.4% |
| 82192 | 323 | 0.528 | 2.107 | 0.419 | 3.078 | 68.5% | 13.6% |
| 82201 | 330 | 0.291 | 1.675 | 0.355 | 2.344 | 71.4% | 15.1% |
| 82211 | 330 | 0.319 | 1.902 | 0.445 | 2.692 | 70.6% | 16.5% |
| 82221 | 333 | 0.287 | 1.699 | 0.454 | 2.464 | 68.9% | 18.4% |
| 82235 | 364 | 0.346 | 2.978 | 0.509 | 3.860 | 77.1% | 13.2% |
| 82243 | 370 | 0.321 | 2.738 | 0.546 | 3.631 | 75.4% | 15.0% |
| 82255 | 382 | 0.329 | 2.448 | 0.529 | 3.333 | 73.4% | 15.9% |
| 82265 | 401 | 0.337 | 2.827 | 0.556 | 3.748 | 75.4% | 14.8% |
| 82274 | 416 | 0.311 | 2.954 | 0.604 | 3.898 | 75.8% | 15.5% |
| 82283 | 408 | 0.354 | 2.880 | 0.561 | 3.825 | 75.3% | 14.7% |
| 82295 | 407 | 0.392 | 3.011 | 0.559 | 3.986 | 75.5% | 14.0% |
| 82304 | 423 | 0.362 | 2.872 | 0.613 | 3.878 | 74.1% | 15.8% |
| 82313 | 421 | 0.377 | 3.046 | 0.521 | 3.971 | 76.7% | 13.1% |
| 82325 | 435 | 0.380 | 4.702 | 0.675 | 5.787 | 81.2% | 11.7% |
| 82334 | 430 | 0.354 | 2.953 | 0.581 | 3.919 | 75.4% | 14.8% |
| 82345 | 427 | 0.314 | 3.185 | 0.581 | 4.106 | 77.6% | 14.1% |
| 82354 | 401 | 0.658 | 3.276 | 0.602 | 4.556 | 71.9% | 13.2% |
| 82363 | 406 | 0.372 | 4.221 | 0.605 | 5.229 | 80.7% | 11.6% |
| 82373 | 400 | 0.328 | 2.793 | 0.551 | 3.707 | 75.4% | 14.9% |
| 82385 | 397 | 0.669 | 2.954 | 0.566 | 4.214 | 70.1% | 13.4% |
| 82394 | 396 | 0.320 | 2.771 | 0.570 | 3.691 | 75.1% | 15.4% |
| 82403 | 402 | 0.356 | 2.881 | 0.570 | 3.835 | 75.1% | 14.9% |
| 82413 | 398 | 0.351 | 3.049 | 0.712 | 4.144 | 73.6% | 17.2% |
| 82425 | 392 | 0.663 | 3.009 | 0.597 | 4.299 | 70.0% | 13.9% |
| 82435 | 388 | 0.331 | 3.732 | 0.556 | 4.644 | 80.4% | 12.0% |
| 82444 | 386 | 0.323 | 2.950 | 0.658 | 3.961 | 74.5% | 16.6% |
| 82453 | 403 | 0.332 | 3.026 | 0.485 | 3.874 | 78.1% | 12.5% |
| 82463 | 416 | 0.369 | 3.794 | 0.625 | 4.825 | 78.6% | 12.9% |
| 82475 | 402 | 0.459 | 4.308 | 0.603 | 5.410 | 79.6% | 11.2% |
| 82484 | 405 | 0.374 | 3.079 | 0.626 | 4.106 | 75.0% | 15.2% |
| 82493 | 402 | 0.356 | 3.636 | 0.589 | 4.620 | 78.7% | 12.8% |
| 82505 | 380 | 0.338 | 2.934 | 0.500 | 3.801 | 77.2% | 13.2% |
| 82515 | 347 | 0.342 | 2.682 | 0.500 | 3.545 | 75.7% | 14.1% |
| 82525 | 353 | 0.320 | 2.787 | 0.485 | 3.618 | 77.0% | 13.4% |
| 82532 | 355 | 0.313 | 5.332 | 0.550 | 6.223 | 85.7% | 8.8% |
| 82542 | 355 | 0.315 | 2.581 | 0.751 | 3.678 | 70.2% | 20.4% |
| 82553 | 353 | 0.288 | 2.517 | 0.465 | 3.297 | 76.4% | 14.1% |
| 82563 | 380 | 0.330 | 2.947 | 0.570 | 3.872 | 76.1% | 14.7% |
| 82573 | 371 | 0.341 | 2.741 | 0.567 | 3.676 | 74.6% | 15.4% |
| 82585 | 374 | 0.344 | 2.795 | 0.550 | 3.718 | 75.2% | 14.8% |
| 82595 | 371 | 0.351 | 3.700 | 0.630 | 4.708 | 78.6% | 13.4% |
| 82604 | 359 | 0.301 | 2.854 | 0.578 | 3.762 | 75.9% | 15.4% |
| 82614 | 354 | 0.295 | 2.729 | 0.494 | 3.543 | 77.0% | 13.9% |
| 82625 | 349 | 0.290 | 2.767 | 0.485 | 3.570 | 77.5% | 13.6% |
| 82632 | 334 | 0.315 | 2.648 | 0.461 | 3.446 | 76.8% | 13.4% |
| 82643 | 326 | 0.290 | 5.341 | 0.566 | 6.221 | 85.9% | 9.1% |
| 82654 | 309 | 0.278 | 2.757 | 0.477 | 3.537 | 78.0% | 13.5% |
| 82665 | 310 | 0.315 | 2.505 | 0.411 | 3.254 | 77.0% | 12.6% |
| 82673 | 302 | 0.272 | 2.438 | 0.426 | 3.159 | 77.2% | 13.5% |
| 82681 | 289 | 0.265 | 2.169 | 0.408 | 2.865 | 75.7% | 14.2% |
| 82694 | 286 | 0.298 | 3.451 | 0.423 | 4.194 | 82.3% | 10.1% |
| 82704 | 277 | 0.230 | 1.541 | 0.309 | 2.101 | 73.4% | 14.7% |
| 82714 | 279 | 0.229 | 1.512 | 0.315 | 2.074 | 72.9% | 15.2% |
| 82723 | 281 | 0.292 | 1.639 | 0.314 | 2.267 | 72.3% | 13.8% |
| 82733 | 265 | 0.304 | 1.959 | 0.347 | 2.626 | 74.6% | 13.2% |
| 82743 | 268 | 0.233 | 1.357 | 0.334 | 1.941 | 69.9% | 17.2% |
| 82753 | 255 | 0.237 | 1.654 | 0.381 | 2.293 | 72.2% | 16.6% |
| 82763 | 264 | 0.248 | 2.012 | 0.396 | 2.675 | 75.2% | 14.8% |
| 82773 | 265 | 0.239 | 1.250 | 0.273 | 1.780 | 70.2% | 15.3% |
| 82783 | 263 | 0.298 | 1.612 | 0.308 | 2.239 | 72.0% | 13.8% |
| 82793 | 283 | 0.249 | 1.253 | 0.355 | 1.876 | 66.8% | 18.9% |
| 82804 | 298 | 0.262 | 1.567 | 0.420 | 2.269 | 69.1% | 18.5% |
| 82814 | 337 | 0.300 | 1.630 | 0.427 | 2.381 | 68.5% | 17.9% |
| 82823 | 352 | 0.346 | 1.569 | 0.488 | 2.422 | 64.8% | 20.1% |
| 82833 | 362 | 0.299 | 1.684 | 0.537 | 2.544 | 66.2% | 21.1% |
| 82845 | 368 | 0.338 | 2.015 | 0.633 | 3.010 | 66.9% | 21.0% |
| 82853 | 360 | 0.368 | 2.270 | 0.518 | 3.188 | 71.2% | 16.3% |
| 82864 | 353 | 0.483 | 3.380 | 0.629 | 4.532 | 74.6% | 13.9% |
| 82874 | 347 | 0.300 | 2.501 | 0.533 | 3.356 | 74.5% | 15.9% |
| 82884 | 334 | 0.310 | 2.755 | 0.515 | 3.602 | 76.5% | 14.3% |
| 82895 | 326 | 0.325 | 2.664 | 0.453 | 3.464 | 76.9% | 13.1% |
| 82903 | 324 | 0.292 | 5.954 | 0.483 | 6.750 | 88.2% | 7.2% |
| 82913 | 330 | 0.279 | 2.598 | 0.399 | 3.297 | 78.8% | 12.1% |
| 82924 | 344 | 0.310 | 2.266 | 0.503 | 3.102 | 73.1% | 16.2% |
| 82934 | 341 | 0.289 | 2.050 | 0.484 | 2.846 | 72.0% | 17.0% |
| 82945 | 336 | 0.293 | 2.407 | 0.449 | 3.171 | 75.9% | 14.2% |
| 82952 | 331 | 0.339 | 2.741 | 0.475 | 3.578 | 76.6% | 13.3% |
| 82964 | 339 | 0.320 | 2.464 | 0.547 | 3.354 | 73.5% | 16.3% |
| 82975 | 325 | 0.415 | 2.801 | 0.434 | 3.672 | 76.3% | 11.8% |
| 82982 | 327 | 0.282 | 2.547 | 0.451 | 3.306 | 77.1% | 13.7% |
| 82993 | 310 | 0.285 | 2.233 | 0.518 | 3.057 | 73.0% | 16.9% |
| 83002 | 320 | 0.347 | 3.264 | 0.370 | 3.998 | 81.6% | 9.2% |
| 83011 | 329 | 0.276 | 1.702 | 0.365 | 2.365 | 72.0% | 15.4% |
| 83021 | 336 | 0.298 | 1.881 | 0.463 | 2.662 | 70.6% | 17.4% |
| 83035 | 336 | 0.305 | 2.509 | 0.491 | 3.328 | 75.4% | 14.8% |
| 83044 | 357 | 0.311 | 1.873 | 0.493 | 2.701 | 69.4% | 18.2% |
| 83052 | 348 | 0.350 | 2.593 | 0.483 | 3.463 | 74.9% | 13.9% |
| 83065 | 345 | 0.323 | 1.565 | 0.472 | 2.382 | 65.7% | 19.8% |
| 83074 | 351 | 0.316 | 2.062 | 0.447 | 2.847 | 72.4% | 15.7% |
| 83083 | 342 | 0.340 | 2.038 | 0.480 | 2.881 | 70.7% | 16.7% |
| 83093 | 354 | 0.316 | 1.717 | 0.494 | 2.548 | 67.4% | 19.4% |
| 83102 | 358 | 0.296 | 1.683 | 0.409 | 2.412 | 69.8% | 16.9% |
| 83115 | 365 | 0.325 | 1.948 | 0.437 | 2.734 | 71.3% | 16.0% |
| 83123 | 351 | 0.284 | 2.724 | 0.538 | 3.568 | 76.3% | 15.1% |
| 83133 | 356 | 0.331 | 3.578 | 0.615 | 4.548 | 78.7% | 13.5% |
| 83144 | 332 | 0.284 | 3.507 | 0.453 | 4.266 | 82.2% | 10.6% |
| 83154 | 321 | 0.282 | 2.606 | 0.446 | 3.354 | 77.7% | 13.3% |
| 83165 | 315 | 0.236 | 2.286 | 0.438 | 2.979 | 76.7% | 14.7% |
| 83173 | 299 | 0.273 | 4.706 | 0.358 | 5.359 | 87.8% | 6.7% |
| 83185 | 284 | 0.363 | 2.102 | 0.355 | 2.839 | 74.0% | 12.5% |
| 83193 | 296 | 0.267 | 2.342 | 0.425 | 3.056 | 76.6% | 13.9% |
| 83201 | 292 | 0.277 | 2.935 | 0.403 | 3.639 | 80.6% | 11.1% |
| 83213 | 301 | 0.289 | 2.104 | 0.341 | 2.753 | 76.4% | 12.4% |
| 83221 | 301 | 0.243 | 2.655 | 0.425 | 3.343 | 79.4% | 12.7% |
| 83234 | 286 | 0.248 | 2.227 | 0.483 | 2.975 | 74.8% | 16.2% |
| 83243 | 294 | 0.270 | 1.677 | 0.391 | 2.359 | 71.1% | 16.6% |
| 83253 | 300 | 0.276 | 2.160 | 0.425 | 2.883 | 74.9% | 14.7% |
| 83263 | 321 | 0.394 | 3.328 | 0.443 | 4.184 | 79.5% | 10.6% |
| 83272 | 330 | 0.319 | 3.324 | 0.527 | 4.193 | 79.3% | 12.6% |
| 83281 | 342 | 0.301 | 2.069 | 0.415 | 2.808 | 73.7% | 14.8% |
| 83295 | 357 | 0.319 | 1.798 | 0.509 | 2.650 | 67.8% | 19.2% |
| 83303 | 363 | 0.342 | 2.901 | 0.431 | 3.699 | 78.4% | 11.7% |
| 83315 | 356 | 0.350 | 2.363 | 0.541 | 3.280 | 72.0% | 16.5% |
| 83322 | 348 | 0.289 | 5.108 | 0.470 | 5.892 | 86.7% | 8.0% |
| 83333 | 350 | 0.325 | 2.569 | 0.596 | 3.514 | 73.1% | 16.9% |
| 83343 | 320 | 0.268 | 2.512 | 0.396 | 3.198 | 78.5% | 12.4% |
| 83355 | 310 | 0.285 | 2.571 | 0.439 | 3.320 | 77.5% | 13.2% |
| 83365 | 285 | 0.259 | 1.753 | 0.347 | 2.376 | 73.8% | 14.6% |
| 83375 | 292 | 0.263 | 1.648 | 0.495 | 2.428 | 67.9% | 20.4% |
| 83385 | 291 | 0.269 | 1.566 | 0.368 | 2.225 | 70.4% | 16.6% |
| 83395 | 296 | 0.327 | 1.863 | 0.469 | 2.679 | 69.5% | 17.5% |
| 83405 | 303 | 0.283 | 1.795 | 0.419 | 2.515 | 71.4% | 16.7% |
| 83415 | 291 | 0.265 | 1.576 | 0.305 | 2.167 | 72.7% | 14.1% |
| 83420 | 288 | 0.268 | 1.809 | 0.368 | 2.462 | 73.5% | 14.9% |
| 83431 | 295 | 0.278 | 1.615 | 0.378 | 2.289 | 70.5% | 16.5% |
| 83441 | 280 | 0.266 | 1.676 | 0.353 | 2.317 | 72.3% | 15.3% |
| 83451 | 280 | 0.272 | 1.787 | 0.324 | 2.401 | 74.4% | 13.5% |
| 83461 | 280 | 0.259 | 1.564 | 0.355 | 2.198 | 71.2% | 16.1% |
| 83472 | 278 | 0.337 | 2.894 | 0.366 | 3.614 | 80.1% | 10.1% |
| 83482 | 276 | 0.253 | 1.561 | 0.329 | 2.163 | 72.2% | 15.2% |
| 83492 | 278 | 0.249 | 1.558 | 0.309 | 2.131 | 73.1% | 14.5% |
| 83502 | 266 | 0.314 | 1.902 | 0.336 | 2.569 | 74.0% | 13.1% |
| 83512 | 266 | 0.282 | 1.596 | 0.370 | 2.268 | 70.4% | 16.3% |
| 83522 | 259 | 0.228 | 1.573 | 0.328 | 2.147 | 73.3% | 15.3% |
| 83533 | 265 | 0.250 | 1.834 | 0.351 | 2.454 | 74.7% | 14.3% |
| 83543 | 288 | 0.276 | 1.724 | 0.310 | 2.327 | 74.1% | 13.3% |
| 83553 | 300 | 0.292 | 1.784 | 0.414 | 2.512 | 71.0% | 16.5% |
| 83563 | 297 | 0.287 | 1.590 | 0.410 | 2.308 | 68.9% | 17.8% |
| 83573 | 294 | 0.301 | 4.135 | 0.323 | 4.780 | 86.5% | 6.8% |
| 83583 | 312 | 0.345 | 1.731 | 0.430 | 2.527 | 68.5% | 17.0% |
| 83592 | 315 | 0.298 | 1.604 | 0.355 | 2.278 | 70.4% | 15.6% |
| 83602 | 329 | 0.297 | 1.414 | 0.361 | 2.096 | 67.5% | 17.2% |
| 83612 | 343 | 0.344 | 1.498 | 0.501 | 2.364 | 63.4% | 21.2% |
| 83622 | 351 | 0.419 | 2.886 | 0.479 | 3.808 | 75.8% | 12.6% |
| 83635 | 343 | 0.352 | 3.118 | 0.488 | 3.992 | 78.1% | 12.2% |
| 83643 | 354 | 0.311 | 2.132 | 0.491 | 2.960 | 72.0% | 16.6% |
| 83654 | 342 | 0.306 | 3.869 | 0.400 | 4.600 | 84.1% | 8.7% |
| 83665 | 341 | 0.354 | 5.280 | 0.499 | 6.154 | 85.8% | 8.1% |
| 83672 | 341 | 0.322 | 2.717 | 0.474 | 3.537 | 76.8% | 13.4% |
| 83682 | 345 | 0.278 | 5.062 | 0.531 | 5.893 | 85.9% | 9.0% |
| 83693 | 326 | 0.319 | 2.699 | 0.541 | 3.582 | 75.3% | 15.1% |
| 83704 | 318 | 0.273 | 2.371 | 0.464 | 3.131 | 75.7% | 14.8% |
| 83715 | 319 | 0.412 | 2.880 | 0.436 | 3.750 | 76.8% | 11.6% |
| 83722 | 309 | 0.333 | 2.994 | 0.347 | 3.691 | 81.1% | 9.4% |
| 83734 | 301 | 0.296 | 2.454 | 0.397 | 3.168 | 77.5% | 12.5% |
| 83741 | 298 | 0.274 | 5.977 | 0.355 | 6.626 | 90.2% | 5.4% |
| 83753 | 296 | 0.310 | 3.324 | 0.399 | 4.056 | 82.0% | 9.8% |
| 83765 | 279 | 0.256 | 2.056 | 0.411 | 2.743 | 75.0% | 15.0% |
| 83774 | 273 | 0.271 | 3.242 | 0.366 | 3.900 | 83.1% | 9.4% |
| 83782 | 261 | 0.271 | 3.882 | 0.411 | 4.582 | 84.7% | 9.0% |
| 83791 | 255 | 0.245 | 1.889 | 0.373 | 2.524 | 74.8% | 14.8% |
| 83801 | 247 | 0.274 | 1.630 | 0.284 | 2.206 | 73.9% | 12.9% |
| 83811 | 242 | 0.242 | 1.652 | 0.298 | 2.208 | 74.8% | 13.5% |
| 83821 | 243 | 0.244 | 1.665 | 0.303 | 2.230 | 74.7% | 13.6% |
| 83831 | 227 | 0.220 | 1.542 | 0.257 | 2.037 | 75.7% | 12.6% |
| 83841 | 222 | 0.255 | 2.664 | 0.262 | 3.194 | 83.4% | 8.2% |
| 83852 | 225 | 0.191 | 1.561 | 0.242 | 2.009 | 77.7% | 12.1% |
| 83862 | 234 | 0.250 | 1.856 | 0.321 | 2.445 | 75.9% | 13.1% |
| 83872 | 242 | 0.257 | 1.647 | 0.308 | 2.231 | 73.8% | 13.8% |
| 83882 | 242 | 0.222 | 1.592 | 0.253 | 2.087 | 76.3% | 12.1% |
| 83892 | 254 | 0.325 | 2.096 | 0.434 | 2.874 | 72.9% | 15.1% |
| 83902 | 264 | 0.262 | 1.637 | 0.289 | 2.205 | 74.2% | 13.1% |
| 83913 | 265 | 0.251 | 1.573 | 0.368 | 2.213 | 71.1% | 16.6% |
| 83923 | 257 | 0.216 | 1.545 | 0.280 | 2.059 | 75.1% | 13.6% |
| 83933 | 260 | 0.226 | 1.604 | 0.354 | 2.203 | 72.8% | 16.1% |
| 83943 | 264 | 0.231 | 1.578 | 0.280 | 2.105 | 74.9% | 13.3% |
| 83953 | 271 | 0.249 | 1.718 | 0.490 | 2.476 | 69.4% | 19.8% |
| 83963 | 270 | 0.218 | 1.513 | 0.304 | 2.054 | 73.7% | 14.8% |
| 83974 | 272 | 0.238 | 1.569 | 0.301 | 2.124 | 73.9% | 14.2% |
| 83984 | 279 | 0.238 | 1.881 | 0.348 | 2.486 | 75.7% | 14.0% |
| 83994 | 290 | 0.306 | 1.659 | 0.404 | 2.389 | 69.5% | 16.9% |
| 84004 | 307 | 0.307 | 1.704 | 0.406 | 2.438 | 69.9% | 16.7% |
| 84014 | 300 | 0.271 | 1.963 | 0.405 | 2.659 | 73.8% | 15.2% |
| 84023 | 285 | 0.278 | 1.979 | 0.311 | 2.586 | 76.5% | 12.0% |
| 84033 | 285 | 0.255 | 1.474 | 0.349 | 2.097 | 70.3% | 16.6% |
| 84044 | 280 | 0.254 | 1.644 | 0.393 | 2.311 | 71.1% | 17.0% |
| 84054 | 292 | 0.260 | 1.617 | 0.337 | 2.231 | 72.4% | 15.1% |
| 84064 | 299 | 0.265 | 1.620 | 0.367 | 2.273 | 71.2% | 16.1% |
| 84074 | 309 | 0.256 | 1.797 | 0.348 | 2.424 | 74.2% | 14.3% |
| 84084 | 314 | 0.367 | 1.703 | 0.418 | 2.506 | 68.0% | 16.7% |
| 84094 | 322 | 0.277 | 1.712 | 0.434 | 2.443 | 70.1% | 17.8% |
| 84103 | 339 | 0.356 | 2.061 | 0.496 | 2.936 | 70.2% | 16.9% |
| 84112 | 351 | 0.339 | 3.597 | 0.513 | 4.469 | 80.5% | 11.5% |
| 84125 | 365 | 0.417 | 2.087 | 0.565 | 3.092 | 67.5% | 18.3% |
| 84133 | 362 | 0.501 | 2.364 | 0.534 | 3.421 | 69.1% | 15.6% |
| 84144 | 359 | 0.337 | 2.913 | 0.542 | 3.819 | 76.3% | 14.2% |
| 84154 | 342 | 0.341 | 3.366 | 0.493 | 4.225 | 79.7% | 11.7% |
| 84165 | 322 | 0.258 | 2.398 | 0.378 | 3.053 | 78.5% | 12.4% |
| 84172 | 339 | 0.309 | 3.503 | 0.490 | 4.327 | 80.9% | 11.3% |
| 84183 | 332 | 0.372 | 2.428 | 0.484 | 3.305 | 73.5% | 14.7% |
| 84194 | 325 | 0.282 | 3.383 | 0.456 | 4.141 | 81.7% | 11.0% |
| 84205 | 343 | 0.324 | 3.959 | 0.493 | 4.798 | 82.5% | 10.3% |
| 84215 | 339 | 0.271 | 2.110 | 0.496 | 2.903 | 72.7% | 17.1% |
| 84222 | 341 | 0.357 | 4.125 | 0.515 | 5.019 | 82.2% | 10.3% |
| 84233 | 338 | 0.311 | 3.090 | 0.522 | 3.946 | 78.3% | 13.2% |
| 84243 | 328 | 0.323 | 2.264 | 0.470 | 3.077 | 73.6% | 15.3% |
| 84254 | 322 | 0.350 | 5.014 | 0.382 | 5.769 | 86.9% | 6.6% |
| 84265 | 341 | 0.281 | 2.373 | 0.484 | 3.160 | 75.1% | 15.3% |
| 84272 | 341 | 0.360 | 2.684 | 0.457 | 3.526 | 76.1% | 13.0% |
| 84283 | 348 | 0.322 | 3.648 | 0.573 | 4.566 | 79.9% | 12.5% |
| 84293 | 342 | 0.323 | 2.446 | 0.479 | 3.271 | 74.8% | 14.6% |
| 84304 | 361 | 0.364 | 3.342 | 0.485 | 4.217 | 79.3% | 11.5% |
| 84313 | 366 | 0.349 | 3.697 | 0.565 | 4.632 | 79.8% | 12.2% |
| 84323 | 360 | 0.472 | 4.770 | 0.439 | 5.715 | 83.5% | 7.7% |
| 84334 | 358 | 0.337 | 4.267 | 0.537 | 5.165 | 82.6% | 10.4% |
| 84344 | 359 | 0.354 | 3.980 | 0.447 | 4.803 | 82.9% | 9.3% |
| 84354 | 376 | 0.380 | 2.744 | 0.568 | 3.715 | 73.9% | 15.3% |
| 84363 | 386 | 0.359 | 5.302 | 0.705 | 6.392 | 83.0% | 11.0% |
| 84372 | 406 | 0.400 | 3.008 | 0.592 | 4.025 | 74.7% | 14.7% |
| 84385 | 397 | 0.324 | 6.090 | 0.711 | 7.152 | 85.1% | 9.9% |
| 84394 | 402 | 0.386 | 2.919 | 0.487 | 3.818 | 76.5% | 12.7% |
| 84403 | 410 | 0.392 | 5.612 | 0.717 | 6.753 | 83.1% | 10.6% |
| 84415 | 408 | 0.428 | 2.890 | 0.555 | 3.901 | 74.1% | 14.2% |
| 84424 | 395 | 0.422 | 6.496 | 0.613 | 7.555 | 86.0% | 8.1% |
| 84433 | 388 | 0.335 | 2.538 | 0.598 | 3.500 | 72.5% | 17.1% |
| 84443 | 393 | 0.353 | 2.898 | 0.573 | 3.852 | 75.2% | 14.9% |
| 84455 | 383 | 0.319 | 2.870 | 0.552 | 3.765 | 76.2% | 14.7% |
| 84465 | 365 | 0.342 | 2.426 | 0.552 | 3.348 | 72.5% | 16.5% |
| 84475 | 347 | 0.318 | 3.032 | 0.439 | 3.811 | 79.6% | 11.5% |
| 84485 | 352 | 0.318 | 2.587 | 0.500 | 3.430 | 75.4% | 14.6% |
| 84492 | 346 | 0.299 | 3.013 | 0.582 | 3.918 | 76.9% | 14.8% |
| 84503 | 334 | 0.340 | 4.006 | 0.506 | 4.882 | 82.1% | 10.4% |
| 84513 | 322 | 0.304 | 3.370 | 0.529 | 4.226 | 79.8% | 12.5% |
| 84525 | 315 | 0.288 | 2.407 | 0.591 | 3.308 | 72.7% | 17.9% |
| 84532 | 325 | 0.340 | 2.812 | 0.485 | 3.670 | 76.6% | 13.2% |
| 84543 | 324 | 0.264 | 2.949 | 0.471 | 3.705 | 79.6% | 12.7% |
| 84554 | 302 | 0.303 | 3.493 | 0.417 | 4.237 | 82.4% | 9.8% |
| 84562 | 309 | 0.270 | 3.197 | 0.498 | 3.990 | 80.1% | 12.5% |
| 84573 | 318 | 0.291 | 2.543 | 0.473 | 3.329 | 76.4% | 14.2% |
| 84585 | 301 | 0.255 | 2.426 | 0.372 | 3.074 | 78.9% | 12.1% |
| 84592 | 306 | 0.280 | 2.515 | 0.415 | 3.231 | 77.8% | 12.9% |
| 84604 | 303 | 0.277 | 2.280 | 0.447 | 3.027 | 75.3% | 14.8% |
| 84612 | 299 | 0.285 | 2.129 | 0.345 | 2.780 | 76.6% | 12.4% |
| 84624 | 291 | 0.247 | 2.132 | 0.387 | 2.786 | 76.5% | 13.9% |
| 84632 | 305 | 0.306 | 4.013 | 0.351 | 4.702 | 85.4% | 7.5% |
| 84643 | 309 | 0.319 | 4.629 | 0.360 | 5.331 | 86.8% | 6.7% |
| 84651 | 302 | 0.281 | 2.759 | 0.399 | 3.461 | 79.7% | 11.5% |
| 84665 | 319 | 0.320 | 1.995 | 0.435 | 2.773 | 71.9% | 15.7% |
| 84674 | 334 | 0.332 | 2.882 | 0.380 | 3.619 | 79.6% | 10.5% |
| 84683 | 339 | 0.338 | 1.787 | 0.412 | 2.563 | 69.7% | 16.1% |
| 84693 | 337 | 0.311 | 1.626 | 0.487 | 2.449 | 66.4% | 19.9% |
| 84702 | 323 | 0.306 | 1.625 | 0.394 | 2.346 | 69.2% | 16.8% |
| 84712 | 329 | 0.309 | 1.622 | 0.452 | 2.406 | 67.4% | 18.8% |
| 84721 | 330 | 0.290 | 2.068 | 0.487 | 2.868 | 72.1% | 17.0% |
| 84731 | 358 | 0.350 | 1.723 | 0.505 | 2.604 | 66.2% | 19.4% |
| 84744 | 370 | 0.378 | 2.109 | 0.594 | 3.108 | 67.8% | 19.1% |
| 84752 | 373 | 0.361 | 2.963 | 0.549 | 3.897 | 76.0% | 14.1% |
| 84764 | 363 | 0.313 | 2.668 | 0.515 | 3.518 | 75.8% | 14.6% |
| 84774 | 362 | 0.361 | 2.644 | 0.570 | 3.601 | 73.4% | 15.8% |
| 84784 | 375 | 0.335 | 3.018 | 0.582 | 3.959 | 76.2% | 14.7% |
| 84794 | 374 | 0.324 | 2.591 | 0.563 | 3.503 | 74.0% | 16.1% |
| 84804 | 382 | 0.324 | 3.032 | 0.488 | 3.872 | 78.3% | 12.6% |
| 84813 | 375 | 0.345 | 2.890 | 0.619 | 3.880 | 74.5% | 16.0% |
| 84823 | 380 | 0.354 | 2.705 | 0.489 | 3.577 | 75.6% | 13.7% |
| 84833 | 378 | 0.331 | 2.638 | 0.572 | 3.568 | 73.9% | 16.0% |
| 84842 | 398 | 0.342 | 3.359 | 0.524 | 4.251 | 79.0% | 12.3% |
| 84854 | 387 | 0.356 | 2.805 | 0.595 | 3.783 | 74.1% | 15.7% |
| 84864 | 388 | 0.342 | 3.180 | 0.698 | 4.246 | 74.9% | 16.4% |
| 84873 | 376 | 0.368 | 3.998 | 0.565 | 4.958 | 80.6% | 11.4% |
| 84883 | 368 | 0.353 | 2.826 | 0.545 | 3.750 | 75.3% | 14.5% |
| 84893 | 355 | 0.325 | 3.992 | 0.565 | 4.906 | 81.4% | 11.5% |
| 84903 | 325 | 0.308 | 2.445 | 0.464 | 3.238 | 75.5% | 14.3% |
| 84914 | 315 | 0.284 | 4.032 | 0.542 | 4.881 | 82.6% | 11.1% |
| 84925 | 313 | 0.326 | 5.417 | 0.701 | 6.468 | 83.8% | 10.8% |
| 84932 | 303 | 0.261 | 2.472 | 0.462 | 3.217 | 76.9% | 14.4% |
| 84944 | 282 | 0.309 | 2.627 | 0.456 | 3.409 | 77.0% | 13.4% |
| 84952 | 260 | 0.236 | 3.229 | 0.341 | 3.825 | 84.4% | 8.9% |
| 84961 | 255 | 0.218 | 1.567 | 0.364 | 2.167 | 72.3% | 16.8% |
| 84971 | 268 | 0.250 | 1.575 | 0.369 | 2.214 | 71.1% | 16.7% |
| 84981 | 275 | 0.224 | 1.656 | 0.386 | 2.286 | 72.4% | 16.9% |
| 84991 | 282 | 0.272 | 1.765 | 0.344 | 2.400 | 73.5% | 14.3% |
| 85001 | 283 | 0.273 | 2.762 | 0.324 | 3.379 | 81.7% | 9.6% |
| 85012 | 285 | 0.319 | 1.630 | 0.404 | 2.373 | 68.7% | 17.0% |
| 85021 | 285 | 0.260 | 1.609 | 0.398 | 2.288 | 70.3% | 17.4% |
| 85031 | 281 | 0.271 | 1.573 | 0.392 | 2.257 | 69.7% | 17.4% |
| 85042 | 286 | 0.210 | 1.373 | 0.316 | 1.919 | 71.6% | 16.5% |
| 85052 | 284 | 0.283 | 1.937 | 0.496 | 2.737 | 70.7% | 18.1% |
| 85062 | 275 | 0.248 | 1.759 | 0.331 | 2.359 | 74.6% | 14.1% |
| 85072 | 274 | 0.276 | 2.060 | 0.362 | 2.715 | 75.9% | 13.3% |
| 85082 | 278 | 0.281 | 2.293 | 0.372 | 2.963 | 77.4% | 12.5% |
| 85092 | 297 | 0.311 | 1.787 | 0.418 | 2.536 | 70.5% | 16.5% |
| 85102 | 301 | 0.310 | 1.548 | 0.357 | 2.233 | 69.3% | 16.0% |
| 85112 | 309 | 0.315 | 2.224 | 0.504 | 3.066 | 72.5% | 16.4% |
| 85122 | 313 | 0.320 | 2.220 | 0.485 | 3.046 | 72.9% | 15.9% |
| 85131 | 320 | 0.292 | 1.606 | 0.392 | 2.313 | 69.4% | 16.9% |
| 85141 | 338 | 0.309 | 1.599 | 0.417 | 2.348 | 68.1% | 17.8% |
| 85155 | 348 | 0.308 | 1.768 | 0.490 | 2.611 | 67.7% | 18.8% |
| 85164 | 364 | 0.303 | 1.825 | 0.448 | 2.598 | 70.2% | 17.2% |
| 85173 | 367 | 0.419 | 4.226 | 0.591 | 5.259 | 80.4% | 11.2% |
| 85185 | 369 | 0.267 | 2.980 | 0.525 | 3.794 | 78.5% | 13.8% |
| 85192 | 378 | 0.364 | 2.921 | 0.526 | 3.837 | 76.1% | 13.7% |
| 85205 | 394 | 0.393 | 2.912 | 0.558 | 3.891 | 74.9% | 14.4% |
| 85214 | 413 | 0.385 | 3.563 | 0.706 | 4.692 | 75.9% | 15.0% |
| 85223 | 420 | 0.357 | 3.582 | 0.719 | 4.687 | 76.4% | 15.3% |
| 85235 | 417 | 0.400 | 5.801 | 0.653 | 6.885 | 84.2% | 9.5% |
| 85244 | 411 | 0.365 | 2.791 | 0.627 | 3.808 | 73.3% | 16.5% |
| 85253 | 428 | 0.455 | 3.182 | 0.674 | 4.340 | 73.3% | 15.5% |
| 85265 | 413 | 0.379 | 3.991 | 0.588 | 4.987 | 80.0% | 11.8% |
| 85274 | 413 | 0.373 | 3.393 | 0.695 | 4.489 | 75.6% | 15.5% |
| 85283 | 425 | 0.373 | 3.172 | 0.634 | 4.205 | 75.4% | 15.1% |
| 85294 | 408 | 0.328 | 3.479 | 0.520 | 4.356 | 79.9% | 11.9% |
| 85303 | 391 | 0.349 | 2.785 | 0.625 | 3.785 | 73.6% | 16.5% |
| 85312 | 381 | 0.302 | 2.661 | 0.599 | 3.585 | 74.2% | 16.7% |
| 85325 | 381 | 0.315 | 2.798 | 0.535 | 3.670 | 76.3% | 14.6% |
| 85335 | 387 | 0.327 | 6.354 | 0.566 | 7.276 | 87.3% | 7.8% |
| 85344 | 388 | 0.368 | 3.067 | 0.653 | 4.113 | 74.6% | 15.9% |
| 85353 | 383 | 0.480 | 5.542 | 0.717 | 6.779 | 81.8% | 10.6% |
| 85362 | 382 | 0.335 | 4.050 | 0.569 | 4.986 | 81.2% | 11.4% |
| 85375 | 396 | 0.327 | 2.786 | 0.560 | 3.702 | 75.3% | 15.1% |
| 85384 | 395 | 0.334 | 3.043 | 0.606 | 4.010 | 75.9% | 15.1% |
| 85394 | 383 | 0.357 | 4.210 | 0.646 | 5.237 | 80.4% | 12.3% |
| 85403 | 371 | 0.302 | 2.853 | 0.585 | 3.762 | 75.8% | 15.5% |
| 85413 | 363 | 0.371 | 4.177 | 0.536 | 5.118 | 81.6% | 10.5% |
| 85423 | 344 | 0.302 | 3.378 | 0.553 | 4.264 | 79.2% | 13.0% |
| 85433 | 341 | 0.374 | 4.204 | 0.549 | 5.150 | 81.6% | 10.7% |
| 85443 | 326 | 0.310 | 3.961 | 0.404 | 4.701 | 84.3% | 8.6% |
| 85454 | 303 | 0.273 | 3.196 | 0.813 | 4.305 | 74.2% | 18.9% |
| 85462 | 285 | 0.293 | 2.421 | 0.401 | 3.136 | 77.2% | 12.8% |
| 85474 | 281 | 0.265 | 2.338 | 0.369 | 2.990 | 78.2% | 12.3% |
| 85482 | 285 | 0.265 | 1.728 | 0.344 | 2.358 | 73.3% | 14.6% |
| 85492 | 294 | 0.286 | 2.119 | 0.327 | 2.753 | 77.0% | 11.9% |
| 85502 | 277 | 0.257 | 1.729 | 0.376 | 2.381 | 72.6% | 15.8% |
| 85512 | 295 | 0.267 | 1.462 | 0.308 | 2.056 | 71.1% | 15.0% |
| 85523 | 292 | 0.239 | 1.554 | 0.317 | 2.137 | 72.7% | 14.8% |
| 85533 | 300 | 0.256 | 1.705 | 0.388 | 2.368 | 72.0% | 16.4% |
| 85542 | 308 | 0.269 | 2.045 | 0.461 | 2.795 | 73.2% | 16.5% |
| 85552 | 303 | 0.255 | 1.556 | 0.317 | 2.151 | 72.3% | 14.8% |
| 85562 | 301 | 0.273 | 1.615 | 0.379 | 2.287 | 70.6% | 16.6% |
| 85572 | 301 | 0.388 | 3.095 | 0.408 | 3.912 | 79.1% | 10.4% |
| 85582 | 301 | 0.261 | 2.004 | 0.396 | 2.683 | 74.7% | 14.7% |
| 85592 | 303 | 0.559 | 1.963 | 0.429 | 2.969 | 66.1% | 14.4% |
| 85602 | 288 | 0.349 | 2.060 | 0.378 | 2.807 | 73.4% | 13.5% |
| 85611 | 278 | 0.256 | 1.792 | 0.383 | 2.449 | 73.2% | 15.6% |
| 85622 | 286 | 0.287 | 1.639 | 0.375 | 2.326 | 70.5% | 16.1% |
| 85632 | 272 | 0.403 | 1.649 | 0.314 | 2.384 | 69.2% | 13.2% |
| 85642 | 265 | 0.250 | 1.569 | 0.343 | 2.182 | 71.9% | 15.7% |
| 85652 | 283 | 0.250 | 1.642 | 0.307 | 2.220 | 74.0% | 13.8% |
| 85662 | 280 | 0.236 | 1.579 | 0.404 | 2.240 | 70.5% | 18.0% |
| 85673 | 291 | 0.319 | 1.872 | 0.368 | 2.581 | 72.5% | 14.3% |
| 85683 | 300 | 0.332 | 2.025 | 0.497 | 2.875 | 70.5% | 17.3% |
| 85693 | 297 | 0.303 | 1.785 | 0.315 | 2.424 | 73.6% | 13.0% |
| 85702 | 307 | 0.283 | 1.826 | 0.344 | 2.474 | 73.8% | 13.9% |
| 85712 | 313 | 0.269 | 1.519 | 0.345 | 2.154 | 70.5% | 16.0% |
| 85722 | 320 | 0.279 | 1.553 | 0.354 | 2.209 | 70.3% | 16.0% |
| 85732 | 325 | 0.266 | 1.603 | 0.373 | 2.266 | 70.8% | 16.5% |
| 85742 | 336 | 0.335 | 1.939 | 0.386 | 2.683 | 72.3% | 14.4% |
| 85751 | 329 | 0.301 | 1.587 | 0.458 | 2.369 | 67.0% | 19.3% |
| 85765 | 347 | 0.303 | 2.186 | 0.485 | 2.998 | 72.9% | 16.2% |
| 85774 | 358 | 0.400 | 3.948 | 0.530 | 4.905 | 80.5% | 10.8% |
| 85784 | 323 | 0.302 | 2.685 | 0.438 | 3.445 | 77.9% | 12.7% |
| 85795 | 329 | 0.300 | 2.270 | 0.468 | 3.061 | 74.2% | 15.3% |
| 85802 | 303 | 0.297 | 3.366 | 0.424 | 4.108 | 81.9% | 10.3% |
| 85814 | 303 | 0.339 | 1.888 | 0.405 | 2.651 | 71.2% | 15.3% |
| 85822 | 293 | 0.253 | 2.292 | 0.467 | 3.034 | 75.5% | 15.4% |
| 85830 | 308 | 0.275 | 1.884 | 0.438 | 2.619 | 71.9% | 16.7% |
| 85840 | 299 | 0.322 | 1.861 | 0.385 | 2.589 | 71.9% | 14.9% |
| 85855 | 307 | 0.278 | 2.077 | 0.347 | 2.721 | 76.3% | 12.8% |
| 85865 | 311 | 0.289 | 1.902 | 0.489 | 2.703 | 70.4% | 18.1% |
| 85874 | 317 | 0.337 | 2.129 | 0.443 | 2.932 | 72.6% | 15.1% |
| 85884 | 306 | 0.253 | 1.349 | 0.340 | 1.965 | 68.6% | 17.3% |
| 85894 | 306 | 0.274 | 1.866 | 0.351 | 2.514 | 74.2% | 14.0% |
| 85903 | 320 | 0.297 | 1.610 | 0.367 | 2.297 | 70.1% | 16.0% |
| 85913 | 319 | 0.266 | 1.616 | 0.453 | 2.359 | 68.5% | 19.2% |
| 85922 | 336 | 0.302 | 1.737 | 0.483 | 2.546 | 68.2% | 19.0% |
| 85931 | 337 | 0.320 | 1.696 | 0.396 | 2.437 | 69.6% | 16.3% |
| 85945 | 331 | 0.271 | 1.731 | 0.451 | 2.476 | 69.9% | 18.2% |
| 85954 | 325 | 0.294 | 1.825 | 0.481 | 2.623 | 69.6% | 18.3% |
| 85964 | 326 | 0.351 | 2.602 | 0.388 | 3.365 | 77.3% | 11.5% |
| 85974 | 319 | 0.327 | 4.163 | 0.463 | 4.980 | 83.6% | 9.3% |
| 85983 | 317 | 0.362 | 1.626 | 0.440 | 2.448 | 66.4% | 18.0% |
| 85993 | 321 | 0.279 | 1.594 | 0.491 | 2.385 | 66.9% | 20.6% |
| 86003 | 340 | 0.272 | 1.588 | 0.401 | 2.285 | 69.5% | 17.5% |
| 86012 | 335 | 0.264 | 1.738 | 0.512 | 2.537 | 68.5% | 20.2% |
| 86022 | 330 | 0.290 | 2.020 | 0.468 | 2.801 | 72.1% | 16.7% |
| 86032 | 325 | 0.253 | 1.604 | 0.371 | 2.250 | 71.3% | 16.5% |
| 86042 | 308 | 0.270 | 1.600 | 0.407 | 2.299 | 69.6% | 17.7% |
| 86052 | 303 | 0.299 | 1.457 | 0.405 | 2.181 | 66.8% | 18.6% |
| 86065 | 308 | 0.267 | 1.658 | 0.537 | 2.482 | 66.8% | 21.6% |
| 86075 | 311 | 0.318 | 1.610 | 0.409 | 2.356 | 68.3% | 17.4% |
| 86084 | 311 | 0.317 | 1.604 | 0.454 | 2.396 | 66.9% | 18.9% |
| 86091 | 314 | 0.348 | 1.590 | 0.364 | 2.320 | 68.5% | 15.7% |
| 86101 | 332 | 0.320 | 1.133 | 0.421 | 1.898 | 59.7% | 22.2% |
| 86115 | 349 | 0.342 | 1.968 | 0.628 | 2.960 | 66.5% | 21.2% |
| 86125 | 334 | 0.341 | 2.156 | 0.486 | 3.008 | 71.7% | 16.2% |
| 86135 | 324 | 0.343 | 1.867 | 0.472 | 2.701 | 69.1% | 17.5% |
| 86142 | 311 | 0.366 | 2.568 | 0.518 | 3.477 | 73.8% | 14.9% |
| 86155 | 317 | 0.397 | 5.868 | 0.645 | 6.932 | 84.7% | 9.3% |
| 86165 | 286 | 0.325 | 3.161 | 0.512 | 4.018 | 78.7% | 12.7% |
| 86173 | 284 | 0.310 | 3.208 | 0.386 | 3.922 | 81.8% | 9.8% |
| 86184 | 266 | 0.300 | 3.760 | 0.446 | 4.530 | 83.0% | 9.8% |
| 86194 | 266 | 0.273 | 4.653 | 0.402 | 5.346 | 87.0% | 7.5% |
| 86204 | 256 | 0.309 | 2.436 | 0.294 | 3.060 | 79.6% | 9.6% |
| 86214 | 257 | 0.279 | 2.103 | 0.366 | 2.765 | 76.1% | 13.2% |
| 86225 | 247 | 0.235 | 2.482 | 0.259 | 2.991 | 83.0% | 8.6% |
| 86233 | 249 | 0.294 | 3.228 | 0.361 | 3.903 | 82.7% | 9.2% |
| 86243 | 247 | 0.300 | 2.705 | 0.447 | 3.469 | 78.0% | 12.9% |
| 86254 | 236 | 0.266 | 2.365 | 0.299 | 2.952 | 80.1% | 10.1% |
| 86265 | 231 | 0.264 | 2.495 | 0.387 | 3.166 | 78.8% | 12.2% |
| 86275 | 228 | 0.307 | 3.678 | 0.588 | 4.595 | 80.0% | 12.8% |
| 86283 | 233 | 0.350 | 2.625 | 0.322 | 3.315 | 79.2% | 9.7% |
| 86295 | 245 | 0.224 | 2.631 | 0.324 | 3.198 | 82.3% | 10.1% |
