# Target Pref 演化日志

| 时间 | 生物 | 平均条目 | 最大条目 | min~max | top偏好(源→目标=均值×种群数) |
|------|------|----------|----------|---------|------------------------------|
| 10 | 50 | 0.00 | 0 | 1.00~1.00 |  |
| 20 | 79 | 1.48 | 2 | 0.68~1.30 | (15→13=0.70×3) (13→14=1.30×1) (24→13=1.30×1) (-23→-24=1.30×2) (-5→-21=0.71×1) |
| 31 | 82 | 1.57 | 2 | 0.68~1.30 | (15→13=0.70×3) (13→14=1.30×1) (24→13=1.30×1) (-23→-24=1.30×2) (-5→-21=0.71×1) |
| 41 | 105 | 2.47 | 2 | 0.67~1.30 | (15→13=0.69×3) (24→13=1.30×2) (-23→-24=1.30×5) (-5→-21=0.71×1) (-16→-31=0.71×1) |
| 51 | 105 | 2.45 | 2 | 0.67~1.30 | (15→13=0.69×3) (24→13=1.30×2) (-23→-24=1.30×4) (-5→-21=0.71×1) (-16→-31=0.71×1) |
| 61 | 113 | 2.65 | 2 | 0.67~1.30 | (15→13=0.69×3) (2→28=0.70×2) (2→14=0.70×1) (24→13=1.30×3) (-23→-24=1.30×4) |
| 71 | 116 | 2.83 | 2 | 0.67~1.30 | (15→13=0.69×3) (2→28=0.70×2) (2→14=0.70×1) (24→13=1.30×3) (-23→-24=1.30×4) |
| 81 | 122 | 2.93 | 2 | 0.67~1.30 | (15→13=0.69×3) (2→28=0.70×2) (2→14=0.70×1) (-23→-24=1.30×5) (-5→-21=0.71×2) |
| 92 | 122 | 2.90 | 2 | 0.67~1.30 | (2→28=0.68×1) (15→13=0.69×3) (2→14=0.70×1) (-23→-24=1.30×4) (-5→-21=0.71×2) |
| 102 | 125 | 3.02 | 2 | 0.67~1.30 | (2→28=0.68×1) (15→13=0.69×3) (2→14=0.70×1) (-23→-24=1.30×5) (-5→-21=0.71×2) |
| 112 | 123 | 3.02 | 2 | 0.67~1.30 | (2→28=0.68×1) (15→13=0.69×3) (2→14=0.70×1) (-23→-24=1.30×5) (-5→-21=0.71×2) |
| 123 | 122 | 3.07 | 2 | 0.67~1.30 | (2→28=0.68×1) (15→13=0.69×3) (2→14=0.70×1) (-23→-24=1.30×5) (-5→-21=0.71×2) |
| 133 | 122 | 2.93 | 2 | 0.67~1.30 | (2→28=0.68×1) (15→13=0.69×2) (2→14=0.70×1) (-23→-24=1.30×4) (-5→-21=0.71×2) |
| 143 | 118 | 2.89 | 2 | 0.67~1.30 | (2→28=0.68×1) (15→13=0.69×2) (2→14=0.70×1) (-23→-24=1.30×4) (-5→-21=0.71×2) |
| 153 | 114 | 2.66 | 2 | 0.67~1.30 | (15→13=0.67×1) (2→28=0.68×1) (2→14=0.70×1) (-23→-24=1.30×4) (-5→-21=0.71×2) |
| 163 | 113 | 2.60 | 2 | 0.67~1.30 | (15→13=0.67×1) (2→14=0.70×1) (-23→-24=1.30×3) (-5→-21=0.71×2) (-16→-31=0.71×1) |
| 173 | 109 | 2.47 | 2 | 0.70~1.30 | (2→14=0.70×1) (-23→-24=1.30×3) (-5→-21=0.71×2) (-16→-31=0.71×1) (24→13=1.29×4) |
| 183 | 105 | 2.38 | 2 | 0.70~1.30 | (2→14=0.70×1) (-23→-24=1.30×2) (-5→-21=0.71×2) (-16→-31=0.71×1) (24→13=1.29×4) |
| 193 | 103 | 2.43 | 2 | 0.70~1.30 | (2→14=0.70×1) (-23→-24=1.30×2) (-5→-21=0.71×2) (-16→-31=0.71×1) (24→13=1.29×4) |
| 203 | 104 | 2.48 | 2 | 0.70~1.30 | (2→14=0.70×1) (-23→-24=1.30×2) (-5→-21=0.71×2) (-16→-31=0.71×1) (24→13=1.29×4) |
| 213 | 100 | 2.31 | 2 | 0.70~1.52 | (-13→-11=1.38×2) (2→14=0.70×1) (13→23=0.70×1) (24→13=1.30×2) (-23→-24=1.30×2) |
| 223 | 101 | 2.31 | 2 | 0.70~1.52 | (-13→-11=1.38×2) (2→14=0.70×1) (13→23=0.70×1) (24→13=1.30×2) (-23→-24=1.30×2) |
| 233 | 103 | 2.21 | 2 | 0.70~1.52 | (-13→-11=1.38×2) (2→14=0.70×1) (13→23=0.70×1) (24→13=1.30×2) (-23→-24=1.30×1) |
| 243 | 104 | 2.20 | 2 | 0.70~1.52 | (-13→-11=1.38×2) (2→14=0.70×1) (13→23=0.70×1) (24→13=1.30×2) (-23→-24=1.30×1) |
| 253 | 107 | 2.35 | 2 | 0.70~1.52 | (-13→-11=1.38×2) (2→14=0.70×1) (13→23=0.70×1) (24→13=1.30×2) (-23→-24=1.30×1) |
| 263 | 108 | 2.29 | 2 | 0.70~1.52 | (-13→-11=1.38×2) (2→14=0.70×1) (13→23=0.70×1) (24→13=1.30×1) (-23→-24=1.30×1) |
| 273 | 109 | 2.30 | 2 | 0.70~1.52 | (-13→-11=1.38×2) (2→14=0.70×1) (13→23=0.70×1) (24→13=1.30×1) (-23→-24=1.30×1) |
| 284 | 108 | 2.29 | 2 | 0.70~1.52 | (-13→-11=1.38×2) (2→14=0.70×1) (13→23=0.70×1) (24→13=1.30×1) (-6→-17=1.29×1) |
| 294 | 107 | 2.32 | 2 | 0.70~1.52 | (-13→-11=1.38×2) (13→23=0.70×1) (24→13=1.30×1) (-6→-17=1.29×1) (-14→17=1.29×1) |
| 304 | 109 | 2.44 | 2 | 0.69~1.52 | (-13→-11=1.38×2) (13→23=0.70×1) (24→13=1.30×1) (-6→-17=1.29×1) (-14→17=1.29×1) |
| 315 | 109 | 2.50 | 2 | 0.69~1.52 | (-13→-11=1.38×2) (13→23=0.70×1) (24→13=1.30×1) (-6→-17=1.29×1) (-14→17=1.29×1) |
| 325 | 108 | 2.43 | 2 | 0.69~1.52 | (-13→-11=1.38×2) (13→23=0.70×1) (24→13=1.30×1) (-6→-17=1.29×1) (-14→17=1.29×1) |
| 335 | 109 | 2.50 | 2 | 0.69~1.52 | (-13→-11=1.38×2) (13→23=0.70×1) (24→13=1.30×1) (-6→-17=1.29×1) (-14→17=1.29×1) |
| 346 | 111 | 2.51 | 2 | 0.69~1.52 | (-13→-11=1.38×2) (13→23=0.70×1) (24→13=1.30×1) (-6→-17=1.29×1) (-14→17=1.29×2) |
| 356 | 111 | 2.36 | 2 | 0.70~1.30 | (13→23=0.70×1) (24→13=1.30×1) (-6→-17=1.29×1) (-14→17=1.29×2) (-5→-21=0.71×2) |
| 366 | 111 | 2.40 | 2 | 0.70~1.30 | (13→23=0.70×1) (24→13=1.30×1) (-20→1=1.29×1) (-14→17=1.29×3) (-5→-21=0.71×2) |
| 377 | 109 | 2.35 | 2 | 0.70~1.30 | (13→23=0.70×1) (24→13=1.30×1) (-20→1=1.29×1) (-14→17=1.29×3) (-5→-21=0.71×2) |
| 387 | 109 | 2.27 | 2 | 0.70~1.30 | (13→23=0.70×1) (24→13=1.30×1) (-20→1=1.29×1) (-14→17=1.29×3) (-5→-21=0.71×2) |
| 397 | 110 | 2.36 | 2 | 0.70~1.30 | (13→23=0.70×1) (24→13=1.30×1) (-20→1=1.29×1) (-14→17=1.29×4) (-5→-21=0.71×2) |
| 408 | 110 | 2.34 | 2 | 0.70~1.30 | (13→23=0.70×1) (24→13=1.30×1) (-20→1=1.29×1) (-14→17=1.29×4) (-5→-21=0.71×2) |
| 418 | 114 | 2.42 | 2 | 0.70~1.30 | (13→23=0.70×1) (24→13=1.30×1) (-20→1=1.29×1) (-14→17=1.29×4) (-5→-21=0.71×2) |
| 428 | 117 | 2.50 | 2 | 0.70~1.30 | (13→23=0.70×1) (24→13=1.30×1) (-20→1=1.29×1) (-14→17=1.29×4) (-5→-21=0.71×2) |
| 439 | 115 | 2.47 | 2 | 0.70~1.30 | (13→23=0.70×1) (24→13=1.30×1) (-20→1=1.29×1) (-14→17=1.29×4) (-5→-21=0.71×2) |
| 449 | 114 | 2.40 | 2 | 0.70~1.30 | (13→23=0.70×1) (24→13=1.30×1) (-20→1=1.29×1) (-14→17=1.29×4) (-5→-21=0.71×2) |
| 459 | 117 | 2.47 | 2 | 0.70~1.30 | (13→23=0.70×1) (24→13=1.30×1) (-20→1=1.29×1) (-14→17=1.29×4) (-5→-21=0.71×2) |
| 470 | 115 | 2.43 | 2 | 0.70~1.30 | (13→23=0.70×1) (24→13=1.30×1) (-20→1=1.29×1) (-14→17=1.29×4) (-5→-21=0.71×2) |
| 480 | 116 | 2.38 | 2 | 0.70~1.30 | (13→23=0.70×1) (24→13=1.30×1) (-20→1=1.29×1) (-14→17=1.29×4) (-5→-21=0.71×2) |
| 490 | 116 | 2.28 | 2 | 0.70~1.30 | (13→23=0.70×1) (24→13=1.30×1) (-20→1=1.29×1) (-14→17=1.29×4) (-5→-21=0.71×2) |
| 501 | 114 | 2.31 | 2 | 0.70~1.30 | (13→23=0.70×1) (24→13=1.30×1) (-20→1=1.29×1) (-14→17=1.29×4) (-5→-21=0.71×2) |
| 511 | 116 | 2.28 | 2 | 0.70~1.30 | (13→23=0.70×1) (24→13=1.30×1) (-20→1=1.29×1) (-14→17=1.29×4) (-5→-21=0.71×2) |
| 521 | 114 | 2.19 | 2 | 0.70~1.30 | (13→23=0.70×1) (24→13=1.30×1) (-20→1=1.29×1) (-14→17=1.29×4) (-5→-21=0.71×2) |
| 531 | 114 | 2.17 | 2 | 0.70~1.30 | (13→23=0.70×1) (24→13=1.30×1) (-20→1=1.29×1) (-14→17=1.29×4) (-5→-21=0.71×2) |
| 541 | 114 | 2.17 | 2 | 0.70~1.30 | (13→23=0.70×1) (24→13=1.30×1) (-20→1=1.29×1) (-14→17=1.29×4) (-5→-21=0.71×2) |
| 551 | 115 | 2.12 | 2 | 0.70~1.30 | (13→23=0.70×1) (24→13=1.30×1) (-20→1=1.29×1) (-14→17=1.29×4) (-5→-21=0.71×2) |
| 561 | 114 | 2.20 | 2 | 0.70~1.47 | (-16→-31=1.36×2) (13→23=0.70×1) (24→13=1.30×1) (-20→1=1.29×1) (-14→17=1.29×4) |
| 571 | 115 | 2.18 | 2 | 0.70~1.47 | (-16→-31=1.36×2) (13→23=0.70×1) (24→13=1.30×1) (-20→1=1.29×1) (-14→17=1.29×4) |
| 581 | 118 | 2.25 | 2 | 0.70~1.55 | (-9→1=1.42×2) (-16→-31=1.32×3) (13→23=0.70×1) (24→13=1.30×1) (-20→1=1.29×1) |
| 591 | 116 | 2.20 | 2 | 0.70~1.55 | (-9→1=1.42×2) (-16→-31=1.32×3) (13→23=0.70×1) (24→13=1.30×1) (-20→1=1.29×1) |
| 601 | 118 | 2.27 | 2 | 0.70~1.47 | (-16→-31=1.32×3) (13→23=0.70×1) (24→13=1.30×1) (-20→1=1.29×1) (-14→17=1.29×4) |
| 611 | 120 | 2.25 | 2 | 0.70~1.47 | (-16→-31=1.32×3) (13→23=0.70×1) (24→13=1.30×1) (-20→1=1.29×1) (-14→17=1.29×4) |
| 621 | 117 | 2.10 | 2 | 0.70~1.47 | (-16→-31=1.32×3) (13→23=0.70×1) (24→13=1.30×1) (-20→1=1.29×1) (-14→17=1.29×4) |
| 631 | 119 | 2.13 | 2 | 0.70~1.47 | (-16→-31=1.32×3) (-1→23=1.30×2) (13→23=0.70×1) (24→13=1.30×1) (-20→1=1.29×1) |
| 641 | 120 | 2.12 | 2 | 0.70~1.47 | (-16→-31=1.32×3) (-1→23=1.30×2) (13→23=0.70×1) (24→13=1.30×1) (-20→1=1.29×1) |
| 651 | 120 | 2.04 | 2 | 0.70~1.47 | (-16→-31=1.32×3) (-1→23=1.30×2) (13→23=0.70×1) (24→13=1.30×1) (-20→1=1.29×1) |
| 661 | 120 | 2.00 | 2 | 0.70~1.47 | (-16→-31=1.32×3) (-1→23=1.30×2) (13→23=0.70×1) (24→13=1.30×1) (-20→1=1.29×1) |
| 671 | 118 | 2.05 | 2 | 0.70~1.47 | (-16→-31=1.32×3) (-1→23=1.30×1) (13→23=0.70×1) (24→13=1.30×1) (-14→17=1.29×2) |
| 681 | 119 | 2.08 | 2 | 0.70~1.47 | (-16→-31=1.32×3) (-1→23=1.30×1) (13→23=0.70×1) (24→13=1.30×1) (-14→17=1.29×2) |
| 691 | 120 | 2.02 | 2 | 0.70~1.47 | (-16→-31=1.32×3) (-1→23=1.30×1) (13→23=0.70×1) (24→13=1.30×1) (-14→17=1.29×2) |
| 701 | 123 | 2.06 | 1 | 0.70~1.47 | (-16→-31=1.32×3) (13→23=0.70×1) (24→13=1.30×1) (-14→17=1.29×2) (-19→-1=1.29×1) |
| 711 | 122 | 2.00 | 1 | 0.70~1.47 | (-16→-31=1.32×3) (13→23=0.70×1) (24→13=1.30×1) (-14→17=1.29×2) (-19→-1=1.29×1) |
| 721 | 127 | 2.33 | 2 | 0.71~1.47 | (-16→-31=1.32×3) (24→13=1.30×1) (-14→17=1.29×2) (-19→-1=1.29×1) (9→4=1.29×3) |
| 731 | 130 | 2.48 | 3 | 0.71~1.47 | (21→-30=1.32×2) (-16→-31=1.32×3) (24→13=1.30×1) (-14→17=1.29×2) (-19→-1=1.29×1) |
| 741 | 133 | 2.74 | 3 | 0.61~1.47 | (-16→-31=1.32×3) (4→31=0.68×3) (24→13=1.30×1) (-14→17=1.29×2) (21→-30=1.29×3) |
| 751 | 136 | 2.89 | 3 | 0.61~1.47 | (-16→-31=1.32×3) (24→13=1.30×1) (-14→17=1.29×2) (-19→-1=1.29×1) (9→4=1.29×6) |
| 761 | 137 | 2.71 | 3 | 0.61~1.47 | (-16→-31=1.32×3) (4→31=0.68×3) (24→13=1.30×1) (-14→17=1.29×2) (-10→4=1.29×1) |
| 771 | 135 | 2.67 | 3 | 0.61~1.47 | (-16→-31=1.32×3) (4→31=0.68×3) (24→13=1.30×1) (-14→17=1.29×2) (-10→4=1.29×1) |
| 781 | 138 | 2.68 | 3 | 0.61~1.47 | (-16→-31=1.32×3) (4→31=0.68×3) (24→13=1.30×1) (-14→17=1.29×2) (-10→4=1.29×1) |
| 791 | 138 | 2.64 | 3 | 0.61~1.47 | (-16→-31=1.32×3) (4→31=0.68×3) (24→13=1.30×1) (-14→17=1.29×2) (-10→4=1.29×1) |
| 801 | 139 | 2.65 | 3 | 0.61~1.47 | (-16→-31=1.32×3) (4→31=0.68×3) (24→13=1.30×1) (-14→17=1.29×2) (-10→4=1.29×1) |
| 811 | 140 | 2.68 | 3 | 0.61~1.47 | (-16→-31=1.32×3) (4→31=0.68×3) (24→13=1.30×1) (-22→-31=0.70×1) (-14→17=1.29×2) |
| 821 | 141 | 2.62 | 3 | 0.61~1.47 | (-16→-31=1.32×3) (4→31=0.68×3) (24→13=1.30×1) (-22→-31=0.70×1) (-14→17=1.29×2) |
| 831 | 140 | 2.49 | 3 | 0.70~1.47 | (21→-30=1.32×2) (-16→-31=1.32×3) (24→13=1.30×1) (-22→-31=0.70×2) (-14→17=1.29×2) |
| 841 | 140 | 2.49 | 3 | 0.70~1.47 | (21→-30=1.32×2) (-16→-31=1.32×3) (24→13=1.30×1) (-22→-31=0.70×2) (-14→17=1.29×2) |
| 851 | 139 | 2.50 | 3 | 0.70~1.47 | (21→-30=1.32×2) (-16→-31=1.32×3) (24→13=1.30×1) (-22→-31=0.70×2) (-14→17=1.29×2) |
| 861 | 138 | 2.52 | 3 | 0.70~1.47 | (21→-30=1.32×2) (-16→-31=1.32×3) (24→13=1.30×1) (-22→-31=0.70×2) (-14→17=1.29×2) |
| 871 | 136 | 2.52 | 3 | 0.70~1.47 | (21→-30=1.32×2) (-16→-31=1.32×3) (24→13=1.30×1) (-22→-31=0.70×2) (-14→17=1.29×2) |
| 881 | 133 | 2.35 | 2 | 0.70~1.47 | (-16→-31=1.32×3) (24→13=1.30×1) (-22→-31=0.70×2) (-14→17=1.29×2) (-10→4=1.29×1) |
| 891 | 132 | 2.39 | 2 | 0.70~1.47 | (-16→-31=1.32×3) (24→13=1.30×1) (-22→-31=0.70×2) (-14→17=1.29×3) (-10→4=1.29×1) |
| 901 | 137 | 2.42 | 2 | 0.70~1.47 | (-16→-31=1.32×3) (24→13=1.30×1) (-22→-31=0.70×2) (-14→17=1.29×3) (-19→-1=1.29×1) |
| 911 | 140 | 2.50 | 2 | 0.70~1.47 | (-16→-31=1.32×3) (24→13=1.30×1) (-22→-31=0.70×2) (-1→-6=1.30×1) (-14→17=1.29×4) |
| 921 | 139 | 2.62 | 2 | 0.70~1.47 | (-16→-31=1.32×3) (24→13=1.30×1) (-22→-31=0.70×2) (-1→-6=1.30×1) (-14→17=1.29×4) |
| 931 | 145 | 2.66 | 2 | 0.70~1.47 | (-16→-31=1.32×3) (24→13=1.30×1) (-22→-31=0.70×2) (-1→-6=1.30×1) (-14→17=1.29×5) |
| 941 | 146 | 2.58 | 2 | 0.70~1.47 | (-16→-31=1.32×3) (24→13=1.30×1) (-22→-31=0.70×2) (-1→-6=1.30×1) (-14→17=1.29×5) |
| 951 | 145 | 2.46 | 2 | 0.70~1.47 | (-16→-31=1.32×3) (24→13=1.30×1) (-22→-31=0.70×2) (-1→-6=1.30×1) (-14→17=1.29×5) |
| 961 | 147 | 2.40 | 2 | 0.70~1.47 | (-16→-31=1.32×3) (24→13=1.30×1) (-22→-31=0.70×2) (-1→-6=1.30×1) (-14→17=1.29×5) |
| 971 | 152 | 2.52 | 2 | 0.67~1.47 | (-16→-31=1.32×3) (24→13=1.30×1) (-22→-31=0.70×2) (-1→-6=1.30×1) (-14→17=1.29×5) |
| 981 | 152 | 2.52 | 2 | 0.67~1.47 | (-16→-31=1.32×3) (24→13=1.30×1) (-22→-31=0.70×2) (-1→-6=1.30×1) (-14→17=1.29×5) |
| 991 | 157 | 2.61 | 2 | 0.67~1.47 | (-16→-31=1.32×3) (24→13=1.30×1) (-22→-31=0.70×2) (-1→-6=1.30×1) (-14→17=1.29×5) |
| 1001 | 160 | 2.66 | 2 | 0.67~1.47 | (-16→-31=1.32×3) (24→13=1.30×1) (-22→-31=0.70×2) (18→18=0.70×1) (-1→-6=1.30×1) |
| 1011 | 161 | 2.68 | 2 | 0.67~1.47 | (-16→-31=1.32×3) (24→13=1.30×1) (-22→-31=0.70×2) (18→18=0.70×1) (-1→-6=1.30×1) |
| 1021 | 162 | 2.69 | 2 | 0.67~1.47 | (-16→-31=1.32×3) (24→13=1.30×1) (-22→-31=0.70×2) (18→18=0.70×1) (-1→-6=1.30×1) |
| 1031 | 160 | 2.65 | 2 | 0.67~1.47 | (-16→-31=1.32×3) (24→13=1.30×1) (-22→-31=0.70×2) (18→18=0.70×1) (-1→-6=1.30×1) |
| 1042 | 163 | 2.66 | 2 | 0.67~1.47 | (-16→-31=1.36×2) (24→13=1.30×1) (-22→-31=0.70×2) (9→-30=0.70×1) (18→18=0.70×1) |
| 1052 | 161 | 2.67 | 2 | 0.67~1.47 | (-16→-31=1.36×2) (24→13=1.30×1) (-22→-31=0.70×2) (9→-30=0.70×1) (18→18=0.70×1) |
| 1062 | 161 | 2.70 | 2 | 0.67~1.47 | (-16→-31=1.36×2) (3→-18=1.33×3) (24→13=1.30×1) (-22→-31=0.70×2) (9→-30=0.70×1) |
| 1073 | 162 | 2.79 | 2 | 0.66~1.47 | (-16→-31=1.36×2) (3→-18=1.32×4) (24→13=1.30×1) (-22→-31=0.70×2) (9→-30=0.70×1) |
| 1083 | 162 | 2.83 | 2 | 0.66~1.47 | (-16→-31=1.47×1) (3→-18=1.32×4) (24→13=1.30×1) (-22→-31=0.70×2) (9→-30=0.70×1) |
| 1093 | 164 | 2.95 | 2 | 0.66~1.47 | (-16→-31=1.47×1) (3→-18=1.32×4) (-9→-11=0.70×2) (-22→-31=0.70×2) (9→-30=0.70×1) |
| 1104 | 171 | 3.06 | 2 | 0.66~1.43 | (3→-18=1.31×5) (-9→-11=0.70×2) (-22→-31=0.70×2) (9→-30=0.70×1) (18→18=0.70×1) |
| 1114 | 169 | 3.02 | 2 | 0.67~1.43 | (3→-18=1.32×4) (24→13=1.30×1) (-22→-31=0.70×2) (9→-30=0.70×1) (18→18=0.70×1) |
| 1124 | 176 | 3.17 | 2 | 0.61~1.43 | (3→-18=1.32×4) (-5→-26=0.69×3) (24→13=1.30×1) (-22→-31=0.70×2) (9→-30=0.70×1) |
| 1135 | 179 | 3.30 | 2 | 0.61~1.43 | (-5→-26=0.68×4) (3→-18=1.31×5) (24→13=1.30×1) (-22→-31=0.70×2) (9→-30=0.70×1) |
| 1145 | 182 | 3.46 | 2 | 0.61~1.43 | (3→-18=1.31×5) (-5→-26=0.70×6) (24→13=1.30×1) (-19→-28=1.30×1) (-7→-8=1.30×1) |
| 1155 | 183 | 3.54 | 2 | 0.61~1.43 | (3→-18=1.31×5) (24→13=1.30×1) (-19→-28=1.30×1) (-5→-26=0.70×7) (-7→-8=1.30×1) |
| 1166 | 186 | 3.75 | 2 | 0.61~1.50 | (-10→25=1.35×2) (3→-18=1.31×5) (24→13=1.30×1) (-19→-28=1.30×2) (-7→-8=1.30×1) |
| 1176 | 185 | 3.63 | 2 | 0.61~1.50 | (-10→25=1.35×2) (3→-18=1.31×5) (24→13=1.30×1) (-19→-28=1.30×2) (-7→-8=1.30×1) |
| 1186 | 191 | 3.77 | 2 | 0.61~1.50 | (-10→25=1.35×2) (3→-18=1.31×5) (24→13=1.30×1) (-19→-28=1.30×2) (-7→-8=1.30×1) |
| 1197 | 197 | 3.85 | 2 | 0.61~1.50 | (-10→25=1.35×2) (3→-18=1.31×5) (24→13=1.30×1) (-19→-28=1.30×2) (-7→-8=1.30×1) |
| 1207 | 200 | 3.97 | 3 | 0.60~1.50 | (-10→25=1.35×2) (3→-18=1.31×5) (24→13=1.30×1) (-19→-28=1.30×2) (-7→-8=1.30×1) |
| 1217 | 208 | 4.18 | 3 | 0.60~1.50 | (-10→25=1.35×2) (3→-18=1.31×5) (24→13=1.30×1) (-19→-28=1.30×2) (-7→-8=1.30×1) |
| 1228 | 213 | 4.22 | 3 | 0.60~1.50 | (-10→25=1.35×2) (8→-27=1.34×1) (3→-18=1.31×5) (24→13=1.30×1) (-19→-28=1.30×2) |
| 1238 | 221 | 4.38 | 3 | 0.60~1.50 | (8→-27=1.34×1) (3→-18=1.31×6) (24→13=1.30×1) (-19→-28=1.30×1) (-7→-8=1.30×1) |
| 1248 | 223 | 4.42 | 3 | 0.60~1.50 | (8→-27=1.34×1) (3→-18=1.31×6) (-13→-28=0.70×1) (24→13=1.30×1) (-19→-28=1.30×1) |
| 1259 | 225 | 4.52 | 3 | 0.60~1.50 | (8→-27=1.34×1) (1→25=0.66×2) (3→-18=1.31×6) (-13→-28=0.70×1) (24→13=1.30×1) |
| 1269 | 224 | 4.51 | 3 | 0.60~1.50 | (8→-27=1.34×1) (3→-18=1.31×6) (-13→-28=0.70×1) (24→13=1.30×1) (-19→-28=1.30×1) |
| 1279 | 227 | 4.83 | 3 | 0.60~1.50 | (3→-18=1.31×5) (11→-25=1.31×3) (-13→-28=0.70×1) (24→13=1.30×1) (-19→-28=1.30×1) |
| 1290 | 227 | 4.89 | 3 | 0.60~1.50 | (3→-18=1.31×5) (11→-25=1.31×3) (-9→-11=0.70×1) (-13→-28=0.70×1) (24→13=1.30×1) |
| 1300 | 232 | 5.16 | 3 | 0.60~1.50 | (3→-18=1.31×5) (11→-25=1.31×3) (-9→-11=0.70×1) (-13→-28=0.70×1) (-19→-28=1.30×1) |
| 1310 | 228 | 5.14 | 3 | 0.60~1.50 | (3→-18=1.32×4) (11→-25=1.31×3) (-9→-11=0.70×1) (-13→-28=0.70×1) (-19→-28=1.30×1) |
| 1321 | 235 | 5.43 | 3 | 0.60~1.50 | (3→-18=1.32×4) (11→-25=1.31×3) (-9→-11=0.70×1) (-13→-28=0.70×1) (-19→-28=1.30×1) |
| 1331 | 236 | 5.55 | 4 | 0.60~1.50 | (3→-18=1.32×4) (11→-25=1.31×3) (-9→-11=0.70×1) (-13→-28=0.70×1) (-19→-28=1.30×1) |
| 1341 | 240 | 5.69 | 4 | 0.60~1.50 | (3→-18=1.32×4) (17→-11=0.70×1) (-9→-11=0.70×1) (-5→-26=0.70×36) (-13→-28=0.70×1) |
| 1352 | 246 | 5.75 | 4 | 0.60~1.50 | (3→-18=1.32×4) (17→-11=0.70×1) (-9→-11=0.70×1) (-13→-28=0.70×1) (-19→-28=1.30×1) |
| 1362 | 253 | 5.79 | 4 | 0.60~1.50 | (3→-18=1.32×4) (17→-11=0.70×1) (-5→-26=0.70×38) (-9→-11=0.70×1) (-13→-28=0.70×1) |
| 1372 | 258 | 5.88 | 4 | 0.60~1.47 | (3→-18=1.32×4) (17→-11=0.70×1) (-9→-11=0.70×1) (-13→-28=0.70×1) (-19→-28=1.30×1) |
| 1383 | 266 | 5.98 | 4 | 0.60~1.47 | (3→-18=1.32×4) (17→-11=0.70×1) (-9→-11=0.70×1) (-13→-28=0.70×1) (-19→-28=1.30×1) |
| 1393 | 267 | 6.10 | 4 | 0.60~1.48 | (3→-18=1.32×4) (17→-11=0.70×1) (-9→-11=0.70×1) (-13→-28=0.70×1) (-7→-8=1.30×1) |
| 1403 | 269 | 6.08 | 4 | 0.60~1.48 | (3→-18=1.33×3) (17→-11=0.70×1) (-9→-11=0.70×1) (-13→-28=0.70×1) (-7→-8=1.30×1) |
| 1414 | 274 | 6.41 | 4 | 0.60~1.48 | (3→-18=1.33×3) (-3→-27=1.32×3) (17→-11=0.70×1) (-9→-11=0.70×1) (-13→-28=0.70×1) |
| 1424 | 275 | 6.33 | 4 | 0.60~1.48 | (3→-18=1.33×3) (-3→-27=1.32×3) (1→25=0.69×17) (17→-11=0.70×1) (-9→-11=0.70×1) |
| 1434 | 279 | 6.53 | 4 | 0.60~1.48 | (3→-18=1.33×3) (1→25=0.68×19) (-3→-27=1.31×4) (17→-11=0.70×1) (-9→-11=0.70×1) |
| 1445 | 278 | 6.54 | 4 | 0.60~1.48 | (3→-18=1.35×2) (1→25=0.68×18) (-3→-27=1.31×4) (17→-11=0.70×1) (-9→-11=0.70×1) |
| 1455 | 275 | 6.59 | 4 | 0.60~1.48 | (3→-18=1.35×2) (1→25=0.68×18) (-3→-27=1.31×4) (17→-11=0.70×1) (-2→19=0.70×1) |
| 1465 | 276 | 6.53 | 4 | 0.60~1.48 | (3→-18=1.35×2) (1→25=0.68×18) (-3→-27=1.31×5) (17→-11=0.70×1) (-2→19=0.70×1) |
| 1476 | 280 | 6.71 | 4 | 0.60~1.48 | (-22→6=1.36×4) (3→-18=1.35×2) (1→25=0.68×19) (24→3=0.68×3) (-3→-27=1.31×5) |
| 1486 | 282 | 6.85 | 4 | 0.60~1.48 | (-22→6=1.38×5) (3→-18=1.35×2) (24→3=0.67×4) (1→25=0.68×20) (-3→-27=1.31×5) |
| 1496 | 290 | 7.12 | 4 | 0.60~1.48 | (-22→6=1.37×7) (3→-18=1.35×2) (1→25=0.68×22) (24→3=0.68×6) (-3→-27=1.31×5) |
| 1507 | 292 | 7.31 | 4 | 0.60~1.59 | (-22→6=1.38×8) (3→-18=1.35×2) (1→25=0.67×23) (24→3=0.68×7) (18→-14=1.32×15) |
| 1517 | 298 | 7.39 | 4 | 0.60~1.59 | (-22→6=1.37×9) (3→-18=1.35×2) (1→25=0.66×22) (18→-14=1.32×15) (24→3=0.69×8) |
| 1527 | 297 | 7.29 | 4 | 0.60~1.59 | (3→-18=1.35×2) (-22→6=1.35×7) (1→25=0.66×22) (18→-14=1.32×15) (-3→-27=1.31×5) |
| 1538 | 291 | 7.26 | 4 | 0.60~1.59 | (3→-18=1.35×2) (1→25=0.66×21) (-22→6=1.33×8) (18→-14=1.32×14) (-3→-27=1.31×4) |
| 1548 | 281 | 7.16 | 4 | 0.60~1.59 | (3→-18=1.35×2) (1→25=0.66×21) (-22→6=1.33×8) (18→-14=1.32×14) (-3→-27=1.31×4) |
| 1558 | 285 | 7.08 | 3 | 0.60~1.59 | (3→-18=1.35×2) (1→25=0.66×21) (-22→6=1.33×8) (18→-14=1.32×14) (-3→-27=1.31×4) |
| 1569 | 288 | 7.25 | 3 | 0.60~1.59 | (3→-18=1.35×2) (1→25=0.66×23) (-22→6=1.33×9) (5→17=0.68×2) (-3→-27=1.31×4) |
| 1579 | 294 | 7.40 | 3 | 0.60~1.59 | (3→-18=1.35×2) (1→25=0.66×25) (-22→6=1.33×9) (-3→-27=1.32×3) (5→17=0.68×2) |
| 1589 | 292 | 7.36 | 3 | 0.60~1.59 | (3→-18=1.35×2) (1→25=0.66×25) (-22→6=1.33×9) (-23→13=0.68×2) (-3→-27=1.32×3) |
| 1600 | 281 | 7.25 | 3 | 0.60~1.59 | (3→-18=1.35×2) (1→25=0.65×25) (-3→-27=1.32×3) (5→17=0.68×2) (-22→6=1.32×7) |
| 1610 | 278 | 7.35 | 3 | 0.60~1.59 | (3→-18=1.43×1) (1→25=0.66×27) (-3→-27=1.32×3) (5→17=0.68×2) (-22→6=1.32×7) |
| 1620 | 273 | 7.33 | 3 | 0.60~1.59 | (3→-18=1.43×1) (1→25=0.66×27) (-3→-27=1.32×3) (5→17=0.68×2) (-22→6=1.32×7) |
| 1631 | 270 | 7.43 | 3 | 0.60~1.59 | (3→-18=1.43×1) (1→25=0.66×27) (5→17=0.68×2) (-22→6=1.32×7) (-3→-27=1.31×4) |
| 1641 | 269 | 7.45 | 3 | 0.60~1.59 | (3→-18=1.43×1) (1→25=0.66×28) (5→17=0.68×2) (-22→6=1.32×7) (-3→-27=1.31×4) |
| 1651 | 266 | 7.33 | 3 | 0.60~1.59 | (3→-18=1.43×1) (5→17=0.62×1) (1→25=0.66×27) (-22→6=1.32×7) (-3→-27=1.31×4) |
| 1662 | 265 | 7.41 | 3 | 0.60~1.59 | (3→-18=1.43×1) (5→17=0.62×1) (1→25=0.66×27) (-22→6=1.32×7) (-3→-27=1.31×4) |
| 1672 | 264 | 7.38 | 3 | 0.60~1.59 | (3→-18=1.43×1) (5→17=0.62×1) (1→25=0.66×26) (-22→6=1.32×7) (18→-14=1.31×22) |
| 1682 | 264 | 7.23 | 3 | 0.60~1.59 | (3→-18=1.43×1) (5→17=0.62×1) (1→25=0.66×26) (-22→6=1.32×7) (18→-14=1.31×22) |
| 1693 | 260 | 7.38 | 3 | 0.60~1.59 | (3→-18=1.43×1) (5→17=0.62×1) (1→25=0.66×26) (-22→6=1.32×7) (18→-14=1.31×22) |
| 1703 | 266 | 7.50 | 3 | 0.60~1.59 | (3→-18=1.43×1) (5→17=0.62×1) (1→25=0.66×27) (10→15=0.68×2) (-22→6=1.32×7) |
| 1713 | 261 | 7.56 | 3 | 0.60~1.59 | (3→-18=1.43×1) (5→17=0.62×1) (23→-29=0.65×1) (1→25=0.65×27) (18→-14=1.33×24) |
| 1724 | 261 | 7.85 | 3 | 0.60~1.59 | (3→-18=1.43×1) (5→17=0.62×1) (23→-29=0.65×1) (1→25=0.65×29) (-22→6=1.33×6) |
| 1734 | 266 | 8.33 | 3 | 0.60~1.59 | (3→-18=1.43×1) (5→17=0.62×1) (23→-29=0.65×1) (1→25=0.66×30) (18→-14=1.34×30) |
| 1744 | 266 | 8.76 | 4 | 0.60~1.59 | (3→-18=1.43×1) (5→17=0.62×1) (23→-29=0.65×1) (1→25=0.67×32) (-22→6=1.33×6) |
| 1755 | 272 | 8.93 | 4 | 0.59~1.59 | (3→-18=1.43×1) (5→17=0.62×1) (23→-29=0.65×1) (1→25=0.67×33) (18→-14=1.33×37) |
| 1765 | 277 | 9.53 | 4 | 0.59~1.59 | (3→-18=1.43×1) (5→17=0.62×1) (23→-29=0.65×1) (18→-14=1.33×42) (1→25=0.67×36) |
| 1775 | 277 | 9.84 | 4 | 0.59~1.59 | (3→-18=1.43×1) (5→17=0.62×1) (23→-29=0.65×1) (18→-14=1.33×42) (1→25=0.67×37) |
| 1786 | 282 | 10.22 | 4 | 0.59~1.59 | (3→-18=1.43×1) (5→17=0.62×1) (23→-29=0.65×1) (1→25=0.67×40) (18→-14=1.32×45) |
| 1796 | 286 | 10.74 | 4 | 0.59~1.59 | (3→-18=1.43×1) (5→17=0.62×1) (23→-29=0.65×1) (10→15=0.68×2) (18→-14=1.32×48) |
| 1806 | 293 | 11.00 | 4 | 0.59~1.59 | (3→-18=1.43×1) (5→17=0.62×1) (23→-29=0.65×1) (10→15=0.68×2) (1→25=0.68×47) |
| 1817 | 286 | 11.26 | 4 | 0.59~1.59 | (3→-18=1.43×1) (10→15=0.68×2) (1→25=0.68×47) (18→-14=1.32×50) (-24→19=1.30×2) |
| 1827 | 293 | 11.43 | 4 | 0.57~1.59 | (3→-18=1.43×1) (10→15=0.68×2) (1→25=0.68×49) (18→-14=1.32×52) (-24→19=1.30×2) |
| 1837 | 298 | 11.65 | 4 | 0.57~1.59 | (1→25=0.68×52) (18→-14=1.31×54) (-24→19=1.30×2) (9→-2=0.70×1) (-24→15=1.30×4) |
| 1848 | 304 | 11.98 | 4 | 0.57~1.59 | (1→25=0.68×55) (18→-14=1.31×57) (-24→19=1.30×2) (9→-2=0.70×1) (-24→15=1.30×4) |
| 1858 | 311 | 12.38 | 4 | 0.57~1.59 | (1→25=0.68×60) (18→-14=1.31×61) (-24→19=1.30×2) (9→-2=0.70×2) (11→-24=1.30×1) |
| 1868 | 323 | 12.92 | 4 | 0.57~1.59 | (1→25=0.68×64) (18→-14=1.31×65) (-24→19=1.30×2) (4→-24=1.30×2) (9→-2=0.70×2) |
| 1879 | 326 | 13.17 | 4 | 0.57~1.59 | (1→25=0.69×66) (18→-14=1.31×67) (-24→19=1.30×2) (12→-24=0.70×1) (4→-24=1.30×2) |
| 1889 | 342 | 14.18 | 4 | 0.57~1.59 | (-7→25=1.35×8) (1→25=0.69×76) (-24→19=1.30×2) (-7→18=0.70×11) (12→-24=0.70×2) |
| 1899 | 351 | 14.88 | 4 | 0.57~1.63 | (-7→25=1.41×14) (-24→19=1.30×2) (-7→18=0.70×11) (7→16=1.30×1) (12→-24=0.70×2) |
| 1910 | 383 | 16.74 | 5 | 0.50~1.63 | (-7→25=1.40×20) (-24→19=1.30×2) (7→16=1.30×1) (12→-24=0.70×2) (11→21=1.30×1) |
| 1920 | 394 | 17.42 | 5 | 0.50~1.63 | (-7→25=1.41×22) (-24→19=1.30×2) (7→16=1.30×2) (12→-24=0.70×2) (11→21=1.30×1) |
| 1930 | 417 | 19.12 | 5 | 0.50~1.63 | (-7→25=1.40×27) (17→-6=1.31×4) (-19→-2=0.70×2) (-24→19=1.30×2) (7→16=1.30×2) |
| 1941 | 425 | 19.92 | 5 | 0.50~1.80 | (-7→25=1.41×30) (6→10=0.68×4) (17→-6=1.31×4) (22→-19=1.31×3) (-19→-2=0.69×4) |
| 1951 | 442 | 20.62 | 5 | 0.50~1.80 | (-7→25=1.41×33) (6→10=0.68×4) (22→-19=1.31×3) (-19→-2=0.69×4) (-24→19=1.30×2) |
| 1961 | 447 | 20.90 | 5 | 0.50~1.87 | (-7→25=1.41×34) (6→10=0.69×3) (22→-19=1.31×3) (17→-6=1.31×4) (22→22=0.69×5) |
| 1972 | 459 | 21.57 | 5 | 0.50~1.87 | (-7→25=1.42×34) (4→-30=1.41×3) (17→-6=1.32×3) (6→10=0.69×3) (22→-19=1.31×3) |
| 1982 | 480 | 22.14 | 5 | 0.50~1.87 | (-7→25=1.41×35) (4→-30=1.41×3) (22→22=0.69×6) (22→3=1.31×35) (22→-19=1.31×3) |
| 1992 | 490 | 23.64 | 5 | 0.50~1.87 | (-7→25=1.43×37) (4→-30=1.40×4) (22→3=1.34×38) (22→22=0.69×6) (22→-19=1.31×3) |
| 2003 | 486 | 23.18 | 5 | 0.50~1.87 | (-7→25=1.44×37) (4→-30=1.40×4) (22→3=1.35×38) (6→10=0.69×3) (22→22=0.69×6) |
| 2013 | 482 | 23.61 | 5 | 0.50~1.93 | (-7→25=1.44×39) (4→-30=1.38×3) (22→3=1.37×40) (6→10=0.69×3) (22→22=0.69×6) |
| 2023 | 478 | 23.72 | 5 | 0.50~1.93 | (-7→25=1.45×36) (22→3=1.38×37) (4→-30=1.38×3) (6→10=0.69×3) (22→22=0.69×6) |
| 2034 | 467 | 22.95 | 5 | 0.50~1.93 | (-7→25=1.45×34) (22→3=1.39×36) (4→-30=1.38×3) (22→-19=1.33×4) (6→10=0.67×2) |
| 2044 | 475 | 23.41 | 5 | 0.50~1.93 | (-7→25=1.45×33) (22→3=1.38×35) (4→-30=1.38×3) (22→-19=1.33×4) (6→10=0.67×2) |
| 2054 | 471 | 23.45 | 5 | 0.50~1.93 | (-7→25=1.45×33) (22→3=1.38×35) (4→-30=1.38×3) (22→-19=1.34×5) (6→10=0.67×2) |
| 2064 | 458 | 22.78 | 5 | 0.50~1.93 | (-7→25=1.47×27) (22→3=1.40×31) (22→-19=1.34×5) (-15→-1=1.33×1) (4→-30=1.33×2) |
| 2074 | 454 | 23.05 | 5 | 0.50~1.93 | (-7→25=1.47×26) (22→3=1.41×30) (22→-19=1.34×5) (-15→-1=1.33×1) (4→-30=1.33×2) |
| 2084 | 460 | 23.01 | 5 | 0.50~1.93 | (-7→25=1.47×25) (22→3=1.41×29) (22→-19=1.34×5) (-15→-1=1.33×1) (4→-30=1.33×2) |
| 2094 | 466 | 23.60 | 5 | 0.50~1.93 | (-7→25=1.46×27) (22→3=1.41×31) (22→-19=1.34×5) (-15→-1=1.33×1) (4→-30=1.33×2) |
| 2104 | 449 | 23.18 | 5 | 0.50~1.93 | (-7→25=1.49×23) (22→3=1.42×25) (22→-19=1.34×5) (-15→-1=1.33×1) (4→-30=1.33×2) |
| 2114 | 459 | 23.69 | 5 | 0.50~1.93 | (-7→25=1.49×22) (22→3=1.43×24) (4→-1=1.35×26) (22→-19=1.34×5) (-14→-27=0.66×4) |
| 2124 | 458 | 24.45 | 5 | 0.50~1.93 | (-7→25=1.50×21) (22→3=1.45×23) (-17→-15=1.36×2) (4→-1=1.35×30) (22→-19=1.34×5) |
| 2134 | 460 | 25.12 | 5 | 0.50~1.93 | (-7→25=1.51×18) (22→3=1.47×20) (-14→5=1.42×3) (4→-1=1.37×34) (23→31=1.37×4) |
| 2144 | 468 | 26.12 | 5 | 0.50~1.93 | (-7→25=1.51×18) (22→3=1.47×20) (-14→5=1.42×3) (4→-1=1.38×36) (23→31=1.37×4) |
| 2154 | 472 | 26.49 | 5 | 0.50~1.93 | (-7→25=1.50×18) (-14→5=1.49×2) (22→3=1.46×20) (-19→-15=1.38×16) (4→-1=1.37×45) |
| 2164 | 449 | 26.09 | 5 | 0.50~1.93 | (-7→25=1.49×22) (-14→5=1.49×1) (22→3=1.43×22) (-19→-15=1.38×16) (4→-30=1.38×1) |
| 2174 | 456 | 26.35 | 5 | 0.50~1.93 | (-7→25=1.50×24) (-14→5=1.49×1) (22→3=1.42×24) (-19→-15=1.38×16) (4→-30=1.38×1) |
| 2184 | 458 | 26.74 | 5 | 0.49~1.96 | (-7→25=1.49×29) (-14→5=1.49×1) (22→3=1.42×28) (-15→-18=1.40×10) (4→-30=1.38×1) |
| 2194 | 431 | 26.32 | 5 | 0.49~1.96 | (-14→5=1.49×1) (-7→25=1.47×34) (-15→-18=1.45×13) (22→3=1.44×32) (-24→19=1.41×1) |
| 2204 | 430 | 26.31 | 5 | 0.49~1.96 | (-14→5=1.49×1) (-15→-18=1.46×15) (-7→25=1.46×37) (22→3=1.45×35) (-17→-15=1.44×1) |
| 2214 | 432 | 26.21 | 5 | 0.49~1.96 | (-14→5=1.49×1) (22→3=1.47×38) (-15→-18=1.47×16) (-7→25=1.46×40) (-17→-15=1.44×1) |
| 2224 | 407 | 25.52 | 5 | 0.49~1.96 | (-14→5=1.49×1) (22→3=1.48×39) (-15→-18=1.46×18) (-7→25=1.45×41) (-17→-15=1.44×1) |
| 2234 | 406 | 25.68 | 6 | 0.49~2.18 | (22→3=1.50×40) (-14→5=1.49×1) (-15→-18=1.47×20) (-7→25=1.45×43) (-17→-15=1.44×1) |
| 2244 | 404 | 25.88 | 6 | 0.49~2.18 | (22→3=1.50×46) (-15→-18=1.49×23) (-14→5=1.49×1) (-7→25=1.44×46) (-17→-15=1.44×1) |
| 2254 | 367 | 24.65 | 6 | 0.49~2.18 | (-15→-18=1.51×24) (22→3=1.51×39) (-7→25=1.45×41) (-17→-15=1.44×1) (-13→-23=1.42×1) |
| 2264 | 360 | 24.85 | 6 | 0.49~2.18 | (-15→-18=1.52×27) (22→3=1.52×41) (-17→-15=1.44×1) (-7→25=1.43×43) (-13→-23=1.42×1) |
| 2274 | 360 | 25.62 | 6 | 0.43~2.18 | (22→3=1.55×45) (-15→-18=1.53×30) (-17→-15=1.44×1) (2→1=1.43×91) (-7→25=1.42×47) |
| 2284 | 341 | 24.74 | 6 | 0.44~2.18 | (22→3=1.54×41) (-15→-18=1.53×28) (-12→24=1.44×1) (-17→-15=1.44×1) (2→1=1.43×82) |
| 2294 | 343 | 24.89 | 6 | 0.44~2.18 | (22→3=1.54×41) (-15→-18=1.54×28) (-12→24=1.44×1) (-17→-15=1.44×1) (2→1=1.43×83) |
| 2304 | 345 | 24.50 | 6 | 0.44~2.18 | (22→3=1.54×41) (-15→-18=1.54×28) (-12→24=1.44×1) (-17→-15=1.44×1) (2→1=1.43×82) |
| 2314 | 329 | 24.47 | 6 | 0.44~2.18 | (22→3=1.56×39) (-15→-18=1.55×30) (2→1=1.45×78) (-12→24=1.44×1) (-17→-15=1.44×1) |
| 2324 | 328 | 24.73 | 6 | 0.44~2.18 | (22→3=1.56×41) (-15→-18=1.54×32) (2→1=1.46×79) (-12→24=1.44×1) (-17→-15=1.44×1) |
| 2334 | 329 | 25.31 | 6 | 0.44~2.18 | (22→3=1.58×42) (-15→-18=1.54×34) (2→1=1.46×81) (-12→24=1.44×1) (-17→-15=1.44×1) |
| 2344 | 303 | 22.87 | 6 | 0.44~2.18 | (22→3=1.56×26) (-15→-18=1.55×21) (-12→24=1.44×1) (-17→-15=1.44×1) (6→-8=1.44×1) |
| 2354 | 303 | 22.78 | 6 | 0.44~2.18 | (22→3=1.56×26) (-15→-18=1.55×20) (-12→24=1.44×1) (-17→-15=1.44×1) (6→-8=1.44×1) |
| 2364 | 305 | 23.34 | 6 | 0.44~2.18 | (22→3=1.57×28) (-15→-18=1.55×22) (-12→24=1.44×1) (-17→-15=1.44×1) (6→-8=1.44×1) |
| 2374 | 281 | 21.67 | 6 | 0.44~2.08 | (22→3=1.58×26) (-15→-18=1.57×20) (-12→24=1.44×1) (-7→25=1.44×29) (-17→-15=1.44×1) |
| 2384 | 287 | 21.75 | 6 | 0.44~2.08 | (22→3=1.58×27) (-15→-18=1.53×21) (-7→25=1.45×30) (-12→24=1.44×1) (2→1=1.44×53) |
| 2394 | 277 | 21.76 | 6 | 0.44~2.08 | (22→3=1.59×28) (-15→-18=1.53×22) (-7→25=1.46×31) (-12→24=1.44×1) (2→1=1.44×52) |
| 2404 | 278 | 21.94 | 6 | 0.44~2.08 | (22→3=1.60×27) (-15→-18=1.53×22) (-7→25=1.45×30) (-12→24=1.44×1) (-17→-15=1.44×1) |
| 2414 | 284 | 23.39 | 6 | 0.44~2.08 | (22→3=1.61×29) (-15→-18=1.49×24) (-7→25=1.46×32) (-12→24=1.44×1) (-17→-15=1.44×1) |
| 2424 | 270 | 23.10 | 6 | 0.44~2.08 | (22→3=1.59×27) (-15→-18=1.48×23) (-7→25=1.46×30) (-12→24=1.44×1) (-21→-25=1.41×1) |
| 2434 | 267 | 23.94 | 6 | 0.44~2.08 | (22→3=1.60×28) (-7→25=1.47×31) (-15→-18=1.45×24) (-12→24=1.44×1) (-21→-25=1.41×1) |
| 2444 | 262 | 24.40 | 6 | 0.44~2.08 | (22→3=1.60×28) (-7→25=1.47×31) (-15→-18=1.45×24) (-12→24=1.44×1) (12→13=1.42×13) |
| 2454 | 250 | 23.82 | 6 | 0.44~2.08 | (22→3=1.59×26) (-7→25=1.46×28) (-15→-18=1.46×22) (-12→24=1.44×1) (12→13=1.41×12) |
| 2464 | 255 | 24.23 | 6 | 0.44~2.08 | (22→3=1.59×26) (-7→25=1.47×29) (-15→-18=1.46×23) (-12→24=1.44×1) (12→13=1.42×13) |
| 2474 | 242 | 23.04 | 6 | 0.44~2.08 | (22→3=1.67×23) (-15→-18=1.48×24) (-7→25=1.46×26) (-12→24=1.44×1) (12→13=1.42×13) |
| 2484 | 246 | 23.90 | 6 | 0.44~2.08 | (22→3=1.67×26) (-15→-18=1.50×25) (-7→25=1.46×29) (-12→24=1.44×1) (12→13=1.42×14) |
| 2494 | 250 | 24.36 | 6 | 0.44~2.08 | (22→3=1.69×26) (-15→-18=1.50×26) (-7→25=1.46×29) (-12→24=1.44×1) (12→13=1.43×15) |
| 2504 | 245 | 23.96 | 5 | 0.44~2.07 | (22→3=1.69×26) (-15→-18=1.51×25) (-12→24=1.44×1) (-7→25=1.44×27) (-10→-5=1.43×6) |
| 2514 | 253 | 24.94 | 6 | 0.43~2.07 | (22→3=1.68×29) (-15→-18=1.55×28) (-12→24=1.44×1) (-10→-5=1.42×5) (12→13=1.41×18) |
| 2524 | 254 | 25.37 | 6 | 0.43~2.07 | (22→3=1.68×27) (-15→-18=1.55×26) (-10→-5=1.51×6) (-12→24=1.44×1) (-21→-25=1.41×1) |
| 2534 | 261 | 25.52 | 6 | 0.43~2.07 | (22→3=1.67×29) (-15→-18=1.57×28) (-10→-5=1.47×5) (-12→24=1.44×1) (-23→24=1.43×16) |
| 2544 | 261 | 26.13 | 7 | 0.43~2.07 | (22→3=1.67×30) (-15→-18=1.60×29) (-10→-5=1.47×5) (-23→24=1.44×18) (12→13=1.42×21) |
| 2554 | 246 | 25.29 | 6 | 0.44~2.07 | (22→3=1.68×24) (-15→-18=1.59×24) (-10→-5=1.47×5) (-23→24=1.46×15) (12→13=1.42×19) |
| 2564 | 247 | 25.03 | 6 | 0.41~2.07 | (22→3=1.68×22) (-15→-18=1.58×22) (-10→-5=1.47×5) (-23→24=1.44×15) (-21→-25=1.41×1) |
| 2574 | 238 | 26.35 | 7 | 0.41~2.07 | (22→3=1.68×23) (-15→-18=1.59×23) (-10→-5=1.47×5) (-23→24=1.45×16) (-7→-12=1.42×1) |
| 2584 | 237 | 26.90 | 7 | 0.41~2.07 | (22→3=1.68×23) (-15→-18=1.59×23) (-10→-5=1.47×5) (-23→24=1.45×16) (-7→-12=1.42×1) |
| 2594 | 235 | 27.77 | 7 | 0.44~2.07 | (22→3=1.67×22) (-15→-18=1.58×22) (-10→-5=1.50×4) (-23→24=1.48×15) (-7→-12=1.42×1) |
| 2604 | 237 | 26.72 | 7 | 0.44~2.07 | (22→3=1.68×18) (-15→-18=1.57×19) (-10→-5=1.50×4) (-23→24=1.47×13) (-7→-12=1.42×1) |
| 2614 | 239 | 27.73 | 7 | 0.44~2.07 | (22→3=1.68×18) (-15→-18=1.62×18) (-10→-5=1.50×4) (-23→24=1.47×13) (-7→-12=1.42×1) |
| 2624 | 247 | 28.63 | 7 | 0.37~2.07 | (22→3=1.68×20) (-15→-18=1.64×19) (-23→24=1.51×14) (-10→-5=1.50×4) (-7→-12=1.42×1) |
| 2634 | 248 | 29.08 | 7 | 0.37~2.07 | (22→3=1.67×20) (-15→-18=1.63×18) (-23→24=1.50×13) (-10→-5=1.50×4) (-7→-12=1.42×1) |
| 2644 | 237 | 27.09 | 7 | 0.44~2.07 | (22→3=1.67×15) (-15→-18=1.55×13) (-10→-5=1.50×4) (-23→24=1.49×8) (-7→-12=1.42×1) |
| 2654 | 241 | 27.35 | 7 | 0.44~2.07 | (22→3=1.66×16) (-15→-18=1.55×13) (-10→-5=1.50×6) (-23→24=1.49×8) (4→-9=1.43×7) |
| 2664 | 237 | 27.11 | 7 | 0.44~2.07 | (22→3=1.66×16) (-15→-18=1.55×13) (-10→-5=1.50×6) (-23→24=1.49×8) (4→-9=1.43×7) |
| 2674 | 232 | 27.65 | 7 | 0.44~2.07 | (22→3=1.67×19) (-15→-18=1.54×13) (-10→-5=1.50×9) (4→-9=1.47×9) (-23→24=1.45×7) |
| 2684 | 235 | 27.45 | 7 | 0.44~2.07 | (22→3=1.66×20) (-15→-18=1.54×13) (-10→-5=1.50×9) (4→-9=1.50×10) (-23→24=1.45×7) |
| 2694 | 228 | 27.16 | 7 | 0.44~2.07 | (22→3=1.67×21) (-15→-18=1.60×12) (-10→-5=1.50×9) (4→-9=1.50×11) (-23→24=1.45×7) |
| 2704 | 233 | 27.88 | 7 | 0.44~2.07 | (22→3=1.67×22) (-15→-18=1.60×12) (4→-9=1.50×12) (-10→-5=1.50×10) (-23→24=1.45×7) |
| 2714 | 240 | 28.26 | 7 | 0.44~2.07 | (22→3=1.65×22) (-15→-18=1.58×11) (4→-9=1.52×13) (-10→-5=1.46×13) (-23→24=1.44×6) |
| 2724 | 240 | 28.86 | 7 | 0.44~2.07 | (22→3=1.61×23) (-15→-18=1.56×9) (4→-9=1.53×16) (-10→-5=1.45×12) (-23→24=1.42×5) |
| 2734 | 244 | 29.22 | 6 | 0.44~2.07 | (22→3=1.61×23) (4→-9=1.53×17) (-15→-18=1.52×8) (-10→-5=1.46×14) (-7→-12=1.42×1) |
| 2744 | 242 | 28.93 | 6 | 0.44~1.96 | (22→3=1.60×20) (4→-9=1.52×16) (-15→-18=1.48×6) (-23→24=1.47×3) (-10→-5=1.45×14) |
| 2754 | 247 | 29.13 | 6 | 0.44~1.96 | (22→3=1.59×21) (4→-9=1.53×17) (-15→-18=1.48×6) (-23→24=1.47×3) (-10→-5=1.46×17) |
| 2764 | 260 | 29.93 | 7 | 0.44~1.96 | (22→3=1.59×21) (4→-9=1.53×17) (-15→-18=1.48×6) (-10→-5=1.47×19) (-23→24=1.47×3) |
| 2774 | 248 | 28.62 | 7 | 0.44~1.88 | (22→3=1.58×20) (4→-9=1.53×17) (-10→-5=1.48×20) (-15→-18=1.47×5) (-23→24=1.47×3) |
| 2784 | 251 | 28.05 | 7 | 0.44~1.88 | (22→3=1.57×19) (4→-9=1.53×17) (-10→-5=1.48×21) (4→-2=1.47×9) (-7→25=1.45×8) |
| 2794 | 236 | 26.75 | 6 | 0.44~1.88 | (22→3=1.58×17) (-15→-18=1.56×3) (4→-9=1.50×15) (-10→-5=1.48×19) (4→-2=1.46×8) |
| 2804 | 239 | 26.31 | 6 | 0.44~1.88 | (22→3=1.59×15) (-15→-18=1.56×3) (4→-9=1.50×13) (-10→-5=1.48×17) (4→-2=1.45×9) |
| 2814 | 238 | 25.92 | 6 | 0.44~1.88 | (22→3=1.59×15) (4→-9=1.50×13) (-10→-5=1.47×16) (4→-2=1.45×9) (-3→11=1.43×6) |
| 2824 | 225 | 24.69 | 6 | 0.44~1.88 | (22→3=1.58×14) (4→-9=1.50×12) (4→-2=1.47×8) (-10→-5=1.44×10) (18→-26=0.56×29) |
| 2834 | 224 | 24.33 | 6 | 0.44~1.88 | (22→3=1.58×14) (4→-9=1.50×12) (4→-2=1.46×7) (-10→-5=1.44×10) (18→-26=0.56×28) |
| 2844 | 223 | 24.26 | 6 | 0.45~1.88 | (22→3=1.58×13) (4→-9=1.50×12) (4→-2=1.49×6) (-10→-5=1.44×9) (18→-26=0.56×29) |
| 2854 | 219 | 23.19 | 6 | 0.45~1.87 | (22→3=1.58×9) (4→-9=1.50×9) (-11→-16=1.49×5) (4→-2=1.49×6) (-10→-5=1.44×9) |
| 2864 | 221 | 23.24 | 6 | 0.45~1.87 | (22→3=1.58×9) (4→-9=1.50×9) (-11→-16=1.49×5) (4→-2=1.49×6) (-10→-5=1.45×10) |
| 2874 | 215 | 23.30 | 6 | 0.45~1.87 | (22→3=1.58×8) (-11→-16=1.51×4) (4→-2=1.49×6) (4→-9=1.47×8) (18→-26=0.56×28) |
| 2884 | 213 | 22.93 | 6 | 0.45~1.87 | (22→3=1.56×7) (-11→-16=1.51×4) (4→-2=1.49×6) (4→-9=1.49×7) (18→-26=0.56×26) |
| 2894 | 223 | 23.43 | 6 | 0.45~1.87 | (22→3=1.56×7) (-11→-16=1.51×4) (4→-2=1.49×6) (4→-9=1.49×7) (18→-26=0.56×28) |
| 2904 | 208 | 22.30 | 6 | 0.45~1.87 | (22→3=1.57×6) (4→-2=1.53×5) (-15→-18=1.53×1) (-11→-16=1.50×3) (-17→31=1.46×23) |
| 2914 | 213 | 22.38 | 6 | 0.50~1.87 | (22→3=1.58×5) (4→-2=1.53×5) (-15→-18=1.53×1) (-11→-16=1.47×2) (-17→31=1.46×23) |
| 2924 | 218 | 22.61 | 6 | 0.50~1.87 | (22→3=1.58×5) (4→-2=1.53×5) (-15→-18=1.53×1) (-11→-16=1.47×2) (-17→31=1.45×22) |
| 2934 | 220 | 22.45 | 6 | 0.52~1.87 | (22→3=1.58×5) (4→-2=1.53×5) (-15→-18=1.53×1) (-11→-16=1.47×2) (4→-9=1.47×4) |
| 2944 | 224 | 22.29 | 6 | 0.52~1.87 | (22→3=1.69×4) (-11→-16=1.55×1) (4→-2=1.53×5) (-15→-18=1.53×1) (-17→31=1.46×23) |
| 2954 | 240 | 23.20 | 6 | 0.52~1.87 | (22→3=1.69×4) (-11→-16=1.55×1) (4→-2=1.53×5) (-15→-18=1.53×1) (-17→31=1.46×23) |
| 2964 | 239 | 23.41 | 6 | 0.52~1.87 | (22→3=1.69×4) (-11→-16=1.55×1) (4→-2=1.53×5) (-15→-18=1.53×1) (-7→25=1.51×3) |
| 2974 | 253 | 23.89 | 6 | 0.52~1.87 | (22→3=1.75×3) (4→-2=1.53×5) (-15→-18=1.53×1) (-7→25=1.51×3) (-17→-16=1.51×1) |
| 2984 | 262 | 24.54 | 6 | 0.52~1.87 | (22→3=1.75×3) (4→-2=1.53×5) (-15→-18=1.53×1) (-17→-16=1.51×1) (-17→31=1.46×23) |
| 2994 | 263 | 24.33 | 6 | 0.52~1.87 | (22→3=1.75×3) (4→-2=1.59×4) (-15→-18=1.53×1) (-17→-16=1.51×1) (-3→11=1.49×4) |
| 3004 | 261 | 23.98 | 6 | 0.52~1.87 | (22→3=1.75×3) (4→-2=1.59×3) (-15→-18=1.53×1) (-17→-16=1.51×1) (-3→11=1.50×3) |
| 3014 | 268 | 24.36 | 6 | 0.52~1.87 | (22→3=1.75×3) (-15→-18=1.53×1) (-7→25=1.51×3) (-17→-16=1.51×1) (-17→31=1.49×16) |
| 3024 | 259 | 24.00 | 6 | 0.52~1.87 | (22→3=1.75×3) (-15→-18=1.53×1) (-7→25=1.51×3) (-17→-16=1.51×1) (-17→31=1.48×14) |
| 3034 | 269 | 24.20 | 6 | 0.52~1.87 | (22→3=1.75×3) (-15→-18=1.53×1) (-17→31=1.52×13) (-7→25=1.51×3) (-17→-16=1.51×1) |
| 3044 | 281 | 24.20 | 6 | 0.52~1.87 | (22→3=1.75×3) (-17→31=1.53×10) (-15→-18=1.53×1) (-7→25=1.51×3) (-17→-16=1.51×1) |
| 3054 | 287 | 24.31 | 7 | 0.52~1.74 | (22→3=1.69×2) (-17→31=1.54×12) (-15→-18=1.53×1) (18→-26=0.52×12) (-7→25=1.46×2) |
| 3064 | 301 | 24.56 | 7 | 0.46~1.74 | (22→3=1.69×2) (-17→31=1.55×12) (-15→-18=1.53×1) (18→-26=0.52×12) (-7→25=1.46×2) |
| 3074 | 319 | 25.43 | 7 | 0.46~1.74 | (22→3=1.69×2) (-17→31=1.55×13) (-15→-18=1.53×1) (18→-26=0.52×13) (-7→25=1.46×2) |
| 3084 | 323 | 25.83 | 7 | 0.46~1.74 | (22→3=1.69×2) (-17→31=1.56×13) (-15→-18=1.53×1) (18→-26=0.52×13) (-7→25=1.46×2) |
| 3094 | 331 | 26.10 | 7 | 0.46~1.74 | (22→3=1.69×2) (-17→31=1.56×13) (-15→-18=1.53×1) (18→-26=0.52×13) (-7→25=1.46×2) |
| 3104 | 346 | 26.34 | 7 | 0.46~1.74 | (22→3=1.69×2) (-17→31=1.56×14) (-15→-18=1.53×1) (18→-26=0.52×14) (-7→25=1.46×2) |
| 3114 | 346 | 26.80 | 7 | 0.46~1.74 | (22→3=1.69×2) (-17→31=1.57×14) (18→-26=0.53×14) (-7→25=1.46×2) (19→-21=0.56×14) |
| 3124 | 364 | 26.98 | 7 | 0.46~1.74 | (22→3=1.69×2) (-17→31=1.57×13) (18→-26=0.53×13) (-7→25=1.46×2) (19→-21=0.56×13) |
| 3134 | 376 | 27.35 | 7 | 0.46~1.74 | (22→3=1.69×2) (-17→31=1.57×13) (18→-26=0.53×13) (-7→25=1.46×2) (19→-21=0.56×13) |
| 3144 | 399 | 27.83 | 7 | 0.46~1.77 | (22→3=1.69×2) (-17→31=1.58×14) (18→-26=0.53×14) (-7→25=1.46×2) (19→-21=0.56×14) |
| 3154 | 372 | 27.19 | 7 | 0.46~1.77 | (22→3=1.74×1) (-7→25=1.65×1) (-17→31=1.59×11) (18→-26=0.53×11) (19→-21=0.57×11) |
| 3164 | 384 | 27.38 | 7 | 0.46~1.77 | (22→3=1.74×1) (-7→25=1.65×1) (-17→31=1.61×10) (18→-26=0.54×10) (19→-21=0.57×11) |
| 3174 | 397 | 27.51 | 7 | 0.46~1.77 | (22→3=1.74×1) (-7→25=1.65×1) (-17→31=1.61×10) (18→-26=0.54×10) (19→-21=0.57×11) |
| 3184 | 378 | 27.99 | 7 | 0.46~1.77 | (22→3=1.74×1) (-7→25=1.65×1) (-17→31=1.61×10) (18→-26=0.54×10) (19→-21=0.57×11) |
| 3194 | 381 | 28.28 | 7 | 0.46~1.77 | (22→3=1.74×1) (-7→25=1.65×1) (-17→31=1.61×10) (18→-26=0.54×10) (19→-21=0.57×11) |
| 3204 | 400 | 28.44 | 7 | 0.46~1.82 | (22→3=1.74×1) (-7→25=1.65×1) (-17→31=1.60×9) (18→-26=0.53×9) (-10→18=1.45×6) |
| 3214 | 402 | 28.67 | 7 | 0.51~1.82 | (22→3=1.74×1) (-7→25=1.65×1) (-17→31=1.60×9) (18→-26=0.52×9) (-10→18=1.45×6) |
| 3224 | 376 | 28.57 | 7 | 0.51~1.82 | (22→3=1.74×1) (-7→25=1.65×1) (-17→31=1.61×8) (18→-26=0.52×8) (19→-21=0.57×9) |
| 3234 | 377 | 28.87 | 7 | 0.51~1.82 | (22→3=1.74×1) (-7→25=1.65×1) (-17→31=1.61×11) (18→-26=0.52×11) (-10→18=1.42×7) |
| 3244 | 382 | 29.05 | 7 | 0.51~1.82 | (22→3=1.74×1) (-7→25=1.65×1) (-17→31=1.61×11) (18→-26=0.52×11) (-10→18=1.42×7) |
| 3254 | 372 | 29.13 | 7 | 0.51~1.82 | (22→3=1.74×1) (-7→25=1.65×1) (-17→31=1.61×12) (18→-26=0.52×12) (19→-21=0.57×13) |
| 3264 | 372 | 28.83 | 7 | 0.51~1.82 | (22→3=1.74×1) (-7→25=1.65×1) (-17→31=1.61×11) (18→-26=0.52×11) (19→-21=0.57×12) |
| 3274 | 364 | 28.81 | 7 | 0.51~1.82 | (22→3=1.74×1) (-7→25=1.65×1) (-17→31=1.61×10) (18→-26=0.52×10) (19→-21=0.57×11) |
| 3284 | 377 | 28.96 | 7 | 0.51~1.82 | (22→3=1.74×1) (-7→25=1.65×1) (-17→31=1.61×11) (18→-26=0.52×11) (-10→18=1.44×7) |
| 3294 | 360 | 28.90 | 7 | 0.51~1.82 | (22→3=1.74×1) (-7→25=1.65×1) (-17→31=1.61×13) (18→-26=0.52×13) (19→-21=0.57×13) |
| 3304 | 364 | 28.40 | 7 | 0.51~1.82 | (22→3=1.74×1) (-7→25=1.65×1) (-17→31=1.61×12) (18→-26=0.52×12) (19→-21=0.57×12) |
| 3314 | 368 | 28.48 | 7 | 0.47~1.82 | (22→3=1.74×1) (-7→25=1.65×1) (-17→31=1.61×13) (18→-26=0.52×13) (14→30=1.43×13) |
| 3324 | 358 | 28.08 | 7 | 0.47~1.81 | (22→3=1.74×1) (-7→25=1.65×1) (-17→31=1.63×14) (18→-26=0.52×14) (19→-21=0.57×13) |
| 3334 | 352 | 28.12 | 7 | 0.47~1.81 | (22→3=1.74×1) (-7→25=1.65×1) (-17→31=1.63×14) (18→-26=0.52×14) (19→-21=0.57×13) |
| 3344 | 364 | 28.58 | 7 | 0.47~1.81 | (22→3=1.74×1) (-7→25=1.65×1) (-17→31=1.64×17) (18→-26=0.52×17) (14→30=1.44×17) |
| 3354 | 354 | 28.04 | 7 | 0.47~1.81 | (-17→31=1.64×17) (18→-26=0.52×17) (19→-21=0.56×15) (14→30=1.44×17) (-12→31=0.57×19) |
| 3364 | 352 | 27.76 | 7 | 0.47~1.81 | (-17→31=1.64×16) (18→-26=0.52×16) (14→30=1.45×16) (19→-21=0.56×14) (17→10=0.57×16) |
| 3374 | 354 | 27.88 | 7 | 0.47~2.05 | (-17→31=1.64×16) (18→-26=0.52×16) (14→30=1.45×16) (19→-21=0.56×14) (17→10=0.57×16) |
| 3384 | 358 | 28.38 | 7 | 0.47~2.05 | (-17→31=1.64×17) (18→-26=0.52×17) (14→30=1.45×17) (19→-21=0.56×15) (17→10=0.57×17) |
| 3394 | 354 | 29.03 | 7 | 0.47~2.05 | (-17→31=1.64×18) (18→-26=0.52×18) (14→30=1.44×18) (19→-21=0.56×16) (17→10=0.57×18) |
| 3404 | 350 | 28.57 | 7 | 0.51~2.05 | (-17→31=1.64×16) (18→-26=0.52×16) (14→30=1.45×16) (19→-21=0.56×15) (17→10=0.57×16) |
| 3414 | 346 | 28.97 | 7 | 0.51~2.05 | (-17→31=1.64×18) (18→-26=0.52×18) (14→30=1.47×18) (19→-21=0.56×17) (17→10=0.57×18) |
| 3424 | 347 | 29.46 | 7 | 0.43~2.05 | (-17→31=1.63×20) (18→-26=0.51×20) (14→30=1.46×20) (19→-21=0.56×19) (17→10=0.57×20) |
| 3434 | 329 | 29.49 | 7 | 0.43~2.05 | (-17→31=1.64×21) (14→30=1.49×21) (18→-26=0.51×21) (19→-21=0.55×20) (-12→31=0.57×23) |
| 3444 | 321 | 29.22 | 7 | 0.43~2.05 | (-17→31=1.64×20) (14→30=1.49×20) (18→-26=0.51×20) (19→-21=0.55×19) (22→22=0.58×20) |
| 3454 | 317 | 29.44 | 7 | 0.43~2.05 | (-17→31=1.64×21) (14→30=1.51×21) (18→-26=0.51×21) (19→-21=0.55×21) (-12→31=0.58×23) |
| 3464 | 317 | 29.55 | 7 | 0.43~2.05 | (-17→31=1.64×21) (14→30=1.51×21) (18→-26=0.51×21) (19→-21=0.55×21) (-12→31=0.58×23) |
| 3474 | 305 | 30.77 | 7 | 0.43~2.05 | (-17→31=1.65×25) (14→30=1.53×25) (18→-26=0.51×25) (19→-21=0.55×25) (-12→31=0.57×27) |
| 3484 | 303 | 30.85 | 7 | 0.43~2.05 | (-17→31=1.65×25) (14→30=1.53×25) (18→-26=0.51×25) (19→-21=0.55×25) (-12→31=0.57×27) |
| 3494 | 311 | 32.24 | 7 | 0.43~2.05 | (-17→31=1.68×30) (14→30=1.57×30) (18→-26=0.50×30) (19→-21=0.54×30) (-12→31=0.56×32) |
| 3504 | 291 | 31.91 | 7 | 0.43~2.05 | (-17→31=1.67×31) (14→30=1.59×31) (18→-26=0.51×31) (-12→31=0.54×32) (19→-21=0.54×31) |
| 3514 | 293 | 32.50 | 7 | 0.43~2.05 | (-17→31=1.67×33) (14→30=1.59×33) (-15→3=1.49×4) (18→-26=0.51×33) (19→-21=0.54×33) |
| 3524 | 283 | 32.66 | 7 | 0.43~2.05 | (-17→31=1.67×31) (14→30=1.59×31) (18→-26=0.51×31) (19→-21=0.54×31) (-15→3=1.46×3) |
| 3534 | 288 | 32.78 | 7 | 0.43~1.89 | (-17→31=1.67×32) (14→30=1.59×33) (18→-26=0.51×33) (19→-21=0.54×33) (-15→3=1.46×2) |
| 3544 | 271 | 32.16 | 7 | 0.43~1.89 | (-17→31=1.67×27) (14→30=1.62×29) (18→-26=0.51×29) (19→-21=0.53×29) (-15→3=1.46×1) |
| 3554 | 270 | 32.08 | 7 | 0.43~1.89 | (-17→31=1.67×26) (14→30=1.64×28) (18→-26=0.51×28) (19→-21=0.53×28) (-12→31=0.55×29) |
| 3564 | 275 | 33.00 | 7 | 0.43~1.89 | (-17→31=1.67×29) (14→30=1.65×31) (18→-26=0.51×31) (19→-21=0.53×31) (-12→31=0.55×32) |
| 3574 | 256 | 31.61 | 7 | 0.43~1.89 | (-17→31=1.66×23) (14→30=1.65×25) (18→-26=0.52×25) (19→-21=0.54×25) (-12→31=0.55×26) |
| 3584 | 259 | 31.82 | 7 | 0.43~1.90 | (-17→31=1.66×22) (14→30=1.65×24) (18→-26=0.52×24) (19→-21=0.54×24) (-12→31=0.55×25) |
| 3594 | 259 | 32.12 | 7 | 0.43~1.90 | (14→30=1.66×27) (-17→31=1.66×25) (18→-26=0.52×27) (19→-21=0.54×27) (-12→31=0.54×28) |
| 3604 | 253 | 32.60 | 7 | 0.43~1.90 | (14→30=1.66×27) (-17→31=1.66×25) (18→-26=0.52×27) (19→-21=0.54×27) (-12→31=0.54×28) |
| 3614 | 236 | 31.81 | 7 | 0.45~1.90 | (14→30=1.67×23) (-17→31=1.66×21) (18→-26=0.52×23) (19→-21=0.53×23) (-12→31=0.55×24) |
| 3624 | 236 | 32.10 | 7 | 0.45~1.90 | (14→30=1.68×24) (-17→31=1.66×22) (18→-26=0.52×24) (19→-21=0.53×24) (-12→31=0.54×25) |
| 3634 | 229 | 31.25 | 7 | 0.40~1.90 | (14→30=1.69×20) (-17→31=1.67×19) (18→-26=0.51×20) (19→-21=0.53×20) (22→22=0.54×20) |
| 3644 | 222 | 30.84 | 7 | 0.40~1.90 | (14→30=1.69×18) (-17→31=1.66×17) (18→-26=0.52×18) (19→-21=0.54×18) (22→22=0.55×18) |
| 3654 | 224 | 29.92 | 7 | 0.40~1.90 | (14→30=1.70×16) (-17→31=1.68×15) (18→-26=0.52×16) (19→-21=0.52×16) (22→22=0.55×16) |
| 3664 | 224 | 30.15 | 7 | 0.40~1.90 | (14→30=1.70×16) (-17→31=1.64×16) (18→-26=0.52×16) (19→-21=0.52×16) (22→22=0.55×16) |
| 3674 | 212 | 29.12 | 7 | 0.40~1.90 | (14→30=1.70×12) (-17→31=1.62×13) (19→-21=0.52×12) (18→-26=0.52×12) (22→22=0.54×12) |
| 3684 | 211 | 29.05 | 7 | 0.40~1.90 | (14→30=1.70×12) (-17→31=1.62×13) (19→-21=0.52×12) (18→-26=0.52×12) (22→22=0.54×12) |
| 3694 | 213 | 29.08 | 7 | 0.40~1.90 | (14→30=1.70×12) (-17→31=1.62×13) (19→-21=0.52×12) (18→-26=0.52×12) (22→22=0.54×12) |
| 3704 | 201 | 27.22 | 7 | 0.40~1.90 | (14→30=1.67×8) (-17→31=1.64×8) (18→-26=0.52×8) (19→-21=0.54×8) (22→22=0.55×8) |
| 3714 | 200 | 26.68 | 7 | 0.40~1.90 | (14→30=1.66×7) (-17→31=1.64×7) (18→-26=0.51×7) (19→-21=0.54×7) (22→22=0.55×7) |
| 3724 | 198 | 26.96 | 7 | 0.40~1.90 | (14→30=1.70×6) (-17→31=1.64×6) (12→17=1.51×1) (18→-26=0.51×6) (19→-21=0.53×6) |
| 3734 | 189 | 25.22 | 7 | 0.50~1.90 | (14→30=1.64×3) (-17→31=1.59×3) (12→17=1.51×1) (18→-26=0.52×3) (22→22=0.54×3) |
| 3744 | 189 | 25.03 | 7 | 0.49~1.90 | (14→30=1.64×3) (-17→31=1.59×3) (12→17=1.51×1) (18→-26=0.52×3) (22→22=0.54×3) |
| 3754 | 192 | 25.64 | 7 | 0.49~1.90 | (14→30=1.64×3) (-17→31=1.59×3) (12→17=1.51×1) (18→-26=0.52×3) (22→22=0.54×3) |
| 3764 | 189 | 25.88 | 7 | 0.46~1.76 | (-17→31=1.59×3) (12→17=1.51×1) (18→-26=0.52×3) (22→22=0.54×3) (14→30=1.43×4) |
| 3774 | 193 | 26.62 | 7 | 0.46~1.76 | (14→30=1.64×3) (-17→31=1.59×3) (12→17=1.51×1) (18→-26=0.52×3) (22→22=0.54×3) |
| 3784 | 194 | 26.91 | 7 | 0.46~1.76 | (14→30=1.64×3) (-17→31=1.59×3) (12→17=1.51×1) (18→-26=0.52×3) (-8→-26=1.47×1) |
| 3794 | 185 | 26.36 | 7 | 0.46~1.76 | (14→30=1.64×3) (-17→31=1.59×3) (12→17=1.51×1) (18→-26=0.52×3) (-8→-26=1.47×1) |
| 3804 | 187 | 26.24 | 7 | 0.49~1.76 | (14→30=1.58×2) (-17→31=1.58×2) (12→17=1.51×1) (18→-26=0.52×2) (-8→-26=1.47×1) |
| 3814 | 183 | 26.70 | 7 | 0.49~1.76 | (14→30=1.58×2) (-17→31=1.58×2) (12→17=1.51×1) (18→-26=0.52×2) (-8→-26=1.47×1) |
| 3824 | 177 | 26.44 | 7 | 0.49~1.76 | (14→30=1.58×2) (-17→31=1.58×2) (12→17=1.51×1) (18→-26=0.52×2) (24→2=1.47×2) |
| 3834 | 179 | 26.78 | 7 | 0.49~1.76 | (14→30=1.58×2) (-17→31=1.58×2) (12→17=1.51×1) (18→-26=0.52×2) (24→2=1.47×2) |
| 3844 | 178 | 27.20 | 7 | 0.49~1.76 | (14→30=1.58×2) (-17→31=1.58×2) (12→17=1.51×1) (18→-26=0.52×2) (24→2=1.47×2) |
| 3854 | 174 | 26.27 | 7 | 0.49~1.76 | (14→30=1.58×2) (-17→31=1.58×2) (12→17=1.51×1) (18→-26=0.52×2) (24→2=1.47×2) |
| 3864 | 175 | 26.66 | 7 | 0.49~1.76 | (14→30=1.58×2) (-17→31=1.58×2) (12→17=1.51×1) (18→-26=0.52×2) (24→2=1.47×2) |
| 3874 | 175 | 26.67 | 7 | 0.49~1.76 | (14→30=1.58×2) (-17→31=1.58×2) (12→17=1.51×1) (18→-26=0.52×2) (24→2=1.47×2) |
| 3884 | 170 | 26.84 | 7 | 0.49~1.76 | (14→30=1.58×2) (-17→31=1.58×2) (12→17=1.51×1) (18→-26=0.52×2) (24→2=1.47×2) |
| 3894 | 174 | 27.54 | 7 | 0.49~1.76 | (14→30=1.58×2) (-17→31=1.58×2) (12→17=1.51×1) (18→-26=0.52×2) (24→2=1.47×2) |
| 3904 | 171 | 26.88 | 7 | 0.49~1.76 | (14→30=1.58×2) (-17→31=1.58×2) (12→17=1.51×1) (18→-26=0.52×2) (24→2=1.47×2) |
| 3914 | 170 | 26.86 | 7 | 0.49~1.73 | (24→2=1.66×1) (-17→31=1.54×1) (12→17=1.51×1) (18→-26=0.52×1) (22→22=0.53×1) |
| 3924 | 170 | 26.54 | 7 | 0.49~1.73 | (24→2=1.66×1) (-17→31=1.54×1) (12→17=1.51×1) (18→-26=0.52×1) (22→22=0.53×1) |
| 3934 | 161 | 26.68 | 7 | 0.49~1.73 | (24→2=1.66×1) (-17→31=1.54×1) (12→17=1.51×1) (18→-26=0.52×1) (22→22=0.53×1) |
| 3944 | 162 | 26.84 | 7 | 0.49~1.71 | (24→2=1.66×1) (-17→31=1.54×1) (12→17=1.51×1) (18→-26=0.52×1) (22→22=0.53×1) |
| 3954 | 163 | 26.77 | 7 | 0.49~1.71 | (24→2=1.66×1) (-17→31=1.54×1) (18→-26=0.52×1) (22→22=0.53×1) (19→-21=0.56×1) |
| 3964 | 167 | 27.08 | 7 | 0.49~1.71 | (24→2=1.66×1) (-17→31=1.54×1) (18→-26=0.52×1) (22→22=0.53×1) (19→-21=0.56×1) |
| 3974 | 171 | 26.22 | 7 | 0.49~1.71 | (24→2=1.66×1) (-17→31=1.54×1) (18→-26=0.52×1) (22→22=0.53×1) (19→-21=0.56×1) |
| 3984 | 173 | 26.81 | 7 | 0.49~1.71 | (24→2=1.66×1) (-17→31=1.54×1) (18→-26=0.52×1) (22→22=0.53×1) (19→-21=0.56×1) |
| 3994 | 177 | 26.69 | 7 | 0.49~1.71 | (24→2=1.66×1) (-17→31=1.54×1) (18→-26=0.52×1) (22→22=0.53×1) (19→-21=0.56×1) |
| 4004 | 176 | 27.25 | 7 | 0.49~1.71 | (24→2=1.66×1) (-17→31=1.54×1) (18→-26=0.52×1) (22→22=0.53×1) (19→-21=0.56×1) |
| 4014 | 177 | 26.33 | 7 | 0.49~1.71 | (24→2=1.66×1) (-17→31=1.54×1) (18→-26=0.52×1) (22→22=0.53×1) (19→-21=0.56×1) |
| 4024 | 180 | 26.97 | 7 | 0.49~1.71 | (24→2=1.66×1) (-17→31=1.54×1) (18→-26=0.52×1) (22→22=0.53×1) (19→-21=0.56×1) |
| 4034 | 180 | 26.53 | 7 | 0.49~1.71 | (24→2=1.66×1) (-17→31=1.54×1) (18→-26=0.52×1) (22→22=0.53×1) (19→-21=0.56×1) |
| 4044 | 179 | 26.36 | 7 | 0.51~1.71 | (24→2=1.66×1) (-17→31=1.54×1) (18→-26=0.52×1) (22→22=0.53×1) (19→-21=0.56×1) |
| 4054 | 181 | 26.45 | 7 | 0.51~1.73 | (24→2=1.66×1) (-17→31=1.54×1) (18→-26=0.52×1) (22→22=0.53×1) (19→-21=0.56×1) |
| 4064 | 183 | 25.95 | 7 | 0.51~1.73 | (24→2=1.66×1) (-17→31=1.54×1) (18→-26=0.52×1) (22→22=0.53×1) (19→-21=0.56×1) |
| 4074 | 184 | 25.83 | 7 | 0.51~1.73 | (24→2=1.66×1) (-17→31=1.54×1) (18→-26=0.52×1) (22→22=0.53×1) (13→12=1.44×74) |
| 4084 | 176 | 26.04 | 7 | 0.51~1.73 | (24→2=1.66×1) (-17→31=1.54×1) (18→-26=0.52×1) (22→22=0.53×1) (19→-21=0.56×1) |
| 4094 | 179 | 25.65 | 7 | 0.51~1.73 | (24→2=1.66×1) (-17→31=1.54×1) (18→-26=0.52×1) (22→22=0.53×1) (19→-21=0.56×1) |
| 4104 | 179 | 25.82 | 7 | 0.51~1.73 | (24→2=1.66×1) (-17→31=1.54×1) (18→-26=0.52×1) (22→22=0.53×1) (13→12=1.44×71) |
| 4115 | 180 | 25.79 | 7 | 0.51~1.73 | (24→2=1.66×1) (-17→31=1.54×1) (18→-26=0.52×1) (22→22=0.53×1) (13→12=1.44×71) |
| 4125 | 181 | 26.69 | 7 | 0.51~1.73 | (24→2=1.66×1) (-17→31=1.54×1) (18→-26=0.52×1) (22→22=0.53×1) (13→12=1.45×74) |
| 4135 | 177 | 27.29 | 7 | 0.51~1.74 | (24→2=1.66×1) (-17→31=1.54×1) (18→-26=0.52×1) (22→22=0.53×1) (13→12=1.45×73) |
| 4146 | 174 | 27.33 | 5 | 0.51~1.74 | (3→-3=0.54×2) (13→12=1.45×74) (-22→-20=0.65×2) (-3→12=1.33×8) (-14→31=1.33×2) |
| 4156 | 166 | 26.64 | 5 | 0.51~1.74 | (3→-3=0.54×2) (13→12=1.45×66) (-3→12=1.35×9) (-22→-20=0.65×2) (-19→25=0.66×6) |
| 4166 | 172 | 26.85 | 5 | 0.51~1.76 | (3→-3=0.54×2) (13→12=1.46×69) (-2→-9=1.37×6) (-3→12=1.35×9) (-22→-20=0.65×2) |
| 4177 | 166 | 26.67 | 6 | 0.51~1.76 | (3→-3=0.54×2) (13→12=1.46×65) (-2→-9=1.38×5) (-22→-20=0.65×2) (-3→12=1.34×10) |
| 4187 | 165 | 27.40 | 6 | 0.51~1.76 | (3→-3=0.54×2) (13→12=1.46×67) (-2→-9=1.37×6) (-13→-20=1.34×3) (-3→12=1.34×10) |
| 4197 | 163 | 27.75 | 6 | 0.51~1.76 | (3→-3=0.54×2) (13→12=1.46×68) (-2→-9=1.37×6) (-13→-20=1.34×3) (-3→12=1.34×10) |
| 4208 | 159 | 28.61 | 6 | 0.51~1.76 | (13→12=1.46×67) (3→-3=0.54×2) (-2→-9=1.40×7) (-13→-20=1.34×3) (-14→31=1.33×2) |
| 4218 | 160 | 29.60 | 6 | 0.51~1.76 | (13→12=1.47×70) (3→-3=0.54×2) (-2→-9=1.40×7) (-13→-20=1.34×3) (-14→31=1.33×2) |
| 4228 | 150 | 27.41 | 6 | 0.51~1.76 | (13→12=1.46×60) (3→-3=0.54×2) (-2→-9=1.42×3) (-13→-20=1.34×3) (-3→12=1.34×10) |
| 4239 | 151 | 27.64 | 6 | 0.51~1.76 | (13→12=1.47×62) (3→-3=0.54×2) (-2→-9=1.44×2) (-13→-20=1.34×3) (-3→12=1.34×10) |
| 4249 | 146 | 28.03 | 6 | 0.51~1.76 | (13→12=1.46×62) (3→-3=0.54×1) (-2→-9=1.44×2) (-3→12=1.34×10) (-16→-14=0.67×11) |
| 4259 | 146 | 28.47 | 6 | 0.51~1.76 | (13→12=1.47×63) (3→-3=0.54×1) (-2→-9=1.44×2) (-3→12=1.34×10) (-16→-14=0.67×11) |
| 4270 | 146 | 29.24 | 6 | 0.51~1.76 | (13→12=1.47×65) (3→-3=0.54×1) (-2→-9=1.44×2) (-3→12=1.34×10) (-16→-14=0.67×11) |
| 4280 | 140 | 28.04 | 6 | 0.51~1.76 | (13→12=1.46×59) (3→-3=0.54×1) (-14→31=1.39×1) (-3→12=1.34×10) (-16→-14=0.67×11) |
| 4290 | 141 | 27.94 | 6 | 0.51~1.76 | (13→12=1.47×59) (3→-3=0.54×1) (-14→31=1.39×1) (-3→12=1.34×10) (-16→-14=0.67×11) |
| 4301 | 143 | 27.73 | 6 | 0.51~1.76 | (13→12=1.47×60) (3→-3=0.54×1) (-14→31=1.39×1) (-3→12=1.34×10) (-16→-14=0.67×10) |
| 4311 | 143 | 28.06 | 6 | 0.51~1.76 | (13→12=1.48×59) (3→-3=0.54×1) (-14→31=1.39×1) (-3→12=1.34×10) (-16→-14=0.67×10) |
| 4321 | 151 | 28.83 | 6 | 0.51~1.76 | (13→12=1.48×64) (3→-3=0.54×1) (-14→31=1.39×1) (-3→12=1.34×10) (-16→-14=0.67×10) |
| 4332 | 146 | 30.01 | 6 | 0.51~1.76 | (13→12=1.48×65) (3→-3=0.54×1) (-14→31=1.39×1) (-3→12=1.34×10) (-16→-14=0.67×10) |
| 4342 | 152 | 30.19 | 6 | 0.48~1.80 | (13→12=1.48×68) (3→-3=0.54×1) (-14→31=1.39×1) (-3→12=1.34×10) (-16→-14=0.67×10) |
| 4352 | 148 | 29.21 | 6 | 0.48~1.80 | (13→12=1.49×63) (3→-3=0.54×1) (-6→-19=0.66×2) (-3→12=1.34×10) (-16→-14=0.67×10) |
| 4363 | 154 | 29.99 | 6 | 0.48~1.80 | (13→12=1.49×67) (3→-3=0.54×1) (-6→-19=0.66×4) (-3→12=1.34×10) (-16→-14=0.67×10) |
| 4373 | 160 | 29.89 | 6 | 0.47~1.80 | (13→12=1.50×69) (3→-3=0.54×1) (-6→-19=0.66×4) (-3→12=1.34×10) (7→2=0.67×67) |
| 4383 | 156 | 30.21 | 6 | 0.47~1.80 | (13→12=1.50×68) (3→-3=0.54×1) (-3→12=1.34×10) (7→2=0.66×66) (-6→-19=0.67×5) |
| 4394 | 165 | 31.19 | 6 | 0.47~1.80 | (13→12=1.50×74) (3→-3=0.54×1) (7→2=0.66×72) (-6→-19=0.67×5) (-16→-14=0.67×12) |
| 4404 | 172 | 31.92 | 6 | 0.47~1.80 | (13→12=1.50×79) (3→-3=0.54×1) (7→2=0.66×77) (-15→11=1.33×2) (-16→-14=0.67×12) |
| 4414 | 166 | 30.28 | 6 | 0.45~1.80 | (13→12=1.50×71) (3→-3=0.54×1) (-7→3=1.34×38) (7→2=0.66×69) (-15→11=1.33×2) |
| 4425 | 173 | 31.21 | 6 | 0.45~1.81 | (13→12=1.50×77) (3→-3=0.54×1) (-7→3=1.34×41) (-24→-13=1.34×89) (-15→11=1.33×2) |
| 4435 | 184 | 32.63 | 6 | 0.45~1.88 | (13→12=1.51×86) (3→-3=0.54×1) (-7→3=1.35×45) (7→2=0.66×84) (-15→11=1.33×2) |
| 4445 | 182 | 32.79 | 7 | 0.45~1.81 | (13→12=1.51×86) (3→-3=0.54×1) (-7→3=1.36×46) (-3→12=1.35×9) (7→2=0.66×84) |
| 4456 | 186 | 32.88 | 7 | 0.45~1.81 | (13→12=1.52×89) (3→-3=0.54×1) (-7→3=1.35×46) (-3→12=1.35×9) (7→2=0.66×87) |
| 4466 | 193 | 33.68 | 7 | 0.45~1.85 | (13→12=1.53×94) (3→-3=0.54×1) (-7→3=1.37×49) (-3→12=1.35×9) (7→2=0.65×92) |
| 4476 | 198 | 34.14 | 7 | 0.45~1.85 | (13→12=1.53×99) (3→-3=0.54×1) (-7→3=1.37×52) (7→2=0.65×97) (-4→18=0.65×20) |
| 4487 | 207 | 35.91 | 7 | 0.44~1.85 | (13→12=1.53×108) (3→-3=0.54×1) (-7→3=1.37×59) (7→2=0.65×106) (-4→18=0.65×22) |
| 4497 | 189 | 32.78 | 7 | 0.44~1.85 | (13→12=1.53×92) (3→-3=0.54×1) (7→2=0.63×90) (-7→3=1.36×43) (-3→12=1.34×7) |
| 4507 | 200 | 32.89 | 7 | 0.44~1.85 | (13→12=1.53×98) (3→-3=0.54×1) (7→2=0.63×95) (-7→3=1.35×45) (-3→12=1.34×7) |
| 4518 | 203 | 33.77 | 7 | 0.44~1.85 | (13→12=1.54×103) (3→-3=0.54×1) (7→2=0.62×100) (-7→3=1.35×45) (-3→12=1.34×7) |
| 4528 | 201 | 33.17 | 7 | 0.44~1.81 | (13→12=1.54×100) (3→-3=0.54×1) (7→2=0.63×97) (-7→3=1.35×45) (-3→12=1.34×7) |
| 4538 | 206 | 33.03 | 7 | 0.44~1.81 | (13→12=1.53×103) (3→-3=0.54×1) (7→2=0.63×100) (-3→12=1.36×6) (15→31=1.35×5) |
| 4549 | 217 | 33.38 | 7 | 0.44~1.81 | (13→12=1.53×109) (3→-3=0.54×1) (7→2=0.63×105) (-3→12=1.36×6) (15→31=1.35×5) |
| 4559 | 208 | 33.05 | 7 | 0.44~1.81 | (13→12=1.54×104) (3→-3=0.54×1) (7→2=0.63×100) (-3→12=1.36×6) (15→31=1.35×5) |
| 4569 | 214 | 33.55 | 7 | 0.44~1.81 | (13→12=1.54×109) (3→-3=0.54×1) (7→2=0.63×105) (-3→12=1.36×6) (15→31=1.34×4) |
| 4580 | 222 | 32.82 | 7 | 0.44~1.81 | (13→12=1.54×110) (3→-3=0.54×1) (7→2=0.63×106) (-3→12=1.36×6) (15→31=1.34×4) |
| 4590 | 222 | 32.47 | 7 | 0.44~1.81 | (13→12=1.54×109) (3→-3=0.54×1) (-13→-20=1.39×1) (7→2=0.63×104) (-11→25=1.36×1) |
| 4600 | 221 | 31.55 | 7 | 0.44~1.81 | (13→12=1.54×105) (3→-3=0.54×1) (-13→-20=1.39×1) (7→2=0.63×100) (-11→25=1.36×1) |
| 4611 | 233 | 31.99 | 7 | 0.44~1.81 | (13→12=1.55×112) (3→-3=0.54×1) (-13→-20=1.39×1) (7→2=0.63×106) (-11→25=1.36×1) |
| 4621 | 238 | 31.66 | 7 | 0.44~1.81 | (13→12=1.55×113) (3→-3=0.54×1) (-13→-20=1.39×1) (7→2=0.63×107) (-11→25=1.36×1) |
| 4631 | 239 | 31.22 | 7 | 0.44~1.81 | (13→12=1.55×110) (3→-3=0.54×1) (15→31=1.39×1) (-13→-20=1.39×1) (7→2=0.63×105) |
| 4642 | 251 | 31.16 | 7 | 0.44~1.81 | (13→12=1.55×116) (15→31=1.39×1) (7→2=0.62×111) (-3→12=1.36×6) (-13→-18=1.35×7) |
| 4652 | 253 | 31.45 | 7 | 0.44~1.81 | (13→12=1.55×118) (15→31=1.39×1) (7→2=0.62×113) (-3→12=1.36×6) (-13→-18=1.35×7) |
| 4662 | 243 | 30.77 | 7 | 0.44~1.87 | (13→12=1.55×112) (15→31=1.39×1) (-3→12=1.39×5) (7→2=0.63×107) (-13→-18=1.37×6) |
| 4673 | 251 | 31.49 | 7 | 0.44~1.87 | (13→12=1.55×120) (15→31=1.39×1) (-3→12=1.39×5) (7→2=0.63×115) (-13→-18=1.37×10) |
| 4683 | 256 | 31.96 | 6 | 0.44~1.87 | (13→12=1.55×125) (15→31=1.39×1) (-3→12=1.39×5) (7→2=0.63×120) (17→-4=1.37×3) |
| 4693 | 248 | 31.77 | 6 | 0.44~1.87 | (13→12=1.55×122) (-3→12=1.43×4) (15→31=1.39×1) (7→2=0.63×117) (17→-4=1.36×2) |
| 4704 | 250 | 31.81 | 6 | 0.44~1.87 | (13→12=1.56×124) (15→31=1.39×1) (17→-4=1.38×1) (7→2=0.62×118) (-19→25=0.63×1) |
| 4714 | 259 | 32.29 | 6 | 0.44~1.87 | (13→12=1.55×131) (15→31=1.39×1) (-13→-18=1.39×16) (17→-4=1.38×1) (7→2=0.62×125) |
| 4724 | 265 | 32.34 | 6 | 0.44~1.87 | (13→12=1.55×134) (15→31=1.39×1) (-13→-18=1.38×17) (17→-4=1.38×1) (7→2=0.62×128) |
| 4735 | 248 | 32.08 | 6 | 0.44~1.87 | (13→12=1.56×123) (-13→-18=1.39×15) (7→2=0.62×117) (17→-4=1.38×1) (-19→25=0.63×1) |
| 4745 | 249 | 32.67 | 6 | 0.44~1.97 | (13→12=1.56×126) (7→2=0.61×120) (-13→-18=1.38×17) (17→-4=1.38×1) (-19→25=0.63×1) |
| 4755 | 255 | 33.64 | 6 | 0.44~1.97 | (13→12=1.57×133) (7→2=0.61×126) (17→-4=1.38×1) (-13→-18=1.38×18) (-19→25=0.63×1) |
| 4766 | 248 | 32.21 | 6 | 0.44~1.97 | (13→12=1.56×124) (7→2=0.62×118) (-13→-18=1.38×21) (17→-4=1.38×1) (-19→25=0.63×1) |
| 4776 | 249 | 32.55 | 6 | 0.44~1.97 | (13→12=1.56×126) (7→2=0.62×120) (17→-4=1.38×1) (-13→-18=1.38×22) (-19→25=0.63×1) |
| 4786 | 248 | 33.38 | 6 | 0.44~1.97 | (13→12=1.57×129) (7→2=0.62×123) (-13→-18=1.38×24) (23→23=0.65×66) (-6→-1=1.34×3) |
| 4797 | 256 | 34.02 | 6 | 0.44~1.97 | (13→12=1.57×136) (7→2=0.62×130) (-13→-18=1.38×27) (23→23=0.65×68) (-6→-1=1.34×3) |
| 4807 | 251 | 33.49 | 6 | 0.44~1.97 | (13→12=1.58×131) (7→2=0.62×125) (-13→-18=1.36×23) (23→23=0.64×67) (-6→-1=1.34×3) |
| 4817 | 258 | 33.83 | 6 | 0.44~1.97 | (13→12=1.58×136) (7→2=0.62×130) (-13→-18=1.37×27) (23→23=0.64×69) (-6→-1=1.34×3) |
| 4828 | 260 | 34.30 | 6 | 0.44~1.97 | (13→12=1.58×139) (7→2=0.62×133) (-13→-18=1.36×28) (23→23=0.64×71) (-6→-1=1.34×3) |
| 4838 | 259 | 34.00 | 6 | 0.44~2.03 | (13→12=1.58×138) (7→2=0.62×131) (-13→-18=1.37×31) (-3→12=1.37×2) (23→23=0.64×67) |
| 4848 | 268 | 34.76 | 6 | 0.44~2.05 | (13→12=1.58×147) (24→2=1.39×2) (-13→-18=1.38×36) (7→2=0.62×139) (-3→12=1.37×2) |
| 4859 | 275 | 35.29 | 6 | 0.44~2.05 | (13→12=1.58×152) (24→2=1.39×2) (7→2=0.62×144) (-13→-18=1.38×36) (23→23=0.63×73) |
| 4869 | 267 | 34.50 | 6 | 0.44~2.05 | (13→12=1.57×144) (-13→-18=1.40×35) (7→2=0.62×137) (23→23=0.63×68) (-3→12=1.37×2) |
| 4879 | 276 | 35.51 | 6 | 0.44~2.05 | (13→12=1.57×153) (-13→-18=1.39×41) (7→2=0.63×146) (23→23=0.63×67) (-3→12=1.37×2) |
| 4890 | 283 | 35.79 | 6 | 0.44~2.05 | (13→12=1.57×158) (-13→-18=1.40×43) (23→23=0.63×69) (7→2=0.63×149) (-3→12=1.37×2) |
| 4900 | 284 | 35.37 | 6 | 0.44~2.05 | (13→12=1.57×156) (-13→-18=1.42×42) (23→23=0.62×69) (7→2=0.63×147) (-3→12=1.37×2) |
| 4910 | 269 | 34.71 | 6 | 0.44~2.05 | (13→12=1.57×144) (-13→-18=1.43×37) (23→23=0.62×65) (7→2=0.62×134) (-3→12=1.37×2) |
| 4921 | 273 | 34.83 | 6 | 0.44~2.05 | (13→12=1.57×147) (-13→-18=1.43×39) (23→23=0.62×66) (7→2=0.63×138) (-3→12=1.37×2) |
| 4931 | 277 | 35.06 | 6 | 0.44~2.05 | (13→12=1.57×150) (-13→-18=1.43×40) (23→23=0.62×67) (7→2=0.62×141) (-3→12=1.37×2) |
| 4941 | 279 | 35.30 | 5 | 0.44~2.05 | (13→12=1.57×152) (-13→-18=1.42×44) (23→23=0.62×66) (7→2=0.63×143) (-3→12=1.37×2) |
| 4952 | 286 | 35.35 | 5 | 0.44~2.05 | (13→12=1.57×157) (-13→-18=1.42×52) (23→23=0.61×64) (7→2=0.63×148) (-3→12=1.37×2) |
| 4962 | 292 | 35.43 | 5 | 0.44~2.05 | (13→12=1.57×161) (-3→12=1.50×1) (-13→-18=1.41×54) (23→23=0.62×67) (7→2=0.63×152) |
| 4972 | 302 | 36.21 | 5 | 0.44~2.05 | (13→12=1.57×170) (-3→12=1.50×1) (-13→-18=1.42×62) (23→23=0.62×70) (7→2=0.63×160) |
| 4983 | 291 | 36.22 | 5 | 0.44~2.05 | (13→12=1.57×163) (-3→12=1.50×1) (-13→-18=1.42×58) (23→23=0.63×67) (7→2=0.63×154) |
| 4993 | 306 | 37.64 | 5 | 0.44~2.05 | (13→12=1.57×178) (-3→12=1.50×1) (-13→-18=1.42×68) (7→2=0.63×166) (23→23=0.63×71) |
| 5003 | 311 | 38.70 | 6 | 0.44~2.05 | (13→12=1.57×185) (-3→12=1.50×1) (-13→-18=1.41×69) (7→2=0.62×173) (23→23=0.63×77) |
| 5014 | 312 | 38.71 | 6 | 0.44~2.05 | (13→12=1.57×185) (-3→12=1.50×1) (-13→-18=1.43×72) (7→2=0.63×172) (23→23=0.63×75) |
| 5024 | 313 | 39.03 | 6 | 0.44~2.05 | (13→12=1.57×186) (-3→12=1.50×1) (-13→-18=1.43×70) (7→2=0.62×173) (23→23=0.63×79) |
| 5034 | 323 | 40.26 | 6 | 0.44~2.05 | (13→12=1.57×198) (-3→12=1.50×1) (-13→-18=1.43×78) (7→2=0.62×183) (23→23=0.63×82) |
| 5045 | 323 | 41.17 | 6 | 0.44~2.05 | (13→12=1.58×202) (-3→12=1.50×1) (-13→-18=1.43×78) (7→2=0.62×188) (23→23=0.62×87) |
| 5055 | 308 | 40.85 | 6 | 0.44~2.05 | (13→12=1.58×191) (-3→12=1.50×1) (-13→-18=1.44×74) (7→2=0.62×178) (23→23=0.63×80) |
| 5065 | 313 | 41.99 | 6 | 0.44~2.05 | (13→12=1.58×199) (-3→12=1.50×1) (-13→-18=1.44×76) (23→23=0.62×84) (7→2=0.62×186) |
| 5076 | 320 | 42.24 | 6 | 0.44~2.05 | (13→12=1.58×205) (-3→12=1.50×1) (-13→-18=1.44×78) (23→23=0.62×86) (7→2=0.62×192) |
| 5086 | 307 | 41.56 | 6 | 0.44~2.05 | (13→12=1.58×193) (-3→12=1.50×1) (-13→-18=1.44×77) (23→23=0.62×77) (7→2=0.62×181) |
| 5096 | 316 | 42.59 | 6 | 0.44~2.05 | (13→12=1.58×203) (-3→12=1.50×1) (-13→-18=1.44×78) (23→23=0.62×84) (7→2=0.62×190) |
| 5107 | 319 | 42.81 | 6 | 0.44~2.05 | (13→12=1.59×205) (-13→-18=1.43×76) (23→23=0.61×88) (7→2=0.62×192) (-13→-16=0.66×1) |
| 5117 | 301 | 42.43 | 6 | 0.44~2.05 | (13→12=1.59×192) (-13→-18=1.43×70) (23→23=0.62×83) (7→2=0.62×182) (-10→3=0.67×42) |
| 5127 | 305 | 43.12 | 6 | 0.44~2.05 | (13→12=1.59×197) (-13→-18=1.42×71) (23→23=0.61×87) (7→2=0.61×187) (-10→3=0.67×45) |
| 5138 | 309 | 43.05 | 6 | 0.44~2.05 | (13→12=1.59×199) (-13→-18=1.42×73) (7→2=0.61×189) (23→23=0.62×88) (-10→3=0.67×44) |
| 5148 | 305 | 44.73 | 6 | 0.44~2.05 | (13→12=1.59×204) (-13→-18=1.40×74) (23→23=0.61×89) (7→2=0.62×193) (-4→18=0.67×90) |
| 5158 | 300 | 44.55 | 6 | 0.44~2.05 | (13→12=1.59×200) (-13→-18=1.40×73) (23→23=0.61×87) (7→2=0.62×188) (-10→3=0.67×44) |
| 5169 | 304 | 45.83 | 6 | 0.44~2.10 | (13→12=1.59×207) (-13→-18=1.40×76) (23→23=0.60×93) (7→2=0.61×194) (-19→28=1.33×207) |
| 5179 | 294 | 45.69 | 6 | 0.44~2.10 | (13→12=1.60×200) (23→23=0.60×90) (-13→-18=1.39×73) (7→2=0.61×189) (-19→28=1.33×200) |
| 5189 | 302 | 46.08 | 6 | 0.44~2.10 | (13→12=1.60×206) (23→23=0.59×94) (7→2=0.61×193) (-13→-18=1.38×77) (-19→28=1.34×206) |
| 5200 | 306 | 46.55 | 6 | 0.44~2.10 | (13→12=1.60×211) (23→23=0.59×93) (7→2=0.61×198) (-13→-18=1.37×83) (-19→28=1.34×211) |
| 5210 | 297 | 46.22 | 6 | 0.44~2.05 | (13→12=1.59×202) (23→23=0.59×92) (7→2=0.61×189) (-19→28=1.35×202) (-13→-18=1.35×78) |
| 5220 | 310 | 47.60 | 6 | 0.44~2.05 | (13→12=1.59×216) (-22→2=1.41×6) (23→23=0.59×97) (7→2=0.61×201) (-17→15=1.36×2) |
| 5231 | 316 | 48.10 | 6 | 0.44~2.05 | (13→12=1.60×222) (23→23=0.58×101) (-22→2=1.40×7) (7→2=0.61×206) (-19→28=1.36×222) |
| 5241 | 313 | 47.53 | 6 | 0.44~2.09 | (13→12=1.59×218) (23→23=0.58×92) (-22→2=1.39×10) (7→2=0.61×201) (-17→15=1.36×2) |
| 5251 | 313 | 47.96 | 7 | 0.44~2.09 | (13→12=1.59×219) (23→23=0.57×92) (-22→2=1.39×10) (7→2=0.61×201) (-19→28=1.36×219) |
| 5262 | 314 | 48.52 | 7 | 0.39~2.09 | (13→12=1.60×220) (23→23=0.56×97) (7→2=0.61×202) (-22→2=1.38×11) (-19→28=1.37×220) |
| 5272 | 305 | 48.34 | 7 | 0.44~2.09 | (13→12=1.60×213) (23→23=0.57×92) (-22→2=1.41×8) (7→2=0.61×195) (1→-11=1.37×9) |
| 5282 | 305 | 48.38 | 7 | 0.44~2.09 | (13→12=1.60×212) (23→23=0.57×96) (-22→2=1.40×7) (7→2=0.60×193) (-19→28=1.37×212) |
| 5293 | 313 | 48.96 | 7 | 0.44~2.09 | (13→12=1.60×220) (23→23=0.56×97) (-22→2=1.40×7) (7→2=0.61×199) (-19→28=1.37×220) |
| 5303 | 291 | 48.52 | 7 | 0.44~2.09 | (13→12=1.60×203) (23→23=0.57×94) (7→2=0.60×183) (-22→2=1.37×6) (-19→28=1.37×203) |
| 5313 | 286 | 48.26 | 7 | 0.44~2.09 | (13→12=1.60×198) (23→23=0.56×94) (7→2=0.60×177) (-22→2=1.39×5) (-19→28=1.38×198) |
| 5324 | 288 | 48.59 | 7 | 0.44~2.09 | (13→12=1.60×200) (23→23=0.56×94) (7→2=0.60×176) (1→-11=1.39×10) (-19→28=1.38×200) |
| 5334 | 278 | 48.74 | 7 | 0.44~2.09 | (13→12=1.61×193) (23→23=0.56×96) (7→2=0.60×171) (-19→28=1.39×193) (1→-11=1.36×7) |
| 5344 | 277 | 48.72 | 7 | 0.44~2.09 | (13→12=1.61×192) (23→23=0.56×98) (1→-11=1.40×6) (7→2=0.60×170) (-19→28=1.39×192) |
| 5355 | 285 | 49.84 | 7 | 0.43~2.09 | (13→12=1.62×201) (23→23=0.56×104) (7→2=0.60×178) (1→-11=1.40×6) (-19→28=1.39×201) |
| 5365 | 282 | 49.46 | 7 | 0.43~2.09 | (13→12=1.61×198) (23→23=0.56×99) (1→-11=1.40×6) (7→2=0.60×173) (-19→28=1.39×198) |
| 5375 | 291 | 49.97 | 7 | 0.43~2.09 | (13→12=1.61×206) (23→23=0.56×102) (1→-11=1.40×6) (7→2=0.60×181) (-19→28=1.39×206) |
| 5386 | 280 | 48.96 | 7 | 0.43~2.09 | (13→12=1.61×194) (23→23=0.56×95) (7→2=0.60×172) (-19→28=1.38×194) (1→-11=1.38×7) |
| 5396 | 280 | 49.55 | 7 | 0.42~2.09 | (13→12=1.61×195) (23→23=0.56×97) (7→2=0.60×173) (-19→28=1.39×195) (1→-11=1.36×6) |
| 5406 | 281 | 50.35 | 7 | 0.42~2.09 | (13→12=1.61×198) (13→-16=1.47×3) (23→23=0.56×99) (7→2=0.60×176) (-19→28=1.39×198) |
| 5417 | 276 | 49.83 | 7 | 0.42~2.32 | (13→12=1.62×192) (23→23=0.56×97) (13→-16=1.43×2) (7→2=0.60×169) (-19→28=1.39×192) |
| 5427 | 276 | 50.10 | 7 | 0.42~2.42 | (13→12=1.62×192) (23→23=0.56×100) (13→-16=1.43×2) (7→2=0.60×170) (-19→28=1.40×192) |
| 5437 | 268 | 50.07 | 7 | 0.42~2.42 | (13→12=1.63×185) (23→23=0.56×99) (13→-16=1.43×2) (7→2=0.59×165) (-19→28=1.40×185) |
| 5448 | 271 | 50.41 | 7 | 0.42~2.42 | (13→12=1.63×187) (23→23=0.55×101) (13→-16=1.43×2) (7→2=0.59×168) (-19→28=1.41×187) |
| 5458 | 273 | 50.98 | 7 | 0.41~2.42 | (13→12=1.64×189) (23→23=0.55×106) (13→-16=1.43×2) (-19→28=1.41×189) (7→2=0.59×172) |
| 5468 | 265 | 51.22 | 7 | 0.41~2.32 | (13→12=1.64×184) (23→23=0.55×104) (13→-16=1.43×2) (10→17=1.42×3) (-19→28=1.41×184) |
| 5479 | 270 | 51.29 | 7 | 0.41~2.32 | (13→12=1.64×188) (23→23=0.56×105) (13→-16=1.43×2) (10→17=1.42×3) (7→2=0.59×173) |
| 5489 | 254 | 51.38 | 7 | 0.41~2.32 | (13→12=1.64×177) (23→23=0.55×97) (1→-11=1.41×7) (-19→28=1.41×177) (7→2=0.59×160) |
| 5499 | 259 | 51.67 | 7 | 0.41~2.32 | (13→12=1.65×181) (23→23=0.55×101) (-19→28=1.41×181) (1→-11=1.41×7) (7→2=0.59×164) |
| 5510 | 256 | 52.34 | 7 | 0.41~2.32 | (13→12=1.66×180) (23→23=0.54×101) (1→-11=1.43×8) (-19→28=1.42×180) (7→2=0.59×166) |
| 5520 | 242 | 51.67 | 7 | 0.42~2.32 | (13→12=1.66×168) (23→23=0.54×95) (-19→28=1.43×168) (10→17=1.42×3) (7→2=0.59×156) |
| 5530 | 241 | 52.27 | 7 | 0.42~2.32 | (13→12=1.65×169) (23→23=0.54×95) (-19→28=1.43×169) (10→17=1.42×3) (7→2=0.59×157) |
| 5541 | 229 | 51.72 | 7 | 0.42~2.54 | (13→12=1.65×159) (23→23=0.54×91) (-19→28=1.43×159) (1→-11=1.43×5) (10→17=1.42×3) |
| 5551 | 230 | 52.04 | 7 | 0.42~2.54 | (13→12=1.65×160) (1→-11=1.47×4) (23→23=0.54×92) (-19→28=1.43×160) (10→17=1.42×3) |
| 5561 | 221 | 50.70 | 7 | 0.42~2.54 | (13→12=1.64×150) (1→-11=1.47×4) (23→23=0.55×85) (-19→28=1.43×150) (10→17=1.42×3) |
| 5572 | 222 | 50.96 | 7 | 0.42~2.54 | (13→12=1.65×151) (1→-11=1.47×4) (23→23=0.55×87) (-19→28=1.43×151) (10→17=1.42×3) |
| 5582 | 226 | 51.12 | 7 | 0.42~2.54 | (13→12=1.64×154) (1→-11=1.54×3) (23→23=0.55×87) (-19→28=1.43×154) (10→17=1.42×3) |
| 5592 | 218 | 51.08 | 7 | 0.42~2.54 | (13→12=1.65×147) (1→-11=1.54×3) (23→23=0.54×84) (-19→28=1.43×147) (10→17=1.42×3) |
| 5603 | 223 | 52.48 | 7 | 0.42~2.54 | (13→12=1.64×155) (1→-11=1.54×3) (23→23=0.54×85) (-19→28=1.42×155) (10→17=1.42×3) |
| 5613 | 217 | 51.28 | 7 | 0.42~2.54 | (13→12=1.64×148) (1→-11=1.54×3) (23→23=0.55×81) (-19→28=1.42×148) (10→17=1.42×3) |
| 5623 | 224 | 52.21 | 7 | 0.42~2.54 | (13→12=1.63×155) (1→-11=1.54×3) (23→23=0.54×81) (10→17=1.42×3) (-19→28=1.42×155) |
| 5634 | 212 | 51.70 | 7 | 0.42~2.36 | (13→12=1.63×145) (10→17=1.62×1) (1→-11=1.54×1) (23→23=0.55×79) (-19→28=1.42×145) |
| 5644 | 213 | 52.49 | 7 | 0.42~2.36 | (13→12=1.62×146) (10→17=1.62×1) (1→-11=1.54×1) (23→23=0.54×80) (-19→28=1.43×146) |
| 5654 | 221 | 52.81 | 7 | 0.42~2.36 | (13→12=1.63×153) (10→17=1.62×1) (1→-11=1.54×1) (23→23=0.54×82) (-19→28=1.43×153) |
| 5665 | 209 | 51.00 | 7 | 0.42~2.16 | (10→17=1.62×1) (13→12=1.62×140) (1→-11=1.54×1) (23→23=0.55×74) (-19→28=1.43×140) |
| 5675 | 209 | 51.01 | 7 | 0.42~2.16 | (10→17=1.62×1) (13→12=1.62×140) (1→-11=1.54×1) (23→23=0.55×74) (-19→28=1.43×140) |
| 5685 | 194 | 49.87 | 7 | 0.45~2.09 | (13→12=1.62×127) (10→17=1.62×1) (1→-11=1.54×1) (23→23=0.55×70) (-19→28=1.44×127) |
| 5696 | 191 | 49.82 | 7 | 0.45~2.09 | (13→12=1.62×125) (10→17=1.62×1) (1→-11=1.54×1) (23→23=0.55×68) (-19→28=1.44×125) |
| 5706 | 186 | 50.96 | 7 | 0.45~2.09 | (13→12=1.63×123) (10→17=1.62×1) (1→-11=1.54×1) (23→23=0.54×70) (-19→28=1.44×123) |
| 5716 | 186 | 50.69 | 7 | 0.45~2.33 | (13→12=1.63×122) (10→17=1.62×1) (1→-11=1.54×1) (23→23=0.55×70) (-19→28=1.44×122) |
| 5727 | 193 | 51.92 | 7 | 0.45~2.33 | (13→12=1.62×129) (10→17=1.62×1) (1→-11=1.54×1) (10→11=1.46×1) (23→23=0.55×73) |
| 5737 | 184 | 51.97 | 7 | 0.45~2.33 | (13→12=1.63×122) (10→17=1.62×1) (1→-11=1.54×1) (5→14=1.46×1) (23→23=0.55×72) |
| 5747 | 189 | 53.07 | 7 | 0.43~2.33 | (10→17=1.62×1) (13→12=1.62×128) (1→-11=1.54×1) (5→14=1.46×1) (23→23=0.55×74) |
| 5758 | 182 | 52.34 | 7 | 0.43~2.33 | (13→12=1.63×121) (10→17=1.62×1) (1→-11=1.54×1) (5→14=1.46×1) (23→23=0.55×73) |
| 5768 | 182 | 52.27 | 7 | 0.43~2.33 | (13→12=1.63×120) (10→17=1.62×1) (1→-11=1.54×1) (5→14=1.46×1) (23→23=0.54×72) |
| 5778 | 188 | 52.80 | 7 | 0.41~2.33 | (13→12=1.63×125) (10→17=1.62×1) (1→-11=1.54×1) (5→14=1.46×1) (23→23=0.54×75) |
| 5789 | 188 | 53.20 | 7 | 0.41~2.33 | (13→12=1.63×125) (10→17=1.62×1) (1→-11=1.54×1) (23→23=0.55×72) (-19→28=1.44×125) |
| 5799 | 191 | 53.82 | 7 | 0.41~2.33 | (13→12=1.63×127) (10→17=1.62×1) (1→-11=1.54×1) (23→23=0.55×74) (-19→28=1.44×127) |
| 5809 | 194 | 55.71 | 7 | 0.41~2.33 | (13→12=1.63×133) (10→17=1.62×1) (1→-11=1.54×1) (23→23=0.55×77) (-19→28=1.44×133) |
| 5820 | 205 | 57.35 | 7 | 0.40~2.33 | (13→12=1.63×145) (10→17=1.62×1) (1→-11=1.54×1) (23→23=0.55×80) (-13→-18=1.44×63) |
| 5830 | 209 | 58.31 | 7 | 0.40~2.33 | (13→12=1.62×150) (10→17=1.62×1) (1→-11=1.54×1) (23→23=0.55×80) (-13→-18=1.45×68) |
| 5840 | 207 | 58.61 | 7 | 0.40~2.33 | (13→12=1.61×150) (23→23=0.55×75) (-13→-18=1.44×71) (11→-27=0.58×7) (-19→28=1.41×150) |
| 5851 | 210 | 58.55 | 7 | 0.40~2.33 | (13→12=1.61×152) (23→23=0.55×74) (-13→-18=1.44×74) (11→-27=0.58×7) (-19→28=1.40×152) |
| 5861 | 207 | 59.73 | 7 | 0.40~2.33 | (13→12=1.62×153) (23→23=0.55×78) (-13→-18=1.44×70) (11→-27=0.58×7) (-19→28=1.41×153) |
| 5871 | 210 | 59.86 | 7 | 0.40~2.33 | (13→12=1.61×155) (23→23=0.55×78) (-13→-18=1.43×72) (11→-27=0.58×8) (-19→28=1.41×156) |
| 5882 | 218 | 60.23 | 7 | 0.40~2.33 | (13→12=1.60×162) (-13→-18=1.44×80) (23→23=0.56×78) (11→-27=0.58×8) (7→2=0.59×108) |
| 5892 | 211 | 60.28 | 7 | 0.40~2.33 | (13→12=1.60×157) (23→23=0.55×74) (-13→-18=1.44×80) (11→-27=0.58×6) (7→2=0.59×104) |
| 5902 | 218 | 60.34 | 7 | 0.40~2.33 | (13→12=1.60×162) (23→23=0.55×77) (-13→-18=1.43×82) (11→-27=0.58×6) (7→2=0.59×106) |
| 5913 | 222 | 61.39 | 7 | 0.40~2.33 | (13→12=1.60×168) (23→23=0.54×77) (11→-27=0.57×7) (-13→-18=1.42×87) (-19→28=1.40×169) |
| 5923 | 222 | 60.24 | 7 | 0.40~2.33 | (13→12=1.60×165) (23→23=0.54×75) (11→-27=0.56×6) (-13→-18=1.41×87) (7→2=0.60×106) |
| 5933 | 225 | 60.53 | 7 | 0.40~2.33 | (13→12=1.60×168) (23→23=0.54×75) (11→-27=0.56×7) (-13→-18=1.41×89) (-19→28=1.40×169) |
| 5944 | 222 | 60.81 | 7 | 0.39~2.33 | (13→12=1.60×166) (23→23=0.54×75) (11→-27=0.56×7) (-13→-18=1.42×86) (12→31=1.40×22) |
| 5954 | 226 | 61.64 | 7 | 0.39~2.33 | (13→12=1.60×171) (23→23=0.54×77) (11→-27=0.56×8) (-13→-18=1.42×88) (7→2=0.60×107) |
| 5964 | 230 | 61.97 | 7 | 0.39~2.33 | (13→12=1.60×173) (23→23=0.54×78) (11→-27=0.54×7) (-13→-18=1.42×92) (7→2=0.59×106) |
| 5975 | 218 | 61.40 | 7 | 0.39~2.33 | (13→12=1.61×160) (23→23=0.54×76) (11→-27=0.54×8) (-13→-18=1.43×81) (-19→28=1.41×164) |
| 5985 | 225 | 60.60 | 7 | 0.39~2.33 | (13→12=1.60×164) (23→23=0.54×76) (11→-27=0.54×9) (-13→-18=1.43×84) (-19→28=1.41×168) |
| 5995 | 224 | 60.83 | 7 | 0.39~2.33 | (13→12=1.60×164) (23→23=0.54×77) (11→-27=0.54×9) (-13→-18=1.43×83) (-19→28=1.41×168) |
| 6006 | 217 | 61.39 | 7 | 0.39~2.33 | (13→12=1.61×161) (23→23=0.54×78) (11→-27=0.54×9) (-13→-18=1.44×79) (-19→28=1.41×164) |
| 6016 | 215 | 60.99 | 7 | 0.39~2.18 | (13→12=1.61×159) (23→23=0.54×77) (11→-27=0.54×9) (-13→-18=1.45×78) (-19→28=1.41×162) |
| 6026 | 218 | 61.45 | 7 | 0.39~2.18 | (13→12=1.60×162) (-13→-18=1.46×79) (11→-27=0.54×12) (23→23=0.55×78) (-19→28=1.41×165) |
| 6037 | 214 | 60.07 | 7 | 0.39~2.18 | (13→12=1.62×156) (-13→-18=1.47×77) (23→23=0.54×74) (11→-27=0.54×11) (7→2=0.59×105) |
| 6047 | 216 | 60.23 | 7 | 0.39~2.18 | (13→12=1.62×158) (-13→-18=1.47×77) (23→23=0.54×74) (11→-27=0.54×13) (-19→28=1.42×161) |
| 6057 | 220 | 59.81 | 7 | 0.39~2.18 | (13→12=1.62×161) (-13→-18=1.48×82) (23→23=0.54×71) (11→-27=0.54×14) (-23→28=1.42×32) |
| 6068 | 214 | 60.20 | 7 | 0.39~2.18 | (13→12=1.63×155) (23→23=0.54×72) (-13→-18=1.46×75) (11→-27=0.54×15) (-23→28=1.42×32) |
| 6078 | 212 | 60.40 | 7 | 0.39~2.18 | (13→12=1.63×154) (23→23=0.54×72) (-13→-18=1.46×72) (11→-27=0.54×17) (-23→28=1.44×33) |
| 6088 | 219 | 60.21 | 7 | 0.39~2.18 | (13→12=1.62×159) (23→23=0.54×72) (11→-27=0.54×18) (-13→-18=1.46×76) (-23→28=1.44×34) |
| 6099 | 213 | 59.50 | 7 | 0.39~2.18 | (13→12=1.61×153) (-23→28=1.47×30) (23→23=0.54×69) (11→-27=0.54×18) (-13→-18=1.44×73) |
| 6109 | 216 | 58.91 | 7 | 0.39~2.18 | (13→12=1.61×153) (-23→28=1.48×30) (23→23=0.54×68) (11→-27=0.54×19) (-19→28=1.44×156) |
| 6119 | 216 | 59.06 | 7 | 0.39~2.18 | (13→12=1.61×153) (-23→28=1.48×31) (23→23=0.54×67) (11→-27=0.54×20) (-19→28=1.44×156) |
| 6130 | 221 | 59.03 | 7 | 0.39~2.18 | (13→12=1.61×157) (-23→28=1.49×32) (23→23=0.54×67) (11→-27=0.54×23) (-19→28=1.43×160) |
| 6140 | 216 | 58.51 | 7 | 0.39~2.18 | (13→12=1.61×151) (-23→28=1.50×30) (23→23=0.53×65) (11→-27=0.54×21) (-19→28=1.44×154) |
| 6150 | 227 | 59.98 | 8 | 0.39~2.18 | (13→12=1.60×164) (-23→28=1.50×32) (23→23=0.53×67) (11→-27=0.54×23) (-19→28=1.43×167) |
| 6161 | 221 | 60.34 | 8 | 0.39~2.12 | (13→12=1.61×161) (-23→28=1.51×31) (23→23=0.52×66) (11→-27=0.54×23) (-19→28=1.44×163) |
| 6171 | 219 | 60.25 | 8 | 0.42~2.12 | (13→12=1.59×160) (-23→28=1.51×29) (23→23=0.53×65) (11→-27=0.54×22) (-19→28=1.44×161) |
| 6181 | 222 | 60.05 | 8 | 0.42~2.12 | (13→12=1.59×162) (-23→28=1.51×31) (23→23=0.53×63) (11→-27=0.54×24) (-19→28=1.43×163) |
| 6192 | 226 | 60.29 | 8 | 0.42~2.50 | (13→12=1.58×166) (-23→28=1.54×33) (23→23=0.53×61) (12→25=1.46×1) (11→-27=0.54×27) |
| 6202 | 219 | 60.18 | 7 | 0.42~2.50 | (13→12=1.59×160) (-23→28=1.54×34) (23→23=0.53×58) (11→-27=0.54×27) (-19→28=1.43×161) |
| 6212 | 219 | 59.67 | 7 | 0.42~2.12 | (13→12=1.58×159) (-23→28=1.54×34) (23→23=0.53×57) (11→-27=0.54×27) (-19→28=1.42×160) |
| 6223 | 215 | 59.66 | 7 | 0.42~2.12 | (13→12=1.58×156) (-23→28=1.54×32) (23→23=0.53×56) (11→-27=0.55×25) (-19→28=1.42×157) |
| 6233 | 217 | 59.82 | 7 | 0.42~2.12 | (13→12=1.57×159) (-23→28=1.55×32) (23→23=0.54×56) (11→-27=0.55×27) (-19→28=1.42×159) |
| 6243 | 212 | 59.31 | 7 | 0.42~2.09 | (13→12=1.56×153) (-23→28=1.55×33) (23→23=0.54×52) (11→-27=0.55×28) (-19→28=1.42×153) |
| 6254 | 214 | 59.31 | 7 | 0.42~2.09 | (13→12=1.56×154) (-23→28=1.56×35) (11→-27=0.55×30) (23→23=0.57×53) (-19→28=1.42×154) |
| 6264 | 223 | 60.22 | 7 | 0.42~2.09 | (-23→28=1.57×37) (13→12=1.55×162) (11→-27=0.55×32) (23→23=0.57×54) (-13→-18=1.42×81) |
| 6274 | 223 | 59.65 | 7 | 0.42~2.09 | (-23→28=1.58×37) (13→12=1.55×161) (11→-27=0.55×34) (23→23=0.56×51) (-13→-18=1.41×81) |
| 6285 | 227 | 60.18 | 7 | 0.42~2.09 | (-23→28=1.59×39) (13→12=1.54×165) (11→-27=0.55×37) (23→23=0.57×50) (-13→-18=1.42×82) |
| 6295 | 229 | 60.41 | 7 | 0.42~2.09 | (-23→28=1.59×44) (13→12=1.54×166) (11→-27=0.55×42) (23→23=0.57×49) (24→-5=1.42×37) |
| 6305 | 234 | 60.88 | 7 | 0.42~2.09 | (-23→28=1.59×45) (13→12=1.54×171) (11→-27=0.55×43) (23→23=0.55×49) (-19→28=1.42×171) |
| 6316 | 234 | 60.68 | 7 | 0.42~2.09 | (-23→28=1.59×45) (13→12=1.53×170) (11→-27=0.55×44) (23→23=0.57×49) (-19→28=1.42×170) |
| 6326 | 236 | 60.67 | 7 | 0.42~2.09 | (-23→28=1.61×42) (13→12=1.52×172) (11→-27=0.55×42) (23→23=0.58×48) (-3→-24=1.41×43) |
| 6336 | 240 | 61.06 | 7 | 0.42~2.09 | (-23→28=1.62×41) (13→12=1.52×176) (11→-27=0.55×41) (23→23=0.58×50) (-3→-24=1.41×42) |
| 6347 | 229 | 59.41 | 7 | 0.42~2.21 | (-23→28=1.62×37) (13→12=1.52×163) (11→-27=0.55×36) (-3→-24=1.42×38) (-13→-18=1.42×84) |
| 6357 | 230 | 59.85 | 7 | 0.42~2.21 | (-23→28=1.62×38) (13→12=1.52×165) (11→-27=0.55×37) (-3→-24=1.42×39) (-13→-18=1.41×85) |
| 6367 | 230 | 60.81 | 7 | 0.42~2.21 | (-23→28=1.63×37) (12→31=1.51×1) (13→12=1.51×167) (11→-27=0.55×38) (-13→-18=1.42×87) |
| 6378 | 240 | 61.89 | 7 | 0.42~2.21 | (-23→28=1.63×38) (12→31=1.51×1) (13→12=1.50×176) (11→-27=0.55×39) (-13→-18=1.43×93) |
| 6388 | 227 | 61.05 | 7 | 0.42~2.21 | (-23→28=1.63×35) (13→12=1.52×164) (12→31=1.51×1) (11→-27=0.55×37) (-13→-18=1.42×84) |
| 6398 | 232 | 61.45 | 7 | 0.42~2.21 | (-23→28=1.63×35) (13→12=1.52×168) (12→31=1.51×1) (11→-27=0.55×37) (-3→-24=1.44×40) |
| 6409 | 238 | 62.17 | 7 | 0.42~2.21 | (-23→28=1.62×35) (13→12=1.52×173) (12→31=1.51×1) (11→-27=0.56×38) (-3→-24=1.44×41) |
| 6419 | 224 | 62.13 | 7 | 0.42~2.21 | (-23→28=1.62×35) (13→12=1.53×164) (12→31=1.51×1) (-3→-24=1.45×39) (11→-27=0.55×37) |
| 6429 | 226 | 62.97 | 7 | 0.42~2.21 | (-23→28=1.63×33) (13→12=1.52×168) (12→31=1.51×1) (-3→-24=1.46×38) (11→-27=0.56×36) |
| 6440 | 230 | 63.37 | 7 | 0.42~2.21 | (-23→28=1.62×33) (13→12=1.52×171) (12→31=1.51×1) (-3→-24=1.46×37) (11→-27=0.56×35) |
| 6450 | 238 | 63.17 | 7 | 0.42~2.21 | (-23→28=1.61×32) (13→12=1.52×176) (12→31=1.51×1) (-3→-24=1.45×39) (11→-27=0.56×37) |
| 6460 | 219 | 60.82 | 7 | 0.42~2.30 | (-23→28=1.61×28) (13→12=1.52×155) (12→31=1.51×1) (-3→-24=1.47×32) (11→-27=0.56×30) |
| 6471 | 221 | 60.32 | 7 | 0.42~2.30 | (-23→28=1.61×28) (13→12=1.52×155) (12→31=1.51×1) (-3→-24=1.46×32) (11→-27=0.56×30) |
| 6481 | 234 | 61.67 | 7 | 0.42~2.30 | (-23→28=1.60×37) (13→12=1.53×168) (12→31=1.51×1) (11→-27=0.56×38) (-3→-24=1.43×41) |
| 6491 | 230 | 61.34 | 7 | 0.42~2.30 | (-23→28=1.63×36) (13→12=1.54×163) (11→-27=0.56×39) (-3→-24=1.43×42) (-19→28=1.40×161) |
| 6502 | 234 | 62.89 | 7 | 0.42~2.30 | (-23→28=1.63×41) (13→12=1.54×170) (11→-27=0.56×44) (-3→-24=1.43×47) (23→23=0.59×44) |
| 6512 | 238 | 62.71 | 7 | 0.42~2.30 | (-23→28=1.62×43) (13→12=1.54×172) (11→-27=0.56×45) (-3→-24=1.43×48) (23→23=0.59×45) |
| 6522 | 223 | 61.59 | 7 | 0.42~2.30 | (-23→28=1.63×40) (13→12=1.55×158) (11→-27=0.56×42) (-3→-24=1.43×45) (-13→-18=1.41×79) |
| 6533 | 221 | 60.26 | 7 | 0.42~2.30 | (-23→28=1.63×38) (13→12=1.56×152) (-3→-24=1.45×43) (11→-27=0.56×41) (23→23=0.58×41) |
| 6543 | 220 | 60.31 | 7 | 0.42~2.30 | (-23→28=1.63×38) (13→12=1.57×151) (-3→-24=1.45×43) (11→-27=0.56×41) (23→23=0.58×41) |
| 6553 | 224 | 59.84 | 7 | 0.42~2.30 | (-23→28=1.63×38) (13→12=1.57×152) (-3→-24=1.45×44) (11→-27=0.57×42) (23→23=0.57×42) |
| 6564 | 207 | 57.75 | 7 | 0.42~2.30 | (-23→28=1.61×28) (13→12=1.55×135) (-3→-24=1.46×32) (11→-27=0.57×30) (23→23=0.58×39) |
| 6574 | 204 | 57.41 | 7 | 0.42~2.30 | (-23→28=1.61×30) (13→12=1.55×132) (-3→-24=1.44×35) (11→-27=0.56×33) (23→23=0.58×35) |
| 6584 | 205 | 56.90 | 7 | 0.42~2.30 | (-23→28=1.61×33) (13→12=1.55×131) (11→-27=0.56×36) (-3→-24=1.42×38) (23→23=0.58×33) |
| 6595 | 199 | 56.21 | 7 | 0.42~2.30 | (-23→28=1.59×31) (13→12=1.54×125) (11→-27=0.56×32) (23→23=0.56×31) (-3→-24=1.44×33) |
| 6605 | 200 | 56.39 | 7 | 0.42~2.30 | (-23→28=1.59×31) (13→12=1.55×126) (23→23=0.55×34) (11→-27=0.56×32) (-3→-24=1.44×33) |
| 6615 | 202 | 55.69 | 7 | 0.42~2.30 | (13→12=1.56×125) (-23→28=1.55×33) (23→23=0.55×35) (11→-27=0.56×32) (-3→-24=1.44×33) |
| 6626 | 189 | 54.78 | 7 | 0.42~2.30 | (13→12=1.57×115) (-23→28=1.55×31) (23→23=0.55×36) (-3→-24=1.45×31) (11→-27=0.56×30) |
| 6636 | 188 | 53.35 | 7 | 0.42~2.30 | (13→12=1.57×111) (-23→28=1.52×30) (23→23=0.55×36) (-3→-24=1.44×29) (11→-27=0.56×28) |
| 6646 | 187 | 53.96 | 7 | 0.42~2.30 | (13→12=1.57×112) (-23→28=1.52×30) (23→23=0.55×36) (11→-27=0.56×28) (-3→-24=1.43×29) |
| 6657 | 179 | 53.45 | 7 | 0.42~2.30 | (13→12=1.57×106) (23→23=0.54×35) (-23→28=1.44×27) (11→-27=0.57×23) (-3→-24=1.43×23) |
| 6667 | 174 | 52.14 | 7 | 0.42~2.30 | (13→12=1.57×101) (23→23=0.54×34) (11→-27=0.57×21) (-23→28=1.43×25) (24→-5=1.42×32) |
| 6677 | 173 | 53.61 | 7 | 0.42~2.30 | (13→12=1.56×103) (23→23=0.54×33) (11→-27=0.57×22) (24→-5=1.43×31) (7→2=0.58×57) |
| 6688 | 169 | 52.49 | 7 | 0.42~2.30 | (13→12=1.55×98) (23→23=0.53×30) (24→-5=1.45×29) (11→-27=0.57×21) (7→2=0.58×53) |
| 6698 | 161 | 53.28 | 7 | 0.42~2.30 | (13→12=1.55×95) (23→23=0.52×30) (24→-5=1.46×29) (11→-27=0.57×21) (7→2=0.58×53) |
| 6708 | 160 | 54.79 | 7 | 0.42~2.30 | (13→12=1.55×97) (23→23=0.52×31) (24→-5=1.46×30) (11→-27=0.58×22) (7→2=0.58×55) |
| 6719 | 167 | 54.31 | 7 | 0.42~2.30 | (13→12=1.56×100) (23→23=0.52×33) (24→-5=1.48×32) (7→2=0.57×57) (-19→28=1.42×99) |
| 6729 | 161 | 54.15 | 7 | 0.42~2.30 | (13→12=1.56×96) (24→-5=1.49×30) (23→23=0.51×31) (7→2=0.58×55) (11→-18=0.58×31) |
| 6739 | 166 | 53.48 | 7 | 0.42~2.30 | (13→12=1.56×96) (24→-5=1.49×30) (23→23=0.51×31) (11→-18=0.58×31) (16→-25=1.42×1) |
| 6750 | 158 | 53.06 | 7 | 0.42~2.30 | (13→12=1.56×90) (24→-5=1.49×31) (23→23=0.51×32) (11→-27=0.57×18) (-19→28=1.42×90) |
| 6760 | 162 | 51.86 | 7 | 0.42~2.30 | (13→12=1.56×90) (24→-5=1.49×31) (23→23=0.51×32) (11→-27=0.57×18) (-19→28=1.42×90) |
| 6770 | 163 | 52.13 | 7 | 0.42~2.30 | (13→12=1.56×91) (23→23=0.52×32) (24→-5=1.48×31) (-15→7=1.45×1) (11→-27=0.57×20) |
| 6781 | 157 | 51.74 | 7 | 0.42~2.30 | (13→12=1.57×87) (23→23=0.52×32) (24→-5=1.48×31) (-15→7=1.45×1) (-16→7=1.45×1) |
| 6791 | 158 | 50.80 | 7 | 0.42~2.30 | (13→12=1.56×86) (24→-5=1.49×28) (23→23=0.52×29) (-15→7=1.45×1) (-16→7=1.45×1) |
| 6801 | 160 | 50.18 | 7 | 0.42~2.30 | (13→12=1.56×86) (24→-5=1.49×28) (23→23=0.52×29) (-15→7=1.45×1) (-16→7=1.45×1) |
| 6812 | 160 | 49.96 | 7 | 0.42~2.30 | (13→12=1.58×86) (24→-5=1.49×28) (23→23=0.52×29) (-15→7=1.45×1) (-16→7=1.45×1) |
| 6822 | 162 | 49.96 | 7 | 0.42~2.30 | (13→12=1.57×87) (24→-5=1.49×28) (23→23=0.52×28) (-15→7=1.45×1) (-16→7=1.45×1) |
| 6832 | 161 | 49.45 | 7 | 0.42~2.30 | (13→12=1.57×85) (24→-5=1.49×29) (23→23=0.53×29) (-15→7=1.45×1) (-16→7=1.45×1) |
| 6843 | 161 | 49.12 | 7 | 0.42~2.30 | (13→12=1.56×84) (24→-5=1.49×28) (23→23=0.52×28) (-15→7=1.45×1) (-16→7=1.45×1) |
| 6853 | 155 | 51.05 | 7 | 0.42~2.30 | (13→12=1.56×84) (24→-5=1.49×30) (23→23=0.52×30) (-15→7=1.45×1) (-16→7=1.45×1) |
| 6863 | 152 | 52.22 | 7 | 0.42~2.30 | (13→12=1.56×83) (24→-5=1.49×29) (23→23=0.52×29) (22→-19=1.48×1) (-15→7=1.45×1) |
| 6874 | 154 | 51.71 | 7 | 0.42~2.30 | (13→12=1.56×83) (24→-5=1.50×29) (23→23=0.52×29) (22→-19=1.48×1) (-15→7=1.45×1) |
| 6884 | 157 | 53.13 | 7 | 0.42~2.30 | (13→12=1.55×86) (24→-5=1.50×29) (23→23=0.52×29) (22→-19=1.48×1) (-15→7=1.45×1) |
| 6894 | 151 | 51.56 | 7 | 0.42~2.30 | (13→12=1.55×80) (24→-5=1.51×27) (23→23=0.51×27) (22→-19=1.48×1) (-16→7=1.45×1) |
| 6905 | 153 | 52.33 | 7 | 0.42~2.30 | (13→12=1.55×81) (24→-5=1.51×27) (23→23=0.51×27) (22→-19=1.48×1) (-16→7=1.45×1) |
| 6915 | 154 | 52.63 | 7 | 0.42~2.30 | (13→12=1.54×82) (24→-5=1.51×27) (23→23=0.51×27) (22→-19=1.48×1) (-16→7=1.45×1) |
| 6925 | 146 | 50.70 | 7 | 0.42~2.30 | (13→12=1.55×74) (23→23=0.51×27) (24→-5=1.49×28) (22→-19=1.48×1) (11→-27=0.55×13) |
| 6936 | 144 | 50.35 | 7 | 0.42~2.30 | (13→12=1.55×72) (23→23=0.51×27) (24→-5=1.49×28) (22→-19=1.48×1) (11→-27=0.55×13) |
| 6946 | 140 | 49.82 | 7 | 0.42~2.30 | (13→12=1.54×68) (23→23=0.51×26) (24→-5=1.48×27) (22→-19=1.48×1) (11→-27=0.55×11) |
| 6956 | 142 | 49.96 | 7 | 0.42~2.30 | (13→12=1.52×69) (23→23=0.51×25) (24→-5=1.49×26) (22→-19=1.48×1) (11→-27=0.55×10) |
| 6967 | 139 | 50.45 | 7 | 0.42~1.93 | (13→12=1.50×67) (23→23=0.50×25) (24→-5=1.49×26) (22→-19=1.48×1) (11→-27=0.55×8) |
| 6977 | 137 | 49.10 | 7 | 0.42~1.93 | (23→23=0.50×24) (13→12=1.50×64) (24→-5=1.50×25) (22→-19=1.48×1) (-20→-16=1.45×32) |
| 6987 | 137 | 50.88 | 7 | 0.42~1.93 | (23→23=0.51×24) (13→12=1.49×65) (24→-5=1.48×25) (-20→-16=1.48×35) (22→-19=1.48×1) |
| 6998 | 124 | 48.23 | 7 | 0.42~1.93 | (23→23=0.51×21) (13→12=1.48×61) (-20→-16=1.48×34) (24→-5=1.48×22) (22→-19=1.48×1) |
| 7008 | 124 | 48.54 | 7 | 0.42~1.93 | (23→23=0.51×19) (-20→-16=1.49×36) (24→-5=1.48×20) (22→-19=1.48×1) (13→12=1.47×61) |
| 7018 | 122 | 48.47 | 7 | 0.42~1.93 | (23→23=0.52×19) (-20→-16=1.48×35) (22→-19=1.48×1) (24→-5=1.47×20) (13→12=1.47×60) |
| 7029 | 122 | 46.30 | 7 | 0.42~1.93 | (23→23=0.52×18) (-20→-16=1.48×33) (22→-19=1.48×1) (13→12=1.46×57) (11→-27=0.54×5) |
| 7039 | 118 | 47.75 | 7 | 0.42~1.93 | (23→23=0.52×18) (-20→-16=1.48×33) (22→-19=1.48×1) (13→12=1.46×57) (11→-27=0.54×5) |
| 7049 | 112 | 46.61 | 7 | 0.42~1.93 | (-20→-16=1.50×31) (23→23=0.52×16) (11→-27=0.54×5) (13→12=1.46×53) (24→-5=1.45×17) |
| 7060 | 110 | 45.91 | 7 | 0.42~1.93 | (23→23=0.51×15) (-20→-16=1.49×31) (24→-5=1.46×16) (11→-27=0.54×5) (13→12=1.45×51) |
| 7070 | 103 | 45.45 | 7 | 0.42~1.93 | (23→23=0.50×14) (-20→-16=1.49×29) (24→-5=1.47×15) (-7→18=1.47×4) (11→-27=0.55×4) |
| 7080 | 105 | 45.24 | 7 | 0.42~1.93 | (23→23=0.50×13) (-20→-16=1.49×31) (11→-27=0.55×5) (24→-5=1.45×14) (-7→18=1.44×5) |
| 7091 | 99 | 43.07 | 7 | 0.42~1.89 | (-20→-16=1.50×29) (23→23=0.52×11) (11→-27=0.55×5) (-7→18=1.44×5) (11→-18=0.57×11) |
| 7101 | 100 | 43.56 | 7 | 0.42~1.89 | (-20→-16=1.50×30) (23→23=0.52×11) (11→-27=0.55×6) (11→-18=0.57×11) (13→12=1.42×44) |
| 7111 | 101 | 43.07 | 7 | 0.42~1.89 | (-20→-16=1.50×30) (23→23=0.52×11) (11→-27=0.55×6) (11→-18=0.57×11) (13→12=1.42×44) |
| 7122 | 95 | 41.43 | 7 | 0.42~1.89 | (23→23=0.50×9) (-20→-16=1.48×29) (-23→28=1.47×6) (11→-27=0.55×5) (-7→18=1.44×5) |
| 7132 | 96 | 40.97 | 7 | 0.42~1.89 | (23→23=0.50×9) (-20→-16=1.49×29) (-23→28=1.47×6) (11→-27=0.55×5) (-7→18=1.44×5) |
| 7142 | 95 | 40.46 | 7 | 0.42~1.89 | (23→23=0.51×8) (-20→-16=1.48×29) (-7→18=1.47×4) (11→-27=0.55×4) (-23→28=1.45×5) |
| 7153 | 92 | 40.72 | 7 | 0.42~1.89 | (23→23=0.51×8) (-20→-16=1.49×28) (-7→18=1.47×4) (11→-27=0.55×4) (-23→28=1.45×5) |
| 7163 | 96 | 39.07 | 7 | 0.42~1.89 | (-20→-16=1.49×29) (23→23=0.52×7) (-7→18=1.47×4) (11→-27=0.55×4) (-23→28=1.45×5) |
| 7173 | 91 | 37.76 | 7 | 0.42~1.89 | (-20→-16=1.48×26) (23→23=0.52×7) (-7→18=1.47×4) (11→-27=0.55×4) (-23→28=1.45×5) |
| 7184 | 93 | 38.25 | 7 | 0.42~1.89 | (23→23=0.51×8) (-20→-16=1.48×26) (-7→18=1.47×4) (11→-27=0.55×4) (-23→28=1.45×5) |
| 7194 | 94 | 36.80 | 7 | 0.42~1.89 | (23→23=0.51×8) (-20→-16=1.48×25) (-7→18=1.47×4) (11→-27=0.55×4) (-23→28=1.45×5) |
| 7204 | 94 | 36.88 | 7 | 0.42~1.89 | (23→23=0.50×9) (-20→-16=1.49×24) (-7→18=1.47×4) (11→-27=0.55×4) (-23→28=1.45×5) |
| 7215 | 96 | 35.39 | 7 | 0.42~1.89 | (-23→28=1.56×4) (23→23=0.50×9) (-20→-16=1.49×24) (-7→18=1.47×4) (11→-27=0.55×4) |
| 7225 | 95 | 33.68 | 7 | 0.42~1.89 | (-23→28=1.56×4) (23→23=0.50×9) (-20→-16=1.48×22) (-7→18=1.47×4) (11→-27=0.55×4) |
| 7235 | 95 | 32.87 | 7 | 0.42~1.89 | (-23→28=1.56×4) (23→23=0.50×8) (-20→-16=1.48×22) (-7→18=1.47×4) (11→-27=0.55×4) |
| 7246 | 97 | 32.27 | 7 | 0.42~1.89 | (-23→28=1.56×4) (23→23=0.50×8) (-20→-16=1.48×22) (-7→18=1.47×4) (11→-27=0.55×4) |
| 7256 | 94 | 32.30 | 7 | 0.42~1.89 | (-23→28=1.56×4) (23→23=0.51×7) (-20→-16=1.48×22) (-7→18=1.47×4) (11→-27=0.55×4) |
| 7266 | 92 | 30.09 | 7 | 0.42~1.89 | (-23→28=1.56×4) (23→23=0.49×6) (-20→-16=1.49×20) (-7→18=1.47×4) (11→-27=0.55×4) |
| 7277 | 92 | 30.10 | 7 | 0.42~1.89 | (-23→28=1.56×4) (23→23=0.49×6) (-20→-16=1.49×20) (-7→18=1.47×4) (11→-27=0.55×4) |
| 7287 | 90 | 32.00 | 7 | 0.42~1.89 | (-23→28=1.56×4) (23→23=0.48×7) (-20→-16=1.49×20) (-7→18=1.47×4) (11→-27=0.55×4) |
| 7297 | 89 | 31.48 | 7 | 0.42~1.89 | (-23→28=1.55×3) (23→23=0.48×7) (-7→18=1.51×3) (-20→-16=1.48×19) (11→-27=0.55×3) |
| 7308 | 91 | 32.05 | 7 | 0.42~2.04 | (-23→28=1.55×3) (23→23=0.47×8) (-7→18=1.51×3) (-20→-16=1.48×19) (11→-27=0.55×3) |
| 7318 | 88 | 30.99 | 7 | 0.42~2.04 | (-7→18=1.61×2) (23→23=0.48×7) (-23→28=1.52×2) (-20→-16=1.47×18) (11→-27=0.55×2) |
| 7328 | 89 | 30.92 | 7 | 0.42~2.04 | (-7→18=1.61×2) (23→23=0.48×7) (-23→28=1.52×2) (-20→-16=1.47×18) (11→-27=0.55×2) |
| 7339 | 89 | 30.92 | 7 | 0.42~2.04 | (-7→18=1.61×2) (23→23=0.48×7) (-23→28=1.52×2) (-20→-16=1.47×18) (11→-27=0.55×2) |
| 7349 | 90 | 30.58 | 7 | 0.42~2.04 | (-7→18=1.61×2) (23→23=0.48×7) (-23→28=1.52×2) (-20→-16=1.47×18) (11→-27=0.55×2) |
| 7359 | 89 | 29.97 | 7 | 0.42~2.04 | (-7→18=1.61×2) (23→23=0.48×7) (-23→28=1.52×2) (-20→-16=1.48×17) (11→-27=0.55×2) |
| 7370 | 88 | 28.08 | 7 | 0.42~1.89 | (-7→18=1.89×1) (-3→-24=1.59×1) (-8→12=1.53×1) (23→23=0.49×6) (-20→-16=1.47×16) |
| 7380 | 89 | 28.07 | 7 | 0.42~1.89 | (-7→18=1.89×1) (-3→-24=1.59×1) (-8→12=1.53×1) (23→23=0.49×6) (-20→-16=1.47×16) |
| 7390 | 86 | 26.58 | 7 | 0.42~1.89 | (-7→18=1.89×1) (-3→-24=1.59×1) (-8→12=1.53×1) (23→23=0.49×6) (-20→-16=1.47×14) |
| 7401 | 89 | 25.94 | 7 | 0.42~1.89 | (-7→18=1.89×1) (-3→-24=1.59×1) (-8→12=1.53×1) (23→23=0.49×6) (-20→-16=1.47×14) |
| 7411 | 89 | 24.92 | 7 | 0.42~1.89 | (-7→18=1.89×1) (-3→-24=1.59×1) (-8→12=1.53×1) (23→23=0.49×6) (-20→-16=1.47×13) |
| 7421 | 92 | 25.18 | 7 | 0.42~1.89 | (-7→18=1.89×1) (-3→-24=1.59×1) (-8→12=1.53×1) (23→23=0.49×6) (-20→-16=1.47×14) |
| 7432 | 90 | 25.80 | 7 | 0.42~1.89 | (-7→18=1.89×1) (-3→-24=1.59×1) (-8→12=1.53×1) (23→23=0.49×6) (-20→-16=1.47×14) |
| 7442 | 92 | 27.37 | 7 | 0.42~1.89 | (-7→18=1.89×1) (-3→-24=1.59×1) (-8→12=1.53×1) (23→23=0.50×7) (-20→-16=1.47×15) |
| 7452 | 91 | 27.70 | 7 | 0.42~1.89 | (-7→18=1.89×1) (-3→-24=1.59×1) (-8→12=1.53×1) (23→23=0.50×7) (-20→-16=1.47×15) |
| 7463 | 90 | 30.10 | 7 | 0.42~1.89 | (-7→18=1.89×1) (-3→-24=1.59×1) (-8→12=1.53×1) (23→23=0.50×7) (-20→-16=1.46×17) |
| 7473 | 88 | 30.44 | 7 | 0.42~1.89 | (-7→18=1.89×1) (-3→-24=1.59×1) (-8→12=1.53×1) (23→23=0.50×7) (-20→-16=1.46×17) |
| 7483 | 85 | 29.99 | 7 | 0.42~1.89 | (-7→18=1.89×1) (-3→-24=1.59×1) (-8→12=1.53×1) (23→23=0.52×6) (-20→-16=1.46×17) |
| 7494 | 84 | 29.19 | 7 | 0.42~1.89 | (-7→18=1.89×1) (-3→-24=1.59×1) (-8→12=1.53×1) (23→23=0.52×6) (-20→-16=1.47×16) |
| 7504 | 81 | 29.83 | 7 | 0.42~1.89 | (-7→18=1.89×1) (-3→-24=1.59×1) (-8→12=1.53×1) (23→23=0.52×6) (-20→-16=1.47×16) |
| 7514 | 71 | 31.77 | 7 | 0.42~1.77 | (23→23=0.52×6) (-20→-16=1.47×15) (7→2=0.54×6) (-24→19=0.58×6) (17→-11=0.58×6) |
| 7525 | 70 | 33.23 | 7 | 0.42~1.81 | (-20→-16=1.47×15) (23→23=0.53×7) (7→2=0.54×7) (-7→-15=1.43×7) (17→-11=0.58×7) |
| 7535 | 70 | 33.06 | 7 | 0.42~1.81 | (-20→-16=1.47×15) (23→23=0.53×7) (7→2=0.54×7) (-7→-15=1.43×7) (17→-11=0.58×7) |
| 7545 | 70 | 35.50 | 7 | 0.42~1.81 | (-20→-16=1.47×15) (7→2=0.54×9) (23→23=0.55×9) (-7→-15=1.44×9) (13→12=1.44×24) |
| 7556 | 71 | 35.04 | 7 | 0.42~1.81 | (-20→-16=1.47×15) (7→2=0.54×9) (23→23=0.55×9) (-7→-15=1.44×9) (13→12=1.44×24) |
| 7566 | 70 | 36.59 | 7 | 0.42~1.81 | (-20→-16=1.47×15) (7→2=0.54×10) (13→12=1.45×25) (-7→-15=1.45×10) (23→23=0.56×10) |
| 7576 | 64 | 34.61 | 7 | 0.42~1.81 | (24→-14=1.54×1) (13→12=1.47×22) (7→2=0.54×10) (-7→-15=1.45×10) (23→23=0.56×10) |
| 7587 | 68 | 32.78 | 7 | 0.42~1.81 | (24→-14=1.54×1) (13→12=1.50×22) (7→2=0.54×11) (-19→28=1.46×21) (-7→-15=1.45×11) |
| 7597 | 68 | 32.78 | 7 | 0.42~1.81 | (24→-14=1.54×1) (13→12=1.50×22) (7→2=0.54×11) (-19→28=1.46×21) (-7→-15=1.45×11) |
| 7607 | 74 | 33.14 | 7 | 0.42~1.81 | (24→-14=1.54×1) (13→12=1.52×24) (7→2=0.53×13) (-19→28=1.46×23) (-7→-15=1.45×13) |
| 7618 | 72 | 32.58 | 7 | 0.42~1.81 | (13→12=1.53×23) (-19→28=1.48×22) (7→2=0.53×13) (-7→-15=1.45×13) (-24→19=0.57×13) |
| 7628 | 76 | 34.97 | 7 | 0.42~1.81 | (13→12=1.53×26) (-19→28=1.48×24) (7→2=0.53×15) (-7→-15=1.46×15) (-24→19=0.57×15) |
| 7638 | 77 | 34.52 | 7 | 0.42~1.81 | (13→12=1.53×26) (-19→28=1.48×24) (7→2=0.53×15) (-7→-15=1.46×15) (-24→19=0.57×15) |
| 7649 | 77 | 35.84 | 7 | 0.42~1.81 | (13→12=1.54×27) (-19→28=1.48×25) (7→2=0.53×16) (-7→-15=1.46×16) (-24→19=0.57×16) |
| 7659 | 79 | 36.13 | 7 | 0.42~1.81 | (13→12=1.54×28) (-19→28=1.49×26) (7→2=0.53×17) (-7→-15=1.46×17) (-24→19=0.57×17) |
| 7669 | 82 | 35.10 | 7 | 0.42~1.81 | (13→12=1.54×28) (-19→28=1.49×26) (7→2=0.53×17) (-7→-15=1.46×17) (-24→19=0.57×17) |
| 7680 | 79 | 34.97 | 7 | 0.42~1.81 | (13→12=1.54×27) (-19→28=1.51×25) (7→2=0.54×16) (-7→-15=1.46×16) (-24→19=0.56×16) |
| 7690 | 80 | 35.79 | 7 | 0.42~1.81 | (13→12=1.53×28) (-19→28=1.49×26) (7→2=0.54×16) (-7→-15=1.46×16) (-24→19=0.56×16) |
| 7700 | 79 | 35.00 | 7 | 0.42~1.81 | (13→12=1.55×27) (-19→28=1.51×25) (7→2=0.54×16) (-7→-15=1.46×16) (-24→19=0.56×16) |
| 7711 | 75 | 34.20 | 7 | 0.42~1.81 | (13→12=1.56×25) (-19→28=1.54×23) (7→2=0.54×16) (-7→-15=1.46×16) (-24→19=0.56×16) |
| 7721 | 75 | 34.12 | 7 | 0.42~1.81 | (13→12=1.58×25) (-19→28=1.57×23) (7→2=0.54×17) (-7→-15=1.45×17) (-20→-16=1.45×8) |
| 7731 | 74 | 34.58 | 7 | 0.42~1.81 | (13→12=1.58×25) (-19→28=1.57×23) (7→2=0.54×17) (-7→-15=1.45×17) (-20→-16=1.45×8) |
| 7742 | 75 | 34.12 | 7 | 0.42~1.81 | (13→12=1.58×25) (-19→28=1.57×23) (7→2=0.54×17) (-7→-15=1.45×17) (-20→-16=1.45×8) |
| 7752 | 73 | 34.70 | 7 | 0.42~1.81 | (13→12=1.57×25) (-19→28=1.56×23) (7→2=0.54×17) (-7→-15=1.46×17) (-20→-16=1.45×8) |
| 7762 | 72 | 36.54 | 7 | 0.42~1.81 | (13→12=1.56×26) (-19→28=1.55×24) (7→2=0.54×17) (-7→-15=1.46×17) (-20→-16=1.45×9) |
| 7773 | 72 | 35.25 | 7 | 0.42~1.81 | (-19→28=1.57×23) (13→12=1.57×25) (7→2=0.54×17) (-7→-15=1.46×17) (-20→-16=1.45×8) |
| 7783 | 70 | 34.69 | 7 | 0.42~1.81 | (13→12=1.55×24) (-19→28=1.54×22) (-7→-15=1.47×15) (7→2=0.54×15) (-20→-16=1.45×9) |
| 7793 | 69 | 33.59 | 7 | 0.42~1.81 | (-19→28=1.54×21) (13→12=1.54×23) (-7→-15=1.47×14) (7→2=0.54×14) (-20→-16=1.45×9) |
| 7804 | 70 | 33.14 | 7 | 0.42~1.81 | (-19→28=1.54×21) (13→12=1.54×23) (-7→-15=1.47×14) (7→2=0.54×14) (-20→-16=1.45×9) |
| 7814 | 70 | 33.14 | 7 | 0.42~1.81 | (-19→28=1.54×21) (13→12=1.54×23) (-7→-15=1.47×14) (7→2=0.54×14) (-20→-16=1.45×9) |
| 7824 | 70 | 30.44 | 7 | 0.42~1.81 | (13→12=1.52×21) (-19→28=1.51×19) (-7→-15=1.47×12) (7→2=0.54×12) (-20→-16=1.45×9) |
| 7835 | 68 | 31.37 | 8 | 0.42~1.81 | (13→12=1.53×21) (-19→28=1.50×20) (-7→-15=1.47×12) (7→2=0.54×12) (-20→-16=1.45×9) |
| 7845 | 69 | 30.90 | 8 | 0.42~1.81 | (13→12=1.53×21) (-19→28=1.50×20) (-7→-15=1.47×12) (7→2=0.54×12) (-20→-16=1.45×9) |
| 7855 | 63 | 29.02 | 8 | 0.42~1.81 | (13→12=1.54×18) (-19→28=1.51×17) (-7→-15=1.48×10) (7→2=0.54×10) (-13→-18=1.46×8) |
| 7866 | 63 | 26.49 | 8 | 0.42~1.81 | (13→12=1.52×16) (-19→28=1.48×15) (-7→-15=1.48×8) (7→2=0.54×8) (-13→-18=1.46×8) |
| 7876 | 66 | 25.38 | 8 | 0.42~1.81 | (13→12=1.52×16) (-19→28=1.48×15) (-7→-15=1.48×8) (7→2=0.54×8) (-13→-18=1.46×8) |
| 7886 | 67 | 25.06 | 8 | 0.42~1.81 | (13→12=1.52×16) (-19→28=1.48×15) (-7→-15=1.48×8) (7→2=0.54×8) (-13→-18=1.46×8) |
| 7897 | 67 | 25.04 | 8 | 0.42~1.81 | (13→12=1.52×16) (-19→28=1.48×15) (-7→-15=1.48×8) (7→2=0.54×8) (-13→-18=1.46×8) |
| 7907 | 70 | 27.26 | 8 | 0.42~1.81 | (13→12=1.49×18) (-20→-16=1.48×10) (-7→-15=1.48×8) (22→20=1.47×10) (7→2=0.54×8) |
| 7917 | 68 | 28.00 | 8 | 0.42~1.81 | (13→12=1.49×18) (-20→-16=1.48×10) (-7→-15=1.48×8) (22→20=1.47×10) (7→2=0.54×8) |
| 7928 | 72 | 27.90 | 8 | 0.42~1.81 | (13→12=1.50×19) (-7→-15=1.48×9) (22→20=1.47×10) (-20→-16=1.46×11) (7→2=0.54×9) |
| 7938 | 71 | 28.30 | 8 | 0.42~1.81 | (13→12=1.50×19) (-7→-15=1.48×9) (22→20=1.47×10) (-20→-16=1.46×11) (7→2=0.54×9) |
| 7948 | 71 | 30.79 | 8 | 0.42~1.81 | (13→12=1.52×21) (-7→-15=1.48×11) (22→20=1.47×10) (-19→28=1.47×20) (-20→-16=1.46×11) |
| 7959 | 72 | 30.39 | 8 | 0.42~1.81 | (13→12=1.52×21) (-7→-15=1.48×11) (22→20=1.47×10) (-19→28=1.47×20) (-20→-16=1.46×11) |
| 7969 | 71 | 30.77 | 8 | 0.42~1.81 | (13→12=1.52×21) (-7→-15=1.48×11) (22→20=1.47×10) (-19→28=1.47×20) (-20→-16=1.46×11) |
| 7979 | 75 | 29.31 | 8 | 0.42~1.81 | (13→12=1.52×21) (-7→-15=1.48×11) (22→20=1.47×10) (-19→28=1.47×20) (-20→-16=1.46×11) |
| 7990 | 76 | 29.09 | 8 | 0.42~1.81 | (13→12=1.52×21) (-7→-15=1.48×11) (22→20=1.47×10) (-19→28=1.47×20) (-20→-16=1.46×11) |
| 8000 | 74 | 27.31 | 8 | 0.42~1.81 | (13→12=1.52×19) (-7→-15=1.49×10) (-19→28=1.47×18) (-20→-16=1.46×10) (7→2=0.54×10) |
| 8010 | 76 | 26.72 | 8 | 0.42~1.81 | (13→12=1.52×19) (-7→-15=1.49×10) (-19→28=1.47×18) (-20→-16=1.46×10) (7→2=0.54×10) |
| 8021 | 74 | 28.51 | 8 | 0.42~1.81 | (13→12=1.53×20) (-7→-15=1.49×11) (-19→28=1.49×19) (-20→-16=1.46×10) (7→2=0.54×11) |
| 8031 | 79 | 27.03 | 8 | 0.42~1.81 | (13→12=1.53×20) (-7→-15=1.49×11) (-19→28=1.49×19) (-20→-16=1.46×10) (7→2=0.54×11) |
| 8041 | 75 | 24.45 | 8 | 0.42~1.81 | (13→12=1.55×17) (-19→28=1.51×16) (22→20=1.50×7) (-7→-15=1.49×10) (-20→-16=1.46×8) |
| 8052 | 77 | 23.95 | 8 | 0.42~1.81 | (13→12=1.55×17) (-19→28=1.51×16) (22→20=1.50×7) (-7→-15=1.49×10) (-20→-16=1.46×8) |
| 8062 | 79 | 23.37 | 8 | 0.42~1.81 | (13→12=1.55×17) (-19→28=1.51×16) (22→20=1.50×7) (-7→-15=1.49×10) (-20→-16=1.46×8) |
| 8072 | 77 | 23.71 | 8 | 0.52~1.81 | (13→12=1.55×17) (-7→-15=1.51×10) (-19→28=1.51×16) (22→20=1.50×7) (-1→-6=1.47×10) |
| 8083 | 76 | 22.63 | 8 | 0.52~1.81 | (13→12=1.57×16) (22→20=1.54×6) (-7→-15=1.51×10) (-19→28=1.51×15) (-21→11=1.49×6) |
| 8093 | 76 | 22.62 | 8 | 0.52~1.81 | (13→12=1.57×16) (22→20=1.54×6) (-7→-15=1.51×10) (-19→28=1.50×15) (-21→11=1.49×6) |
| 8103 | 74 | 23.22 | 8 | 0.52~1.81 | (13→12=1.57×16) (22→20=1.54×6) (-7→-15=1.51×10) (-19→28=1.50×15) (-20→-16=1.50×6) |
| 8114 | 74 | 23.15 | 8 | 0.52~1.81 | (13→12=1.57×16) (22→20=1.54×6) (-7→-15=1.51×10) (-19→28=1.50×15) (-20→-16=1.50×6) |
| 8124 | 74 | 23.16 | 8 | 0.52~1.81 | (13→12=1.57×16) (22→20=1.54×6) (-7→-15=1.51×10) (-19→28=1.50×15) (-20→-16=1.50×6) |
| 8134 | 73 | 22.18 | 8 | 0.52~1.81 | (13→12=1.56×15) (22→20=1.54×6) (-7→-15=1.52×9) (-20→-16=1.50×6) (-19→28=1.50×14) |
| 8145 | 71 | 21.42 | 8 | 0.52~1.81 | (13→12=1.54×14) (22→20=1.54×6) (-7→-15=1.52×8) (-20→-16=1.50×6) (-21→11=1.49×6) |
| 8155 | 69 | 21.90 | 8 | 0.52~1.81 | (13→12=1.54×14) (22→20=1.54×6) (-7→-15=1.52×8) (-20→-16=1.50×6) (-21→11=1.49×6) |
| 8165 | 69 | 21.90 | 8 | 0.52~1.81 | (13→12=1.54×14) (22→20=1.54×6) (-7→-15=1.52×8) (-20→-16=1.50×6) (-21→11=1.49×6) |
| 8176 | 68 | 22.12 | 8 | 0.52~1.81 | (13→12=1.54×14) (22→20=1.54×6) (-7→-15=1.52×8) (-20→-16=1.50×6) (-21→11=1.49×6) |
| 8186 | 70 | 21.53 | 8 | 0.52~1.81 | (13→12=1.54×14) (22→20=1.54×6) (-7→-15=1.52×8) (-20→-16=1.50×6) (-21→11=1.49×6) |
| 8196 | 69 | 21.75 | 8 | 0.52~1.81 | (13→12=1.54×14) (22→20=1.54×6) (-7→-15=1.52×8) (-20→-16=1.50×6) (-21→11=1.49×6) |
| 8206 | 70 | 22.77 | 8 | 0.48~1.81 | (13→12=1.56×15) (22→20=1.54×6) (-7→-15=1.53×9) (-20→-16=1.50×6) (-19→28=1.50×14) |
| 8216 | 70 | 22.70 | 8 | 0.48~1.81 | (13→12=1.56×15) (22→20=1.54×6) (-7→-15=1.53×9) (-20→-16=1.50×6) (-19→28=1.50×14) |
| 8226 | 71 | 22.44 | 8 | 0.48~1.81 | (13→12=1.56×15) (22→20=1.54×6) (-7→-15=1.53×9) (-20→-16=1.50×6) (-19→28=1.50×14) |
| 8236 | 73 | 23.22 | 8 | 0.48~1.81 | (13→12=1.57×16) (22→20=1.54×6) (-7→-15=1.53×10) (-19→28=1.51×15) (-20→-16=1.50×6) |
| 8246 | 74 | 22.84 | 8 | 0.48~1.81 | (13→12=1.57×16) (22→20=1.54×6) (-7→-15=1.53×10) (-19→28=1.51×15) (-20→-16=1.50×6) |
| 8256 | 75 | 22.60 | 8 | 0.48~1.81 | (13→12=1.57×16) (22→20=1.54×6) (-7→-15=1.53×10) (-19→28=1.51×15) (-20→-16=1.50×6) |
| 8266 | 76 | 22.30 | 8 | 0.48~1.81 | (13→12=1.57×16) (22→20=1.54×6) (-7→-15=1.53×10) (-19→28=1.51×15) (-20→-16=1.50×6) |
| 8276 | 78 | 21.79 | 8 | 0.48~1.81 | (13→12=1.57×16) (22→20=1.54×6) (-7→-15=1.53×10) (-19→28=1.51×15) (-20→-16=1.50×6) |
| 8286 | 76 | 21.11 | 8 | 0.48~1.81 | (13→12=1.58×15) (22→20=1.55×5) (-19→28=1.55×14) (-7→-15=1.53×10) (-20→-16=1.51×5) |
| 8296 | 76 | 21.21 | 8 | 0.48~1.81 | (13→12=1.58×15) (22→20=1.55×5) (-19→28=1.55×14) (-7→-15=1.53×10) (-20→-16=1.51×5) |
| 8306 | 76 | 21.21 | 8 | 0.48~1.81 | (13→12=1.58×15) (22→20=1.55×5) (-19→28=1.55×14) (-7→-15=1.53×10) (-20→-16=1.51×5) |
| 8316 | 74 | 20.50 | 8 | 0.48~1.81 | (13→12=1.57×14) (22→20=1.55×5) (-19→28=1.54×13) (-7→-15=1.53×9) (-20→-16=1.51×5) |
| 8326 | 73 | 20.77 | 8 | 0.48~1.81 | (13→12=1.57×14) (22→20=1.55×5) (-19→28=1.54×13) (-7→-15=1.53×9) (-20→-16=1.51×5) |
| 8336 | 72 | 20.97 | 8 | 0.48~1.81 | (13→12=1.57×14) (22→20=1.55×5) (-19→28=1.54×13) (-7→-15=1.53×9) (-20→-16=1.51×5) |
| 8346 | 70 | 20.09 | 8 | 0.48~1.81 | (13→12=1.55×13) (22→20=1.55×5) (-7→-15=1.54×8) (-19→28=1.52×12) (-20→-16=1.51×5) |
| 8356 | 69 | 20.30 | 8 | 0.48~1.81 | (13→12=1.55×13) (22→20=1.55×5) (-7→-15=1.54×8) (-19→28=1.52×12) (-20→-16=1.51×5) |
| 8366 | 70 | 20.06 | 8 | 0.48~1.81 | (13→12=1.55×13) (22→20=1.55×5) (-7→-15=1.54×8) (-19→28=1.52×12) (-20→-16=1.51×5) |
| 8376 | 70 | 18.71 | 8 | 0.52~1.81 | (22→20=1.55×5) (13→12=1.54×12) (-7→-15=1.53×7) (-20→-16=1.51×5) (-21→11=1.51×5) |
| 8386 | 70 | 18.70 | 8 | 0.52~1.81 | (22→20=1.55×5) (13→12=1.54×12) (-7→-15=1.53×7) (-20→-16=1.51×5) (-21→11=1.51×5) |
| 8396 | 71 | 18.44 | 8 | 0.52~1.81 | (22→20=1.55×5) (13→12=1.54×12) (-7→-15=1.53×7) (-20→-16=1.51×5) (-21→11=1.51×5) |
| 8406 | 72 | 18.36 | 8 | 0.52~1.81 | (22→20=1.55×5) (13→12=1.54×12) (-7→-15=1.53×7) (-20→-16=1.51×5) (-21→11=1.51×5) |
| 8416 | 72 | 18.36 | 8 | 0.52~1.81 | (22→20=1.55×5) (13→12=1.54×12) (-7→-15=1.53×7) (-20→-16=1.51×5) (-21→11=1.51×5) |
| 8426 | 75 | 17.79 | 8 | 0.52~1.81 | (22→20=1.55×5) (13→12=1.54×12) (-7→-15=1.53×7) (-20→-16=1.51×5) (-21→11=1.51×5) |
| 8436 | 75 | 16.56 | 8 | 0.52~1.81 | (22→20=1.55×5) (-7→-15=1.53×6) (13→12=1.52×11) (-20→-16=1.51×5) (-21→11=1.51×5) |
| 8446 | 75 | 16.52 | 8 | 0.52~1.81 | (22→20=1.55×5) (-7→-15=1.53×6) (13→12=1.52×11) (-20→-16=1.51×5) (-21→11=1.51×5) |
| 8456 | 74 | 16.64 | 8 | 0.52~1.81 | (22→20=1.55×5) (-7→-15=1.53×6) (13→12=1.52×11) (-20→-16=1.51×5) (-21→11=1.51×5) |
| 8466 | 75 | 16.45 | 8 | 0.52~1.81 | (22→20=1.55×5) (-7→-15=1.53×6) (13→12=1.52×11) (-20→-16=1.51×5) (-21→11=1.51×5) |
| 8476 | 76 | 16.14 | 8 | 0.52~1.81 | (22→20=1.55×5) (-7→-15=1.53×6) (13→12=1.52×11) (-20→-16=1.51×5) (-21→11=1.51×5) |
| 8486 | 79 | 15.94 | 8 | 0.52~1.81 | (22→20=1.55×5) (-7→-15=1.53×6) (13→12=1.52×11) (-20→-16=1.51×5) (-21→11=1.51×5) |
| 8496 | 80 | 15.72 | 8 | 0.52~1.81 | (22→20=1.55×5) (-7→-15=1.53×6) (13→12=1.52×11) (-20→-16=1.51×5) (-21→11=1.51×5) |
| 8506 | 79 | 13.84 | 8 | 0.51~1.81 | (-7→-15=1.54×5) (-20→-16=1.53×4) (13→12=1.53×9) (22→20=1.52×4) (-21→11=1.50×4) |
| 8516 | 80 | 13.68 | 8 | 0.51~1.81 | (-7→-15=1.54×5) (-20→-16=1.53×4) (13→12=1.53×9) (22→20=1.52×4) (-21→11=1.50×4) |
| 8526 | 77 | 12.81 | 8 | 0.51~1.81 | (22→20=1.60×3) (-21→11=1.57×3) (-20→-16=1.56×3) (13→12=1.56×8) (-18→21=1.55×3) |
| 8536 | 77 | 12.70 | 8 | 0.51~1.81 | (22→20=1.60×3) (-21→11=1.57×3) (-20→-16=1.56×3) (13→12=1.56×8) (-18→21=1.55×3) |
| 8546 | 76 | 12.75 | 8 | 0.51~1.81 | (22→20=1.60×3) (-21→11=1.57×3) (-20→-16=1.56×3) (13→12=1.56×8) (-18→21=1.55×3) |
| 8556 | 76 | 11.63 | 8 | 0.51~1.75 | (22→20=1.60×3) (-21→11=1.57×3) (-20→-16=1.56×3) (-18→21=1.55×3) (13→12=1.53×7) |
| 8566 | 79 | 11.35 | 8 | 0.51~1.75 | (22→20=1.60×3) (-21→11=1.57×3) (-20→-16=1.56×3) (-18→21=1.55×3) (13→12=1.53×7) |
| 8576 | 76 | 11.54 | 8 | 0.51~1.75 | (22→20=1.60×3) (-21→11=1.57×3) (-20→-16=1.56×3) (-18→21=1.55×3) (13→12=1.53×7) |
| 8586 | 78 | 11.41 | 8 | 0.51~1.75 | (22→20=1.60×3) (-21→11=1.57×3) (-20→-16=1.56×3) (-18→21=1.55×3) (13→12=1.53×7) |
| 8596 | 77 | 11.52 | 8 | 0.51~1.75 | (22→20=1.60×3) (-21→11=1.57×3) (-20→-16=1.56×3) (-18→21=1.55×3) (13→12=1.53×7) |
| 8606 | 73 | 10.44 | 8 | 0.51~1.75 | (-19→28=1.61×5) (22→20=1.57×2) (13→12=1.57×6) (-18→21=1.54×2) (-21→11=1.54×2) |
| 8616 | 73 | 10.40 | 8 | 0.51~1.75 | (-19→28=1.61×5) (22→20=1.57×2) (13→12=1.57×6) (-18→21=1.54×2) (-21→11=1.54×2) |
| 8626 | 71 | 10.59 | 8 | 0.51~1.75 | (-19→28=1.61×5) (22→20=1.57×2) (13→12=1.57×6) (-18→21=1.54×2) (-21→11=1.54×2) |
| 8636 | 73 | 10.36 | 8 | 0.51~1.75 | (-19→28=1.61×5) (22→20=1.57×2) (13→12=1.57×6) (-18→21=1.54×2) (-21→11=1.54×2) |
| 8646 | 72 | 10.56 | 8 | 0.51~1.75 | (-19→28=1.61×5) (22→20=1.57×2) (13→12=1.57×6) (-18→21=1.54×2) (-21→11=1.54×2) |
| 8656 | 70 | 10.73 | 8 | 0.51~1.75 | (-19→28=1.61×5) (22→20=1.57×2) (13→12=1.57×6) (-18→21=1.54×2) (-21→11=1.54×2) |
| 8666 | 76 | 10.41 | 8 | 0.51~1.75 | (-19→28=1.61×5) (22→20=1.57×2) (13→12=1.57×6) (-18→21=1.54×2) (-21→11=1.54×2) |
| 8676 | 76 | 10.39 | 8 | 0.51~1.75 | (-19→28=1.61×5) (22→20=1.57×2) (13→12=1.57×6) (-18→21=1.54×2) (-21→11=1.54×2) |
| 8686 | 78 | 10.23 | 8 | 0.51~1.75 | (-19→28=1.61×5) (22→20=1.57×2) (13→12=1.57×6) (-18→21=1.54×2) (-21→11=1.54×2) |
| 8696 | 77 | 9.39 | 8 | 0.51~1.75 | (-19→28=1.57×4) (22→20=1.57×2) (-18→21=1.54×2) (-21→11=1.54×2) (13→12=1.54×5) |
| 8706 | 78 | 9.42 | 8 | 0.51~1.75 | (-19→28=1.57×4) (22→20=1.57×2) (-18→21=1.54×2) (-21→11=1.54×2) (13→12=1.54×5) |
| 8716 | 80 | 9.34 | 8 | 0.51~1.75 | (-19→28=1.57×4) (22→20=1.57×2) (-18→21=1.54×2) (-21→11=1.54×2) (13→12=1.54×5) |
| 8726 | 80 | 9.46 | 8 | 0.51~1.75 | (-19→28=1.57×4) (22→20=1.57×2) (-18→21=1.54×2) (-21→11=1.54×2) (13→12=1.54×5) |
| 8736 | 78 | 9.56 | 8 | 0.51~1.75 | (-19→28=1.57×4) (22→20=1.57×2) (-18→21=1.54×2) (-21→11=1.54×2) (13→12=1.54×5) |
| 8746 | 73 | 8.30 | 8 | 0.51~1.75 | (-18→21=1.75×1) (22→20=1.67×1) (-21→11=1.65×1) (-20→-16=1.61×1) (13→12=1.60×4) |
| 8756 | 72 | 7.22 | 8 | 0.51~1.75 | (-18→21=1.75×1) (22→20=1.67×1) (-21→11=1.65×1) (-20→-16=1.61×1) (13→12=1.55×3) |
| 8766 | 75 | 7.19 | 8 | 0.51~1.75 | (-18→21=1.75×1) (22→20=1.67×1) (-21→11=1.65×1) (-20→-16=1.61×1) (13→12=1.55×3) |
| 8776 | 74 | 5.72 | 6 | 0.51~1.74 | (-19→28=1.74×2) (13→12=1.72×2) (-10→8=0.52×2) (-4→4=1.48×2) (-7→-15=1.48×2) |
| 8786 | 74 | 5.81 | 6 | 0.51~1.74 | (-19→28=1.74×2) (13→12=1.72×2) (-10→8=0.52×2) (-4→4=1.48×2) (-7→-15=1.48×2) |
| 8796 | 72 | 5.78 | 6 | 0.51~1.74 | (-19→28=1.74×2) (13→12=1.72×2) (-10→8=0.52×2) (-4→4=1.48×2) (-7→-15=1.48×2) |
| 8806 | 71 | 5.94 | 6 | 0.51~1.74 | (-19→28=1.74×2) (13→12=1.72×2) (-10→8=0.52×2) (-4→4=1.48×2) (-7→-15=1.48×2) |
| 8816 | 70 | 5.89 | 6 | 0.51~1.74 | (-19→28=1.74×2) (13→12=1.72×2) (-10→8=0.52×2) (-4→4=1.48×2) (-7→-15=1.48×2) |
| 8826 | 65 | 5.78 | 6 | 0.51~1.74 | (-19→28=1.74×2) (13→12=1.72×2) (-10→8=0.52×2) (-4→4=1.48×2) (-7→-15=1.48×2) |
| 8836 | 65 | 5.68 | 6 | 0.51~1.74 | (-19→28=1.74×2) (13→12=1.72×2) (-10→8=0.52×2) (-4→4=1.48×2) (-7→-15=1.48×2) |
| 8846 | 63 | 5.41 | 6 | 0.51~1.74 | (-19→28=1.74×2) (13→12=1.72×2) (-10→8=0.52×2) (-4→4=1.48×2) (-7→-15=1.48×2) |
| 8856 | 61 | 5.41 | 6 | 0.51~1.74 | (-19→28=1.74×2) (13→12=1.72×2) (-10→8=0.52×2) (-4→4=1.48×2) (-7→-15=1.48×2) |
| 8866 | 60 | 5.40 | 6 | 0.51~1.74 | (-19→28=1.74×2) (13→12=1.72×2) (-10→8=0.52×2) (-4→4=1.48×2) (-7→-15=1.48×2) |
| 8876 | 60 | 5.23 | 6 | 0.51~1.74 | (-19→28=1.74×2) (13→12=1.72×2) (-10→8=0.52×2) (-4→4=1.48×2) (-7→-15=1.48×2) |
| 8886 | 59 | 5.27 | 6 | 0.51~1.74 | (-19→28=1.74×2) (13→12=1.72×2) (-10→8=0.52×2) (-4→4=1.48×2) (-7→-15=1.48×2) |
| 8896 | 60 | 5.12 | 6 | 0.51~1.74 | (-19→28=1.74×2) (13→12=1.72×2) (-10→8=0.52×2) (-4→4=1.48×2) (-7→-15=1.48×2) |
| 8906 | 60 | 4.93 | 6 | 0.51~1.74 | (-19→28=1.74×2) (13→12=1.72×2) (-10→8=0.52×2) (-4→4=1.48×2) (-7→-15=1.48×2) |
| 8916 | 60 | 4.93 | 6 | 0.51~1.74 | (-19→28=1.74×2) (13→12=1.72×2) (-10→8=0.52×2) (-4→4=1.48×2) (-7→-15=1.48×2) |
| 8926 | 64 | 4.80 | 6 | 0.51~1.74 | (-19→28=1.74×2) (13→12=1.72×2) (-10→8=0.52×2) (-4→4=1.48×2) (-7→-15=1.48×2) |
| 8936 | 59 | 4.93 | 6 | 0.51~1.74 | (-19→28=1.74×2) (13→12=1.72×2) (-10→8=0.52×2) (-4→4=1.48×2) (-7→-15=1.48×2) |
| 8946 | 59 | 5.02 | 6 | 0.51~1.74 | (-19→28=1.74×2) (13→12=1.72×2) (-10→8=0.52×2) (-4→4=1.48×2) (-7→-15=1.48×2) |
| 8956 | 60 | 4.93 | 6 | 0.51~1.74 | (-19→28=1.74×2) (13→12=1.72×2) (-10→8=0.52×2) (-4→4=1.48×2) (-7→-15=1.48×2) |
| 8966 | 61 | 4.97 | 6 | 0.51~1.74 | (-19→28=1.74×2) (13→12=1.72×2) (-10→8=0.52×2) (-4→4=1.48×2) (-7→-15=1.48×2) |
| 8976 | 62 | 4.97 | 6 | 0.51~1.74 | (-19→28=1.74×2) (13→12=1.72×2) (-10→8=0.52×2) (-4→4=1.48×2) (-7→-15=1.48×2) |
| 8986 | 61 | 5.05 | 6 | 0.51~1.74 | (-19→28=1.74×2) (13→12=1.72×2) (-10→8=0.52×2) (-4→4=1.48×2) (-7→-15=1.48×2) |
| 8996 | 60 | 5.13 | 6 | 0.51~1.74 | (-19→28=1.74×2) (13→12=1.72×2) (-10→8=0.52×2) (-4→4=1.48×2) (-7→-15=1.48×2) |
| 9006 | 61 | 5.07 | 6 | 0.51~1.74 | (-19→28=1.74×2) (13→12=1.72×2) (-10→8=0.52×2) (-4→4=1.48×2) (-7→-15=1.48×2) |
| 9016 | 61 | 5.07 | 6 | 0.51~1.74 | (-19→28=1.74×2) (13→12=1.72×2) (-10→8=0.52×2) (-4→4=1.48×2) (-7→-15=1.48×2) |
| 9026 | 59 | 5.17 | 6 | 0.51~1.74 | (-19→28=1.74×2) (13→12=1.72×2) (-10→8=0.52×2) (-4→4=1.48×2) (-7→-15=1.48×2) |
| 9036 | 61 | 5.00 | 6 | 0.51~1.74 | (-19→28=1.74×2) (13→12=1.72×2) (-10→8=0.52×2) (-4→4=1.48×2) (-7→-15=1.48×2) |
| 9046 | 61 | 5.21 | 6 | 0.51~1.74 | (-19→28=1.74×2) (13→12=1.72×2) (-10→8=0.52×2) (-4→4=1.48×2) (-7→-15=1.48×2) |
| 9056 | 57 | 5.37 | 6 | 0.51~1.74 | (-19→28=1.74×2) (13→12=1.72×2) (-10→8=0.52×2) (-4→4=1.48×2) (-7→-15=1.48×2) |
| 9066 | 56 | 5.41 | 6 | 0.51~1.74 | (-19→28=1.74×2) (13→12=1.72×2) (-10→8=0.52×2) (-4→4=1.48×2) (-7→-15=1.48×2) |
| 9076 | 55 | 5.58 | 6 | 0.51~1.74 | (-19→28=1.74×2) (13→12=1.72×2) (-10→8=0.52×2) (-4→4=1.48×2) (-7→-15=1.48×2) |
| 9086 | 59 | 5.64 | 6 | 0.51~1.74 | (-19→28=1.74×2) (13→12=1.72×2) (-10→8=0.52×2) (-4→4=1.48×2) (-7→-15=1.48×2) |
| 9096 | 60 | 5.77 | 6 | 0.51~1.74 | (-19→28=1.74×2) (13→12=1.72×2) (-10→8=0.52×2) (-4→4=1.48×2) (-7→-15=1.48×2) |
| 9106 | 60 | 5.77 | 6 | 0.51~1.74 | (-19→28=1.74×2) (13→12=1.72×2) (-10→8=0.52×2) (-4→4=1.48×2) (-7→-15=1.48×2) |
| 9116 | 62 | 5.76 | 6 | 0.51~1.74 | (-19→28=1.74×2) (13→12=1.72×2) (-10→8=0.52×2) (-4→4=1.48×2) (-7→-15=1.48×2) |
| 9126 | 62 | 5.76 | 6 | 0.51~1.74 | (-19→28=1.74×2) (13→12=1.72×2) (-10→8=0.52×2) (-4→4=1.48×2) (-7→-15=1.48×2) |
| 9136 | 63 | 5.67 | 6 | 0.51~1.74 | (-19→28=1.74×2) (13→12=1.72×2) (-10→8=0.52×2) (-4→4=1.48×2) (-7→-15=1.48×2) |
| 9146 | 63 | 5.67 | 6 | 0.51~1.74 | (-19→28=1.74×2) (13→12=1.72×2) (-10→8=0.52×2) (-4→4=1.48×2) (-7→-15=1.48×2) |
| 9156 | 60 | 5.88 | 6 | 0.51~1.74 | (-19→28=1.74×2) (13→12=1.72×2) (-10→8=0.52×2) (-4→4=1.48×2) (-7→-15=1.48×2) |
| 9166 | 62 | 5.77 | 6 | 0.51~1.74 | (-19→28=1.74×2) (13→12=1.72×2) (-10→8=0.52×2) (-4→4=1.48×2) (-7→-15=1.48×2) |
| 9176 | 61 | 5.87 | 6 | 0.51~1.74 | (-19→28=1.74×2) (13→12=1.72×2) (-10→8=0.52×2) (-4→4=1.48×2) (-7→-15=1.48×2) |
| 9186 | 61 | 5.87 | 6 | 0.51~1.74 | (-19→28=1.74×2) (13→12=1.72×2) (-10→8=0.52×2) (-4→4=1.48×2) (-7→-15=1.48×2) |
| 9196 | 60 | 6.00 | 6 | 0.51~1.74 | (-19→28=1.74×2) (13→12=1.72×2) (-10→8=0.52×2) (-4→4=1.48×2) (-7→-15=1.48×2) |
| 9206 | 61 | 7.69 | 6 | 0.51~1.74 | (-19→28=1.74×3) (13→12=1.72×3) (-10→8=0.52×3) (-4→4=1.48×3) (-7→-15=1.48×3) |
| 9216 | 57 | 6.46 | 5 | 0.51~1.74 | (-19→28=1.74×2) (13→12=1.72×2) (23→23=0.51×2) (-10→8=0.52×2) (-4→4=1.48×2) |
| 9226 | 57 | 6.44 | 5 | 0.51~1.74 | (-19→28=1.74×2) (23→23=0.51×2) (-10→8=0.52×2) (-4→4=1.48×2) (-7→-15=1.48×2) |
| 9236 | 56 | 6.48 | 5 | 0.51~1.74 | (-19→28=1.74×2) (13→12=1.72×2) (23→23=0.51×2) (-10→8=0.52×2) (-4→4=1.48×2) |
| 9246 | 57 | 6.46 | 5 | 0.51~1.74 | (-19→28=1.74×2) (13→12=1.72×2) (23→23=0.51×2) (-10→8=0.52×2) (-4→4=1.48×2) |
| 9256 | 55 | 6.51 | 5 | 0.51~1.74 | (-19→28=1.74×2) (13→12=1.72×2) (23→23=0.51×2) (-10→8=0.52×2) (-4→4=1.48×2) |
| 9266 | 57 | 6.58 | 5 | 0.51~1.74 | (-19→28=1.74×2) (13→12=1.72×2) (23→23=0.51×2) (-10→8=0.52×2) (-4→4=1.48×2) |
| 9276 | 57 | 6.58 | 5 | 0.51~1.74 | (-19→28=1.74×2) (13→12=1.72×2) (23→23=0.51×2) (-10→8=0.52×2) (-4→4=1.48×2) |
| 9286 | 56 | 6.62 | 5 | 0.51~1.74 | (-19→28=1.74×2) (13→12=1.72×2) (23→23=0.51×2) (-10→8=0.52×2) (-4→4=1.48×2) |
| 9296 | 54 | 6.63 | 5 | 0.51~1.74 | (-19→28=1.74×2) (13→12=1.72×2) (23→23=0.51×2) (-10→8=0.52×2) (-4→4=1.48×2) |
| 9306 | 54 | 6.74 | 5 | 0.51~1.74 | (-19→28=1.74×2) (13→12=1.72×2) (23→23=0.51×2) (-10→8=0.52×2) (-4→4=1.48×2) |
| 9316 | 52 | 6.90 | 5 | 0.51~1.74 | (-19→28=1.74×2) (13→12=1.72×2) (23→23=0.51×2) (-10→8=0.52×2) (-4→4=1.48×2) |
| 9326 | 55 | 6.67 | 5 | 0.51~1.74 | (-19→28=1.74×2) (13→12=1.72×2) (23→23=0.51×2) (-10→8=0.52×2) (-4→4=1.48×2) |
| 9336 | 55 | 6.67 | 5 | 0.51~1.74 | (-19→28=1.74×2) (13→12=1.72×2) (23→23=0.51×2) (-10→8=0.52×2) (-4→4=1.48×2) |
| 9346 | 56 | 6.52 | 5 | 0.51~1.74 | (-19→28=1.74×2) (13→12=1.72×2) (23→23=0.51×2) (-10→8=0.52×2) (-4→4=1.48×2) |
| 9356 | 57 | 6.47 | 5 | 0.51~1.74 | (-19→28=1.74×2) (13→12=1.72×2) (23→23=0.51×2) (-10→8=0.52×2) (-4→4=1.48×2) |
| 9366 | 58 | 6.38 | 5 | 0.51~1.74 | (-19→28=1.74×2) (13→12=1.72×2) (23→23=0.51×2) (-10→8=0.52×2) (-4→4=1.48×2) |
| 9376 | 59 | 6.36 | 5 | 0.51~1.74 | (-19→28=1.74×2) (13→12=1.72×2) (23→23=0.51×2) (-10→8=0.52×2) (-4→4=1.48×2) |
| 9386 | 61 | 7.79 | 6 | 0.51~1.74 | (-19→28=1.74×3) (13→12=1.72×3) (23→23=0.51×3) (-10→8=0.52×3) (-4→4=1.48×3) |
| 9396 | 62 | 7.73 | 6 | 0.51~1.74 | (-19→28=1.74×3) (13→12=1.72×3) (23→23=0.51×3) (-10→8=0.52×3) (-4→4=1.48×3) |
| 9406 | 64 | 8.98 | 6 | 0.51~1.74 | (-19→28=1.74×4) (13→12=1.72×4) (-4→4=1.54×4) (23→23=0.51×4) (-10→8=0.52×4) |
| 9416 | 66 | 8.77 | 6 | 0.51~1.74 | (-19→28=1.74×4) (13→12=1.72×4) (-4→4=1.54×4) (23→23=0.51×4) (-10→8=0.52×4) |
| 9426 | 68 | 9.90 | 6 | 0.51~1.74 | (-19→28=1.74×5) (13→12=1.72×5) (-4→4=1.53×5) (23→23=0.51×5) (-10→8=0.52×5) |
| 9436 | 70 | 9.61 | 6 | 0.51~1.74 | (-19→28=1.74×5) (13→12=1.72×5) (-4→4=1.53×5) (23→23=0.51×5) (-10→8=0.52×5) |
| 9446 | 76 | 8.95 | 6 | 0.51~1.74 | (-19→28=1.74×5) (13→12=1.72×5) (-4→4=1.53×5) (23→23=0.51×5) (-10→8=0.52×5) |
| 9456 | 92 | 7.73 | 6 | 0.51~1.74 | (-19→28=1.74×5) (13→12=1.72×5) (-4→4=1.53×5) (23→23=0.51×5) (-10→8=0.52×5) |
| 9466 | 105 | 6.94 | 6 | 0.51~1.74 | (-19→28=1.74×5) (13→12=1.72×5) (-4→4=1.53×5) (23→23=0.51×5) (-10→8=0.52×5) |
| 9476 | 125 | 6.49 | 6 | 0.51~1.74 | (-19→28=1.74×5) (13→12=1.72×5) (-4→4=1.53×5) (23→23=0.51×5) (-10→8=0.52×5) |
| 9486 | 127 | 6.41 | 6 | 0.51~1.74 | (-19→28=1.74×5) (13→12=1.72×5) (-4→4=1.53×5) (23→23=0.51×5) (-10→8=0.52×5) |
| 9496 | 138 | 6.21 | 6 | 0.51~1.74 | (-19→28=1.74×5) (13→12=1.72×5) (-4→4=1.53×5) (23→23=0.51×5) (-10→8=0.52×5) |
| 9506 | 144 | 6.29 | 6 | 0.51~1.74 | (-19→28=1.74×5) (13→12=1.72×5) (-4→4=1.53×5) (23→23=0.51×5) (-10→8=0.52×5) |
| 9516 | 142 | 6.39 | 6 | 0.51~1.74 | (-19→28=1.74×5) (13→12=1.72×5) (-4→4=1.53×5) (23→23=0.51×5) (-10→8=0.52×5) |
| 9526 | 146 | 6.51 | 6 | 0.51~1.74 | (-19→28=1.74×5) (13→12=1.72×5) (-4→4=1.53×5) (23→23=0.51×5) (-10→8=0.52×5) |
| 9536 | 149 | 6.47 | 6 | 0.51~1.74 | (-19→28=1.74×5) (13→12=1.72×5) (-4→4=1.53×5) (23→23=0.51×5) (-10→8=0.52×5) |
| 9546 | 148 | 6.53 | 6 | 0.51~1.74 | (-19→28=1.74×5) (13→12=1.72×5) (-4→4=1.53×5) (23→23=0.51×5) (-10→8=0.52×5) |
| 9556 | 151 | 6.44 | 6 | 0.51~1.74 | (-19→28=1.74×5) (13→12=1.72×5) (-4→4=1.53×5) (23→23=0.51×5) (-10→8=0.52×5) |
| 9566 | 154 | 6.41 | 6 | 0.51~1.74 | (-19→28=1.74×5) (13→12=1.72×5) (-4→4=1.53×5) (23→23=0.51×5) (-10→8=0.52×5) |
| 9576 | 153 | 6.54 | 6 | 0.51~1.74 | (-19→28=1.74×5) (13→12=1.72×5) (-4→4=1.53×5) (23→23=0.51×5) (-10→8=0.52×5) |
| 9586 | 155 | 6.49 | 6 | 0.51~1.74 | (13→12=1.72×5) (-19→28=1.64×6) (-4→4=1.53×5) (23→23=0.51×5) (-10→8=0.52×5) |
| 9596 | 154 | 6.51 | 6 | 0.51~1.74 | (13→12=1.72×5) (-19→28=1.64×6) (-4→4=1.53×5) (23→23=0.51×5) (-10→8=0.52×5) |
| 9606 | 160 | 6.51 | 6 | 0.51~1.74 | (13→12=1.72×5) (-19→28=1.64×6) (-4→4=1.53×5) (23→23=0.51×5) (-10→8=0.52×5) |
| 9616 | 163 | 6.49 | 6 | 0.51~1.74 | (13→12=1.72×5) (-19→28=1.64×6) (-4→4=1.53×5) (23→23=0.51×5) (-10→8=0.52×5) |
| 9626 | 162 | 6.49 | 6 | 0.51~1.74 | (13→12=1.72×5) (-19→28=1.64×6) (-4→4=1.53×5) (23→23=0.51×5) (-10→8=0.52×5) |
| 9636 | 166 | 6.51 | 6 | 0.51~1.74 | (13→12=1.72×5) (-19→28=1.64×6) (-4→4=1.53×5) (23→23=0.51×5) (-10→8=0.52×5) |
| 9646 | 170 | 6.47 | 6 | 0.51~1.74 | (13→12=1.72×5) (-19→28=1.64×6) (-4→4=1.53×5) (23→23=0.51×5) (-10→8=0.52×5) |
| 9656 | 167 | 6.48 | 6 | 0.51~1.74 | (13→12=1.72×5) (-19→28=1.64×6) (-4→4=1.53×5) (23→23=0.51×5) (-10→8=0.52×5) |
| 9666 | 169 | 6.44 | 6 | 0.51~1.74 | (13→12=1.72×5) (-19→28=1.64×6) (-4→4=1.53×5) (23→23=0.51×5) (-10→8=0.52×5) |
| 9676 | 171 | 6.48 | 6 | 0.51~1.74 | (13→12=1.72×5) (-19→28=1.64×6) (-4→4=1.53×5) (23→23=0.51×5) (-10→8=0.52×5) |
| 9686 | 176 | 6.38 | 6 | 0.51~1.74 | (13→12=1.72×5) (-19→28=1.64×6) (-4→4=1.53×5) (23→23=0.51×5) (-7→-15=1.48×5) |
| 9696 | 177 | 6.42 | 6 | 0.51~1.74 | (13→12=1.72×5) (-19→28=1.64×6) (-4→4=1.53×5) (23→23=0.51×5) (-7→-15=1.48×5) |
| 9706 | 181 | 6.40 | 6 | 0.51~1.74 | (13→12=1.72×5) (-19→28=1.64×6) (-4→4=1.53×5) (23→23=0.51×5) (-7→-15=1.48×5) |
| 9716 | 181 | 6.46 | 6 | 0.51~1.74 | (13→12=1.72×5) (-19→28=1.64×6) (-4→4=1.53×5) (23→23=0.51×5) (-7→-15=1.48×5) |
| 9726 | 182 | 6.42 | 6 | 0.51~1.74 | (13→12=1.72×5) (-19→28=1.64×6) (-4→4=1.53×5) (23→23=0.51×5) (-7→-15=1.48×5) |
| 9736 | 181 | 6.41 | 6 | 0.51~1.74 | (13→12=1.72×5) (-19→28=1.64×6) (-4→4=1.53×5) (23→23=0.51×5) (-7→-15=1.48×5) |
| 9746 | 182 | 6.36 | 6 | 0.51~1.74 | (13→12=1.72×5) (-19→28=1.64×6) (-4→4=1.53×5) (23→23=0.51×5) (-7→-15=1.48×5) |
| 9756 | 179 | 6.38 | 6 | 0.51~1.74 | (13→12=1.72×5) (-19→28=1.64×6) (-4→4=1.53×5) (23→23=0.51×5) (-7→-15=1.48×5) |
| 9766 | 179 | 6.33 | 6 | 0.51~1.74 | (-19→28=1.74×5) (13→12=1.72×5) (-4→4=1.53×5) (23→23=0.51×5) (-7→-15=1.48×5) |
| 9776 | 180 | 6.34 | 6 | 0.51~1.74 | (-19→28=1.74×5) (13→12=1.72×5) (-4→4=1.53×5) (23→23=0.51×5) (-7→-15=1.48×5) |
| 9786 | 178 | 6.35 | 6 | 0.51~1.74 | (-19→28=1.74×5) (13→12=1.72×5) (-4→4=1.53×5) (23→23=0.51×5) (-7→-15=1.48×5) |
| 9796 | 177 | 6.38 | 6 | 0.51~1.74 | (-19→28=1.74×5) (13→12=1.72×5) (-4→4=1.53×5) (23→23=0.51×5) (-7→-15=1.48×5) |
| 9806 | 174 | 6.39 | 6 | 0.51~1.74 | (-19→28=1.74×5) (13→12=1.72×5) (-4→4=1.53×5) (23→23=0.51×5) (-7→-15=1.48×5) |
| 9816 | 177 | 6.49 | 6 | 0.51~1.74 | (-19→28=1.74×5) (13→12=1.72×5) (-4→4=1.53×5) (23→23=0.51×5) (-7→-15=1.48×5) |
| 9826 | 180 | 5.92 | 6 | 0.51~1.74 | (-19→28=1.74×4) (13→12=1.72×4) (-4→4=1.54×4) (23→23=0.51×4) (-7→-15=1.48×4) |
| 9836 | 183 | 5.87 | 6 | 0.51~1.74 | (-19→28=1.74×4) (13→12=1.72×4) (-4→4=1.54×4) (23→23=0.51×4) (-7→-15=1.48×4) |
| 9846 | 181 | 5.91 | 6 | 0.51~1.74 | (-19→28=1.74×4) (13→12=1.72×4) (-4→4=1.54×4) (23→23=0.51×4) (-7→-15=1.48×4) |
| 9856 | 186 | 6.04 | 6 | 0.51~1.74 | (-19→28=1.74×4) (13→12=1.72×4) (-4→4=1.54×4) (23→23=0.51×4) (-7→-15=1.48×4) |
| 9866 | 187 | 6.02 | 6 | 0.51~1.74 | (-19→28=1.74×4) (13→12=1.72×4) (-4→4=1.54×4) (23→23=0.51×4) (-7→-15=1.48×4) |
| 9876 | 184 | 6.10 | 6 | 0.51~1.74 | (-19→28=1.74×4) (13→12=1.72×4) (-4→4=1.54×4) (23→23=0.51×4) (-7→-15=1.48×4) |
| 9886 | 188 | 6.10 | 6 | 0.51~1.74 | (-19→28=1.74×4) (13→12=1.72×4) (-4→4=1.54×4) (23→23=0.51×4) (-7→-15=1.48×4) |
| 9896 | 187 | 6.03 | 6 | 0.51~1.74 | (-19→28=1.74×4) (13→12=1.72×4) (-4→4=1.54×4) (23→23=0.51×4) (-7→-15=1.48×4) |
| 9906 | 189 | 6.09 | 6 | 0.51~1.74 | (-19→28=1.74×4) (13→12=1.72×4) (-4→4=1.54×4) (23→23=0.51×4) (-7→-15=1.48×4) |
| 9916 | 187 | 5.96 | 6 | 0.51~1.74 | (-19→28=1.74×4) (13→12=1.72×4) (-4→4=1.54×4) (23→23=0.51×4) (-7→-15=1.48×4) |
| 9926 | 185 | 6.04 | 6 | 0.51~1.74 | (-19→28=1.74×4) (13→12=1.72×4) (-4→4=1.54×4) (23→23=0.51×4) (-7→-15=1.48×4) |
| 9936 | 185 | 6.04 | 6 | 0.51~1.74 | (-19→28=1.74×4) (13→12=1.72×4) (-4→4=1.54×4) (23→23=0.51×4) (-7→-15=1.48×4) |
| 9946 | 187 | 5.49 | 6 | 0.51~1.74 | (-19→28=1.74×3) (13→12=1.72×3) (23→23=0.51×3) (-4→4=1.48×3) (-7→-15=1.48×3) |
| 9956 | 184 | 5.03 | 5 | 0.51~1.74 | (-19→28=1.74×2) (13→12=1.72×2) (23→23=0.51×2) (-4→4=1.48×2) (-7→-15=1.48×2) |
| 9966 | 186 | 5.11 | 5 | 0.51~1.74 | (-19→28=1.74×2) (13→12=1.72×2) (23→23=0.51×2) (-4→4=1.48×2) (-7→-15=1.48×2) |
| 9976 | 186 | 5.05 | 5 | 0.51~1.74 | (-19→28=1.74×2) (13→12=1.72×2) (23→23=0.51×2) (-4→4=1.48×2) (-7→-15=1.48×2) |
| 9986 | 187 | 5.18 | 5 | 0.51~1.74 | (-19→28=1.74×2) (13→12=1.72×2) (23→23=0.51×2) (-4→4=1.48×2) (-7→-15=1.48×2) |
| 9996 | 188 | 5.19 | 5 | 0.51~1.74 | (-19→28=1.74×2) (13→12=1.72×2) (23→23=0.51×2) (-4→4=1.48×2) (-7→-15=1.48×2) |
| 10006 | 187 | 5.36 | 5 | 0.51~1.74 | (-19→28=1.74×2) (13→12=1.72×2) (23→23=0.51×2) (-4→4=1.48×2) (-7→-15=1.48×2) |
| 10016 | 186 | 5.37 | 5 | 0.51~1.74 | (-19→28=1.74×2) (13→12=1.72×2) (23→23=0.51×2) (-4→4=1.48×2) (-7→-15=1.48×2) |
| 10026 | 181 | 5.33 | 5 | 0.51~1.74 | (-19→28=1.74×2) (13→12=1.72×2) (23→23=0.51×2) (-4→4=1.48×2) (-7→-15=1.48×2) |
| 10036 | 180 | 5.44 | 5 | 0.51~1.74 | (-19→28=1.74×2) (13→12=1.72×2) (23→23=0.51×2) (-4→4=1.48×2) (-7→-15=1.48×2) |
| 10046 | 179 | 5.42 | 5 | 0.51~1.74 | (-19→28=1.74×2) (13→12=1.72×2) (23→23=0.51×2) (-4→4=1.48×2) (-7→-15=1.48×2) |
| 10056 | 178 | 5.50 | 5 | 0.51~1.74 | (-19→28=1.74×2) (13→12=1.72×2) (23→23=0.51×2) (-4→4=1.48×2) (-7→-15=1.48×2) |
| 10066 | 177 | 5.45 | 5 | 0.51~1.74 | (-19→28=1.74×2) (13→12=1.72×2) (23→23=0.51×2) (-4→4=1.48×2) (-7→-15=1.48×2) |
| 10076 | 179 | 5.67 | 5 | 0.51~1.74 | (-19→28=1.74×2) (13→12=1.72×2) (23→23=0.51×2) (-4→4=1.48×2) (-7→-15=1.48×2) |
| 10086 | 179 | 5.63 | 5 | 0.51~1.74 | (-19→28=1.74×2) (13→12=1.72×2) (23→23=0.51×2) (-4→4=1.48×2) (-7→-15=1.48×2) |
| 10096 | 181 | 5.65 | 5 | 0.51~1.74 | (-19→28=1.74×2) (13→12=1.72×2) (23→23=0.51×2) (-4→4=1.48×2) (-7→-15=1.48×2) |
| 10106 | 182 | 5.66 | 5 | 0.51~1.74 | (-19→28=1.74×2) (13→12=1.72×2) (23→23=0.51×2) (-4→4=1.48×2) (-7→-15=1.48×2) |
| 10116 | 183 | 5.66 | 5 | 0.51~1.74 | (-19→28=1.74×2) (13→12=1.72×2) (23→23=0.51×2) (-4→4=1.48×2) (-7→-15=1.48×2) |
| 10126 | 185 | 5.64 | 5 | 0.51~1.74 | (-19→28=1.74×2) (13→12=1.72×2) (23→23=0.51×2) (-4→4=1.48×2) (-7→-15=1.48×2) |
| 10136 | 186 | 5.59 | 5 | 0.51~1.74 | (-19→28=1.74×2) (13→12=1.72×2) (23→23=0.51×2) (-4→4=1.48×2) (-7→-15=1.48×2) |
| 10146 | 186 | 5.60 | 5 | 0.51~1.74 | (-19→28=1.74×2) (13→12=1.72×2) (23→23=0.51×2) (-4→4=1.48×2) (-7→-15=1.48×2) |
| 10156 | 187 | 5.58 | 5 | 0.51~1.74 | (-19→28=1.74×2) (13→12=1.72×2) (23→23=0.51×2) (-4→4=1.48×2) (-7→-15=1.48×2) |
| 10166 | 188 | 5.56 | 5 | 0.51~1.74 | (-19→28=1.74×2) (13→12=1.72×2) (23→23=0.51×2) (-4→4=1.48×2) (-7→-15=1.48×2) |
| 10176 | 187 | 5.63 | 5 | 0.51~1.74 | (-19→28=1.74×2) (13→12=1.72×2) (23→23=0.51×2) (-4→4=1.48×2) (-7→-15=1.48×2) |
| 10186 | 193 | 5.70 | 5 | 0.51~1.74 | (-19→28=1.74×2) (13→12=1.72×2) (23→23=0.51×2) (-4→4=1.48×2) (-7→-15=1.48×2) |
| 10196 | 193 | 5.72 | 5 | 0.51~1.74 | (-19→28=1.74×2) (13→12=1.72×2) (23→23=0.51×2) (-4→4=1.48×2) (-7→-15=1.48×2) |
| 10206 | 193 | 5.70 | 5 | 0.51~1.74 | (-19→28=1.74×2) (13→12=1.72×2) (23→23=0.51×2) (-4→4=1.48×2) (-7→-15=1.48×2) |
| 10216 | 198 | 5.84 | 5 | 0.51~1.74 | (-19→28=1.74×2) (13→12=1.72×2) (23→23=0.51×2) (-4→4=1.48×2) (-7→-15=1.48×2) |
| 10226 | 199 | 5.80 | 5 | 0.51~1.74 | (-19→28=1.74×2) (13→12=1.72×2) (23→23=0.51×2) (-4→4=1.48×2) (-7→-15=1.48×2) |
| 10236 | 199 | 5.83 | 5 | 0.51~1.74 | (-19→28=1.74×2) (13→12=1.72×2) (23→23=0.51×2) (-4→4=1.48×2) (-7→-15=1.48×2) |
| 10246 | 202 | 5.82 | 5 | 0.51~1.74 | (-19→28=1.74×2) (13→12=1.72×2) (23→23=0.51×2) (-4→4=1.48×2) (-7→-15=1.48×2) |
| 10256 | 203 | 5.89 | 5 | 0.51~1.74 | (-19→28=1.74×2) (13→12=1.72×2) (23→23=0.51×2) (-4→4=1.48×2) (-7→-15=1.48×2) |
| 10266 | 201 | 6.01 | 5 | 0.51~1.74 | (-19→28=1.74×2) (13→12=1.72×2) (23→23=0.51×2) (-4→4=1.48×2) (-7→-15=1.48×2) |
| 10276 | 202 | 6.02 | 5 | 0.51~1.74 | (-19→28=1.74×2) (13→12=1.72×2) (23→23=0.51×2) (-4→4=1.48×2) (-7→-15=1.48×2) |
| 10286 | 203 | 6.08 | 5 | 0.51~1.74 | (-19→28=1.74×2) (13→12=1.72×2) (23→23=0.51×2) (-4→4=1.48×2) (-7→-15=1.48×2) |
| 10296 | 204 | 6.08 | 5 | 0.51~1.74 | (-19→28=1.74×2) (13→12=1.72×2) (23→23=0.51×2) (-4→4=1.48×2) (-7→-15=1.48×2) |
| 10306 | 205 | 6.07 | 5 | 0.51~1.74 | (-19→28=1.74×2) (13→12=1.72×2) (23→23=0.51×2) (-4→4=1.48×2) (-7→-15=1.48×2) |
| 10316 | 206 | 6.06 | 5 | 0.51~1.74 | (-19→28=1.74×2) (13→12=1.72×2) (23→23=0.51×2) (-4→4=1.48×2) (-7→-15=1.48×2) |
| 10326 | 209 | 6.15 | 5 | 0.51~1.74 | (-19→28=1.74×2) (13→12=1.72×2) (23→23=0.51×2) (-4→4=1.48×2) (-7→-15=1.48×2) |
| 10336 | 208 | 6.09 | 5 | 0.51~1.74 | (-19→28=1.74×2) (13→12=1.72×2) (23→23=0.51×2) (-4→4=1.48×2) (-7→-15=1.48×2) |
| 10346 | 209 | 6.16 | 5 | 0.51~1.74 | (-19→28=1.74×2) (13→12=1.72×2) (23→23=0.51×2) (-4→4=1.48×2) (-7→-15=1.48×2) |
| 10356 | 212 | 6.13 | 5 | 0.51~1.74 | (-19→28=1.74×2) (13→12=1.72×2) (23→23=0.51×2) (-4→4=1.48×2) (-7→-15=1.48×2) |
| 10366 | 210 | 6.15 | 5 | 0.51~1.74 | (-19→28=1.74×2) (13→12=1.72×2) (23→23=0.51×2) (-4→4=1.48×2) (-7→-15=1.48×2) |
| 10376 | 214 | 6.25 | 5 | 0.51~1.74 | (-19→28=1.74×2) (13→12=1.72×2) (23→23=0.51×2) (-4→4=1.48×2) (-7→-15=1.48×2) |
| 10386 | 209 | 6.20 | 5 | 0.51~1.74 | (-19→28=1.74×2) (13→12=1.72×2) (23→23=0.51×2) (-4→4=1.48×2) (-7→-15=1.48×2) |
| 10396 | 214 | 6.17 | 5 | 0.51~1.74 | (-19→28=1.74×2) (13→12=1.72×2) (23→23=0.51×2) (-4→4=1.48×2) (-7→-15=1.48×2) |
| 10406 | 214 | 6.22 | 5 | 0.51~1.74 | (-19→28=1.74×2) (13→12=1.72×2) (23→23=0.51×2) (-4→4=1.48×2) (-7→-15=1.48×2) |
| 10416 | 218 | 6.24 | 5 | 0.51~1.74 | (-19→28=1.74×2) (13→12=1.72×2) (23→23=0.51×2) (-4→4=1.48×2) (-7→-15=1.48×2) |
| 10426 | 217 | 6.26 | 5 | 0.51~1.74 | (-19→28=1.74×2) (13→12=1.72×2) (23→23=0.51×2) (-4→4=1.48×2) (-7→-15=1.48×2) |
| 10436 | 220 | 6.34 | 5 | 0.51~1.74 | (-19→28=1.74×2) (13→12=1.72×2) (23→23=0.51×2) (-4→4=1.48×2) (-7→-15=1.48×2) |
| 10446 | 217 | 6.58 | 5 | 0.48~1.74 | (-19→28=1.74×3) (13→12=1.72×3) (23→23=0.50×3) (-4→4=1.48×3) (-7→-15=1.48×3) |
| 10456 | 222 | 6.70 | 5 | 0.48~1.74 | (-19→28=1.74×3) (13→12=1.72×3) (23→23=0.50×3) (-4→4=1.48×3) (-7→-15=1.48×3) |
| 10466 | 220 | 7.16 | 6 | 0.48~1.74 | (-19→28=1.74×4) (13→12=1.72×4) (-4→4=1.48×4) (-7→-15=1.48×4) (23→23=0.53×4) |
| 10476 | 221 | 7.19 | 6 | 0.48~1.74 | (-19→28=1.74×4) (13→12=1.72×4) (-4→4=1.48×4) (-7→-15=1.48×4) (23→23=0.53×4) |
| 10486 | 226 | 7.42 | 6 | 0.48~1.74 | (-19→28=1.74×4) (13→12=1.72×4) (-4→4=1.48×4) (-7→-15=1.48×4) (23→23=0.53×4) |
| 10496 | 227 | 7.79 | 6 | 0.48~1.74 | (-19→28=1.74×5) (13→12=1.72×5) (-7→-15=1.51×5) (-4→4=1.48×5) (23→23=0.54×5) |
| 10506 | 226 | 8.03 | 6 | 0.48~1.74 | (-19→28=1.74×5) (13→12=1.72×5) (-7→-15=1.51×5) (-4→4=1.48×5) (23→23=0.54×5) |
| 10516 | 226 | 8.11 | 6 | 0.48~1.74 | (-19→28=1.74×5) (13→12=1.72×5) (-7→-15=1.51×5) (-4→4=1.48×5) (23→23=0.54×5) |
| 10526 | 230 | 8.13 | 6 | 0.48~1.74 | (-19→28=1.74×5) (13→12=1.72×5) (-7→-15=1.51×5) (-4→4=1.48×5) (23→23=0.54×5) |
| 10536 | 228 | 8.14 | 6 | 0.48~1.74 | (-19→28=1.74×5) (13→12=1.72×5) (-7→-15=1.51×5) (-4→4=1.48×5) (23→23=0.54×5) |
| 10546 | 224 | 8.27 | 6 | 0.48~1.74 | (-19→28=1.74×5) (13→12=1.72×5) (-7→-15=1.51×5) (-4→4=1.48×5) (23→23=0.54×5) |
| 10556 | 223 | 8.25 | 6 | 0.48~1.74 | (-19→28=1.74×5) (13→12=1.72×5) (-7→-15=1.51×5) (-4→4=1.48×5) (23→23=0.54×5) |
| 10566 | 220 | 8.29 | 6 | 0.48~1.74 | (-19→28=1.74×5) (13→12=1.72×5) (-7→-15=1.51×5) (-4→4=1.48×5) (23→23=0.54×5) |
| 10576 | 221 | 8.25 | 6 | 0.48~1.74 | (-19→28=1.74×5) (13→12=1.72×5) (-7→-15=1.51×5) (-4→4=1.48×5) (23→23=0.54×5) |
| 10586 | 222 | 8.36 | 6 | 0.48~1.74 | (-19→28=1.74×5) (13→12=1.72×5) (-7→-15=1.51×5) (-4→4=1.48×5) (23→23=0.54×5) |
| 10596 | 224 | 8.17 | 6 | 0.48~1.74 | (-19→28=1.74×4) (13→12=1.72×4) (-7→-15=1.51×4) (-4→4=1.48×4) (-24→19=0.54×4) |
| 10606 | 232 | 8.63 | 6 | 0.48~1.74 | (-19→28=1.74×4) (13→12=1.72×4) (-7→-15=1.51×4) (-4→4=1.48×4) (-24→19=0.54×4) |
| 10616 | 237 | 8.99 | 6 | 0.48~1.74 | (-19→28=1.74×4) (13→12=1.72×4) (-7→-15=1.51×4) (-4→4=1.48×4) (-24→19=0.54×4) |
| 10626 | 243 | 9.63 | 6 | 0.48~1.74 | (13→12=1.72×4) (-19→28=1.53×5) (-7→-15=1.51×4) (-24→19=0.54×4) (23→23=0.54×4) |
| 10636 | 247 | 9.84 | 6 | 0.48~1.74 | (13→12=1.72×4) (-19→28=1.53×5) (-7→-15=1.51×4) (-24→19=0.54×4) (23→23=0.54×4) |
| 10646 | 253 | 10.42 | 6 | 0.48~1.74 | (13→12=1.72×4) (-7→-15=1.51×4) (-24→19=0.54×4) (23→23=0.54×4) (10→3=1.44×3) |
| 10656 | 253 | 10.53 | 6 | 0.48~1.74 | (13→12=1.72×4) (-7→-15=1.51×4) (-24→19=0.54×4) (23→23=0.54×4) (10→3=1.44×3) |
| 10666 | 255 | 10.67 | 6 | 0.48~1.74 | (13→12=1.72×4) (-7→-15=1.51×4) (-24→19=0.54×4) (23→23=0.54×4) (10→3=1.44×3) |
| 10676 | 259 | 10.85 | 6 | 0.48~1.74 | (13→12=1.72×4) (-7→-15=1.51×4) (-24→19=0.54×4) (23→23=0.54×4) (10→3=1.44×3) |
| 10686 | 259 | 10.88 | 6 | 0.48~1.74 | (13→12=1.72×3) (-7→-15=1.48×3) (23→23=0.54×3) (-24→19=0.54×3) (10→3=1.44×3) |
| 10696 | 262 | 11.22 | 6 | 0.48~1.74 | (13→12=1.72×3) (10→3=1.53×2) (-7→-15=1.48×3) (23→23=0.54×3) (-24→19=0.54×3) |
| 10706 | 267 | 11.58 | 6 | 0.48~1.74 | (10→3=1.53×2) (-7→-15=1.48×3) (23→23=0.54×3) (-24→19=0.54×3) (-18→-23=1.42×3) |
| 10716 | 271 | 11.76 | 6 | 0.48~1.74 | (10→3=1.53×1) (-10→8=0.52×3) (-7→-15=1.48×3) (23→23=0.54×3) (-24→19=0.54×3) |
| 10726 | 276 | 12.05 | 6 | 0.48~1.74 | (10→3=1.53×1) (-10→8=0.52×3) (-7→-15=1.48×3) (23→23=0.54×3) (-24→19=0.54×3) |
| 10736 | 276 | 12.13 | 6 | 0.48~1.74 | (10→3=1.53×1) (-10→8=0.52×3) (-7→-15=1.48×3) (23→23=0.54×3) (-24→19=0.54×3) |
| 10746 | 283 | 12.61 | 6 | 0.48~1.74 | (10→3=1.53×1) (-10→8=0.52×3) (-7→-15=1.48×3) (23→23=0.54×3) (-24→19=0.54×3) |
| 10756 | 289 | 12.66 | 6 | 0.48~1.78 | (10→3=1.53×1) (-10→8=0.52×3) (-7→-15=1.48×3) (23→23=0.54×3) (-24→19=0.54×3) |
| 10766 | 288 | 12.75 | 6 | 0.48~1.78 | (10→3=1.53×1) (-10→8=0.52×3) (-7→-15=1.48×3) (23→23=0.54×3) (-24→19=0.54×3) |
| 10776 | 298 | 13.25 | 6 | 0.48~1.78 | (10→3=1.53×1) (-10→8=0.52×3) (-7→-15=1.48×3) (23→23=0.54×3) (-24→19=0.54×3) |
| 10786 | 297 | 13.48 | 6 | 0.48~1.78 | (10→3=1.53×1) (-10→8=0.52×3) (-7→-15=1.48×3) (23→23=0.54×3) (-24→19=0.54×3) |
| 10796 | 303 | 13.92 | 6 | 0.48~1.83 | (10→3=1.53×1) (-10→8=0.52×3) (-7→-15=1.48×3) (23→23=0.54×3) (-24→19=0.54×3) |
| 10806 | 304 | 14.00 | 6 | 0.48~1.83 | (10→3=1.53×1) (-10→8=0.52×3) (-7→-15=1.48×3) (23→23=0.54×3) (-24→19=0.54×3) |
| 10816 | 318 | 14.45 | 6 | 0.48~1.83 | (10→3=1.53×1) (-10→8=0.52×3) (-7→-15=1.48×3) (23→23=0.54×3) (-24→19=0.54×3) |
| 10826 | 327 | 15.02 | 6 | 0.48~1.83 | (10→3=1.53×1) (-19→28=1.50×4) (-10→8=0.52×3) (-7→-15=1.48×3) (23→23=0.54×3) |
| 10836 | 327 | 15.31 | 6 | 0.48~1.83 | (10→3=1.53×1) (-19→28=1.50×4) (-10→8=0.52×3) (-7→-15=1.48×3) (23→23=0.54×3) |
| 10846 | 332 | 15.70 | 6 | 0.48~1.83 | (10→3=1.53×1) (-19→28=1.50×4) (-10→8=0.52×3) (-7→-15=1.48×3) (-24→19=0.54×3) |
| 10856 | 335 | 15.64 | 6 | 0.48~1.83 | (-19→28=1.74×3) (10→3=1.53×1) (-10→8=0.52×3) (-7→-15=1.48×3) (-24→19=0.54×3) |
| 10866 | 344 | 16.00 | 6 | 0.48~1.83 | (-19→28=1.74×3) (10→3=1.53×1) (-10→8=0.52×3) (-7→-15=1.48×3) (-24→19=0.54×3) |
| 10876 | 341 | 15.82 | 6 | 0.48~1.83 | (-19→28=1.74×3) (10→3=1.53×1) (-10→8=0.52×3) (-7→-15=1.48×3) (-24→19=0.54×3) |
| 10886 | 349 | 16.17 | 6 | 0.48~1.83 | (-19→28=1.74×3) (10→3=1.53×1) (-10→8=0.52×3) (-7→-15=1.48×3) (-24→19=0.54×3) |
| 10896 | 351 | 16.58 | 6 | 0.48~1.83 | (-19→28=1.74×3) (10→3=1.53×1) (-10→8=0.52×3) (-7→-15=1.48×3) (-24→19=0.54×3) |
| 10906 | 359 | 16.87 | 6 | 0.48~1.83 | (-19→28=1.74×3) (10→3=1.53×1) (-10→8=0.52×3) (-7→-15=1.48×3) (-24→19=0.54×3) |
| 10916 | 360 | 16.97 | 6 | 0.48~1.83 | (-19→28=1.74×3) (10→3=1.53×1) (-10→8=0.52×3) (-7→-15=1.48×3) (-24→19=0.54×3) |
| 10926 | 367 | 17.68 | 6 | 0.48~1.83 | (-19→28=1.74×3) (10→3=1.53×1) (-10→8=0.52×3) (-7→-15=1.48×3) (-24→19=0.54×3) |
| 10936 | 371 | 17.91 | 6 | 0.48~1.83 | (-19→28=1.74×3) (10→3=1.53×1) (-10→8=0.52×3) (-7→-15=1.48×3) (-24→19=0.54×3) |
| 10946 | 375 | 18.38 | 6 | 0.48~1.83 | (-19→28=1.74×3) (10→3=1.53×1) (-10→8=0.52×3) (-7→-15=1.48×3) (-24→19=0.54×3) |
| 10956 | 379 | 18.61 | 6 | 0.48~1.83 | (-19→28=1.74×3) (10→3=1.53×1) (-10→8=0.52×3) (-7→-15=1.48×3) (-24→19=0.54×3) |
| 10966 | 386 | 18.95 | 6 | 0.48~1.83 | (-19→28=1.74×3) (10→3=1.53×1) (-10→8=0.52×3) (-7→-15=1.48×3) (-24→19=0.54×3) |
| 10976 | 389 | 19.29 | 6 | 0.48~1.83 | (-19→28=1.74×3) (10→3=1.53×1) (-10→8=0.52×3) (-7→-15=1.48×3) (-24→19=0.54×3) |
| 10986 | 396 | 19.62 | 6 | 0.48~1.83 | (-19→28=1.74×3) (10→3=1.53×1) (-10→8=0.52×3) (-7→-15=1.48×3) (-24→19=0.54×3) |
| 10996 | 399 | 20.29 | 6 | 0.48~1.83 | (-19→28=1.74×3) (10→3=1.53×1) (-10→8=0.52×3) (-7→-15=1.48×3) (-24→19=0.54×3) |
| 11006 | 401 | 20.32 | 6 | 0.48~1.83 | (-19→28=1.74×3) (10→3=1.53×1) (-10→8=0.52×3) (-7→-15=1.48×3) (-24→19=0.54×3) |
| 11016 | 399 | 20.35 | 6 | 0.48~1.83 | (-19→28=1.74×3) (10→3=1.53×1) (-10→8=0.52×3) (-7→-15=1.48×3) (-24→19=0.54×3) |
| 11026 | 398 | 20.61 | 6 | 0.48~1.83 | (-19→28=1.74×3) (10→3=1.53×1) (-10→8=0.52×3) (-7→-15=1.48×3) (-24→19=0.54×3) |
| 11036 | 401 | 20.91 | 6 | 0.48~1.83 | (-19→28=1.74×4) (10→3=1.53×1) (-10→8=0.52×4) (-7→-15=1.48×4) (-24→19=0.54×4) |
| 11046 | 402 | 21.30 | 6 | 0.48~1.83 | (-19→28=1.74×4) (10→3=1.53×1) (-10→8=0.52×4) (-7→-15=1.48×4) (-24→19=0.54×4) |
| 11056 | 405 | 21.29 | 6 | 0.48~1.83 | (-19→28=1.74×4) (10→3=1.53×1) (-10→8=0.52×4) (-7→-15=1.48×4) (-24→19=0.54×4) |
| 11066 | 410 | 21.80 | 6 | 0.48~1.83 | (-19→28=1.74×4) (10→3=1.53×1) (-10→8=0.52×4) (-7→-15=1.48×4) (-24→19=0.54×4) |
| 11076 | 411 | 21.66 | 6 | 0.48~1.84 | (-19→28=1.74×4) (10→3=1.53×1) (-10→8=0.52×4) (-7→-15=1.48×4) (-24→19=0.54×4) |
| 11086 | 407 | 21.20 | 6 | 0.51~1.84 | (-19→28=1.74×2) (10→3=1.53×1) (-10→8=0.52×2) (-7→-15=1.48×2) (-24→19=0.54×2) |
| 11096 | 406 | 21.43 | 6 | 0.51~1.84 | (-19→28=1.74×2) (10→3=1.53×1) (-10→8=0.52×2) (-7→-15=1.48×2) (-24→19=0.54×2) |
| 11106 | 401 | 21.43 | 6 | 0.51~1.84 | (-19→28=1.74×2) (-10→8=0.52×2) (-7→-15=1.48×2) (-24→19=0.54×2) (-18→-23=1.42×2) |
| 11116 | 409 | 21.51 | 6 | 0.46~2.03 | (-19→28=1.74×2) (-10→8=0.52×2) (-7→-15=1.48×2) (-24→19=0.54×2) (-7→27=0.58×2) |
| 11126 | 395 | 21.23 | 6 | 0.46~2.03 | (-19→28=1.74×2) (-10→8=0.52×2) (-7→-15=1.48×2) (-24→19=0.54×2) (-7→27=0.58×2) |
| 11136 | 395 | 21.38 | 6 | 0.46~2.03 | (-19→28=1.74×2) (-10→8=0.52×2) (-7→-15=1.48×2) (-24→19=0.54×2) (-7→27=0.58×2) |
| 11146 | 394 | 21.23 | 6 | 0.46~2.03 | (-19→28=1.74×2) (-10→8=0.52×2) (-7→-15=1.48×2) (-24→19=0.54×2) (-7→27=0.58×2) |
| 11156 | 399 | 21.67 | 6 | 0.46~2.03 | (-19→28=1.49×3) (-10→8=0.52×2) (-4→4=1.48×2) (-7→-15=1.48×2) (-24→19=0.54×2) |
| 11166 | 393 | 22.10 | 6 | 0.46~2.03 | (-19→28=1.49×3) (-10→8=0.52×2) (-4→4=1.48×2) (-7→-15=1.48×2) (-24→19=0.54×2) |
| 11176 | 393 | 22.47 | 6 | 0.46~2.03 | (-19→28=1.49×3) (-10→8=0.52×2) (-4→4=1.48×2) (-7→-15=1.48×2) (-24→19=0.54×2) |
| 11186 | 397 | 22.73 | 6 | 0.46~2.03 | (-19→28=1.49×3) (-10→8=0.52×2) (-4→4=1.48×2) (-7→-15=1.48×2) (-24→19=0.54×2) |
| 11196 | 399 | 22.94 | 6 | 0.46~1.85 | (-19→28=1.49×3) (-10→8=0.52×2) (-4→4=1.48×2) (-7→-15=1.48×2) (-24→19=0.54×2) |
| 11206 | 395 | 22.96 | 6 | 0.46~1.85 | (-19→28=1.49×3) (-10→8=0.52×2) (-4→4=1.48×2) (-7→-15=1.48×2) (-24→19=0.54×2) |
| 11216 | 398 | 23.22 | 6 | 0.46~1.85 | (-19→28=1.49×3) (-10→8=0.52×2) (-4→4=1.48×2) (-7→-15=1.48×2) (-24→19=0.54×2) |
| 11226 | 400 | 23.50 | 6 | 0.46~1.85 | (-19→28=1.49×3) (-10→8=0.52×2) (-4→4=1.48×2) (-7→-15=1.48×2) (-24→19=0.54×2) |
| 11236 | 403 | 23.64 | 6 | 0.46~2.03 | (-19→28=1.49×3) (-10→8=0.52×2) (-4→4=1.48×2) (-7→-15=1.48×2) (-24→19=0.54×2) |
| 11246 | 401 | 23.85 | 6 | 0.46~2.03 | (-19→28=1.49×3) (-10→8=0.52×2) (-4→4=1.48×2) (-7→-15=1.48×2) (23→-24=1.44×1) |
| 11256 | 398 | 23.88 | 6 | 0.46~2.03 | (-19→28=1.49×3) (-10→8=0.52×2) (-4→4=1.48×2) (-7→-15=1.48×2) (23→-24=1.44×1) |
| 11266 | 396 | 23.86 | 6 | 0.46~2.03 | (-19→28=1.49×3) (-10→8=0.52×2) (-4→4=1.48×2) (-7→-15=1.48×2) (23→-24=1.44×1) |
| 11276 | 394 | 23.53 | 6 | 0.46~2.03 | (-19→28=1.49×3) (-10→8=0.52×2) (-4→4=1.48×2) (-7→-15=1.48×2) (23→-24=1.44×1) |
| 11286 | 378 | 23.13 | 6 | 0.46~2.03 | (-19→28=1.49×3) (-10→8=0.52×2) (-4→4=1.48×2) (-7→-15=1.48×2) (23→-24=1.44×1) |
| 11296 | 383 | 23.64 | 5 | 0.46~2.03 | (-19→28=1.74×2) (-10→8=0.52×2) (-4→4=1.48×2) (-7→-15=1.48×2) (-24→19=0.54×2) |
| 11306 | 378 | 23.60 | 5 | 0.46~2.03 | (-19→28=1.74×2) (-10→8=0.52×2) (-4→4=1.48×2) (-7→-15=1.48×2) (-24→19=0.54×2) |
| 11316 | 383 | 24.03 | 5 | 0.46~2.03 | (-19→28=1.74×2) (-10→8=0.52×2) (-4→4=1.48×2) (-7→-15=1.48×2) (-24→19=0.54×2) |
| 11326 | 380 | 23.95 | 5 | 0.46~2.03 | (-19→28=1.74×2) (-10→8=0.52×2) (-4→4=1.48×2) (-7→-15=1.48×2) (-24→19=0.54×2) |
| 11336 | 379 | 23.80 | 5 | 0.46~2.03 | (-19→28=1.74×2) (-10→8=0.52×2) (-4→4=1.48×2) (-7→-15=1.48×2) (-24→19=0.54×2) |
| 11346 | 378 | 23.48 | 5 | 0.46~2.03 | (-19→28=1.74×2) (-10→8=0.52×2) (-4→4=1.48×2) (-7→-15=1.48×2) (-24→19=0.54×2) |
| 11356 | 382 | 23.47 | 5 | 0.46~2.03 | (-19→28=1.74×2) (23→23=0.51×2) (-10→8=0.52×2) (-4→4=1.48×2) (-7→-15=1.48×2) |
| 11366 | 382 | 23.52 | 5 | 0.46~2.03 | (-19→28=1.74×2) (23→23=0.51×2) (-10→8=0.52×2) (-4→4=1.48×2) (-7→-15=1.48×2) |
| 11376 | 382 | 23.60 | 5 | 0.46~2.03 | (-19→28=1.74×2) (23→23=0.51×2) (-10→8=0.52×2) (-4→4=1.48×2) (-7→-15=1.48×2) |
| 11386 | 384 | 23.85 | 5 | 0.46~2.03 | (-19→28=1.74×2) (23→23=0.51×2) (-10→8=0.52×2) (-4→4=1.48×2) (-7→-15=1.48×2) |
| 11396 | 389 | 24.21 | 5 | 0.45~2.03 | (-19→28=1.74×2) (23→23=0.51×2) (-10→8=0.52×2) (-4→4=1.48×2) (-7→-15=1.48×2) |
| 11406 | 386 | 24.12 | 5 | 0.45~1.95 | (-19→28=1.74×2) (23→23=0.51×2) (-10→8=0.52×2) (-4→4=1.48×2) (-7→-15=1.48×2) |
| 11416 | 385 | 23.86 | 5 | 0.45~1.95 | (-19→28=1.74×2) (23→23=0.51×2) (-10→8=0.52×2) (-4→4=1.48×2) (-7→-15=1.48×2) |
| 11426 | 387 | 24.11 | 5 | 0.45~1.95 | (-19→28=1.74×2) (23→23=0.51×2) (-10→8=0.52×2) (-4→4=1.48×2) (-7→-15=1.48×2) |
| 11436 | 390 | 24.38 | 5 | 0.45~1.95 | (-19→28=1.74×2) (23→23=0.51×2) (-10→8=0.52×2) (-4→4=1.48×2) (-7→-15=1.48×2) |
| 11446 | 389 | 24.41 | 5 | 0.45~1.95 | (-19→28=1.74×2) (23→23=0.51×2) (-10→8=0.52×2) (-4→4=1.48×2) (-7→-15=1.48×2) |
| 11456 | 391 | 24.61 | 5 | 0.45~1.95 | (-19→28=1.74×2) (23→23=0.51×2) (-10→8=0.52×2) (-4→4=1.48×2) (-7→-15=1.48×2) |
| 11466 | 399 | 25.09 | 5 | 0.45~1.95 | (-19→28=1.74×2) (23→23=0.51×2) (-10→8=0.52×2) (-4→4=1.48×2) (-7→-15=1.48×2) |
| 11476 | 400 | 25.11 | 5 | 0.45~1.95 | (-19→28=1.74×2) (23→23=0.51×2) (-10→8=0.52×2) (-4→4=1.48×2) (-7→-15=1.48×2) |
| 11486 | 409 | 25.70 | 5 | 0.46~1.95 | (-19→28=1.74×2) (23→23=0.51×2) (-10→8=0.52×2) (-4→4=1.48×2) (-7→-15=1.48×2) |
| 11496 | 412 | 26.29 | 5 | 0.46~1.88 | (-19→28=1.74×2) (23→23=0.51×2) (-10→8=0.52×2) (-4→4=1.48×2) (-7→-15=1.48×2) |
| 11506 | 425 | 27.40 | 5 | 0.46~1.88 | (-19→28=1.74×2) (23→23=0.51×2) (-10→8=0.52×2) (-4→4=1.48×2) (-7→-15=1.48×2) |
| 11516 | 430 | 27.83 | 5 | 0.46~1.88 | (-19→28=1.74×2) (23→23=0.51×2) (-10→8=0.52×2) (-4→4=1.48×2) (-7→-15=1.48×2) |
| 11526 | 437 | 28.27 | 5 | 0.46~1.88 | (-19→28=1.74×2) (23→23=0.51×2) (-10→8=0.52×2) (-4→4=1.48×2) (-7→-15=1.48×2) |
| 11536 | 442 | 28.59 | 5 | 0.46~1.88 | (-19→28=1.74×2) (23→23=0.51×2) (-10→8=0.52×2) (-4→4=1.48×2) (-7→-15=1.48×2) |
| 11546 | 444 | 29.13 | 5 | 0.46~1.88 | (-19→28=1.74×2) (23→23=0.51×2) (-10→8=0.52×2) (-4→4=1.48×2) (-7→-15=1.48×2) |
| 11556 | 455 | 29.47 | 5 | 0.46~1.88 | (-19→28=1.74×2) (23→23=0.51×2) (-10→8=0.52×2) (-4→4=1.48×2) (-7→-15=1.48×2) |
| 11566 | 453 | 29.39 | 5 | 0.46~1.88 | (-19→28=1.74×2) (23→23=0.51×2) (-10→8=0.52×2) (-4→4=1.48×2) (-7→-15=1.48×2) |
| 11576 | 469 | 29.77 | 5 | 0.46~1.88 | (-19→28=1.74×2) (23→23=0.51×2) (-10→8=0.52×2) (-4→4=1.48×2) (-7→-15=1.48×2) |
| 11586 | 475 | 29.78 | 5 | 0.46~1.88 | (-19→28=1.74×2) (23→23=0.51×2) (-10→8=0.52×2) (-4→4=1.48×2) (-7→-15=1.48×2) |
| 11596 | 496 | 30.36 | 5 | 0.46~1.97 | (-19→28=1.74×2) (23→23=0.51×2) (-10→8=0.52×2) (-4→4=1.48×2) (-7→-15=1.48×2) |
| 11606 | 489 | 30.42 | 5 | 0.46~1.97 | (-19→28=1.74×2) (23→23=0.51×2) (-10→8=0.52×2) (-4→4=1.48×2) (-7→-15=1.48×2) |
| 11616 | 498 | 30.88 | 5 | 0.46~2.02 | (-19→28=1.74×2) (23→23=0.51×2) (-10→8=0.52×2) (-4→4=1.48×2) (-7→-15=1.48×2) |
| 11626 | 500 | 31.20 | 5 | 0.46~2.02 | (-19→28=1.74×2) (23→23=0.51×2) (-10→8=0.52×2) (-4→4=1.48×2) (-7→-15=1.48×2) |
| 11636 | 500 | 31.14 | 5 | 0.46~2.29 | (-19→28=1.74×2) (23→23=0.51×2) (-10→8=0.52×2) (-4→4=1.48×2) (-7→-15=1.48×2) |
| 11646 | 499 | 31.46 | 5 | 0.46~2.29 | (-19→28=1.74×2) (23→23=0.51×2) (-10→8=0.52×2) (-4→4=1.48×2) (-7→-15=1.48×2) |
| 11656 | 500 | 31.55 | 5 | 0.46~2.29 | (-19→28=1.74×2) (23→23=0.51×2) (-10→8=0.52×2) (-4→4=1.48×2) (-7→-15=1.48×2) |
| 11666 | 499 | 31.89 | 5 | 0.46~2.29 | (-19→28=1.74×2) (23→23=0.51×2) (-10→8=0.52×2) (-4→4=1.48×2) (-7→-15=1.48×2) |
| 11676 | 500 | 32.17 | 5 | 0.46~2.29 | (-19→28=1.74×2) (23→23=0.51×2) (-10→8=0.52×2) (-4→4=1.48×2) (-7→-15=1.48×2) |
| 11686 | 500 | 32.30 | 5 | 0.46~2.29 | (-19→28=1.74×2) (23→23=0.51×2) (-10→8=0.52×2) (-4→4=1.48×2) (-7→-15=1.48×2) |
| 11696 | 500 | 32.42 | 5 | 0.46~2.29 | (-19→28=1.74×2) (23→23=0.51×2) (-4→4=1.48×2) (-7→-15=1.48×2) (-24→19=0.54×2) |
| 11706 | 500 | 32.50 | 5 | 0.46~2.29 | (-19→28=1.74×2) (23→23=0.51×2) (-4→4=1.48×2) (-7→-15=1.48×2) (-24→19=0.54×2) |
| 11716 | 499 | 32.61 | 5 | 0.46~2.34 | (-19→28=1.74×2) (23→23=0.51×2) (-4→4=1.48×2) (-7→-15=1.48×2) (-24→19=0.54×2) |
| 11726 | 499 | 33.01 | 5 | 0.46~2.34 | (-19→28=1.74×2) (23→23=0.51×2) (-4→4=1.48×2) (-7→-15=1.48×2) (-24→19=0.54×2) |
| 11736 | 500 | 33.49 | 5 | 0.46~2.34 | (-19→28=1.74×2) (23→23=0.51×2) (-4→4=1.48×2) (-7→-15=1.48×2) (-24→19=0.54×2) |
| 11746 | 500 | 33.62 | 5 | 0.46~2.34 | (-19→28=1.74×2) (23→23=0.51×2) (-4→4=1.48×2) (-7→-15=1.48×2) (-24→19=0.54×2) |
| 11756 | 500 | 33.74 | 5 | 0.46~2.34 | (-19→28=1.74×2) (23→23=0.51×2) (-4→4=1.48×2) (-7→-15=1.48×2) (-24→19=0.54×2) |
| 11766 | 500 | 33.68 | 5 | 0.46~2.34 | (-19→28=1.74×2) (23→23=0.51×2) (-4→4=1.48×2) (-7→-15=1.48×2) (-24→19=0.54×2) |
| 11776 | 499 | 33.71 | 5 | 0.46~2.34 | (-19→28=1.74×2) (23→23=0.51×2) (-4→4=1.48×2) (-7→-15=1.48×2) (-24→19=0.54×2) |
| 11786 | 500 | 33.71 | 5 | 0.44~2.34 | (-19→28=1.74×1) (23→23=0.51×1) (-4→4=1.48×1) (-7→-15=1.48×1) (-24→19=0.54×1) |
| 11796 | 500 | 33.71 | 6 | 0.44~2.34 | (-19→28=1.74×1) (23→23=0.51×1) (-4→4=1.48×1) (-7→-15=1.48×1) (-24→19=0.54×1) |
| 11806 | 500 | 33.57 | 6 | 0.44~2.34 | (-19→28=1.74×1) (23→23=0.51×1) (-4→4=1.48×1) (-7→-15=1.48×1) (-24→19=0.54×1) |
| 11816 | 498 | 33.47 | 6 | 0.44~2.34 | (-19→28=1.74×1) (23→23=0.51×1) (-4→4=1.48×1) (-7→-15=1.48×1) (-24→19=0.54×1) |
| 11826 | 498 | 33.57 | 6 | 0.44~2.34 | (-19→28=1.74×1) (23→23=0.51×1) (-4→4=1.48×1) (-7→-15=1.48×1) (-24→19=0.54×1) |
| 11836 | 500 | 33.53 | 6 | 0.44~2.34 | (-19→28=1.74×1) (23→23=0.51×1) (-4→4=1.48×1) (-7→-15=1.48×1) (-24→19=0.54×1) |
| 11846 | 500 | 33.65 | 6 | 0.44~2.34 | (-19→28=1.74×1) (23→23=0.51×1) (-4→4=1.48×1) (-7→-15=1.48×1) (-24→19=0.54×1) |
| 11856 | 500 | 33.68 | 6 | 0.44~2.34 | (-19→28=1.74×1) (23→23=0.51×1) (-4→4=1.48×1) (-7→-15=1.48×1) (-24→19=0.54×1) |
| 11866 | 498 | 33.76 | 6 | 0.44~2.34 | (-19→28=1.74×1) (23→23=0.51×1) (-4→4=1.48×1) (-7→-15=1.48×1) (-24→19=0.54×1) |
| 11876 | 500 | 33.99 | 6 | 0.44~2.34 | (-19→28=1.74×1) (23→23=0.51×1) (-10→8=0.52×1) (-4→4=1.48×1) (-7→-15=1.48×1) |
| 11886 | 500 | 34.38 | 6 | 0.44~2.75 | (-19→28=1.74×1) (23→23=0.51×1) (-10→8=0.52×1) (-4→4=1.48×1) (-7→-15=1.48×1) |
| 11896 | 499 | 34.56 | 6 | 0.44~2.75 | (-19→28=1.74×1) (23→23=0.51×1) (-10→8=0.52×1) (-4→4=1.48×1) (-24→19=0.54×1) |
| 11906 | 499 | 34.44 | 6 | 0.44~2.75 | (-19→28=1.74×1) (23→23=0.51×1) (-10→8=0.52×1) (-4→4=1.48×1) (-24→19=0.54×1) |
| 11916 | 500 | 34.77 | 6 | 0.44~2.75 | (-19→28=1.74×1) (23→23=0.51×1) (-10→8=0.52×1) (-4→4=1.48×1) (-24→19=0.54×1) |
| 11926 | 500 | 34.93 | 6 | 0.44~2.29 | (-19→28=1.74×1) (23→23=0.51×1) (-10→8=0.52×1) (-4→4=1.48×1) (-24→19=0.54×1) |
| 11936 | 500 | 35.02 | 6 | 0.44~2.29 | (-19→28=1.74×1) (23→23=0.51×1) (-10→8=0.52×1) (-4→4=1.48×1) (-24→19=0.54×1) |
| 11946 | 500 | 34.98 | 6 | 0.44~2.29 | (-3→31=1.44×215) (-23→-12=1.41×1) (-13→17=1.39×35) (-19→-8=1.38×95) (1→-29=1.35×1) |
| 11956 | 498 | 34.72 | 6 | 0.44~2.29 | (-3→31=1.45×210) (-23→-12=1.41×1) (-13→17=1.39×35) (-19→-8=1.38×94) (1→-29=1.35×1) |
| 11966 | 500 | 35.11 | 6 | 0.44~2.29 | (-3→31=1.46×212) (-23→-12=1.41×1) (-13→17=1.40×33) (-19→-8=1.39×99) (1→-29=1.35×1) |
| 11976 | 500 | 35.50 | 6 | 0.46~2.29 | (-3→31=1.46×216) (-23→-12=1.41×1) (-13→17=1.41×34) (-19→-8=1.39×99) (1→-29=1.35×1) |
| 11986 | 499 | 35.42 | 6 | 0.46~2.29 | (-3→31=1.47×214) (-23→-12=1.41×1) (-13→17=1.40×33) (-19→-8=1.39×101) (1→-29=1.35×1) |
| 11996 | 500 | 35.80 | 6 | 0.46~2.29 | (-3→31=1.47×219) (-13→17=1.42×35) (-23→-12=1.41×1) (-19→-8=1.39×104) (1→-29=1.35×1) |
| 12006 | 500 | 36.45 | 6 | 0.46~2.29 | (-3→31=1.47×222) (-13→17=1.42×34) (-23→-12=1.41×1) (-19→-8=1.40×108) (10→-14=1.34×16) |
| 12016 | 496 | 37.05 | 6 | 0.46~2.29 | (-3→31=1.47×226) (-13→17=1.42×37) (-23→-12=1.41×1) (-19→-8=1.40×112) (10→-14=1.34×16) |
| 12026 | 500 | 37.54 | 6 | 0.47~2.29 | (-3→31=1.47×232) (-13→17=1.44×38) (-23→-12=1.41×1) (-19→-8=1.40×114) (10→-14=1.34×16) |
| 12036 | 500 | 37.88 | 6 | 0.47~2.29 | (-3→31=1.47×233) (-13→17=1.44×40) (-23→-12=1.41×1) (-19→-8=1.41×114) (10→-14=1.34×16) |
| 12046 | 499 | 38.10 | 6 | 0.47~2.29 | (-3→31=1.47×234) (-13→17=1.44×43) (-19→-8=1.41×113) (-23→-12=1.41×1) (17→-18=1.37×6) |
| 12056 | 494 | 37.97 | 5 | 0.48~2.29 | (-3→31=1.46×228) (-13→17=1.43×43) (-19→-8=1.41×110) (-23→-12=1.41×1) (-21→-28=1.37×47) |
| 12066 | 499 | 38.14 | 5 | 0.48~2.29 | (-3→31=1.46×232) (-13→17=1.43×45) (-19→-8=1.41×112) (-23→-12=1.41×1) (-21→-28=1.37×51) |
| 12076 | 490 | 37.90 | 5 | 0.48~2.29 | (-3→31=1.45×229) (-13→17=1.44×45) (-19→-8=1.41×108) (-23→-12=1.41×2) (24→6=1.40×1) |
| 12086 | 491 | 37.99 | 5 | 0.48~2.29 | (-3→31=1.45×230) (-13→17=1.44×44) (-21→-28=1.41×52) (-19→-8=1.41×108) (-23→-12=1.41×2) |
| 12096 | 491 | 38.09 | 5 | 0.48~2.29 | (-3→31=1.45×231) (-13→17=1.45×43) (-21→-28=1.41×51) (-19→-8=1.41×106) (-23→-12=1.41×2) |
| 12106 | 482 | 38.19 | 5 | 0.44~2.29 | (-3→31=1.45×227) (-13→17=1.44×43) (-21→-28=1.44×49) (-23→-12=1.41×2) (-19→-8=1.40×102) |
| 12116 | 491 | 38.21 | 5 | 0.44~2.29 | (-21→-28=1.44×48) (-3→31=1.44×231) (-13→17=1.44×44) (-23→-12=1.41×2) (-19→-8=1.40×101) |
| 12126 | 488 | 38.37 | 6 | 0.44~2.29 | (-21→-28=1.46×45) (-13→17=1.45×46) (-3→31=1.43×231) (-23→-12=1.41×2) (24→6=1.40×1) |
| 12136 | 482 | 38.36 | 6 | 0.44~2.29 | (-21→-28=1.48×42) (-13→17=1.45×46) (-3→31=1.43×230) (-23→-12=1.41×2) (24→6=1.40×1) |
| 12146 | 475 | 37.96 | 6 | 0.48~2.29 | (-21→-28=1.48×35) (-13→17=1.45×46) (-3→31=1.42×224) (-23→-12=1.41×2) (-19→-8=1.40×90) |
| 12156 | 479 | 38.14 | 6 | 0.48~2.29 | (-21→-28=1.48×33) (-13→17=1.44×48) (-3→31=1.43×227) (-23→-12=1.41×2) (-19→-8=1.40×92) |
| 12166 | 484 | 37.94 | 5 | 0.48~2.29 | (-21→-28=1.49×29) (-13→17=1.44×48) (-3→31=1.42×227) (-23→-12=1.41×2) (-19→-8=1.40×91) |
| 12176 | 487 | 37.77 | 5 | 0.48~2.29 | (-21→-28=1.47×28) (-13→17=1.44×50) (-3→31=1.42×229) (-23→-12=1.41×2) (24→6=1.40×1) |
| 12186 | 487 | 38.05 | 6 | 0.49~2.62 | (-21→-28=1.50×25) (-13→17=1.45×49) (-3→31=1.43×230) (-23→-12=1.41×2) (24→6=1.40×1) |
| 12196 | 487 | 37.53 | 6 | 0.51~2.62 | (8→-14=1.54×1) (-21→-28=1.53×19) (-13→17=1.44×47) (-3→31=1.43×226) (-23→-12=1.41×2) |
| 12206 | 484 | 37.82 | 6 | 0.51~2.62 | (8→-14=1.54×1) (-21→-28=1.54×17) (-13→17=1.44×47) (-3→31=1.43×227) (-23→-12=1.41×2) |
| 12216 | 487 | 37.90 | 6 | 0.51~2.62 | (8→-14=1.54×1) (-21→-28=1.53×15) (-3→31=1.44×228) (-13→17=1.44×46) (-23→-12=1.41×2) |
| 12226 | 490 | 37.98 | 6 | 0.51~2.62 | (-21→-28=1.56×13) (8→-14=1.54×1) (-3→31=1.44×229) (-13→17=1.43×46) (-23→-12=1.41×2) |
| 12236 | 496 | 38.75 | 6 | 0.51~2.62 | (-21→-28=1.56×13) (8→-14=1.54×1) (-3→31=1.45×239) (-13→17=1.43×46) (-23→-12=1.41×2) |
| 12246 | 490 | 38.78 | 6 | 0.51~2.62 | (-21→-28=1.56×13) (8→-14=1.54×1) (-3→31=1.44×237) (-13→17=1.42×46) (-23→-12=1.41×2) |
| 12256 | 499 | 39.08 | 6 | 0.51~2.62 | (-21→-28=1.56×13) (8→-14=1.54×1) (-3→31=1.45×243) (-13→17=1.42×45) (-23→-12=1.41×2) |
| 12266 | 500 | 39.56 | 6 | 0.51~2.62 | (-21→-28=1.57×12) (8→-14=1.54×1) (-3→31=1.45×247) (-13→17=1.42×45) (-23→-12=1.41×2) |
| 12276 | 497 | 40.14 | 6 | 0.51~2.62 | (-21→-28=1.59×11) (8→-14=1.54×1) (-3→31=1.46×249) (-13→17=1.42×45) (-23→-12=1.41×2) |
| 12286 | 486 | 40.13 | 6 | 0.51~2.62 | (-21→-28=1.61×8) (8→-14=1.54×1) (-3→31=1.46×242) (21→-4=1.42×2) (-13→17=1.41×43) |
| 12296 | 485 | 40.09 | 6 | 0.51~2.62 | (-21→-28=1.58×7) (8→-14=1.54×1) (-3→31=1.46×242) (21→-4=1.42×2) (-13→17=1.41×43) |
| 12306 | 486 | 40.16 | 6 | 0.51~2.62 | (-21→-28=1.62×6) (-3→31=1.46×243) (21→-4=1.42×2) (-13→17=1.41×44) (-23→-12=1.41×2) |
| 12316 | 479 | 40.07 | 6 | 0.51~2.62 | (-21→-28=1.62×6) (-3→31=1.47×237) (21→-4=1.42×2) (-13→17=1.42×41) (-23→-12=1.41×2) |
| 12326 | 491 | 40.53 | 6 | 0.51~2.62 | (-21→-28=1.62×6) (-3→31=1.48×245) (21→-4=1.42×2) (-13→17=1.41×41) (-23→-12=1.41×1) |
| 12336 | 489 | 40.18 | 6 | 0.51~2.29 | (-21→-28=1.62×6) (-3→31=1.46×241) (21→-4=1.42×2) (-13→17=1.41×40) (-23→-12=1.41×1) |
| 12346 | 489 | 40.20 | 6 | 0.51~2.29 | (-21→-28=1.62×6) (-3→31=1.46×239) (-13→17=1.42×43) (-23→-12=1.41×1) (-2→-1=1.40×2) |
| 12356 | 471 | 39.79 | 6 | 0.51~2.29 | (-21→-28=1.62×6) (-3→31=1.45×227) (-13→17=1.42×38) (-23→-12=1.41×1) (-2→-1=1.40×2) |
| 12366 | 480 | 40.58 | 6 | 0.51~2.29 | (-21→-28=1.62×6) (-3→31=1.46×237) (-13→17=1.42×41) (-23→-12=1.41×1) (-2→-1=1.40×2) |
| 12376 | 477 | 40.64 | 6 | 0.51~2.29 | (-21→-28=1.69×5) (-3→31=1.45×238) (-13→17=1.42×42) (-23→-12=1.41×1) (-19→-8=1.37×98) |
| 12386 | 465 | 39.97 | 6 | 0.51~2.29 | (-21→-28=1.75×3) (-3→31=1.45×224) (-13→17=1.42×42) (-23→-12=1.41×1) (-19→-8=1.37×89) |
| 12396 | 473 | 40.19 | 6 | 0.51~2.29 | (-21→-28=1.75×3) (-3→31=1.45×230) (-13→17=1.43×40) (-23→-12=1.41×1) (-19→-8=1.37×93) |
| 12406 | 473 | 40.16 | 6 | 0.51~2.29 | (-21→-28=1.98×2) (-3→31=1.44×229) (-13→17=1.42×39) (-23→-12=1.41×1) (-19→-8=1.38×91) |
| 12416 | 476 | 40.40 | 6 | 0.50~2.29 | (-21→-28=1.98×2) (-3→31=1.47×229) (-13→17=1.43×38) (-23→-12=1.41×1) (-7→4=1.38×311) |
| 12426 | 459 | 40.11 | 6 | 0.50~2.29 | (-21→-28=1.88×1) (-3→31=1.46×219) (-13→17=1.43×35) (-23→-12=1.41×1) (-7→4=1.37×297) |
| 12436 | 462 | 39.61 | 6 | 0.50~2.29 | (-3→31=1.46×215) (-13→17=1.43×36) (-23→-12=1.41×1) (-7→4=1.37×295) (-19→-8=1.37×89) |
| 12446 | 472 | 40.24 | 6 | 0.50~2.29 | (-3→31=1.48×223) (-13→17=1.43×36) (-23→-12=1.41×1) (-7→4=1.38×304) (-8→-26=1.37×63) |
| 12456 | 458 | 39.33 | 6 | 0.50~2.29 | (-3→31=1.48×207) (-13→17=1.42×35) (-23→-12=1.41×1) (-8→-26=1.38×60) (-7→4=1.38×292) |
| 12466 | 456 | 39.16 | 6 | 0.50~2.29 | (-3→31=1.49×206) (-13→17=1.43×36) (-23→-12=1.41×1) (-8→-26=1.38×57) (-7→4=1.38×287) |
| 12476 | 461 | 39.59 | 6 | 0.50~2.29 | (-3→31=1.49×211) (-13→17=1.43×37) (-23→-12=1.41×1) (-7→4=1.38×291) (6→-1=1.38×63) |
| 12486 | 467 | 39.68 | 6 | 0.50~2.29 | (-3→31=1.49×214) (-13→17=1.42×38) (-23→-12=1.41×1) (6→-1=1.38×64) (-7→4=1.38×296) |
| 12496 | 449 | 39.31 | 6 | 0.50~2.29 | (-3→31=1.47×203) (-13→17=1.42×38) (-8→-26=1.38×58) (-7→4=1.37×285) (-19→-8=1.37×89) |
| 12506 | 450 | 39.05 | 6 | 0.51~2.29 | (-3→31=1.46×202) (-13→17=1.42×39) (6→-1=1.38×55) (-7→4=1.37×283) (-19→-8=1.37×86) |
| 12516 | 447 | 39.02 | 6 | 0.51~2.29 | (-3→31=1.46×201) (-13→17=1.42×39) (6→-1=1.37×53) (-19→-8=1.37×83) (-7→4=1.37×279) |
| 12526 | 453 | 39.55 | 6 | 0.51~2.29 | (-3→31=1.47×207) (-13→17=1.42×40) (6→-1=1.39×57) (-7→4=1.38×283) (-19→-8=1.37×87) |
| 12536 | 449 | 39.62 | 6 | 0.51~2.29 | (-3→31=1.46×205) (-13→17=1.42×41) (6→-1=1.40×53) (-19→-8=1.38×84) (-7→4=1.37×282) |
| 12546 | 447 | 39.25 | 6 | 0.51~2.29 | (-3→31=1.45×202) (-13→17=1.42×42) (6→-1=1.40×51) (-19→-8=1.38×81) (-7→4=1.37×280) |
| 12556 | 442 | 40.07 | 6 | 0.51~2.29 | (-3→31=1.45×205) (-13→17=1.42×44) (6→-1=1.40×56) (-7→4=1.38×279) (-19→-8=1.37×84) |
| 12566 | 429 | 39.79 | 6 | 0.44~2.29 | (-3→31=1.44×198) (-13→17=1.43×43) (6→-1=1.40×53) (-7→4=1.38×267) (-19→-8=1.37×78) |
| 12576 | 431 | 40.26 | 6 | 0.44~2.29 | (-3→31=1.44×202) (-13→17=1.43×41) (6→-1=1.40×57) (-7→4=1.39×268) (-19→-8=1.37×82) |
| 12586 | 418 | 40.39 | 6 | 0.44~2.29 | (-3→31=1.43×200) (-13→17=1.43×43) (6→-1=1.41×52) (-7→4=1.38×258) (20→11=1.38×30) |
| 12596 | 410 | 40.13 | 6 | 0.44~2.29 | (-3→31=1.43×194) (-13→17=1.43×43) (6→-1=1.40×50) (-7→4=1.38×250) (-8→-26=1.38×50) |
| 12606 | 413 | 40.97 | 6 | 0.44~2.29 | (-3→31=1.45×201) (-13→17=1.42×45) (6→-1=1.40×52) (-7→4=1.39×256) (-8→-26=1.38×52) |
| 12616 | 419 | 42.10 | 6 | 0.44~2.29 | (-3→31=1.46×210) (-13→17=1.42×45) (6→-1=1.39×53) (-7→4=1.39×264) (-8→-26=1.38×53) |
| 12626 | 423 | 42.64 | 6 | 0.44~2.29 | (-3→31=1.46×213) (-13→17=1.42×45) (6→-1=1.39×54) (-7→4=1.39×270) (-8→-26=1.38×54) |
| 12636 | 422 | 43.51 | 6 | 0.44~2.29 | (-3→31=1.47×219) (-13→17=1.43×45) (6→-1=1.40×54) (-7→4=1.39×272) (20→11=1.39×30) |
| 12646 | 421 | 43.56 | 6 | 0.44~2.29 | (-3→31=1.46×219) (-13→17=1.42×47) (6→-1=1.40×53) (20→11=1.39×30) (-7→4=1.39×273) |
| 12656 | 426 | 44.11 | 6 | 0.44~2.29 | (-3→31=1.48×223) (-13→17=1.42×47) (20→11=1.40×26) (-7→4=1.40×278) (6→-1=1.39×56) |
| 12666 | 419 | 44.69 | 6 | 0.44~2.29 | (-3→31=1.48×222) (-13→17=1.41×48) (-7→4=1.40×276) (6→-1=1.39×54) (-8→-26=1.39×54) |
| 12676 | 422 | 45.21 | 6 | 0.44~2.29 | (-3→31=1.50×225) (-13→17=1.41×47) (-7→4=1.40×279) (-8→-26=1.39×58) (20→11=1.39×26) |
| 12686 | 418 | 45.78 | 6 | 0.44~2.29 | (-3→31=1.50×228) (-7→4=1.40×278) (-13→17=1.40×51) (-8→-26=1.40×56) (6→-1=1.39×56) |
| 12696 | 411 | 45.64 | 6 | 0.44~2.29 | (-3→31=1.50×222) (-7→4=1.41×271) (-13→17=1.40×50) (-8→-26=1.40×61) (6→-1=1.38×61) |
| 12706 | 412 | 46.20 | 6 | 0.44~2.29 | (-3→31=1.50×226) (-7→4=1.41×277) (-8→-26=1.41×58) (-13→17=1.40×53) (20→11=1.37×22) |
| 12716 | 409 | 46.24 | 6 | 0.44~2.29 | (-3→31=1.51×222) (-7→4=1.41×276) (-8→-26=1.41×58) (10→29=1.40×3) (-13→17=1.40×52) |
| 12726 | 409 | 46.06 | 6 | 0.44~2.29 | (-3→31=1.50×221) (-8→-26=1.41×58) (-7→4=1.40×276) (10→29=1.40×3) (-13→17=1.40×50) |
| 12736 | 413 | 46.37 | 6 | 0.44~2.69 | (-3→31=1.51×223) (-7→4=1.41×280) (-8→-26=1.41×62) (-13→17=1.39×50) (10→29=1.39×4) |
| 12746 | 419 | 47.26 | 6 | 0.44~2.69 | (-3→31=1.52×230) (-8→-26=1.41×63) (-7→4=1.40×290) (-13→17=1.40×54) (10→29=1.39×4) |
| 12756 | 424 | 47.77 | 6 | 0.44~2.69 | (-3→31=1.54×233) (-8→-26=1.41×68) (-7→4=1.41×295) (-13→17=1.39×53) (10→29=1.39×4) |
| 12766 | 424 | 47.69 | 6 | 0.44~2.69 | (-3→31=1.54×232) (-8→-26=1.41×63) (-7→4=1.40×296) (-13→17=1.40×55) (10→29=1.39×4) |
| 12776 | 421 | 47.63 | 6 | 0.44~2.69 | (-3→31=1.55×230) (-8→-26=1.41×60) (-7→4=1.40×292) (-13→17=1.40×58) (10→29=1.39×4) |
| 12786 | 407 | 47.92 | 6 | 0.44~2.69 | (-3→31=1.55×225) (-8→-26=1.41×55) (-7→4=1.40×282) (-13→17=1.40×58) (10→29=1.39×4) |
| 12796 | 406 | 48.27 | 6 | 0.44~2.69 | (-3→31=1.56×225) (-7→4=1.41×283) (-8→-26=1.41×56) (-13→17=1.40×55) (10→29=1.39×4) |
| 12806 | 411 | 49.20 | 6 | 0.44~2.69 | (-3→31=1.58×233) (-7→4=1.42×288) (-8→-26=1.40×61) (-13→17=1.40×56) (10→29=1.39×4) |
| 12816 | 393 | 49.08 | 6 | 0.44~2.69 | (-3→31=1.59×222) (-7→4=1.42×277) (-8→-26=1.41×59) (-13→17=1.40×53) (10→29=1.39×4) |
| 12826 | 402 | 50.67 | 6 | 0.44~2.69 | (-3→31=1.62×236) (-7→4=1.42×288) (-8→-26=1.41×67) (-13→17=1.40×50) (10→29=1.40×3) |
| 12836 | 401 | 50.66 | 6 | 0.44~2.69 | (-3→31=1.62×234) (-7→4=1.42×289) (-13→17=1.41×48) (-8→-26=1.41×66) (-19→-8=1.40×143) |
| 12846 | 392 | 50.60 | 6 | 0.44~2.69 | (-3→31=1.62×226) (-13→17=1.42×48) (-7→4=1.42×285) (-8→-26=1.41×67) (-19→-8=1.41×138) |
| 12856 | 391 | 50.85 | 6 | 0.44~2.69 | (-3→31=1.62×226) (-13→17=1.43×50) (-7→4=1.42×287) (-8→-26=1.42×67) (-19→-8=1.40×136) |
| 12866 | 385 | 50.66 | 6 | 0.44~2.69 | (-3→31=1.62×219) (-13→17=1.42×49) (-8→-26=1.42×64) (10→29=1.42×2) (-7→4=1.41×284) |
| 12876 | 389 | 50.50 | 6 | 0.44~2.69 | (-3→31=1.62×220) (-13→17=1.42×49) (10→29=1.42×2) (-8→-26=1.41×65) (-7→4=1.41×287) |
| 12886 | 389 | 50.04 | 6 | 0.44~2.69 | (-3→31=1.62×216) (-13→17=1.43×50) (10→29=1.42×2) (-8→-26=1.41×62) (-7→4=1.40×288) |
| 12896 | 383 | 49.45 | 6 | 0.44~2.69 | (-3→31=1.61×209) (-13→17=1.42×48) (10→29=1.42×2) (-8→-26=1.42×61) (-7→4=1.40×282) |
| 12906 | 387 | 49.29 | 6 | 0.44~2.69 | (-3→31=1.63×208) (-13→17=1.42×47) (-8→-26=1.42×65) (10→29=1.42×2) (-19→-8=1.41×131) |
| 12916 | 402 | 50.40 | 6 | 0.44~2.69 | (-3→31=1.65×221) (-13→17=1.42×45) (-19→-8=1.42×145) (-8→-26=1.42×75) (-7→4=1.42×298) |
| 12926 | 398 | 49.62 | 6 | 0.44~2.69 | (-3→31=1.65×213) (-19→-8=1.43×138) (-13→17=1.43×43) (-8→-26=1.42×72) (10→29=1.42×2) |
| 12936 | 413 | 50.41 | 6 | 0.44~2.69 | (-3→31=1.67×225) (-19→-8=1.44×151) (-13→17=1.43×41) (-7→4=1.42×307) (-8→-26=1.42×82) |
| 12946 | 412 | 49.94 | 6 | 0.44~2.69 | (-3→31=1.67×220) (-19→-8=1.43×146) (-13→17=1.43×41) (-7→4=1.42×306) (10→-20=1.42×32) |
| 12956 | 420 | 50.51 | 6 | 0.38~2.69 | (-3→31=1.68×228) (-19→-8=1.44×149) (-13→17=1.43×40) (10→-20=1.43×30) (-7→4=1.43×313) |
| 12966 | 425 | 51.26 | 6 | 0.38~2.69 | (-3→31=1.68×234) (-19→-8=1.45×155) (-7→4=1.43×319) (-13→17=1.43×38) (10→-20=1.43×29) |
| 12976 | 426 | 51.22 | 6 | 0.38~2.69 | (-3→31=1.70×235) (-19→-8=1.45×154) (-13→17=1.43×39) (-7→4=1.43×321) (10→-20=1.42×29) |
| 12986 | 433 | 52.67 | 6 | 0.38~2.69 | (-3→31=1.70×247) (-19→-8=1.46×167) (-7→4=1.44×329) (-13→17=1.43×39) (10→-20=1.42×29) |
| 12996 | 424 | 52.25 | 6 | 0.38~2.69 | (-3→31=1.69×239) (-19→-8=1.46×161) (-7→4=1.44×322) (-13→17=1.43×42) (-8→-26=1.41×99) |
| 13006 | 434 | 52.41 | 6 | 0.38~3.22 | (-3→31=1.71×246) (-19→-8=1.46×165) (-7→4=1.44×329) (-13→17=1.43×43) (-8→-26=1.42×99) |
| 13016 | 445 | 53.58 | 6 | 0.38~3.22 | (-3→31=1.72×258) (-19→-8=1.47×176) (-7→4=1.45×342) (-13→17=1.43×47) (-8→-26=1.41×106) |
| 13026 | 440 | 52.96 | 6 | 0.38~3.22 | (-3→31=1.72×251) (-19→-8=1.46×169) (-7→4=1.44×335) (-13→17=1.44×47) (-8→-26=1.41×102) |
| 13036 | 445 | 53.03 | 6 | 0.38~3.22 | (-3→31=1.72×255) (-19→-8=1.46×167) (-7→4=1.44×338) (-13→17=1.42×53) (-8→-26=1.41×101) |
| 13046 | 430 | 52.91 | 6 | 0.38~3.22 | (-3→31=1.72×246) (-19→-8=1.45×160) (-7→4=1.45×325) (-13→17=1.42×52) (-8→-26=1.41×99) |
| 13056 | 439 | 53.81 | 6 | 0.38~3.22 | (-3→31=1.72×256) (-19→-8=1.45×169) (-7→4=1.44×335) (-13→17=1.43×55) (-8→-26=1.41×104) |
| 13066 | 451 | 54.71 | 7 | 0.38~3.22 | (-3→31=1.72×265) (-7→4=1.46×348) (-19→-8=1.45×180) (-13→17=1.43×55) (-13→-9=1.40×281) |
| 13076 | 447 | 55.46 | 7 | 0.38~3.22 | (-3→31=1.72×267) (-7→4=1.46×345) (-19→-8=1.45×183) (-13→17=1.43×54) (-13→-9=1.41×283) |
| 13086 | 459 | 55.48 | 7 | 0.38~3.22 | (-3→31=1.72×272) (-7→4=1.46×356) (-19→-8=1.45×190) (-13→17=1.43×55) (-13→-9=1.41×289) |
| 13096 | 455 | 55.47 | 7 | 0.44~3.22 | (-3→31=1.72×271) (-7→4=1.46×351) (-19→-8=1.45×187) (-13→17=1.43×56) (-13→-9=1.41×287) |
| 13106 | 462 | 55.50 | 7 | 0.44~3.22 | (-3→31=1.71×273) (-7→4=1.45×358) (-19→-8=1.45×190) (-13→17=1.43×58) (-13→-9=1.41×289) |
| 13116 | 472 | 55.80 | 7 | 0.44~3.22 | (-3→31=1.71×280) (-7→4=1.45×368) (-19→-8=1.45×193) (-13→17=1.44×60) (-13→-9=1.41×296) |
| 13126 | 478 | 56.59 | 7 | 0.44~3.22 | (-3→31=1.71×287) (-19→-8=1.45×198) (-7→4=1.45×376) (-13→17=1.45×63) (-13→-9=1.42×303) |
| 13136 | 492 | 57.63 | 7 | 0.44~3.22 | (-3→31=1.71×302) (-7→4=1.45×390) (-19→-8=1.45×208) (-13→17=1.44×64) (-13→-9=1.43×318) |
| 13146 | 482 | 58.04 | 7 | 0.44~3.22 | (-3→31=1.72×298) (-7→4=1.45×384) (-19→-8=1.44×204) (-13→17=1.44×65) (-13→-9=1.43×314) |
| 13156 | 493 | 58.95 | 7 | 0.44~3.22 | (-3→31=1.72×310) (-7→4=1.46×394) (-19→-8=1.45×210) (-13→17=1.45×66) (-13→-9=1.43×326) |
| 13166 | 477 | 58.80 | 7 | 0.44~3.22 | (-3→31=1.72×300) (-7→4=1.46×380) (-19→-8=1.44×202) (-13→17=1.44×68) (-13→-9=1.43×315) |
| 13176 | 484 | 59.50 | 7 | 0.44~3.22 | (-3→31=1.72×309) (-7→4=1.46×386) (-19→-8=1.45×206) (-13→17=1.44×69) (8→24=1.43×5) |
| 13186 | 477 | 58.83 | 7 | 0.44~3.22 | (-3→31=1.72×301) (-7→4=1.46×379) (-19→-8=1.45×197) (8→24=1.45×7) (-14→-28=1.45×1) |
| 13196 | 467 | 59.04 | 7 | 0.44~3.22 | (-3→31=1.72×299) (-7→4=1.46×369) (-19→-8=1.45×191) (-13→17=1.44×71) (8→24=1.43×8) |
| 13206 | 474 | 58.78 | 7 | 0.44~3.22 | (-3→31=1.72×302) (-19→-8=1.46×190) (-7→4=1.45×374) (-13→17=1.44×73) (8→24=1.43×10) |
| 13216 | 471 | 58.67 | 7 | 0.44~3.22 | (-3→31=1.72×298) (-19→-8=1.46×186) (-7→4=1.45×370) (-13→17=1.45×71) (8→24=1.42×11) |
| 13226 | 481 | 59.71 | 7 | 0.44~3.22 | (-3→31=1.72×311) (-19→-8=1.47×190) (-13→17=1.46×75) (-7→4=1.46×382) (8→24=1.42×11) |
| 13236 | 496 | 59.82 | 7 | 0.44~3.22 | (-3→31=1.73×320) (-19→-8=1.47×195) (-13→17=1.46×78) (-7→4=1.46×394) (-13→-9=1.42×339) |
| 13246 | 484 | 60.44 | 7 | 0.44~3.22 | (-3→31=1.73×317) (-13→17=1.46×79) (-19→-8=1.46×190) (-7→4=1.45×388) (-13→-9=1.41×336) |
| 13256 | 484 | 59.61 | 7 | 0.44~3.22 | (-3→31=1.73×311) (-19→-8=1.46×184) (-13→17=1.46×77) (8→24=1.46×11) (-7→4=1.45×386) |
| 13266 | 471 | 59.97 | 7 | 0.44~3.22 | (-3→31=1.74×305) (-19→-8=1.48×180) (-13→17=1.47×77) (8→24=1.45×12) (-7→4=1.45×377) |
| 13276 | 477 | 60.40 | 7 | 0.44~3.22 | (-3→31=1.74×313) (-19→-8=1.48×183) (-13→17=1.46×80) (-7→4=1.45×384) (8→24=1.45×11) |
| 13286 | 484 | 60.39 | 7 | 0.44~3.22 | (-3→31=1.75×316) (-19→-8=1.49×183) (-13→17=1.46×79) (-7→4=1.45×389) (8→24=1.44×13) |
| 13296 | 466 | 61.37 | 7 | 0.44~3.22 | (-3→31=1.74×309) (-19→-8=1.50×184) (-13→17=1.46×78) (-7→4=1.45×381) (8→24=1.44×12) |
| 13306 | 475 | 61.49 | 7 | 0.44~3.22 | (-3→31=1.76×316) (-19→-8=1.49×187) (-13→17=1.46×77) (-7→4=1.46×388) (-13→-9=1.42×333) |
| 13316 | 490 | 61.98 | 7 | 0.44~3.22 | (-3→31=1.75×327) (-19→-8=1.49×195) (-13→17=1.46×80) (-7→4=1.46×403) (-13→-9=1.43×344) |
| 13326 | 477 | 62.04 | 7 | 0.44~3.22 | (-3→31=1.78×320) (-19→-8=1.50×188) (-13→17=1.46×76) (-7→4=1.45×391) (-13→-9=1.42×337) |
| 13336 | 492 | 62.35 | 7 | 0.44~3.22 | (-3→31=1.78×329) (-19→-8=1.50×197) (-7→4=1.46×404) (-13→17=1.45×77) (-13→-9=1.43×347) |
| 13346 | 478 | 62.31 | 7 | 0.44~3.22 | (-3→31=1.77×319) (-19→-8=1.49×194) (-13→17=1.46×76) (-7→4=1.46×393) (-22→-23=1.42×8) |
| 13356 | 492 | 62.81 | 7 | 0.44~3.22 | (-3→31=1.77×332) (-19→-8=1.49×193) (-13→17=1.45×83) (-7→4=1.45×407) (-22→-23=1.42×8) |
| 13366 | 493 | 62.74 | 8 | 0.44~3.22 | (-3→31=1.77×332) (-19→-8=1.49×196) (-13→17=1.45×84) (-7→4=1.45×406) (-22→-23=1.42×8) |
| 13376 | 489 | 63.46 | 8 | 0.44~3.22 | (-3→31=1.75×335) (-19→-8=1.50×189) (-13→17=1.45×90) (-7→4=1.45×405) (-22→-23=1.42×6) |
| 13386 | 500 | 63.74 | 8 | 0.44~3.22 | (-3→31=1.76×344) (-19→-8=1.49×193) (-13→17=1.45×92) (-7→4=1.44×413) (6→-9=1.44×11) |
| 13396 | 497 | 63.86 | 8 | 0.44~3.22 | (-3→31=1.74×343) (-19→-8=1.48×189) (-13→17=1.45×96) (6→-9=1.44×11) (-7→4=1.44×411) |
| 13406 | 490 | 64.31 | 8 | 0.44~3.22 | (-3→31=1.75×338) (-19→-8=1.47×196) (-13→17=1.45×92) (-7→4=1.44×405) (6→-9=1.44×11) |
| 13416 | 494 | 64.85 | 8 | 0.44~3.22 | (-3→31=1.74×345) (-19→-8=1.47×206) (-7→4=1.45×409) (-13→17=1.45×95) (6→-9=1.44×11) |
| 13426 | 490 | 65.29 | 8 | 0.44~3.22 | (-3→31=1.74×344) (-19→-8=1.48×210) (-7→4=1.45×406) (-13→17=1.45×97) (6→-9=1.44×11) |
| 13436 | 494 | 65.69 | 8 | 0.44~3.22 | (-3→31=1.74×349) (-19→-8=1.47×214) (-7→4=1.45×409) (-13→17=1.45×98) (6→-9=1.44×11) |
| 13446 | 499 | 66.21 | 8 | 0.44~3.22 | (-3→31=1.75×355) (-19→-8=1.47×216) (-7→4=1.46×414) (-13→17=1.46×98) (6→-9=1.44×11) |
| 13456 | 490 | 65.93 | 8 | 0.44~3.22 | (-3→31=1.74×345) (-19→-8=1.48×214) (-13→17=1.46×95) (-7→4=1.45×407) (16→-15=1.45×9) |
| 13466 | 492 | 65.34 | 8 | 0.44~3.22 | (-3→31=1.75×343) (-19→-8=1.48×211) (-13→17=1.47×92) (6→-9=1.46×12) (16→-15=1.46×8) |
| 13476 | 500 | 66.14 | 8 | 0.44~3.22 | (-3→31=1.76×353) (-19→-8=1.48×219) (-13→17=1.47×92) (6→-9=1.46×12) (-7→4=1.46×412) |
| 13486 | 482 | 65.03 | 8 | 0.44~3.22 | (-3→31=1.76×333) (-19→-8=1.48×206) (-13→17=1.48×88) (6→-9=1.47×13) (-7→4=1.46×391) |
| 13496 | 491 | 66.03 | 8 | 0.44~3.22 | (-3→31=1.76×344) (-6→-22=1.55×1) (-19→-8=1.48×214) (-13→17=1.47×89) (6→-9=1.47×13) |
| 13506 | 499 | 66.55 | 8 | 0.44~3.22 | (-3→31=1.78×352) (-6→-22=1.55×1) (-13→17=1.48×86) (-19→-8=1.47×221) (6→-9=1.47×13) |
| 13516 | 487 | 66.93 | 8 | 0.44~3.22 | (-3→31=1.78×344) (6→-9=1.51×13) (-13→17=1.48×84) (-19→-8=1.48×219) (-7→4=1.47×401) |
| 13526 | 500 | 67.69 | 8 | 0.44~3.22 | (-3→31=1.79×357) (6→-9=1.51×13) (-13→17=1.48×83) (-7→4=1.48×413) (-19→-8=1.47×233) |
| 13536 | 499 | 67.72 | 8 | 0.44~3.22 | (-3→31=1.79×355) (6→-9=1.50×14) (-13→17=1.48×82) (-7→4=1.48×411) (-19→-8=1.47×233) |
| 13546 | 500 | 67.85 | 8 | 0.44~3.22 | (-3→31=1.78×356) (6→-9=1.50×14) (-13→17=1.48×83) (-7→4=1.48×412) (-19→-8=1.47×237) |
| 13556 | 493 | 67.34 | 8 | 0.44~3.22 | (-3→31=1.79×346) (-20→22=1.52×1) (6→-9=1.50×14) (-7→4=1.49×405) (-19→-8=1.48×228) |
| 13566 | 495 | 67.60 | 8 | 0.44~3.22 | (-3→31=1.80×350) (6→-9=1.50×14) (-7→4=1.49×407) (-19→-8=1.49×232) (-13→17=1.49×83) |
| 13576 | 500 | 68.03 | 8 | 0.44~3.22 | (-3→31=1.80×356) (16→-15=1.50×14) (6→-9=1.50×14) (-7→4=1.50×411) (-13→17=1.49×83) |
| 13586 | 500 | 67.68 | 8 | 0.44~3.22 | (-3→31=1.80×352) (6→-9=1.50×15) (-7→4=1.50×408) (16→-15=1.50×14) (-13→17=1.50×82) |
| 13596 | 499 | 68.28 | 8 | 0.44~3.22 | (-3→31=1.80×354) (-7→4=1.51×408) (6→-9=1.50×15) (16→-15=1.50×15) (-13→17=1.50×82) |
| 13606 | 500 | 68.25 | 8 | 0.44~3.22 | (-3→31=1.80×354) (-7→4=1.51×410) (6→-9=1.51×16) (16→-15=1.50×16) (-13→17=1.50×81) |
| 13616 | 498 | 68.12 | 8 | 0.44~3.22 | (-3→31=1.80×350) (-7→4=1.51×408) (6→-9=1.51×16) (16→-15=1.50×19) (-13→17=1.50×79) |
| 13626 | 500 | 68.67 | 8 | 0.44~3.22 | (-3→31=1.80×355) (-7→4=1.52×410) (6→-9=1.51×16) (-13→17=1.50×79) (16→-15=1.49×19) |
| 13636 | 500 | 68.13 | 8 | 0.44~3.22 | (-3→31=1.81×350) (-7→4=1.52×408) (6→-9=1.51×16) (-13→17=1.50×77) (16→-15=1.49×17) |
| 13646 | 480 | 67.97 | 8 | 0.44~3.22 | (-3→31=1.80×335) (-7→4=1.51×390) (6→-9=1.51×16) (-13→17=1.50×73) (16→-15=1.49×16) |
| 13656 | 490 | 68.47 | 8 | 0.44~3.22 | (-3→31=1.82×344) (-7→4=1.52×397) (6→-9=1.51×17) (-13→17=1.50×72) (16→-15=1.49×15) |
| 13666 | 489 | 68.62 | 7 | 0.44~3.22 | (-3→31=1.83×343) (-7→4=1.53×395) (6→-9=1.51×17) (-13→17=1.51×68) (16→-15=1.49×15) |
| 13676 | 490 | 68.97 | 7 | 0.44~3.22 | (-3→31=1.84×344) (-7→4=1.53×394) (6→-9=1.51×18) (-13→17=1.51×67) (16→-15=1.49×16) |
| 13686 | 465 | 68.88 | 8 | 0.44~3.22 | (-3→31=1.83×326) (-7→4=1.53×372) (6→-9=1.51×18) (-13→17=1.51×64) (16→-15=1.49×14) |
| 13696 | 476 | 68.94 | 8 | 0.44~3.22 | (-3→31=1.83×333) (-7→4=1.54×381) (6→-9=1.51×18) (-13→17=1.50×64) (16→-15=1.49×13) |
| 13706 | 472 | 68.82 | 7 | 0.44~3.22 | (-3→31=1.84×329) (-7→4=1.54×377) (6→-9=1.51×18) (-13→17=1.51×64) (16→-15=1.49×13) |
| 13716 | 461 | 68.07 | 7 | 0.44~3.22 | (-3→31=1.84×316) (-7→4=1.54×366) (6→-9=1.51×18) (-13→17=1.50×62) (-19→-8=1.49×243) |
| 13726 | 465 | 68.01 | 7 | 0.44~3.22 | (-3→31=1.83×319) (-7→4=1.54×369) (6→-9=1.51×18) (-13→17=1.51×63) (-19→-8=1.50×244) |
| 13736 | 465 | 67.71 | 7 | 0.44~3.22 | (-3→31=1.83×316) (-7→4=1.54×370) (6→-9=1.51×18) (-13→17=1.51×63) (-19→-8=1.50×240) |
| 13746 | 468 | 67.94 | 7 | 0.44~3.22 | (-3→31=1.84×319) (-7→4=1.54×373) (-13→17=1.52×62) (6→-9=1.51×18) (-19→-8=1.51×244) |
| 13756 | 457 | 67.89 | 7 | 0.44~3.22 | (-3→31=1.84×311) (-7→4=1.54×366) (-19→-8=1.52×236) (-13→17=1.52×62) (16→-15=1.50×10) |
| 13766 | 465 | 67.75 | 7 | 0.44~3.22 | (-3→31=1.84×316) (-7→4=1.54×371) (-19→-8=1.53×239) (-13→17=1.53×63) (16→-15=1.50×9) |
| 13776 | 468 | 68.06 | 7 | 0.44~3.22 | (-3→31=1.84×318) (-7→4=1.55×375) (-19→-8=1.53×239) (-13→17=1.52×62) (16→-15=1.50×12) |
| 13786 | 469 | 67.48 | 7 | 0.44~3.22 | (-3→31=1.84×315) (-7→4=1.54×372) (-19→-8=1.54×233) (-13→17=1.52×64) (16→-15=1.50×13) |
| 13796 | 473 | 68.02 | 7 | 0.44~3.22 | (-3→31=1.83×321) (-19→-8=1.55×237) (-7→4=1.54×378) (-13→17=1.52×66) (16→-15=1.50×15) |
| 13806 | 479 | 68.05 | 7 | 0.44~3.22 | (-3→31=1.83×325) (-7→4=1.54×384) (-19→-8=1.54×237) (-13→17=1.52×71) (16→-15=1.51×16) |
| 13816 | 481 | 68.43 | 7 | 0.44~3.22 | (-3→31=1.81×328) (-19→-8=1.54×236) (-7→4=1.54×388) (-13→17=1.52×73) (16→-15=1.50×17) |
| 13826 | 472 | 68.48 | 7 | 0.44~3.22 | (-3→31=1.82×322) (-19→-8=1.55×233) (-7→4=1.54×381) (-13→17=1.52×73) (16→-15=1.50×16) |
| 13836 | 465 | 67.80 | 7 | 0.44~3.22 | (-3→31=1.81×312) (-19→-8=1.55×225) (-7→4=1.54×373) (-13→17=1.53×71) (16→-15=1.51×16) |
| 13846 | 463 | 67.59 | 7 | 0.44~3.22 | (-3→31=1.80×310) (-19→-8=1.54×222) (-7→4=1.54×370) (-13→17=1.53×73) (16→-15=1.51×16) |
| 13856 | 468 | 68.14 | 7 | 0.44~3.22 | (-3→31=1.82×316) (-19→-8=1.54×228) (-7→4=1.54×377) (-13→17=1.53×72) (16→-15=1.50×16) |
| 13866 | 450 | 67.74 | 7 | 0.44~3.18 | (-3→31=1.80×303) (-19→-8=1.54×213) (-13→17=1.54×72) (-7→4=1.53×362) (16→-15=1.50×16) |
| 13876 | 464 | 68.08 | 8 | 0.44~3.18 | (-3→31=1.82×314) (-19→-8=1.55×219) (-7→4=1.54×373) (-13→17=1.53×71) (-24→4=1.52×1) |
| 13886 | 455 | 68.58 | 8 | 0.44~3.18 | (-3→31=1.82×309) (-19→-8=1.55×214) (-7→4=1.55×369) (-13→17=1.53×71) (6→-9=1.52×15) |
| 13896 | 446 | 68.73 | 8 | 0.44~3.18 | (-3→31=1.83×303) (6→-9=1.56×14) (-19→-8=1.55×209) (-7→4=1.55×363) (-13→17=1.53×70) |
| 13906 | 438 | 69.32 | 8 | 0.44~3.18 | (-3→31=1.84×301) (6→-9=1.56×14) (-7→4=1.55×357) (-19→-8=1.55×209) (-13→17=1.53×70) |
| 13916 | 438 | 69.14 | 8 | 0.44~3.18 | (-3→31=1.84×300) (6→-9=1.56×14) (-7→4=1.55×357) (-19→-8=1.55×209) (-13→17=1.53×69) |
| 13926 | 440 | 69.24 | 8 | 0.44~3.18 | (-3→31=1.85×301) (6→-9=1.56×14) (-7→4=1.56×359) (-19→-8=1.55×211) (-13→17=1.54×69) |
| 13936 | 412 | 67.73 | 8 | 0.44~3.18 | (-3→31=1.84×276) (-19→-8=1.56×190) (6→-9=1.56×14) (-13→17=1.54×67) (-7→4=1.54×331) |
| 13946 | 411 | 68.20 | 8 | 0.44~3.18 | (-3→31=1.83×279) (6→-9=1.56×14) (-19→-8=1.55×191) (-13→17=1.54×70) (-7→4=1.54×331) |
| 13956 | 411 | 68.55 | 8 | 0.44~3.18 | (-3→31=1.83×279) (6→-9=1.56×14) (-19→-8=1.55×195) (-13→17=1.54×68) (-7→4=1.54×334) |
| 13966 | 400 | 67.74 | 8 | 0.44~3.18 | (-3→31=1.83×268) (6→-9=1.56×14) (-19→-8=1.55×189) (-13→17=1.55×68) (-7→4=1.53×324) |
| 13976 | 403 | 67.75 | 8 | 0.44~3.18 | (-3→31=1.84×268) (6→-9=1.56×14) (-13→17=1.55×65) (-19→-8=1.55×192) (-7→4=1.54×326) |
| 13986 | 408 | 67.59 | 8 | 0.44~3.18 | (-3→31=1.83×270) (6→-9=1.57×13) (-13→17=1.55×67) (-19→-8=1.55×194) (-7→4=1.54×331) |
| 13996 | 408 | 67.46 | 8 | 0.44~3.18 | (-3→31=1.83×269) (6→-9=1.57×13) (-13→17=1.55×68) (-19→-8=1.55×192) (-7→4=1.54×329) |
| 14006 | 391 | 65.85 | 8 | 0.44~3.18 | (-3→31=1.81×252) (6→-9=1.57×13) (-13→17=1.55×69) (-19→-8=1.54×175) (-7→4=1.53×309) |
| 14016 | 394 | 65.94 | 8 | 0.44~3.18 | (-3→31=1.81×254) (6→-9=1.57×13) (-13→17=1.55×70) (-19→-8=1.53×176) (-7→4=1.53×311) |
| 14026 | 400 | 65.61 | 8 | 0.47~3.85 | (-3→31=1.81×256) (6→-9=1.57×13) (-13→17=1.55×72) (-19→-8=1.53×176) (-7→4=1.52×314) |
| 14036 | 378 | 65.25 | 7 | 0.47~3.85 | (-3→31=1.84×241) (6→-9=1.57×13) (-19→-8=1.55×165) (-13→17=1.54×68) (-7→4=1.53×293) |
| 14046 | 380 | 66.09 | 7 | 0.46~3.85 | (-3→31=1.84×245) (6→-9=1.57×13) (-19→-8=1.55×169) (-13→17=1.54×68) (-7→4=1.53×297) |
| 14056 | 382 | 65.54 | 7 | 0.46~3.85 | (-3→31=1.84×244) (6→-9=1.57×13) (-19→-8=1.55×168) (-13→17=1.54×68) (-7→4=1.52×296) |
| 14066 | 393 | 66.35 | 7 | 0.46~3.85 | (-3→31=1.86×255) (6→-9=1.57×13) (-19→-8=1.55×177) (-13→17=1.54×70) (-7→4=1.53×306) |
| 14076 | 386 | 65.88 | 7 | 0.46~3.85 | (-3→31=1.86×248) (6→-9=1.57×12) (-19→-8=1.55×171) (-13→17=1.54×71) (-7→4=1.51×301) |
| 14086 | 391 | 66.20 | 7 | 0.46~3.85 | (-3→31=1.85×252) (6→-9=1.57×12) (-19→-8=1.55×171) (-13→17=1.54×77) (-7→4=1.51×308) |
| 14096 | 396 | 66.81 | 7 | 0.46~3.85 | (-3→31=1.86×258) (6→-9=1.57×12) (-19→-8=1.55×178) (-13→17=1.54×77) (-7→4=1.51×312) |
| 14106 | 387 | 67.72 | 7 | 0.47~3.85 | (-3→31=1.82×257) (6→-9=1.57×12) (-19→-8=1.54×175) (-13→17=1.54×79) (-7→4=1.50×310) |
| 14116 | 384 | 69.19 | 7 | 0.47~3.85 | (-3→31=1.84×262) (6→-9=1.57×11) (-13→17=1.54×78) (-19→-8=1.53×182) (-7→4=1.51×311) |
| 14126 | 393 | 69.41 | 7 | 0.47~3.85 | (-3→31=1.84×269) (6→-9=1.57×11) (-13→17=1.54×81) (-19→-8=1.53×187) (-7→4=1.51×318) |
| 14136 | 398 | 70.25 | 7 | 0.47~3.85 | (-3→31=1.83×276) (6→-9=1.57×11) (-13→17=1.54×82) (-19→-8=1.52×192) (-7→4=1.51×323) |
| 14146 | 375 | 69.96 | 7 | 0.47~3.85 | (-3→31=1.83×258) (6→-9=1.57×11) (-13→17=1.53×80) (-19→-8=1.53×179) (-7→4=1.51×301) |
| 14156 | 376 | 70.58 | 7 | 0.47~3.85 | (-3→31=1.82×261) (6→-9=1.60×10) (-13→17=1.53×80) (-19→-8=1.52×182) (-7→4=1.51×304) |
| 14166 | 379 | 70.63 | 7 | 0.47~3.85 | (-3→31=1.83×262) (6→-9=1.60×10) (-13→17=1.52×79) (-19→-8=1.52×186) (-7→4=1.51×306) |
| 14176 | 357 | 69.15 | 7 | 0.47~3.85 | (-3→31=1.82×242) (6→-9=1.60×10) (-19→-8=1.53×165) (-13→17=1.52×80) (-7→4=1.49×285) |
| 14186 | 349 | 69.09 | 7 | 0.47~3.85 | (-3→31=1.81×236) (6→-9=1.60×10) (-19→-8=1.53×160) (-13→17=1.52×79) (-7→4=1.49×278) |
| 14196 | 354 | 69.15 | 7 | 0.46~3.85 | (-3→31=1.80×240) (6→-9=1.60×10) (-19→-8=1.52×163) (-13→17=1.52×81) (-7→4=1.48×282) |
| 14206 | 347 | 69.76 | 7 | 0.46~3.85 | (-3→31=1.80×238) (6→-9=1.60×10) (-19→-8=1.53×162) (-13→17=1.52×80) (-7→4=1.49×277) |
| 14216 | 350 | 70.45 | 7 | 0.46~3.85 | (-3→31=1.82×243) (6→-9=1.60×10) (-19→-8=1.52×167) (-13→17=1.52×80) (-7→4=1.49×281) |
| 14226 | 347 | 70.63 | 8 | 0.46~3.85 | (-3→31=1.81×242) (6→-9=1.60×10) (-19→-8=1.53×167) (-13→17=1.52×79) (-7→4=1.49×278) |
| 14236 | 329 | 70.34 | 8 | 0.46~3.18 | (-3→31=1.81×229) (6→-9=1.60×9) (-19→-8=1.54×156) (-13→17=1.52×77) (-7→4=1.48×263) |
| 14246 | 336 | 70.97 | 8 | 0.45~3.18 | (-3→31=1.83×237) (6→-9=1.60×9) (-19→-8=1.55×163) (-13→17=1.52×78) (-7→4=1.49×269) |
| 14256 | 340 | 71.45 | 8 | 0.43~3.18 | (-3→31=1.83×241) (6→-9=1.60×9) (-19→-8=1.54×168) (-13→17=1.51×77) (-7→4=1.49×275) |
| 14266 | 336 | 71.77 | 8 | 0.43~3.18 | (-3→31=1.83×238) (6→-9=1.60×9) (-19→-8=1.54×168) (-13→17=1.51×75) (-7→4=1.49×271) |
| 14276 | 334 | 72.20 | 8 | 0.43~3.18 | (-3→31=1.83×238) (6→-9=1.60×9) (-19→-8=1.55×168) (-13→17=1.52×74) (-7→4=1.49×271) |
| 14286 | 331 | 72.76 | 7 | 0.43~3.18 | (-3→31=1.83×238) (6→-9=1.60×9) (-19→-8=1.54×169) (-13→17=1.52×73) (-7→4=1.50×268) |
| 14296 | 321 | 73.08 | 7 | 0.43~3.18 | (-3→31=1.80×232) (6→-9=1.59×8) (-19→-8=1.54×161) (-13→17=1.52×75) (-7→4=1.49×261) |
| 14306 | 322 | 73.19 | 7 | 0.43~3.18 | (-3→31=1.80×231) (6→-9=1.59×9) (-19→-8=1.53×163) (-13→17=1.52×74) (-6→19=1.49×177) |
| 14316 | 332 | 73.98 | 7 | 0.43~3.18 | (-3→31=1.81×241) (6→-9=1.59×9) (-19→-8=1.52×171) (-13→17=1.52×76) (-6→19=1.49×185) |
| 14326 | 316 | 73.79 | 7 | 0.43~3.18 | (-3→31=1.77×229) (6→-9=1.59×10) (-19→-8=1.51×159) (-13→17=1.51×76) (-6→19=1.49×171) |
| 14336 | 317 | 73.28 | 7 | 0.45~3.18 | (-3→31=1.77×228) (6→-9=1.59×10) (-19→-8=1.52×157) (-13→17=1.51×77) (-6→19=1.49×171) |
| 14346 | 304 | 72.53 | 7 | 0.45~3.18 | (-3→31=1.76×218) (6→-9=1.58×11) (-19→-8=1.52×147) (-13→17=1.51×76) (-6→19=1.50×158) |
| 14356 | 300 | 72.85 | 8 | 0.45~3.18 | (-3→31=1.75×217) (6→-9=1.58×11) (-19→-8=1.52×144) (-22→-24=1.51×1) (-13→17=1.51×78) |
| 14366 | 301 | 72.94 | 8 | 0.45~3.18 | (-3→31=1.75×219) (6→-9=1.58×11) (-19→-8=1.51×145) (-22→-24=1.51×1) (-13→17=1.51×79) |
| 14376 | 298 | 73.66 | 8 | 0.45~3.18 | (-3→31=1.75×220) (6→-9=1.59×10) (-22→-24=1.51×1) (-6→19=1.51×152) (-19→-8=1.51×146) |
| 14386 | 301 | 74.03 | 8 | 0.45~3.18 | (-3→31=1.75×224) (6→-9=1.59×10) (-6→19=1.53×153) (-22→-24=1.51×1) (-13→17=1.51×80) |
| 14396 | 301 | 75.41 | 8 | 0.45~3.18 | (-3→31=1.76×228) (6→-9=1.59×9) (-6→19=1.52×157) (-22→-24=1.51×1) (-13→17=1.51×79) |
| 14406 | 297 | 74.77 | 8 | 0.45~3.18 | (-3→31=1.75×223) (6→-9=1.59×10) (-6→19=1.52×152) (-22→-24=1.51×1) (-19→-8=1.51×147) |
| 14416 | 295 | 74.94 | 8 | 0.45~3.18 | (-3→31=1.75×223) (6→-9=1.59×10) (-6→19=1.52×153) (-22→-24=1.51×1) (-19→-8=1.51×146) |
| 14426 | 287 | 74.65 | 8 | 0.46~2.97 | (-3→31=1.75×215) (6→-9=1.59×10) (1→-24=1.53×4) (-6→19=1.52×149) (-22→-24=1.51×1) |
| 14436 | 286 | 74.32 | 8 | 0.45~3.03 | (-3→31=1.75×213) (6→-9=1.59×10) (1→-24=1.53×4) (-6→19=1.52×148) (-19→-8=1.52×138) |
| 14446 | 279 | 73.62 | 8 | 0.45~3.03 | (-3→31=1.74×207) (6→-9=1.59×9) (1→-24=1.53×4) (-6→19=1.52×141) (-19→-8=1.52×132) |
| 14456 | 257 | 73.93 | 8 | 0.45~3.03 | (-3→31=1.72×193) (6→-9=1.59×9) (-6→19=1.53×126) (-22→-24=1.51×1) (1→-24=1.51×3) |
| 14466 | 267 | 75.17 | 8 | 0.45~3.03 | (-3→31=1.74×203) (6→-9=1.59×9) (-6→19=1.53×136) (-22→-24=1.51×1) (1→-24=1.51×3) |
| 14476 | 270 | 75.44 | 8 | 0.45~3.03 | (-3→31=1.75×205) (6→-9=1.59×8) (-6→19=1.53×140) (-22→-24=1.51×1) (1→-24=1.51×3) |
| 14486 | 264 | 75.39 | 9 | 0.45~3.03 | (-3→31=1.75×202) (1→-24=1.60×1) (6→-9=1.59×8) (-6→19=1.53×135) (-22→-24=1.51×1) |
| 14496 | 269 | 75.94 | 9 | 0.45~3.03 | (-3→31=1.77×207) (1→-24=1.60×1) (6→-9=1.59×8) (-6→19=1.53×140) (-22→-24=1.51×1) |
| 14506 | 261 | 76.51 | 8 | 0.45~3.03 | (-3→31=1.76×203) (1→-24=1.60×1) (6→-9=1.59×8) (-6→19=1.53×134) (-22→-24=1.51×1) |
| 14516 | 268 | 76.85 | 8 | 0.45~3.03 | (-3→31=1.78×209) (1→-24=1.60×1) (6→-9=1.59×8) (-6→19=1.53×139) (-22→-24=1.51×1) |
| 14526 | 269 | 76.87 | 8 | 0.45~3.03 | (-3→31=1.77×210) (1→-24=1.60×1) (6→-9=1.59×8) (-6→19=1.54×140) (-22→-24=1.51×1) |
| 14536 | 267 | 76.90 | 8 | 0.45~3.03 | (-3→31=1.79×208) (1→-24=1.60×1) (6→-9=1.59×8) (-6→19=1.54×137) (-22→-24=1.51×1) |
| 14546 | 269 | 77.09 | 8 | 0.45~3.03 | (-3→31=1.81×211) (1→-24=1.60×1) (6→-9=1.59×8) (-6→19=1.54×140) (-19→-8=1.52×136) |
| 14556 | 261 | 76.28 | 8 | 0.45~3.03 | (-3→31=1.78×203) (6→-9=1.59×8) (-6→19=1.54×132) (-22→-24=1.51×1) (-19→-8=1.51×127) |
| 14566 | 263 | 76.64 | 8 | 0.45~3.03 | (-3→31=1.76×206) (6→-9=1.59×8) (-6→19=1.53×132) (-22→-24=1.51×1) (-13→17=1.51×82) |
| 14576 | 266 | 76.91 | 8 | 0.45~3.45 | (-3→31=1.79×209) (6→-9=1.59×8) (-19→-8=1.53×130) (-6→19=1.53×134) (-22→-24=1.51×1) |
| 14586 | 280 | 77.66 | 8 | 0.46~3.45 | (-3→31=1.80×222) (6→-9=1.59×8) (-6→19=1.53×144) (-19→-8=1.52×140) (-22→-24=1.51×1) |
| 14596 | 285 | 78.00 | 8 | 0.45~3.45 | (-3→31=1.83×226) (6→-9=1.59×8) (-19→-8=1.54×146) (-6→19=1.52×150) (-22→-24=1.51×1) |
| 14606 | 278 | 79.10 | 8 | 0.45~3.03 | (-3→31=1.83×223) (6→-9=1.59×8) (-19→-8=1.54×145) (-6→19=1.53×149) (-22→-24=1.51×1) |
| 14616 | 281 | 79.06 | 8 | 0.45~3.03 | (-3→31=1.84×225) (6→-9=1.59×8) (-19→-8=1.55×146) (-6→19=1.53×151) (-22→-24=1.51×1) |
| 14626 | 291 | 80.92 | 8 | 0.45~3.01 | (-3→31=1.88×237) (6→-9=1.59×8) (-19→-8=1.55×159) (-6→19=1.53×164) (-22→-24=1.51×1) |
| 14636 | 297 | 81.36 | 8 | 0.46~3.01 | (-3→31=1.88×243) (6→-9=1.59×8) (-19→-8=1.54×165) (-6→19=1.53×170) (-22→-24=1.51×1) |
| 14646 | 301 | 83.04 | 8 | 0.46~3.19 | (-3→31=1.91×250) (6→-9=1.59×8) (-19→-8=1.54×175) (-6→19=1.54×178) (-22→-24=1.51×1) |
| 14656 | 298 | 83.32 | 8 | 0.46~3.19 | (-3→31=1.91×249) (6→-9=1.59×7) (-6→19=1.54×176) (-19→-8=1.54×174) (-22→-24=1.51×1) |
| 14666 | 309 | 84.53 | 8 | 0.46~3.19 | (-3→31=1.93×261) (6→-9=1.59×7) (-6→19=1.55×188) (-19→-8=1.54×186) (-22→-24=1.51×1) |
| 14676 | 310 | 85.44 | 8 | 0.46~3.19 | (-3→31=1.94×264) (-6→19=1.55×191) (-19→-8=1.55×189) (-22→-24=1.51×1) (-13→17=1.50×78) |
| 14686 | 324 | 86.15 | 8 | 0.46~3.19 | (-3→31=1.96×277) (-6→19=1.56×202) (-19→-8=1.55×201) (-22→-24=1.51×1) (-13→17=1.50×79) |
| 14696 | 333 | 86.69 | 8 | 0.46~3.19 | (-3→31=1.96×286) (-6→19=1.56×209) (-19→-8=1.55×208) (-22→-24=1.51×1) (-13→17=1.51×81) |
| 14706 | 328 | 86.36 | 8 | 0.46~3.19 | (-3→31=1.95×281) (-6→19=1.56×203) (-19→-8=1.54×203) (-22→-24=1.51×1) (12→-24=1.51×1) |
| 14716 | 335 | 86.50 | 8 | 0.45~3.19 | (-3→31=1.95×285) (-6→19=1.56×208) (-19→-8=1.54×208) (-22→-24=1.51×1) (12→-24=1.51×1) |
| 14726 | 327 | 85.40 | 8 | 0.45~3.19 | (-3→31=1.95×276) (-6→19=1.56×200) (-19→-8=1.55×199) (-13→17=1.51×81) (-16→-30=1.50×26) |
| 14736 | 341 | 86.07 | 8 | 0.45~3.19 | (-3→31=1.96×288) (-6→19=1.55×212) (-19→-8=1.55×211) (-13→17=1.50×82) (-7→4=1.50×293) |
| 14746 | 353 | 87.35 | 8 | 0.45~3.19 | (-3→31=1.98×301) (-19→-8=1.56×224) (-6→19=1.56×225) (-7→4=1.50×306) (-13→17=1.50×82) |
| 14756 | 354 | 87.47 | 8 | 0.45~3.19 | (-3→31=1.99×300) (-6→19=1.56×230) (-19→-8=1.55×229) (-7→4=1.51×307) (-13→17=1.49×77) |
| 14766 | 363 | 88.01 | 8 | 0.45~3.45 | (-3→31=2.01×310) (-19→-8=1.56×236) (-6→19=1.55×236) (-22→-24=1.51×1) (-7→4=1.51×315) |
| 14776 | 372 | 88.86 | 8 | 0.45~3.45 | (-3→31=2.02×317) (-19→-8=1.56×247) (-6→19=1.55×247) (-7→4=1.52×324) (-13→17=1.49×77) |
| 14786 | 384 | 89.41 | 8 | 0.45~3.45 | (-3→31=2.02×330) (-19→-8=1.57×255) (-6→19=1.54×254) (-7→4=1.51×336) (-16→-30=1.50×33) |
| 14796 | 391 | 89.64 | 8 | 0.45~3.45 | (-3→31=2.02×335) (-19→-8=1.57×259) (-6→19=1.54×260) (-7→4=1.51×343) (-16→-30=1.50×33) |
| 14806 | 393 | 89.45 | 8 | 0.45~3.45 | (-3→31=2.00×338) (-19→-8=1.56×258) (-6→19=1.54×259) (-7→4=1.51×345) (-16→-30=1.50×33) |
| 14816 | 396 | 89.73 | 8 | 0.45~3.45 | (-3→31=2.00×342) (-19→-8=1.56×262) (-6→19=1.53×264) (-7→4=1.52×349) (-16→-30=1.50×34) |
| 14826 | 395 | 90.17 | 8 | 0.44~3.45 | (-3→31=2.02×341) (-19→-8=1.56×263) (-6→19=1.53×265) (-7→4=1.52×347) (-16→-30=1.51×30) |
| 14836 | 410 | 90.77 | 8 | 0.44~3.45 | (-3→31=2.00×356) (-19→-8=1.56×273) (-6→19=1.53×275) (-7→4=1.52×363) (-16→-30=1.51×31) |
| 14846 | 414 | 91.15 | 8 | 0.44~3.45 | (-3→31=2.00×360) (-19→-8=1.56×278) (-6→19=1.53×280) (-7→4=1.53×367) (-16→-30=1.50×31) |
| 14856 | 388 | 90.55 | 8 | 0.44~3.45 | (-3→31=1.99×335) (6→-9=1.60×5) (-19→-8=1.56×255) (-6→19=1.53×257) (-7→4=1.52×344) |
| 14866 | 399 | 91.24 | 8 | 0.44~3.45 | (-3→31=2.02×346) (6→-9=1.60×5) (-19→-8=1.57×267) (-6→19=1.53×269) (-7→4=1.52×353) |
| 14876 | 406 | 91.68 | 8 | 0.44~3.45 | (-3→31=2.03×349) (6→-9=1.60×5) (-19→-8=1.56×275) (-6→19=1.53×277) (-7→4=1.52×360) |
| 14886 | 393 | 90.89 | 8 | 0.45~3.45 | (-3→31=2.01×335) (6→-9=1.60×5) (-19→-8=1.56×261) (-6→19=1.53×263) (-7→4=1.52×346) |
| 14896 | 407 | 91.70 | 8 | 0.40~3.55 | (-3→31=2.03×348) (6→-9=1.60×5) (-19→-8=1.56×276) (-6→19=1.53×278) (-7→4=1.53×360) |
| 14906 | 389 | 90.55 | 8 | 0.40~3.45 | (-3→31=2.01×327) (6→-9=1.60×5) (-19→-8=1.56×258) (-6→19=1.53×260) (-7→4=1.53×340) |
| 14916 | 393 | 91.08 | 8 | 0.40~3.45 | (-3→31=2.00×331) (6→-9=1.60×5) (-19→-8=1.56×263) (-6→19=1.53×265) (-7→4=1.53×345) |
| 14926 | 405 | 91.81 | 8 | 0.40~3.45 | (-3→31=2.00×340) (6→-9=1.60×5) (-19→-8=1.56×273) (-6→19=1.54×275) (-7→4=1.52×357) |
| 14936 | 397 | 91.88 | 8 | 0.40~3.45 | (-3→31=2.01×331) (6→-9=1.60×5) (-19→-8=1.56×266) (-7→4=1.54×351) (-6→19=1.53×268) |
| 14946 | 395 | 92.17 | 8 | 0.40~3.45 | (-3→31=2.01×327) (6→-9=1.57×4) (-19→-8=1.55×267) (-7→4=1.53×350) (-6→19=1.53×269) |
| 14956 | 404 | 92.56 | 8 | 0.40~3.45 | (-3→31=2.01×335) (6→-9=1.57×4) (-19→-8=1.55×275) (-7→4=1.53×358) (-6→19=1.53×277) |
| 14966 | 408 | 93.58 | 8 | 0.46~3.45 | (-3→31=2.01×337) (6→-9=1.57×4) (-19→-8=1.54×280) (-7→4=1.53×365) (-6→19=1.53×282) |
| 14976 | 420 | 93.97 | 8 | 0.46~3.45 | (-3→31=2.03×350) (6→-9=1.57×4) (-19→-8=1.55×290) (-7→4=1.54×375) (-6→19=1.53×292) |
| 14986 | 436 | 94.44 | 8 | 0.45~3.45 | (-3→31=2.03×363) (6→-9=1.57×4) (-19→-8=1.54×304) (-7→4=1.53×391) (-6→19=1.53×305) |
| 14996 | 425 | 94.85 | 8 | 0.44~3.16 | (-3→31=2.03×356) (6→-9=1.57×4) (-19→-8=1.54×297) (-7→4=1.54×382) (-6→19=1.53×298) |
| 15006 | 441 | 95.72 | 8 | 0.43~3.16 | (-3→31=2.03×371) (6→-9=1.57×4) (-19→-8=1.54×313) (-6→19=1.53×314) (-7→4=1.53×399) |
| 15016 | 455 | 96.26 | 8 | 0.41~3.16 | (-3→31=2.04×388) (6→-9=1.57×4) (-6→19=1.54×327) (-19→-8=1.54×326) (-7→4=1.54×413) |
| 15026 | 439 | 95.90 | 8 | 0.41~3.45 | (-3→31=2.05×377) (6→-9=1.57×4) (-19→-8=1.54×310) (-7→4=1.54×397) (-6→19=1.54×311) |
| 15036 | 446 | 97.07 | 8 | 0.41~3.45 | (-3→31=2.08×389) (6→-9=1.57×4) (-7→4=1.55×406) (-19→-8=1.55×322) (-6→19=1.54×323) |
| 15046 | 462 | 96.75 | 9 | 0.41~3.45 | (-3→31=2.08×401) (6→-9=1.57×4) (-7→4=1.55×419) (-19→-8=1.55×333) (-6→19=1.54×334) |
| 15056 | 465 | 96.69 | 8 | 0.41~3.45 | (-3→31=2.09×402) (6→-9=1.57×4) (-7→4=1.56×421) (-6→19=1.54×336) (-19→-8=1.54×334) |
| 15066 | 478 | 96.65 | 8 | 0.41~3.45 | (-3→31=2.09×411) (6→-9=1.57×4) (-7→4=1.56×432) (-6→19=1.54×345) (-19→-8=1.54×344) |
| 15076 | 500 | 96.98 | 8 | 0.41~3.26 | (-3→31=2.10×431) (6→-9=1.57×4) (-7→4=1.56×453) (-6→19=1.54×363) (-19→-8=1.53×363) |
| 15086 | 500 | 96.93 | 8 | 0.41~3.26 | (-3→31=2.11×430) (6→-9=1.57×4) (-7→4=1.56×452) (-6→19=1.54×361) (-19→-8=1.53×362) |
| 15096 | 499 | 96.84 | 9 | 0.41~3.26 | (-3→31=2.11×430) (6→-9=1.57×4) (-7→4=1.56×450) (-6→19=1.54×358) (-19→-8=1.53×360) |
| 15106 | 499 | 97.28 | 9 | 0.43~3.26 | (-3→31=2.13×431) (6→-9=1.57×4) (-7→4=1.56×451) (-6→19=1.55×362) (-19→-8=1.53×364) |
| 15116 | 497 | 96.85 | 9 | 0.43~3.26 | (-3→31=2.13×429) (6→-9=1.57×4) (-7→4=1.56×447) (-6→19=1.55×357) (12→1=1.54×256) |
| 15126 | 468 | 96.72 | 9 | 0.43~3.26 | (-3→31=2.12×405) (6→-9=1.57×4) (-7→4=1.57×420) (-6→19=1.55×332) (12→1=1.54×238) |
| 15136 | 484 | 96.71 | 9 | 0.38~3.26 | (-3→31=2.13×417) (6→-9=1.57×4) (-7→4=1.56×433) (-6→19=1.56×344) (12→1=1.55×247) |
| 15146 | 482 | 96.16 | 9 | 0.38~3.26 | (-3→31=2.14×411) (6→-9=1.57×5) (-7→4=1.57×426) (-6→19=1.56×342) (12→1=1.55×246) |
| 15156 | 445 | 94.03 | 9 | 0.38~3.16 | (-3→31=2.08×370) (6→-9=1.57×5) (-6→19=1.56×300) (-7→4=1.56×387) (6→-23=1.55×1) |
| 15166 | 446 | 94.22 | 8 | 0.38~3.21 | (-3→31=2.10×374) (6→-9=1.57×5) (-6→19=1.57×304) (-7→4=1.57×387) (12→1=1.55×206) |
| 15176 | 450 | 94.60 | 8 | 0.38~3.21 | (-3→31=2.10×379) (6→-9=1.57×5) (-6→19=1.57×306) (-7→4=1.56×392) (12→1=1.55×206) |
| 15186 | 459 | 95.13 | 8 | 0.38~3.21 | (-3→31=2.11×388) (-6→19=1.57×315) (6→-9=1.57×5) (-7→4=1.57×401) (12→1=1.56×213) |
| 15196 | 452 | 95.00 | 8 | 0.38~3.21 | (-3→31=2.08×382) (-6→19=1.57×307) (6→-9=1.57×6) (-7→4=1.56×394) (12→1=1.56×201) |
| 15206 | 456 | 95.27 | 8 | 0.38~3.21 | (-3→31=2.09×388) (-6→19=1.58×312) (6→-9=1.57×6) (-7→4=1.57×398) (-14→14=1.56×82) |
| 15216 | 472 | 95.46 | 8 | 0.38~3.21 | (-3→31=2.09×402) (-6→19=1.58×324) (6→-9=1.57×7) (-7→4=1.57×413) (-14→14=1.56×86) |
| 15226 | 446 | 94.87 | 8 | 0.38~3.21 | (-3→31=2.08×378) (-6→19=1.58×303) (-7→4=1.57×387) (6→-9=1.57×7) (-14→14=1.56×82) |
| 15236 | 463 | 94.90 | 8 | 0.38~3.21 | (-3→31=2.10×391) (-6→19=1.59×315) (-14→14=1.58×84) (-7→4=1.57×401) (6→-9=1.57×8) |
| 15246 | 460 | 95.00 | 8 | 0.38~3.21 | (-3→31=2.10×390) (-6→19=1.59×313) (-7→4=1.57×398) (-14→14=1.57×83) (12→1=1.57×205) |
| 15256 | 473 | 95.26 | 8 | 0.38~3.21 | (-3→31=2.10×402) (-6→19=1.59×321) (-14→14=1.59×87) (12→1=1.58×208) (-7→4=1.57×410) |
| 15266 | 457 | 95.30 | 8 | 0.39~3.21 | (-3→31=2.11×385) (-6→19=1.59×311) (-14→14=1.59×81) (12→1=1.58×200) (-7→4=1.58×395) |
| 15276 | 469 | 96.15 | 8 | 0.39~3.21 | (-3→31=2.11×401) (-14→14=1.60×82) (-6→19=1.59×323) (12→1=1.59×209) (-7→4=1.58×409) |
| 15286 | 468 | 95.96 | 8 | 0.39~3.21 | (-3→31=2.13×400) (-14→14=1.62×81) (-6→19=1.60×322) (12→1=1.59×210) (-7→4=1.58×408) |
| 15296 | 450 | 95.44 | 8 | 0.39~3.21 | (-3→31=2.11×381) (-14→14=1.62×79) (-6→19=1.59×307) (-7→4=1.58×391) (6→-9=1.57×11) |
| 15306 | 454 | 95.65 | 8 | 0.39~3.21 | (-3→31=2.11×385) (-14→14=1.62×80) (-6→19=1.59×311) (-7→4=1.58×395) (6→-9=1.57×12) |
| 15316 | 463 | 95.85 | 8 | 0.39~3.21 | (-3→31=2.13×392) (-14→14=1.63×79) (-6→19=1.59×319) (-7→4=1.58×402) (6→-9=1.57×12) |
| 15326 | 472 | 95.50 | 8 | 0.39~3.21 | (-3→31=2.14×397) (-14→14=1.66×79) (-6→19=1.59×324) (-7→4=1.58×407) (12→1=1.57×207) |
| 15336 | 462 | 95.61 | 8 | 0.39~3.21 | (-3→31=2.13×389) (-14→14=1.67×76) (-7→4=1.58×400) (-6→19=1.58×318) (6→-9=1.57×12) |
| 15346 | 471 | 95.79 | 8 | 0.39~3.21 | (-3→31=2.13×396) (-14→14=1.68×78) (-6→19=1.58×324) (-7→4=1.58×408) (6→-9=1.57×12) |
| 15356 | 471 | 95.36 | 8 | 0.39~3.28 | (-3→31=2.14×392) (-14→14=1.69×75) (-6→19=1.58×324) (-7→4=1.58×406) (6→-9=1.57×12) |
| 15366 | 463 | 95.31 | 8 | 0.39~3.28 | (-3→31=2.12×387) (-14→14=1.69×76) (-7→4=1.58×399) (-6→19=1.58×316) (6→-9=1.57×12) |
| 15376 | 453 | 95.54 | 8 | 0.39~3.21 | (-3→31=2.12×378) (-14→14=1.67×73) (-7→4=1.59×391) (-6→19=1.58×311) (6→-9=1.57×12) |
| 15386 | 459 | 95.82 | 8 | 0.39~3.21 | (-3→31=2.12×383) (-14→14=1.67×75) (-7→4=1.59×398) (-6→19=1.58×315) (12→1=1.58×184) |
| 15396 | 455 | 96.20 | 8 | 0.39~3.21 | (-3→31=2.11×381) (-14→14=1.69×73) (-7→4=1.59×396) (-6→19=1.59×314) (12→1=1.57×181) |
| 15406 | 427 | 94.82 | 8 | 0.39~3.21 | (-3→31=2.08×353) (-14→14=1.68×74) (-6→19=1.58×286) (-7→4=1.58×368) (6→-9=1.57×11) |
| 15416 | 426 | 95.06 | 8 | 0.39~3.21 | (-3→31=2.08×353) (-14→14=1.67×73) (-6→19=1.59×287) (-7→4=1.58×368) (6→-9=1.57×11) |
| 15426 | 415 | 94.51 | 8 | 0.39~3.16 | (-3→31=2.06×342) (-14→14=1.69×75) (-6→19=1.59×275) (-7→4=1.57×357) (6→-9=1.57×11) |
| 15436 | 411 | 94.60 | 8 | 0.39~3.16 | (-3→31=2.05×341) (-14→14=1.70×76) (-6→19=1.59×271) (-7→4=1.57×355) (6→-9=1.57×10) |
| 15446 | 396 | 94.36 | 8 | 0.39~3.16 | (-3→31=2.05×328) (-14→14=1.72×71) (-6→19=1.59×262) (-7→4=1.57×341) (6→-9=1.57×10) |
| 15456 | 400 | 94.50 | 8 | 0.39~3.16 | (-3→31=2.04×331) (-14→14=1.72×72) (-6→19=1.59×265) (-7→4=1.57×345) (6→-9=1.57×10) |
| 15466 | 403 | 94.69 | 8 | 0.39~3.16 | (-3→31=2.04×331) (-14→14=1.72×71) (12→1=1.58×137) (-6→19=1.58×268) (6→-9=1.57×10) |
| 15476 | 382 | 93.59 | 8 | 0.39~3.16 | (-3→31=2.04×308) (-14→14=1.69×66) (-6→19=1.58×252) (-7→4=1.58×325) (12→1=1.57×126) |
| 15486 | 376 | 93.24 | 8 | 0.39~3.16 | (-3→31=2.02×302) (-14→14=1.69×69) (-6→19=1.58×244) (-7→4=1.57×320) (12→1=1.57×118) |
| 15496 | 375 | 92.86 | 8 | 0.39~3.16 | (-3→31=2.02×297) (-14→14=1.70×66) (-6→19=1.58×243) (-7→4=1.57×316) (12→1=1.57×114) |
| 15506 | 381 | 92.09 | 8 | 0.39~3.16 | (-3→31=2.01×299) (-14→14=1.70×69) (-6→19=1.58×243) (12→1=1.58×112) (-7→4=1.57×319) |
| 15516 | 373 | 92.62 | 8 | 0.39~3.16 | (-3→31=2.03×291) (-14→14=1.69×68) (12→1=1.59×112) (-6→19=1.57×238) (-7→4=1.56×313) |
| 15526 | 376 | 92.01 | 8 | 0.39~3.32 | (-3→31=2.01×291) (-14→14=1.69×70) (12→1=1.59×108) (-6→19=1.58×238) (-7→4=1.56×314) |
| 15536 | 373 | 92.01 | 8 | 0.33~3.32 | (-3→31=2.01×289) (-14→14=1.70×72) (12→1=1.58×107) (-6→19=1.58×233) (-7→4=1.56×311) |
| 15546 | 357 | 91.94 | 8 | 0.33~3.32 | (-3→31=2.02×275) (-14→14=1.68×67) (12→1=1.58×106) (-6→19=1.58×226) (-7→4=1.56×297) |
| 15556 | 354 | 92.21 | 8 | 0.33~3.32 | (-3→31=2.01×271) (-14→14=1.69×67) (-6→19=1.58×224) (12→1=1.56×104) (-7→4=1.56×295) |
| 15566 | 348 | 92.53 | 8 | 0.33~3.32 | (-3→31=2.01×269) (-14→14=1.70×67) (-6→19=1.58×220) (12→1=1.56×103) (-7→4=1.56×292) |
| 15576 | 352 | 92.59 | 8 | 0.33~3.32 | (-3→31=2.01×273) (-14→14=1.72×68) (-6→19=1.58×221) (-7→4=1.56×295) (6→-9=1.56×14) |
| 15586 | 347 | 92.52 | 8 | 0.33~3.32 | (-3→31=2.00×269) (-14→14=1.71×69) (-6→19=1.58×216) (-7→4=1.56×291) (6→-9=1.56×14) |
| 15596 | 346 | 92.41 | 8 | 0.33~3.16 | (-3→31=1.99×269) (-14→14=1.71×70) (-6→19=1.57×213) (6→-9=1.56×14) (-7→4=1.55×290) |
| 15606 | 342 | 93.04 | 8 | 0.33~3.16 | (-3→31=1.98×267) (-14→14=1.70×71) (-6→19=1.57×210) (6→-9=1.55×13) (-7→4=1.55×289) |
| 15616 | 330 | 92.92 | 8 | 0.33~3.16 | (-3→31=1.97×257) (-14→14=1.70×70) (-6→19=1.58×199) (12→1=1.56×94) (6→-9=1.55×13) |
| 15626 | 331 | 92.93 | 8 | 0.33~3.16 | (-3→31=1.96×258) (-14→14=1.70×70) (-6→19=1.58×201) (6→-9=1.55×13) (12→1=1.55×92) |
| 15636 | 328 | 93.25 | 8 | 0.33~3.20 | (-3→31=1.95×258) (-14→14=1.71×71) (-6→19=1.58×198) (6→-9=1.55×13) (12→1=1.55×88) |
| 15646 | 329 | 92.95 | 8 | 0.33~3.22 | (-3→31=1.96×257) (-14→14=1.72×73) (-6→19=1.58×194) (12→1=1.56×88) (6→-9=1.55×13) |
| 15656 | 332 | 93.33 | 8 | 0.33~3.22 | (-3→31=1.94×261) (-14→14=1.72×75) (-6→19=1.58×197) (12→1=1.56×84) (6→-9=1.55×13) |
| 15666 | 327 | 93.00 | 8 | 0.33~3.22 | (-3→31=1.94×257) (-14→14=1.72×74) (-6→19=1.59×192) (12→1=1.56×79) (6→-9=1.55×12) |
| 15676 | 338 | 93.12 | 8 | 0.33~3.20 | (-3→31=1.94×266) (-14→14=1.73×74) (-6→19=1.59×201) (12→1=1.57×81) (6→-9=1.55×12) |
| 15686 | 336 | 92.97 | 8 | 0.33~3.23 | (-3→31=1.95×263) (-14→14=1.74×70) (-6→19=1.59×201) (12→1=1.57×75) (6→-9=1.55×12) |
| 15696 | 336 | 91.89 | 8 | 0.38~3.23 | (-3→31=1.95×259) (-14→14=1.73×68) (12→1=1.59×72) (-6→19=1.59×200) (6→-9=1.55×13) |
| 15706 | 340 | 92.45 | 8 | 0.38~3.23 | (-3→31=1.96×264) (-14→14=1.75×69) (12→1=1.59×75) (-6→19=1.58×204) (6→-9=1.55×13) |
| 15716 | 339 | 92.65 | 8 | 0.39~3.20 | (-3→31=1.97×267) (-14→14=1.74×68) (12→1=1.58×75) (-6→19=1.58×204) (6→-9=1.55×13) |
| 15726 | 343 | 93.01 | 8 | 0.39~3.20 | (-3→31=1.98×271) (-14→14=1.74×67) (12→1=1.60×78) (-6→19=1.58×209) (-7→4=1.55×286) |
| 15736 | 346 | 93.99 | 8 | 0.39~3.20 | (-3→31=1.99×278) (-14→14=1.74×66) (12→1=1.59×80) (-6→19=1.59×215) (-7→4=1.56×291) |
| 15746 | 328 | 92.65 | 8 | 0.39~3.20 | (-3→31=1.97×259) (-14→14=1.74×64) (-6→19=1.59×199) (12→1=1.59×72) (8→15=1.57×11) |
| 15756 | 330 | 93.38 | 8 | 0.39~3.20 | (-3→31=1.97×261) (-14→14=1.74×63) (-6→19=1.58×201) (12→1=1.58×73) (8→15=1.56×12) |
| 15766 | 334 | 93.62 | 8 | 0.39~3.20 | (-3→31=1.97×264) (-14→14=1.74×63) (12→1=1.59×72) (-6→19=1.58×205) (-7→4=1.56×279) |
| 15776 | 319 | 92.75 | 8 | 0.39~3.20 | (-3→31=1.97×249) (-14→14=1.72×58) (-6→19=1.58×196) (-7→4=1.56×264) (12→1=1.56×65) |
| 15786 | 326 | 92.84 | 8 | 0.39~3.47 | (-3→31=1.98×252) (-14→14=1.72×56) (-6→19=1.58×203) (12→1=1.57×64) (-7→4=1.57×268) |
| 15796 | 326 | 92.87 | 8 | 0.39~3.59 | (-3→31=1.97×252) (-14→14=1.71×56) (-6→19=1.58×203) (-7→4=1.56×268) (12→1=1.56×63) |
| 15806 | 313 | 92.22 | 8 | 0.39~3.59 | (-3→31=1.94×242) (-14→14=1.72×56) (12→1=1.58×55) (-6→19=1.58×193) (-7→4=1.56×257) |
| 15816 | 318 | 92.18 | 8 | 0.39~3.59 | (-3→31=1.94×246) (-14→14=1.72×56) (-6→19=1.58×197) (12→1=1.57×55) (-7→4=1.56×261) |
| 15826 | 307 | 91.80 | 8 | 0.39~3.59 | (-3→31=1.94×237) (-14→14=1.69×53) (-6→19=1.57×191) (-7→4=1.56×250) (6→-9=1.55×12) |
| 15836 | 305 | 91.46 | 8 | 0.39~3.47 | (-3→31=1.93×233) (-14→14=1.67×53) (-6→19=1.57×188) (-7→4=1.56×249) (6→-9=1.56×11) |
| 15846 | 311 | 91.77 | 8 | 0.39~3.47 | (-3→31=1.92×239) (-14→14=1.67×54) (-6→19=1.57×191) (-7→4=1.57×255) (6→-9=1.56×11) |
| 15856 | 297 | 90.75 | 8 | 0.39~3.20 | (-3→31=1.93×225) (-14→14=1.66×49) (-6→19=1.57×182) (-7→4=1.57×241) (6→-9=1.56×10) |
| 15866 | 302 | 91.65 | 8 | 0.39~3.20 | (-3→31=1.93×230) (-14→14=1.68×50) (-6→19=1.57×186) (-7→4=1.57×247) (6→-9=1.56×10) |
| 15876 | 304 | 91.94 | 8 | 0.39~3.16 | (-3→31=1.93×231) (-14→14=1.68×50) (-6→19=1.57×188) (-7→4=1.57×249) (6→-9=1.56×10) |
| 15886 | 311 | 92.19 | 8 | 0.39~3.49 | (-3→31=1.94×237) (-14→14=1.69×51) (-6→19=1.57×193) (-7→4=1.57×255) (6→-9=1.56×10) |
| 15896 | 314 | 92.46 | 8 | 0.39~3.49 | (-3→31=1.95×240) (-14→14=1.68×50) (-7→4=1.57×258) (-6→19=1.57×197) (6→-9=1.56×10) |
| 15906 | 318 | 93.38 | 8 | 0.39~3.49 | (-3→31=1.96×242) (-14→14=1.68×51) (-6→19=1.57×202) (-7→4=1.57×264) (6→-9=1.56×10) |
| 15916 | 305 | 92.44 | 8 | 0.39~3.49 | (-3→31=1.94×229) (-14→14=1.67×48) (-6→19=1.57×191) (-7→4=1.57×251) (6→-9=1.56×10) |
| 15926 | 307 | 92.67 | 9 | 0.39~3.49 | (-3→31=1.94×230) (-14→14=1.66×48) (-6→19=1.57×191) (-7→4=1.57×253) (6→-9=1.56×10) |
| 15936 | 295 | 91.77 | 9 | 0.39~3.49 | (-3→31=1.94×219) (-14→14=1.66×47) (-6→19=1.57×179) (-7→4=1.56×241) (6→-9=1.56×10) |
| 15946 | 299 | 92.56 | 9 | 0.39~3.16 | (-3→31=1.95×223) (-14→14=1.65×46) (-6→19=1.58×187) (-7→4=1.57×246) (8→15=1.56×21) |
| 15956 | 307 | 93.78 | 9 | 0.39~3.16 | (-3→31=1.96×228) (-14→14=1.65×47) (-6→19=1.58×192) (-7→4=1.56×256) (8→15=1.55×25) |
| 15966 | 295 | 92.23 | 8 | 0.39~3.60 | (-3→31=1.98×218) (-14→14=1.64×43) (-6→19=1.59×181) (-7→4=1.56×241) (8→15=1.54×21) |
| 15976 | 296 | 92.89 | 8 | 0.39~3.60 | (-3→31=1.99×219) (-14→14=1.59×41) (-6→19=1.59×184) (-7→4=1.56×243) (8→15=1.55×22) |
| 15986 | 296 | 92.98 | 8 | 0.39~3.60 | (-3→31=2.00×219) (-14→14=1.59×41) (-6→19=1.59×183) (8→15=1.56×22) (-7→4=1.56×243) |
| 15996 | 307 | 93.15 | 8 | 0.39~3.60 | (-3→31=2.01×229) (-6→19=1.59×192) (-14→14=1.58×42) (-7→4=1.56×252) (8→15=1.56×21) |
| 16006 | 318 | 93.27 | 8 | 0.39~3.60 | (-3→31=2.02×238) (-6→19=1.59×199) (-14→14=1.58×42) (-7→4=1.56×261) (8→15=1.56×21) |
| 16016 | 322 | 93.17 | 8 | 0.39~3.60 | (-3→31=2.03×239) (-6→19=1.60×202) (-14→14=1.57×41) (-7→4=1.56×263) (8→15=1.55×22) |
| 16026 | 332 | 94.42 | 9 | 0.39~3.60 | (-3→31=2.04×247) (-6→19=1.60×212) (-14→14=1.57×41) (-7→4=1.56×274) (8→15=1.55×25) |
| 16036 | 326 | 93.93 | 9 | 0.39~3.60 | (-3→31=2.05×241) (-14→14=1.61×39) (-6→19=1.59×206) (-7→4=1.56×267) (8→15=1.55×24) |
| 16046 | 332 | 94.86 | 9 | 0.42~3.75 | (-3→31=2.05×247) (-14→14=1.61×39) (-6→19=1.59×214) (-7→4=1.57×275) (8→15=1.55×26) |
| 16056 | 342 | 95.61 | 9 | 0.42~3.75 | (-3→31=2.06×254) (-14→14=1.61×39) (-6→19=1.60×223) (-7→4=1.57×285) (8→15=1.55×29) |
| 16066 | 338 | 95.18 | 9 | 0.42~3.75 | (-3→31=2.05×250) (-14→14=1.60×37) (-6→19=1.59×219) (-7→4=1.57×280) (8→15=1.54×28) |
| 16076 | 345 | 95.24 | 9 | 0.42~3.75 | (-3→31=2.05×252) (-6→19=1.59×224) (-14→14=1.58×35) (-7→4=1.57×285) (8→15=1.54×31) |
| 16086 | 342 | 95.51 | 9 | 0.42~3.75 | (-3→31=2.06×254) (-6→19=1.60×221) (-14→14=1.58×35) (-7→4=1.57×283) (8→15=1.54×27) |
| 16096 | 348 | 95.64 | 9 | 0.42~3.75 | (-3→31=2.04×259) (-6→19=1.60×223) (-14→14=1.58×35) (-7→4=1.57×288) (8→15=1.54×27) |
| 16106 | 345 | 95.67 | 9 | 0.42~3.75 | (-3→31=2.06×256) (-6→19=1.60×223) (-7→4=1.58×285) (-14→14=1.56×32) (-8→-26=1.54×253) |
| 16116 | 337 | 95.90 | 9 | 0.42~3.75 | (-3→31=2.06×254) (-6→19=1.59×217) (-7→4=1.58×279) (8→15=1.54×23) (-8→-26=1.54×249) |
| 16126 | 346 | 96.75 | 9 | 0.42~3.75 | (-3→31=2.07×262) (-6→19=1.59×226) (-7→4=1.58×288) (8→15=1.55×25) (-8→-26=1.54×257) |
| 16136 | 344 | 96.72 | 9 | 0.42~3.75 | (-3→31=2.07×261) (-6→19=1.59×225) (-7→4=1.58×286) (8→15=1.55×24) (-8→-26=1.54×256) |
| 16146 | 345 | 97.05 | 9 | 0.42~3.75 | (-3→31=2.06×261) (-6→19=1.59×227) (-7→4=1.58×288) (8→15=1.55×26) (-8→-26=1.54×258) |
| 16156 | 342 | 97.04 | 9 | 0.42~3.82 | (-3→31=2.06×257) (-6→19=1.59×226) (-7→4=1.58×285) (8→15=1.55×27) (-8→-26=1.53×258) |
| 16166 | 339 | 97.61 | 9 | 0.42~3.82 | (-3→31=2.09×257) (-6→19=1.59×225) (-7→4=1.58×283) (8→15=1.55×25) (-8→-26=1.54×257) |
| 16176 | 345 | 97.83 | 9 | 0.42~3.82 | (-3→31=2.10×262) (-6→19=1.58×231) (-7→4=1.58×288) (8→15=1.55×25) (-13→-9=1.54×268) |
| 16186 | 342 | 97.60 | 9 | 0.42~3.82 | (-3→31=2.08×258) (-7→4=1.58×286) (-6→19=1.58×232) (8→15=1.56×27) (-8→-26=1.54×262) |
| 16196 | 346 | 98.18 | 9 | 0.42~3.82 | (-3→31=2.08×261) (-7→4=1.58×291) (-6→19=1.58×238) (8→15=1.56×29) (-8→-26=1.53×267) |
| 16206 | 343 | 97.82 | 9 | 0.42~3.75 | (-3→31=2.05×263) (-6→19=1.58×232) (-7→4=1.58×288) (8→15=1.56×25) (-14→14=1.55×27) |
| 16216 | 346 | 98.01 | 9 | 0.42~3.75 | (-3→31=2.06×264) (-6→19=1.58×236) (-7→4=1.58×291) (8→15=1.55×26) (-14→14=1.55×27) |
| 16226 | 351 | 98.56 | 9 | 0.42~3.75 | (-3→31=2.05×267) (-6→19=1.58×241) (-7→4=1.57×297) (-14→14=1.57×28) (8→15=1.55×29) |
| 16236 | 342 | 98.87 | 9 | 0.45~3.75 | (-3→31=2.06×257) (-7→4=1.58×290) (-6→19=1.58×238) (8→15=1.55×31) (12→1=1.55×54) |
| 16246 | 341 | 98.60 | 9 | 0.45~3.75 | (-3→31=2.04×256) (-6→19=1.58×237) (-14→14=1.58×27) (-7→4=1.58×289) (12→1=1.57×49) |
| 16256 | 340 | 98.98 | 9 | 0.45~3.59 | (-3→31=2.04×254) (-14→14=1.61×23) (-6→19=1.58×240) (-7→4=1.58×288) (8→15=1.56×33) |
| 16266 | 351 | 99.88 | 9 | 0.45~3.59 | (-3→31=2.06×258) (-14→14=1.61×23) (-6→19=1.58×251) (-7→4=1.58×299) (12→1=1.58×52) |
| 16276 | 360 | 100.35 | 9 | 0.43~3.59 | (-3→31=2.09×265) (-14→14=1.66×20) (12→1=1.59×59) (-7→4=1.58×307) (8→15=1.57×43) |
| 16286 | 365 | 100.73 | 9 | 0.43~3.59 | (-3→31=2.10×269) (-14→14=1.66×20) (12→1=1.59×63) (-7→4=1.58×312) (8→15=1.57×44) |
| 16296 | 380 | 101.59 | 9 | 0.43~3.59 | (-3→31=2.14×277) (-14→14=1.69×19) (12→1=1.60×73) (8→15=1.58×49) (-7→4=1.57×325) |
| 16306 | 367 | 100.85 | 9 | 0.44~3.48 | (-3→31=2.13×271) (-14→14=1.69×19) (12→1=1.58×68) (8→15=1.58×42) (-7→4=1.57×312) |
| 16316 | 380 | 101.30 | 9 | 0.44~3.71 | (-3→31=2.14×278) (-14→14=1.69×19) (12→1=1.58×73) (8→15=1.58×46) (-7→4=1.57×323) |
| 16326 | 387 | 101.55 | 9 | 0.44~3.71 | (-3→31=2.14×278) (-14→14=1.69×19) (12→1=1.58×72) (8→15=1.58×53) (-7→4=1.57×330) |
| 16336 | 379 | 101.89 | 9 | 0.44~3.31 | (-3→31=2.13×269) (-14→14=1.69×18) (12→1=1.58×68) (8→15=1.57×55) (-7→4=1.56×324) |
| 16346 | 386 | 102.09 | 9 | 0.43~3.16 | (-3→31=2.14×268) (-14→14=1.69×17) (12→1=1.58×69) (8→15=1.58×61) (-7→4=1.56×330) |
| 16356 | 386 | 102.01 | 9 | 0.43~3.16 | (-3→31=2.15×268) (-14→14=1.69×17) (8→15=1.58×59) (12→1=1.56×73) (-7→4=1.55×328) |
| 16366 | 383 | 101.65 | 9 | 0.43~3.16 | (-3→31=2.15×264) (-14→14=1.69×17) (8→15=1.57×60) (12→1=1.57×73) (-6→19=1.56×278) |
| 16376 | 397 | 101.54 | 9 | 0.43~3.16 | (-3→31=2.15×273) (-14→14=1.69×17) (12→1=1.58×73) (8→15=1.57×62) (-6→19=1.56×288) |
| 16386 | 392 | 99.92 | 9 | 0.43~3.16 | (-3→31=2.11×263) (-14→14=1.69×17) (12→1=1.58×63) (8→15=1.57×62) (-6→19=1.56×278) |
| 16396 | 398 | 99.70 | 9 | 0.43~3.16 | (-3→31=2.10×262) (-14→14=1.65×18) (12→1=1.58×60) (-6→19=1.56×283) (8→15=1.56×67) |
| 16407 | 415 | 100.39 | 9 | 0.43~3.16 | (-3→31=2.11×270) (-14→14=1.70×18) (12→1=1.58×63) (8→15=1.56×74) (-6→19=1.56×301) |
| 16417 | 422 | 99.97 | 9 | 0.43~3.16 | (-3→31=2.10×271) (-14→14=1.67×17) (12→1=1.58×62) (-6→19=1.56×305) (8→15=1.56×77) |
| 16427 | 441 | 100.93 | 9 | 0.43~3.16 | (-3→31=2.10×285) (-14→14=1.71×16) (12→1=1.57×64) (-6→19=1.56×322) (8→15=1.56×82) |
| 16438 | 451 | 101.62 | 9 | 0.43~3.16 | (-3→31=2.10×288) (-14→14=1.71×16) (12→1=1.57×63) (-6→19=1.56×334) (8→15=1.56×89) |
| 16448 | 446 | 101.74 | 9 | 0.43~3.16 | (-3→31=2.08×283) (-14→14=1.71×16) (12→1=1.58×59) (-6→19=1.56×329) (8→15=1.55×91) |
| 16458 | 473 | 102.29 | 9 | 0.43~3.16 | (-3→31=2.07×292) (-14→14=1.71×16) (12→1=1.57×57) (-6→19=1.55×353) (8→15=1.55×105) |
| 16469 | 488 | 102.84 | 9 | 0.43~3.16 | (-3→31=2.07×295) (-14→14=1.70×15) (12→1=1.57×55) (-6→19=1.55×367) (8→15=1.55×117) |
| 16479 | 493 | 102.62 | 9 | 0.44~3.16 | (-3→31=2.05×299) (-14→14=1.70×15) (12→1=1.58×52) (8→15=1.55×117) (-7→4=1.55×420) |
| 16489 | 497 | 102.97 | 9 | 0.44~3.16 | (-3→31=2.04×296) (-14→14=1.68×15) (12→1=1.58×47) (8→15=1.56×126) (-7→4=1.55×425) |
| 16500 | 498 | 102.89 | 9 | 0.44~3.16 | (-3→31=2.03×292) (-14→14=1.68×15) (12→1=1.58×44) (8→15=1.55×131) (-7→4=1.55×426) |
| 16510 | 485 | 102.75 | 9 | 0.45~3.16 | (-3→31=2.02×282) (-14→14=1.69×16) (12→1=1.59×41) (8→15=1.55×130) (-7→4=1.55×415) |
| 16520 | 500 | 103.69 | 9 | 0.45~3.16 | (-3→31=2.01×287) (-14→14=1.69×16) (12→1=1.59×40) (8→15=1.55×142) (-7→4=1.55×431) |
| 16531 | 498 | 103.90 | 9 | 0.45~3.16 | (-3→31=2.03×285) (-14→14=1.69×16) (12→1=1.59×43) (8→15=1.55×141) (-7→4=1.55×430) |
| 16541 | 495 | 103.91 | 9 | 0.45~3.16 | (-3→31=2.02×283) (-14→14=1.69×16) (12→1=1.59×41) (8→15=1.56×141) (-7→4=1.55×427) |
| 16551 | 499 | 104.52 | 9 | 0.45~3.16 | (-3→31=2.02×286) (-14→14=1.69×16) (12→1=1.60×42) (8→15=1.56×143) (-7→4=1.55×433) |
| 16562 | 495 | 104.65 | 10 | 0.45~3.16 | (-3→31=2.02×287) (-14→14=1.69×16) (12→1=1.57×43) (8→15=1.56×139) (-7→4=1.55×429) |
| 16572 | 499 | 105.96 | 10 | 0.45~3.50 | (-3→31=2.03×294) (-14→14=1.73×15) (12→1=1.56×44) (8→15=1.56×141) (-7→4=1.55×437) |
| 16582 | 498 | 106.51 | 10 | 0.45~3.50 | (-3→31=2.03×290) (-14→14=1.77×13) (8→15=1.56×145) (12→1=1.55×42) (-7→4=1.55×437) |
| 16593 | 497 | 106.55 | 10 | 0.45~3.50 | (-3→31=2.03×292) (-14→14=1.77×13) (8→15=1.56×142) (12→1=1.55×43) (-7→4=1.55×436) |
| 16603 | 473 | 105.68 | 10 | 0.45~3.16 | (-3→31=2.00×280) (-14→14=1.77×13) (-7→4=1.56×412) (12→1=1.56×36) (8→15=1.55×131) |
| 16613 | 479 | 106.09 | 10 | 0.45~3.46 | (-3→31=2.00×276) (-14→14=1.77×13) (-7→4=1.56×418) (8→15=1.55×141) (12→1=1.54×34) |
| 16624 | 475 | 105.74 | 10 | 0.45~3.46 | (-3→31=1.99×274) (-14→14=1.77×13) (-7→4=1.56×414) (8→15=1.55×139) (12→1=1.55×31) |
| 16634 | 465 | 104.82 | 10 | 0.45~3.46 | (-3→31=1.98×270) (-14→14=1.84×12) (-7→4=1.56×401) (12→1=1.56×30) (8→15=1.56×129) |
| 16644 | 470 | 105.11 | 10 | 0.44~3.46 | (-3→31=1.98×269) (-14→14=1.81×11) (-7→4=1.56×406) (8→15=1.56×135) (12→1=1.55×29) |
| 16655 | 473 | 105.03 | 10 | 0.44~3.46 | (-3→31=1.99×272) (-14→14=1.81×11) (-7→4=1.56×408) (8→15=1.55×134) (12→1=1.54×32) |
| 16665 | 464 | 104.99 | 10 | 0.44~3.46 | (-3→31=1.99×268) (-14→14=1.80×10) (-7→4=1.57×401) (8→15=1.55×132) (12→1=1.53×29) |
| 16675 | 467 | 105.17 | 10 | 0.44~3.46 | (-3→31=1.99×269) (-14→14=1.80×10) (-7→4=1.56×403) (8→15=1.55×133) (12→1=1.53×31) |
| 16686 | 461 | 105.79 | 10 | 0.44~3.16 | (-3→31=1.98×266) (-14→14=1.80×10) (-7→4=1.56×400) (8→15=1.55×133) (12→1=1.54×29) |
| 16696 | 467 | 105.83 | 10 | 0.44~3.16 | (-3→31=1.98×269) (-14→14=1.80×10) (-7→4=1.56×405) (8→15=1.55×135) (12→1=1.54×29) |
| 16706 | 446 | 104.93 | 11 | 0.44~3.16 | (-3→31=1.96×259) (-14→14=1.80×10) (-7→4=1.57×384) (6→-9=1.56×13) (8→15=1.55×125) |
| 16717 | 444 | 105.07 | 11 | 0.44~3.16 | (-3→31=1.97×258) (-14→14=1.80×10) (6→-9=1.57×14) (-7→4=1.57×382) (8→15=1.55×125) |
| 16727 | 449 | 105.21 | 10 | 0.44~3.16 | (-3→31=1.96×260) (-14→14=1.80×10) (6→-9=1.57×14) (-7→4=1.57×387) (8→15=1.55×128) |
| 16737 | 446 | 105.03 | 10 | 0.43~3.16 | (-3→31=1.97×255) (-14→14=1.80×10) (6→-9=1.57×14) (-7→4=1.56×383) (8→15=1.55×129) |
| 16748 | 448 | 105.60 | 10 | 0.43~3.14 | (-3→31=1.97×250) (-14→14=1.80×10) (6→-9=1.56×13) (-7→4=1.56×387) (8→15=1.54×137) |
| 16758 | 441 | 106.22 | 10 | 0.37~3.14 | (-3→31=1.96×246) (-14→14=1.80×10) (-7→4=1.56×383) (6→-9=1.56×12) (8→15=1.54×137) |
| 16768 | 436 | 106.93 | 10 | 0.37~3.14 | (-3→31=1.96×245) (-14→14=1.80×10) (-7→4=1.56×381) (6→-9=1.56×12) (8→15=1.54×136) |
| 16779 | 417 | 106.37 | 10 | 0.37~3.14 | (-3→31=1.98×239) (-14→14=1.80×10) (-7→4=1.57×362) (6→-9=1.56×12) (8→15=1.53×125) |
| 16789 | 415 | 106.55 | 10 | 0.44~3.14 | (-3→31=1.97×242) (-14→14=1.80×10) (-7→4=1.57×361) (6→-9=1.56×12) (8→15=1.55×119) |
| 16799 | 410 | 107.37 | 10 | 0.44~3.14 | (-3→31=1.97×245) (-14→14=1.80×10) (-7→4=1.58×359) (6→-9=1.56×12) (8→15=1.54×114) |
| 16810 | 400 | 108.17 | 10 | 0.44~3.14 | (-3→31=1.98×242) (-14→14=1.81×9) (-7→4=1.58×352) (6→-9=1.56×12) (8→15=1.53×112) |
| 16820 | 405 | 108.88 | 11 | 0.44~3.14 | (-3→31=1.99×245) (-14→14=1.81×9) (-7→4=1.58×358) (6→-9=1.55×11) (8→15=1.52×117) |
| 16830 | 416 | 109.46 | 11 | 0.44~3.14 | (-3→31=1.99×248) (-14→14=1.81×9) (-7→4=1.57×369) (6→-9=1.55×11) (8→15=1.52×126) |
| 16841 | 419 | 109.96 | 11 | 0.44~3.14 | (-3→31=1.99×246) (-14→14=1.81×9) (-7→4=1.57×372) (6→-9=1.56×12) (8→15=1.52×130) |
| 16851 | 410 | 109.73 | 11 | 0.44~3.14 | (-3→31=2.01×251) (-14→14=1.81×9) (-7→4=1.58×364) (6→-9=1.52×13) (8→15=1.52×120) |
| 16861 | 418 | 110.83 | 10 | 0.44~3.00 | (-3→31=2.00×255) (-14→14=1.81×9) (-7→4=1.58×374) (6→-9=1.53×13) (8→15=1.53×127) |
| 16872 | 413 | 110.90 | 10 | 0.44~3.00 | (-3→31=2.01×253) (-14→14=1.82×8) (-7→4=1.58×369) (8→15=1.52×125) (12→1=1.51×37) |
| 16882 | 401 | 110.43 | 10 | 0.37~3.52 | (-3→31=2.01×248) (-14→14=1.82×8) (-7→4=1.58×357) (12→1=1.52×36) (8→15=1.51×117) |
| 16892 | 401 | 110.84 | 10 | 0.37~3.52 | (-3→31=2.01×246) (-14→14=1.82×8) (-7→4=1.58×358) (12→1=1.52×38) (8→15=1.51×121) |
| 16903 | 410 | 111.73 | 10 | 0.37~3.52 | (-3→31=2.02×249) (-14→14=1.82×8) (-7→4=1.57×368) (-14→5=1.51×10) (12→1=1.51×40) |
| 16913 | 417 | 112.16 | 10 | 0.37~3.52 | (-3→31=2.03×251) (-14→14=1.82×8) (-7→4=1.57×375) (-14→5=1.51×10) (12→1=1.51×43) |
| 16923 | 410 | 112.75 | 10 | 0.42~3.52 | (-3→31=2.03×245) (-14→14=1.82×8) (-7→4=1.57×370) (-14→5=1.51×10) (15→-7=1.51×370) |
| 16934 | 416 | 113.05 | 10 | 0.42~3.52 | (-3→31=2.04×246) (-14→14=1.82×7) (-7→4=1.57×376) (15→-7=1.51×376) (-14→5=1.51×10) |
| 16944 | 421 | 113.51 | 10 | 0.42~3.52 | (-3→31=2.05×248) (-14→14=1.79×6) (-7→4=1.57×382) (15→-7=1.51×382) (-14→5=1.51×10) |
| 16954 | 420 | 113.68 | 10 | 0.42~3.52 | (-3→31=2.04×239) (-14→14=1.80×7) (-7→4=1.56×381) (15→-7=1.53×381) (-6→19=1.52×342) |
| 16965 | 426 | 113.80 | 10 | 0.42~3.52 | (-3→31=2.05×242) (-14→14=1.80×7) (-7→4=1.56×387) (15→-7=1.53×387) (-6→19=1.52×347) |
| 16975 | 427 | 114.04 | 10 | 0.42~3.28 | (-3→31=2.02×242) (-14→14=1.81×8) (-7→4=1.57×389) (15→-7=1.53×389) (-6→19=1.52×347) |
| 16985 | 420 | 113.32 | 10 | 0.42~3.28 | (-3→31=2.02×238) (-14→14=1.83×7) (-7→4=1.57×380) (15→-7=1.53×380) (8→15=1.52×145) |
| 16996 | 423 | 113.53 | 10 | 0.42~3.28 | (-3→31=2.02×239) (-14→14=1.84×8) (-7→4=1.57×383) (15→-7=1.53×383) (8→15=1.52×148) |
| 17006 | 428 | 113.69 | 10 | 0.42~3.28 | (-3→31=2.03×245) (-14→14=1.84×8) (-7→4=1.57×388) (15→-7=1.53×388) (8→15=1.52×148) |
| 17016 | 433 | 114.06 | 10 | 0.45~3.00 | (-3→31=2.02×245) (-14→14=1.84×8) (-7→4=1.57×394) (15→-7=1.53×394) (8→15=1.53×152) |
| 17027 | 426 | 113.30 | 10 | 0.43~3.42 | (-3→31=2.02×242) (-14→14=1.77×9) (-7→4=1.57×385) (15→-7=1.53×385) (8→15=1.52×147) |
| 17037 | 426 | 113.20 | 10 | 0.43~3.42 | (-3→31=2.02×242) (-14→14=1.75×8) (-7→4=1.58×385) (15→-7=1.53×385) (8→15=1.53×145) |
| 17047 | 433 | 113.59 | 10 | 0.43~3.42 | (-3→31=2.03×250) (-14→14=1.75×8) (-7→4=1.58×393) (15→-7=1.53×393) (8→15=1.53×146) |
| 17058 | 435 | 112.85 | 10 | 0.43~3.42 | (-3→31=2.03×253) (-14→14=1.75×8) (-7→4=1.58×392) (8→15=1.53×142) (15→-7=1.53×392) |
| 17068 | 434 | 112.93 | 10 | 0.43~3.42 | (-3→31=2.02×251) (-14→14=1.75×8) (-7→4=1.58×391) (8→15=1.53×143) (15→-7=1.53×391) |
| 17078 | 439 | 112.69 | 10 | 0.43~3.42 | (-3→31=2.02×253) (-14→14=1.83×7) (-7→4=1.58×395) (8→15=1.53×146) (15→-7=1.53×395) |
| 17089 | 432 | 112.79 | 10 | 0.43~3.42 | (-3→31=2.03×251) (-14→14=1.83×7) (-7→4=1.58×389) (8→15=1.54×140) (15→-7=1.53×389) |
| 17099 | 426 | 113.05 | 10 | 0.43~3.42 | (-3→31=2.04×244) (-14→14=1.83×7) (-7→4=1.58×384) (8→15=1.54×141) (15→-7=1.53×384) |
| 17109 | 438 | 112.99 | 10 | 0.39~3.42 | (-3→31=2.03×246) (-14→14=1.85×6) (-7→4=1.57×394) (8→15=1.55×146) (15→-7=1.53×394) |
| 17120 | 444 | 113.41 | 10 | 0.39~3.28 | (-3→31=2.02×247) (-14→14=1.85×6) (-7→4=1.57×401) (8→15=1.55×152) (15→-7=1.54×401) |
| 17130 | 424 | 112.79 | 10 | 0.44~3.28 | (-3→31=2.01×235) (-14→14=1.85×5) (-7→4=1.57×381) (8→15=1.55×147) (15→-7=1.53×381) |
| 17140 | 435 | 113.41 | 10 | 0.43~3.28 | (-3→31=2.01×242) (-14→14=1.85×5) (-7→4=1.57×393) (8→15=1.55×151) (15→-7=1.53×393) |
| 17151 | 444 | 114.08 | 10 | 0.43~3.28 | (-3→31=2.01×245) (-14→14=1.85×5) (-7→4=1.57×403) (8→15=1.55×159) (15→-7=1.54×403) |
| 17161 | 426 | 113.73 | 10 | 0.40~3.28 | (-3→31=2.01×238) (-14→14=1.88×4) (-7→4=1.57×386) (8→15=1.55×154) (15→-7=1.53×386) |
| 17171 | 422 | 113.85 | 10 | 0.40~3.28 | (-3→31=2.01×234) (-14→14=1.88×4) (-7→4=1.57×383) (8→15=1.55×154) (15→-7=1.53×383) |
| 17182 | 433 | 114.56 | 10 | 0.40~3.28 | (-3→31=2.01×241) (-14→14=1.88×4) (-7→4=1.57×395) (8→15=1.55×160) (15→-7=1.53×395) |
| 17192 | 423 | 114.35 | 11 | 0.40~3.28 | (-3→31=2.01×237) (-14→14=1.88×4) (-7→4=1.58×385) (8→15=1.55×152) (15→-7=1.53×385) |
| 17202 | 427 | 114.10 | 11 | 0.40~3.28 | (-3→31=2.00×240) (-14→14=1.88×4) (-7→4=1.58×388) (8→15=1.55×155) (15→-7=1.53×388) |
| 17213 | 438 | 114.70 | 11 | 0.40~3.28 | (-3→31=2.00×241) (-14→14=1.88×4) (-7→4=1.58×399) (8→15=1.55×166) (15→-7=1.54×399) |
| 17223 | 424 | 114.88 | 11 | 0.40~3.28 | (-3→31=2.01×241) (-14→14=1.88×3) (-7→4=1.58×387) (8→15=1.55×154) (15→-7=1.53×387) |
| 17233 | 434 | 114.98 | 11 | 0.42~3.28 | (-3→31=2.00×240) (-14→14=1.88×3) (-7→4=1.58×396) (8→15=1.55×162) (15→-7=1.54×396) |
| 17244 | 429 | 114.50 | 11 | 0.42~3.28 | (-3→31=1.99×236) (-14→14=1.88×3) (-7→4=1.58×390) (8→15=1.55×159) (15→-7=1.54×390) |
| 17254 | 420 | 114.18 | 11 | 0.42~3.28 | (-3→31=1.99×233) (-14→14=1.88×3) (-7→4=1.58×381) (8→15=1.54×155) (15→-7=1.54×381) |
| 17264 | 424 | 113.67 | 11 | 0.40~3.28 | (-3→31=1.98×231) (-14→14=1.88×3) (-7→4=1.58×383) (8→15=1.55×158) (15→-7=1.54×383) |
| 17275 | 430 | 113.49 | 12 | 0.40~3.28 | (-3→31=1.99×233) (-14→14=1.88×3) (-7→4=1.58×387) (8→15=1.55×161) (15→-7=1.55×387) |
| 17285 | 423 | 113.26 | 12 | 0.40~3.28 | (-3→31=1.98×232) (-14→14=1.88×3) (-7→4=1.58×381) (8→15=1.55×155) (15→-7=1.54×381) |
| 17295 | 431 | 113.56 | 12 | 0.40~3.28 | (-3→31=1.99×238) (-14→14=1.88×3) (-7→4=1.59×389) (8→15=1.55×156) (15→-7=1.54×389) |
| 17306 | 434 | 113.45 | 12 | 0.40~3.28 | (-3→31=1.99×238) (-14→14=1.88×2) (-7→4=1.58×391) (8→15=1.55×158) (15→-7=1.54×391) |
| 17316 | 438 | 113.52 | 11 | 0.40~3.28 | (-3→31=1.98×238) (-14→14=1.88×1) (-7→4=1.58×395) (8→15=1.55×161) (15→-7=1.55×395) |
| 17326 | 446 | 113.96 | 11 | 0.40~3.28 | (-3→31=2.00×241) (-14→14=1.88×1) (-7→4=1.58×403) (15→-7=1.55×403) (8→15=1.55×166) |
| 17337 | 449 | 113.87 | 11 | 0.40~3.28 | (-3→31=1.99×244) (-14→14=1.88×1) (-7→4=1.59×406) (8→15=1.55×166) (15→-7=1.55×406) |
| 17347 | 468 | 114.45 | 11 | 0.37~3.28 | (-3→31=2.02×256) (-14→14=1.88×1) (-7→4=1.58×424) (15→-7=1.55×424) (8→15=1.54×176) |
| 17357 | 479 | 114.27 | 11 | 0.37~3.28 | (-3→31=2.02×263) (-14→14=1.88×1) (-7→4=1.59×433) (15→-7=1.55×433) (8→15=1.54×178) |
| 17368 | 472 | 114.19 | 11 | 0.35~3.28 | (-3→31=2.02×262) (-14→14=1.88×1) (-7→4=1.59×426) (15→-7=1.54×426) (8→15=1.54×169) |
| 17378 | 479 | 113.95 | 11 | 0.35~3.00 | (-3→31=2.01×263) (-14→14=1.88×1) (-7→4=1.59×431) (15→-7=1.55×431) (8→15=1.54×170) |
| 17388 | 480 | 114.25 | 11 | 0.35~3.54 | (-3→31=2.01×263) (-14→14=1.88×1) (-7→4=1.58×433) (15→-7=1.55×433) (8→15=1.54×172) |
| 17399 | 486 | 114.35 | 11 | 0.35~3.54 | (-3→31=2.00×264) (-14→14=1.88×1) (-7→4=1.58×439) (15→-7=1.55×439) (8→15=1.55×176) |
| 17409 | 494 | 114.56 | 11 | 0.35~3.54 | (-3→31=2.00×263) (-14→14=1.88×1) (-7→4=1.58×447) (15→-7=1.56×447) (8→15=1.54×185) |
| 17419 | 482 | 114.41 | 11 | 0.35~3.54 | (-3→31=2.00×271) (-14→14=1.88×1) (-7→4=1.59×436) (15→-7=1.54×436) (8→15=1.54×169) |
| 17430 | 492 | 114.30 | 11 | 0.42~3.00 | (-3→31=1.99×270) (-14→14=1.88×1) (-7→4=1.59×444) (15→-7=1.55×444) (8→15=1.54×176) |
| 17440 | 499 | 114.90 | 11 | 0.41~3.00 | (-3→31=2.00×275) (-14→14=1.88×1) (-7→4=1.59×452) (15→-7=1.55×452) (8→15=1.54×179) |
| 17450 | 488 | 114.77 | 11 | 0.41~3.00 | (-3→31=2.00×270) (-14→14=1.88×1) (-7→4=1.59×441) (15→-7=1.55×441) (8→15=1.53×169) |
| 17461 | 496 | 115.04 | 11 | 0.41~3.00 | (-3→31=2.00×271) (-14→14=1.88×1) (-7→4=1.59×449) (15→-7=1.55×449) (8→15=1.53×175) |
| 17471 | 484 | 115.47 | 11 | 0.41~3.00 | (-3→31=1.99×269) (-14→14=1.88×1) (-7→4=1.59×440) (15→-7=1.55×440) (8→15=1.53×166) |
| 17481 | 487 | 115.40 | 11 | 0.41~3.00 | (-3→31=2.00×267) (-14→14=1.88×1) (-7→4=1.59×442) (15→-7=1.56×442) (8→15=1.53×168) |
| 17492 | 468 | 114.73 | 11 | 0.41~3.00 | (-3→31=1.98×263) (-14→14=1.88×1) (-7→4=1.60×423) (15→-7=1.55×423) (8→15=1.53×150) |
| 17502 | 466 | 114.33 | 11 | 0.41~3.00 | (-3→31=1.97×260) (-14→14=1.88×1) (-7→4=1.60×420) (15→-7=1.56×420) (8→15=1.53×149) |
| 17512 | 476 | 114.68 | 11 | 0.41~3.00 | (-3→31=1.98×263) (-14→14=1.88×1) (-7→4=1.60×430) (15→-7=1.56×430) (8→15=1.53×159) |
| 17523 | 474 | 114.52 | 11 | 0.41~3.00 | (-3→31=1.97×259) (-14→14=1.88×1) (-7→4=1.60×428) (15→-7=1.56×428) (8→15=1.53×159) |
| 17533 | 493 | 115.16 | 11 | 0.41~3.00 | (-3→31=1.98×261) (-14→14=1.88×1) (-7→4=1.60×447) (15→-7=1.56×447) (8→15=1.52×176) |
| 17543 | 479 | 114.88 | 11 | 0.41~3.00 | (-3→31=1.98×258) (-14→14=1.88×1) (-7→4=1.60×433) (15→-7=1.56×433) (8→15=1.52×166) |
| 17554 | 487 | 115.12 | 11 | 0.41~3.00 | (-3→31=1.98×255) (-14→14=1.88×1) (-7→4=1.60×440) (15→-7=1.57×440) (23→20=1.52×440) |
| 17564 | 480 | 114.75 | 11 | 0.41~3.00 | (-3→31=1.98×247) (-7→4=1.60×432) (15→-7=1.57×432) (23→20=1.52×432) (8→15=1.51×174) |
| 17574 | 463 | 114.57 | 11 | 0.42~3.00 | (-3→31=1.97×234) (-7→4=1.60×415) (15→-7=1.58×415) (23→20=1.52×415) (8→15=1.51×165) |
| 17585 | 472 | 113.72 | 11 | 0.42~3.00 | (-3→31=1.98×233) (-7→4=1.59×419) (15→-7=1.58×419) (23→20=1.52×419) (2→-12=1.50×175) |
| 17595 | 449 | 113.63 | 11 | 0.42~3.00 | (-3→31=1.99×220) (-7→4=1.59×398) (15→-7=1.58×398) (23→20=1.52×398) (2→-12=1.51×161) |
| 17605 | 458 | 113.74 | 11 | 0.37~3.00 | (-3→31=2.00×215) (15→-7=1.59×405) (-7→4=1.59×405) (23→20=1.53×405) (2→-12=1.52×154) |
| 17616 | 446 | 113.30 | 11 | 0.37~3.00 | (-3→31=2.00×208) (15→-7=1.60×393) (-7→4=1.59×393) (23→20=1.53×393) (2→-12=1.52×148) |
| 17626 | 452 | 113.33 | 10 | 0.43~3.00 | (-3→31=1.99×206) (15→-7=1.60×398) (-7→4=1.59×398) (23→20=1.53×398) (2→-12=1.52×148) |
| 17636 | 463 | 113.94 | 11 | 0.42~3.00 | (-3→31=1.99×204) (15→-7=1.60×409) (-7→4=1.58×409) (23→20=1.54×409) (2→-12=1.52×145) |
| 17647 | 443 | 113.42 | 11 | 0.42~3.00 | (-3→31=1.98×192) (15→-7=1.61×389) (-7→4=1.58×389) (23→20=1.54×389) (2→-12=1.52×136) |
| 17657 | 449 | 113.75 | 11 | 0.42~3.00 | (-3→31=1.99×190) (15→-7=1.61×395) (-7→4=1.58×395) (23→20=1.54×395) (12→1=1.53×15) |
| 17667 | 441 | 113.45 | 11 | 0.42~3.00 | (-3→31=2.00×182) (15→-7=1.61×386) (-7→4=1.58×386) (23→20=1.55×386) (12→1=1.53×16) |
| 17678 | 427 | 113.02 | 11 | 0.42~3.00 | (-3→31=2.01×176) (15→-7=1.61×372) (-7→4=1.57×372) (23→20=1.55×372) (2→-12=1.52×119) |
| 17688 | 417 | 113.94 | 11 | 0.42~3.00 | (-3→31=2.00×172) (15→-7=1.61×366) (-7→4=1.58×366) (23→20=1.55×366) (2→-12=1.53×118) |
| 17698 | 417 | 114.20 | 11 | 0.42~3.00 | (-3→31=2.00×168) (15→-7=1.61×366) (-7→4=1.58×366) (23→20=1.56×366) (2→-12=1.53×115) |
| 17709 | 417 | 114.64 | 11 | 0.42~3.00 | (-3→31=2.00×169) (15→-7=1.61×368) (-7→4=1.58×368) (23→20=1.56×368) (12→1=1.53×17) |
| 17719 | 415 | 114.31 | 11 | 0.43~3.00 | (-3→31=2.01×168) (15→-7=1.61×366) (-7→4=1.58×366) (23→20=1.55×366) (2→-12=1.53×109) |
| 17729 | 431 | 114.12 | 11 | 0.43~3.00 | (-3→31=2.01×168) (15→-7=1.61×379) (-7→4=1.57×379) (23→20=1.57×379) (2→-12=1.54×108) |
| 17740 | 427 | 114.74 | 11 | 0.42~3.00 | (-3→31=2.02×169) (15→-7=1.60×378) (-7→4=1.57×378) (23→20=1.56×378) (2→-12=1.53×108) |
| 17750 | 436 | 115.03 | 11 | 0.42~3.00 | (-3→31=2.01×168) (15→-7=1.60×386) (23→20=1.57×386) (-7→4=1.57×386) (2→-12=1.53×106) |
| 17760 | 419 | 114.69 | 11 | 0.42~3.00 | (-3→31=2.00×166) (15→-7=1.60×370) (-7→4=1.57×370) (23→20=1.56×370) (2→-12=1.53×108) |
| 17771 | 425 | 114.82 | 11 | 0.41~3.00 | (-3→31=1.99×165) (15→-7=1.61×375) (-7→4=1.57×375) (23→20=1.57×375) (12→4=1.55×10) |
| 17781 | 439 | 115.90 | 10 | 0.41~3.00 | (-3→31=1.99×165) (15→-7=1.61×390) (23→20=1.58×390) (-7→4=1.57×390) (2→-12=1.53×108) |
| 17791 | 421 | 115.53 | 10 | 0.41~3.00 | (-3→31=1.97×160) (15→-7=1.61×374) (23→20=1.58×374) (-7→4=1.57×374) (12→1=1.55×18) |
| 17802 | 415 | 115.68 | 10 | 0.41~3.00 | (-3→31=1.97×157) (15→-7=1.61×369) (23→20=1.58×369) (-7→4=1.57×369) (12→1=1.55×19) |
| 17812 | 414 | 116.16 | 10 | 0.41~3.00 | (-3→31=1.97×160) (15→-7=1.60×370) (23→20=1.58×370) (-7→4=1.58×370) (12→1=1.56×19) |
| 17822 | 416 | 116.38 | 10 | 0.42~3.00 | (-3→31=1.97×159) (15→-7=1.60×372) (23→20=1.59×372) (-7→4=1.58×372) (12→1=1.56×18) |
| 17833 | 426 | 116.02 | 10 | 0.42~3.00 | (-3→31=1.96×159) (15→-7=1.60×379) (23→20=1.60×379) (-7→4=1.58×379) (12→1=1.56×17) |
| 17843 | 407 | 117.14 | 10 | 0.42~3.00 | (-3→31=1.96×158) (23→20=1.59×366) (15→-7=1.59×366) (-7→4=1.58×366) (12→1=1.57×18) |
| 17853 | 405 | 117.17 | 10 | 0.42~3.00 | (-3→31=1.95×160) (15→-7=1.59×365) (12→1=1.59×17) (23→20=1.59×365) (-7→4=1.58×365) |
| 17864 | 404 | 117.57 | 10 | 0.42~3.00 | (-3→31=1.95×162) (12→1=1.60×17) (23→20=1.59×365) (15→-7=1.58×365) (-7→4=1.58×365) |
| 17874 | 392 | 117.19 | 10 | 0.42~3.00 | (-3→31=1.95×154) (15→-7=1.60×353) (12→1=1.59×17) (23→20=1.59×353) (-7→4=1.57×353) |
| 17884 | 386 | 117.51 | 10 | 0.36~3.00 | (-3→31=1.95×153) (12→1=1.60×17) (15→-7=1.59×348) (23→20=1.59×348) (-7→4=1.58×348) |
| 17895 | 363 | 117.06 | 10 | 0.36~3.00 | (-3→31=1.93×146) (12→1=1.59×13) (23→20=1.59×326) (-7→4=1.59×326) (15→-7=1.58×326) |
| 17905 | 370 | 116.58 | 10 | 0.36~3.00 | (-3→31=1.94×150) (12→1=1.60×15) (-7→4=1.59×331) (23→20=1.59×331) (15→-7=1.58×331) |
| 17915 | 369 | 116.69 | 10 | 0.41~3.00 | (-3→31=1.93×146) (12→1=1.61×14) (23→20=1.60×330) (-7→4=1.59×330) (15→-7=1.58×330) |
| 17926 | 362 | 117.17 | 10 | 0.39~3.00 | (-3→31=1.94×142) (12→1=1.61×15) (23→20=1.59×324) (-7→4=1.59×324) (15→-7=1.58×324) |
| 17936 | 361 | 117.15 | 10 | 0.39~3.00 | (-3→31=1.92×136) (12→1=1.62×12) (23→20=1.60×323) (-7→4=1.59×323) (15→-7=1.58×323) |
| 17946 | 366 | 117.31 | 10 | 0.39~3.00 | (-3→31=1.92×139) (12→1=1.60×12) (23→20=1.60×328) (-7→4=1.59×328) (15→-7=1.58×328) |
| 17957 | 346 | 115.61 | 10 | 0.39~3.00 | (-3→31=1.91×136) (12→1=1.62×11) (23→20=1.60×307) (-7→4=1.59×307) (15→-7=1.57×307) |
| 17967 | 351 | 116.22 | 10 | 0.39~3.00 | (-3→31=1.92×142) (12→1=1.62×12) (23→20=1.60×313) (-7→4=1.60×313) (15→-7=1.56×313) |
| 17977 | 352 | 115.97 | 10 | 0.39~3.00 | (-3→31=1.93×145) (12→1=1.61×15) (-7→4=1.60×313) (23→20=1.60×313) (15→-7=1.56×313) |
| 17988 | 349 | 115.89 | 10 | 0.39~3.00 | (-3→31=1.92×151) (-7→4=1.61×310) (12→1=1.61×14) (23→20=1.60×310) (22→26=1.56×1) |
| 17998 | 354 | 116.47 | 10 | 0.39~3.00 | (-3→31=1.92×148) (-7→4=1.61×315) (12→1=1.61×13) (23→20=1.61×315) (22→26=1.56×1) |
| 18008 | 369 | 116.45 | 10 | 0.39~3.00 | (-3→31=1.92×154) (23→20=1.61×328) (-7→4=1.61×328) (12→1=1.61×13) (22→26=1.56×1) |
| 18019 | 361 | 116.37 | 10 | 0.39~3.00 | (-3→31=1.93×154) (-7→4=1.62×320) (23→20=1.61×320) (12→1=1.60×14) (22→26=1.56×1) |
| 18029 | 365 | 116.81 | 10 | 0.39~3.00 | (-3→31=1.92×156) (-7→4=1.62×324) (23→20=1.62×324) (12→1=1.61×11) (22→26=1.56×1) |
| 18039 | 368 | 117.14 | 10 | 0.39~3.00 | (-3→31=1.93×161) (-7→4=1.62×328) (23→20=1.61×328) (12→1=1.60×12) (22→26=1.56×1) |
| 18050 | 366 | 117.01 | 10 | 0.39~3.00 | (-3→31=1.92×161) (-7→4=1.62×326) (23→20=1.61×326) (12→1=1.57×8) (22→26=1.56×1) |
| 18060 | 373 | 117.66 | 10 | 0.39~3.00 | (-3→31=1.93×163) (23→20=1.62×334) (-7→4=1.62×334) (12→1=1.56×9) (22→26=1.56×1) |
| 18070 | 380 | 118.81 | 10 | 0.39~3.00 | (-3→31=1.91×164) (23→20=1.63×343) (-7→4=1.62×343) (12→1=1.56×7) (22→26=1.56×1) |
| 18081 | 377 | 117.93 | 10 | 0.38~3.00 | (-3→31=1.92×163) (23→20=1.62×338) (-7→4=1.62×338) (22→26=1.56×1) (12→4=1.56×5) |
| 18091 | 393 | 118.81 | 10 | 0.38~3.00 | (-3→31=1.93×168) (23→20=1.64×354) (-7→4=1.62×354) (22→26=1.56×1) (2→15=1.56×354) |
| 18101 | 402 | 119.17 | 10 | 0.38~3.00 | (-3→31=1.92×173) (23→20=1.64×363) (-7→4=1.62×363) (12→4=1.56×4) (22→26=1.56×1) |
| 18112 | 403 | 119.74 | 10 | 0.38~3.00 | (-3→31=1.91×176) (23→20=1.64×366) (-7→4=1.62×366) (12→4=1.57×3) (22→26=1.56×1) |
| 18122 | 417 | 120.08 | 10 | 0.38~3.02 | (-3→31=1.92×183) (23→20=1.64×379) (6→-9=1.63×1) (-7→4=1.63×379) (12→4=1.57×5) |
| 18132 | 412 | 120.12 | 10 | 0.38~3.02 | (-3→31=1.93×187) (23→20=1.63×375) (-7→4=1.63×375) (6→-9=1.63×1) (12→4=1.57×6) |
| 18143 | 405 | 119.85 | 10 | 0.38~3.00 | (-3→31=1.91×185) (23→20=1.64×369) (-7→4=1.64×369) (6→-9=1.63×1) (12→4=1.58×3) |
| 18153 | 412 | 120.18 | 10 | 0.38~3.00 | (-3→31=1.91×187) (23→20=1.64×376) (-7→4=1.63×376) (12→4=1.58×3) (2→15=1.56×376) |
| 18163 | 421 | 120.72 | 10 | 0.38~3.00 | (-3→31=1.91×188) (23→20=1.64×385) (-7→4=1.63×385) (12→4=1.58×3) (2→15=1.56×385) |
| 18174 | 409 | 120.48 | 10 | 0.38~3.00 | (-3→31=1.91×188) (-7→4=1.64×374) (23→20=1.63×374) (12→4=1.57×2) (2→15=1.55×374) |
| 18184 | 415 | 120.51 | 10 | 0.38~3.00 | (-3→31=1.91×188) (-7→4=1.64×379) (23→20=1.63×379) (6→-9=1.63×1) (12→4=1.57×2) |
| 18194 | 426 | 121.02 | 10 | 0.38~3.00 | (-3→31=1.91×192) (-7→4=1.64×390) (23→20=1.63×390) (6→-9=1.63×1) (12→4=1.57×2) |
| 18205 | 425 | 121.33 | 10 | 0.38~3.00 | (-3→31=1.91×192) (-7→4=1.64×390) (23→20=1.64×390) (6→-9=1.63×1) (12→4=1.57×2) |
| 18215 | 410 | 120.90 | 10 | 0.38~3.00 | (-3→31=1.91×186) (-7→4=1.64×375) (23→20=1.64×375) (12→4=1.57×2) (2→15=1.54×375) |
| 18225 | 407 | 120.63 | 10 | 0.39~3.00 | (-3→31=1.91×183) (23→20=1.64×371) (-7→4=1.64×371) (2→15=1.54×371) (-12→11=1.54×2) |
| 18236 | 410 | 120.61 | 10 | 0.39~3.00 | (-3→31=1.92×184) (23→20=1.64×373) (-7→4=1.64×373) (2→15=1.55×373) (-12→11=1.54×1) |
| 18246 | 399 | 121.01 | 10 | 0.39~3.00 | (-3→31=1.92×179) (23→20=1.64×364) (-7→4=1.64×364) (9→17=1.54×21) (2→15=1.54×364) |
| 18256 | 404 | 120.29 | 10 | 0.39~3.00 | (-3→31=1.92×184) (-7→4=1.64×366) (23→20=1.63×366) (9→17=1.54×21) (-12→11=1.54×1) |
| 18267 | 408 | 120.28 | 10 | 0.39~3.00 | (-3→31=1.93×183) (23→20=1.64×369) (-7→4=1.64×369) (9→17=1.54×21) (2→15=1.54×369) |
| 18277 | 405 | 120.12 | 10 | 0.39~3.00 | (-3→31=1.93×186) (-7→4=1.64×365) (23→20=1.63×365) (9→17=1.55×23) (2→15=1.53×365) |
| 18287 | 392 | 119.83 | 10 | 0.39~3.00 | (-3→31=1.94×184) (-7→4=1.64×353) (23→20=1.63×353) (9→17=1.55×23) (2→15=1.53×353) |
| 18298 | 401 | 119.75 | 10 | 0.39~3.00 | (-3→31=1.94×193) (-7→4=1.65×361) (23→20=1.62×361) (9→17=1.56×25) (2→15=1.53×361) |
| 18308 | 405 | 119.91 | 10 | 0.37~3.00 | (-3→31=1.94×196) (-7→4=1.65×365) (23→20=1.62×365) (9→17=1.56×24) (2→15=1.53×365) |
| 18318 | 407 | 119.76 | 10 | 0.37~3.00 | (-3→31=1.94×206) (-7→4=1.66×367) (23→20=1.61×367) (9→17=1.58×24) (12→4=1.52×4) |
| 18329 | 418 | 119.30 | 10 | 0.37~3.00 | (-3→31=1.93×211) (-7→4=1.66×375) (23→20=1.61×375) (9→17=1.58×24) (2→15=1.52×375) |
| 18339 | 427 | 120.23 | 10 | 0.37~3.00 | (-3→31=1.93×219) (-7→4=1.67×386) (9→17=1.61×25) (23→20=1.60×386) (2→15=1.51×386) |
| 18349 | 430 | 119.59 | 10 | 0.37~3.00 | (-3→31=1.94×223) (-7→4=1.67×387) (9→17=1.61×25) (23→20=1.60×387) (2→-12=1.51×197) |
| 18360 | 417 | 118.79 | 10 | 0.37~3.00 | (-3→31=1.92×218) (-7→4=1.67×373) (9→17=1.61×25) (23→20=1.60×373) (12→4=1.59×1) |
| 18370 | 417 | 118.11 | 10 | 0.37~3.00 | (-3→31=1.93×219) (-7→4=1.68×371) (9→17=1.61×24) (23→20=1.60×371) (12→4=1.59×1) |
| 18380 | 420 | 118.25 | 10 | 0.37~3.00 | (-3→31=1.93×226) (-7→4=1.68×374) (9→17=1.61×24) (23→20=1.59×373) (12→4=1.59×2) |
| 18391 | 412 | 117.65 | 11 | 0.37~3.00 | (-3→31=1.93×220) (-7→4=1.69×365) (9→17=1.59×22) (23→20=1.59×364) (12→4=1.59×2) |
| 18401 | 419 | 117.29 | 11 | 0.37~3.00 | (-3→31=1.92×223) (-7→4=1.69×370) (9→17=1.59×21) (23→20=1.59×369) (12→4=1.59×1) |
| 18411 | 424 | 116.91 | 11 | 0.37~3.00 | (-3→31=1.92×224) (-7→4=1.69×373) (23→20=1.59×372) (9→17=1.59×21) (12→4=1.59×1) |
| 18422 | 423 | 116.21 | 11 | 0.37~3.00 | (-3→31=1.92×223) (-7→4=1.69×369) (23→20=1.59×368) (9→17=1.59×22) (12→4=1.59×1) |
| 18432 | 416 | 116.53 | 11 | 0.37~3.00 | (-3→31=1.92×215) (-7→4=1.68×363) (9→17=1.61×21) (23→20=1.59×362) (12→4=1.59×1) |
| 18442 | 418 | 116.43 | 11 | 0.37~3.00 | (-3→31=1.92×214) (-7→4=1.68×364) (9→17=1.61×21) (23→20=1.59×363) (12→4=1.59×1) |
| 18453 | 415 | 116.33 | 11 | 0.37~3.00 | (-3→31=1.92×215) (-7→4=1.68×361) (9→17=1.61×20) (23→20=1.59×360) (12→4=1.59×1) |
| 18463 | 397 | 114.43 | 11 | 0.37~3.00 | (-3→31=1.92×209) (-7→4=1.69×341) (9→17=1.61×20) (12→4=1.59×1) (23→20=1.57×340) |
| 18473 | 401 | 113.92 | 11 | 0.37~3.00 | (-3→31=1.92×211) (-7→4=1.69×343) (9→17=1.62×19) (12→4=1.59×1) (23→20=1.58×342) |
| 18484 | 411 | 113.86 | 11 | 0.37~3.00 | (-3→31=1.92×213) (-7→4=1.69×351) (9→17=1.61×20) (12→4=1.59×1) (23→20=1.58×350) |
| 18494 | 404 | 113.41 | 11 | 0.37~3.00 | (-3→31=1.92×212) (-7→4=1.69×344) (9→17=1.61×19) (12→4=1.59×1) (23→20=1.58×343) |
| 18504 | 408 | 113.72 | 11 | 0.37~3.00 | (-3→31=1.92×213) (-7→4=1.69×348) (9→17=1.61×19) (12→4=1.59×1) (23→20=1.58×347) |
| 18515 | 415 | 114.53 | 11 | 0.37~3.00 | (-3→31=1.92×213) (-7→4=1.69×356) (23→20=1.59×355) (12→4=1.59×1) (9→17=1.58×18) |
| 18525 | 404 | 114.44 | 11 | 0.37~3.00 | (-3→31=1.92×211) (-7→4=1.69×347) (12→4=1.59×1) (23→20=1.58×346) (9→17=1.57×17) |
| 18535 | 403 | 115.50 | 11 | 0.35~2.82 | (-3→31=1.91×205) (-7→4=1.68×348) (23→20=1.59×347) (9→17=1.57×19) (-13→-14=1.55×13) |
| 18546 | 392 | 114.39 | 11 | 0.35~2.82 | (-3→31=1.91×203) (-7→4=1.69×336) (23→20=1.59×335) (9→17=1.57×18) (-13→-14=1.55×12) |
| 18556 | 394 | 114.58 | 11 | 0.35~2.82 | (-3→31=1.91×201) (-7→4=1.69×338) (23→20=1.59×337) (9→17=1.57×18) (-13→-14=1.55×12) |
| 18566 | 372 | 114.46 | 10 | 0.35~2.82 | (-3→31=1.90×194) (-7→4=1.69×319) (9→17=1.62×18) (23→20=1.58×318) (-13→-14=1.55×12) |
| 18577 | 370 | 114.91 | 10 | 0.37~2.82 | (-3→31=1.90×196) (-7→4=1.70×319) (9→17=1.62×17) (23→20=1.58×318) (-13→-14=1.55×12) |
| 18587 | 358 | 114.66 | 10 | 0.37~2.82 | (-3→31=1.89×192) (-7→4=1.70×308) (9→17=1.59×17) (23→20=1.58×307) (-13→-14=1.55×12) |
| 18597 | 341 | 114.58 | 10 | 0.37~2.82 | (-3→31=1.88×182) (-7→4=1.69×293) (9→17=1.59×17) (23→20=1.58×293) (-13→-14=1.55×12) |
| 18608 | 343 | 114.43 | 10 | 0.37~2.82 | (-3→31=1.88×184) (-7→4=1.70×294) (9→17=1.60×18) (23→20=1.57×294) (-13→-14=1.55×12) |
| 18618 | 333 | 114.33 | 10 | 0.37~2.82 | (-3→31=1.87×180) (-7→4=1.71×285) (9→17=1.60×17) (23→20=1.57×285) (-13→-14=1.55×11) |
| 18628 | 332 | 115.02 | 10 | 0.37~2.82 | (-3→31=1.87×181) (-7→4=1.71×285) (9→17=1.60×18) (23→20=1.57×285) (-13→-14=1.55×10) |
| 18639 | 311 | 114.08 | 11 | 0.37~2.82 | (-3→31=1.87×167) (-7→4=1.71×265) (9→17=1.60×14) (23→20=1.57×265) (-13→-14=1.55×10) |
| 18649 | 307 | 113.73 | 11 | 0.37~2.82 | (-3→31=1.87×165) (-7→4=1.71×261) (9→17=1.60×14) (23→20=1.57×261) (-13→-14=1.55×10) |
| 18659 | 302 | 113.91 | 11 | 0.37~2.82 | (-3→31=1.85×161) (-7→4=1.71×257) (9→17=1.61×13) (23→20=1.56×257) (-13→-14=1.55×10) |
| 18670 | 296 | 113.03 | 10 | 0.37~2.82 | (-3→31=1.85×157) (-7→4=1.71×250) (9→17=1.62×13) (23→20=1.56×250) (-13→-14=1.55×10) |
| 18680 | 291 | 112.54 | 10 | 0.37~2.82 | (-3→31=1.85×155) (-7→4=1.71×245) (9→17=1.62×13) (23→20=1.56×245) (-13→-14=1.55×10) |
| 18690 | 288 | 112.96 | 10 | 0.38~2.82 | (-3→31=1.85×156) (-7→4=1.71×244) (9→17=1.62×13) (-13→-14=1.55×10) (23→20=1.55×244) |
| 18701 | 275 | 112.27 | 10 | 0.38~2.82 | (-3→31=1.86×153) (-7→4=1.72×232) (9→17=1.62×13) (-13→-14=1.56×9) (23→20=1.54×232) |
| 18711 | 278 | 112.96 | 10 | 0.38~2.82 | (-3→31=1.85×156) (-7→4=1.72×236) (9→17=1.62×13) (-13→-14=1.56×8) (23→20=1.54×236) |
| 18721 | 280 | 112.40 | 10 | 0.38~2.82 | (-3→31=1.85×158) (-7→4=1.72×237) (9→17=1.62×13) (-13→-14=1.56×8) (23→20=1.54×237) |
| 18732 | 280 | 113.19 | 10 | 0.38~2.82 | (-3→31=1.85×156) (-7→4=1.72×238) (9→17=1.62×13) (-13→-14=1.56×7) (23→20=1.54×238) |
| 18742 | 280 | 113.09 | 10 | 0.38~2.82 | (-3→31=1.86×156) (-7→4=1.72×238) (9→17=1.62×13) (-13→-14=1.56×7) (23→20=1.55×238) |
| 18752 | 282 | 112.96 | 10 | 0.38~2.82 | (-3→31=1.86×160) (-7→4=1.73×239) (9→17=1.62×13) (-13→-14=1.56×7) (23→20=1.55×239) |
| 18763 | 281 | 112.63 | 10 | 0.38~2.82 | (-3→31=1.86×158) (-7→4=1.72×237) (9→17=1.62×13) (-13→-14=1.56×7) (23→20=1.55×237) |
| 18773 | 281 | 113.03 | 10 | 0.38~2.82 | (-3→31=1.85×160) (-7→4=1.73×238) (9→17=1.62×13) (-13→-14=1.57×6) (23→20=1.55×238) |
| 18783 | 277 | 112.61 | 10 | 0.38~2.82 | (-3→31=1.86×154) (-7→4=1.72×233) (9→17=1.61×12) (23→20=1.56×233) (2→-12=1.54×149) |
| 18794 | 273 | 111.96 | 10 | 0.38~2.82 | (-3→31=1.85×151) (-7→4=1.71×228) (9→17=1.60×10) (23→20=1.56×227) (2→-12=1.54×146) |
| 18804 | 275 | 112.27 | 10 | 0.38~2.82 | (-3→31=1.85×152) (-7→4=1.71×230) (9→17=1.58×9) (23→20=1.56×229) (2→-12=1.54×147) |
| 18814 | 271 | 111.46 | 10 | 0.38~2.82 | (-3→31=1.85×151) (-7→4=1.72×226) (9→17=1.58×8) (23→20=1.56×225) (2→-12=1.54×146) |
| 18825 | 269 | 111.03 | 10 | 0.38~2.82 | (-3→31=1.85×151) (-7→4=1.72×223) (9→17=1.58×8) (23→20=1.55×221) (2→-12=1.54×146) |
| 18835 | 270 | 111.39 | 10 | 0.38~2.82 | (-3→31=1.85×148) (-7→4=1.71×224) (9→17=1.58×8) (2→-12=1.55×143) (23→20=1.55×222) |
| 18845 | 257 | 113.00 | 10 | 0.38~2.82 | (-3→31=1.85×141) (-7→4=1.71×216) (9→17=1.58×8) (23→20=1.56×214) (2→-12=1.55×136) |
| 18856 | 255 | 112.29 | 10 | 0.38~2.82 | (-3→31=1.85×137) (-7→4=1.71×213) (9→17=1.58×8) (23→20=1.56×211) (2→-12=1.55×132) |
| 18866 | 251 | 111.48 | 10 | 0.38~2.82 | (-3→31=1.85×134) (-7→4=1.71×208) (9→17=1.58×8) (23→20=1.56×206) (2→-12=1.55×129) |
| 18876 | 241 | 111.59 | 10 | 0.38~2.82 | (-3→31=1.84×123) (-7→4=1.70×199) (9→17=1.58×8) (23→20=1.56×197) (2→-12=1.56×118) |
| 18887 | 246 | 113.17 | 10 | 0.38~2.82 | (-3→31=1.85×126) (-7→4=1.70×206) (9→17=1.58×8) (23→20=1.58×204) (2→-12=1.56×121) |
| 18897 | 244 | 111.95 | 10 | 0.38~2.82 | (-3→31=1.85×122) (-7→4=1.69×202) (23→20=1.58×200) (2→-12=1.56×117) (9→17=1.56×7) |
| 18907 | 242 | 111.73 | 10 | 0.38~2.82 | (-3→31=1.84×120) (-7→4=1.69×200) (23→20=1.58×198) (2→-12=1.57×116) (22→-29=1.56×6) |
| 18918 | 245 | 112.29 | 10 | 0.38~2.82 | (-3→31=1.84×120) (-7→4=1.69×203) (23→20=1.59×201) (2→-12=1.56×116) (9→17=1.56×5) |
| 18928 | 248 | 112.58 | 10 | 0.38~2.82 | (-3→31=1.83×123) (-7→4=1.70×206) (23→20=1.59×204) (2→-12=1.56×119) (9→17=1.56×5) |
| 18938 | 246 | 113.24 | 10 | 0.38~2.82 | (-3→31=1.83×117) (-7→4=1.69×204) (23→20=1.60×202) (2→-12=1.56×114) (9→17=1.56×5) |
| 18949 | 242 | 113.06 | 10 | 0.38~2.82 | (-3→31=1.83×113) (-7→4=1.68×200) (23→20=1.60×199) (2→-12=1.56×110) (9→17=1.56×5) |
| 18959 | 245 | 113.79 | 11 | 0.38~2.82 | (-3→31=1.82×113) (-7→4=1.68×203) (23→20=1.61×202) (2→-12=1.56×110) (9→17=1.56×5) |
| 18969 | 251 | 113.15 | 11 | 0.38~2.82 | (-3→31=1.82×115) (-7→4=1.68×206) (23→20=1.62×205) (2→-12=1.57×112) (9→17=1.56×5) |
| 18980 | 251 | 113.88 | 11 | 0.36~2.82 | (-3→31=1.83×113) (-7→4=1.68×207) (23→20=1.63×206) (2→-12=1.57×110) (9→17=1.56×5) |
| 18990 | 248 | 113.18 | 11 | 0.36~2.82 | (-3→31=1.82×113) (-7→4=1.69×203) (23→20=1.62×202) (2→-12=1.57×110) (9→17=1.56×5) |
| 19000 | 244 | 112.85 | 11 | 0.36~2.82 | (-3→31=1.82×108) (-7→4=1.68×199) (23→20=1.64×198) (2→-12=1.57×105) (9→17=1.56×4) |
| 19011 | 252 | 113.09 | 11 | 0.36~2.82 | (-3→31=1.82×113) (-7→4=1.68×206) (23→20=1.64×205) (2→-12=1.58×110) (9→17=1.56×4) |
| 19021 | 255 | 113.76 | 11 | 0.36~2.82 | (-3→31=1.82×111) (-7→4=1.68×209) (23→20=1.65×208) (2→-12=1.58×108) (9→17=1.56×4) |
| 19031 | 248 | 112.25 | 11 | 0.36~2.82 | (-3→31=1.81×110) (-7→4=1.69×201) (23→20=1.64×200) (2→-12=1.58×107) (9→17=1.56×3) |
| 19042 | 249 | 112.38 | 10 | 0.39~2.82 | (-3→31=1.82×110) (-7→4=1.69×201) (23→20=1.65×201) (2→-12=1.59×107) (9→17=1.56×3) |
| 19052 | 239 | 112.42 | 10 | 0.39~2.82 | (-3→31=1.81×106) (-7→4=1.69×193) (23→20=1.64×193) (7→28=1.60×2) (2→-12=1.59×104) |
| 19062 | 238 | 112.83 | 10 | 0.39~2.82 | (-3→31=1.81×107) (-7→4=1.69×193) (23→20=1.65×193) (7→28=1.60×2) (2→-12=1.59×105) |
| 19073 | 231 | 112.76 | 10 | 0.39~2.82 | (-3→31=1.80×104) (-7→4=1.69×187) (23→20=1.64×187) (7→28=1.60×2) (2→-12=1.59×102) |
| 19083 | 232 | 112.39 | 10 | 0.39~2.82 | (-3→31=1.81×101) (-7→4=1.69×187) (23→20=1.65×187) (2→-12=1.59×100) (9→17=1.56×3) |
| 19093 | 233 | 113.50 | 10 | 0.39~2.82 | (-3→31=1.81×104) (-7→4=1.69×190) (23→20=1.65×190) (2→-12=1.59×103) (9→17=1.56×3) |
| 19104 | 233 | 112.98 | 10 | 0.39~2.77 | (-3→31=1.81×102) (-7→4=1.69×189) (23→20=1.65×189) (2→-12=1.58×101) (9→17=1.56×3) |
| 19114 | 237 | 114.01 | 10 | 0.39~2.77 | (-3→31=1.81×108) (-7→4=1.70×194) (23→20=1.65×194) (2→-12=1.58×107) (9→17=1.56×3) |
| 19124 | 235 | 113.10 | 10 | 0.39~2.77 | (-3→31=1.81×109) (-7→4=1.71×192) (23→20=1.64×192) (2→-12=1.58×109) (9→17=1.56×3) |
| 19135 | 238 | 113.70 | 10 | 0.39~2.77 | (-3→31=1.81×109) (-7→4=1.70×195) (23→20=1.65×195) (2→-12=1.58×109) (9→17=1.56×3) |
| 19145 | 232 | 113.46 | 10 | 0.39~2.77 | (-3→31=1.81×108) (-7→4=1.72×189) (23→20=1.64×189) (2→-12=1.58×108) (9→17=1.56×3) |
| 19155 | 234 | 112.94 | 10 | 0.39~2.77 | (-3→31=1.81×110) (-7→4=1.73×190) (23→20=1.64×190) (2→-12=1.58×110) (9→17=1.56×3) |
| 19166 | 251 | 114.38 | 10 | 0.39~2.77 | (-3→31=1.81×121) (-7→4=1.74×207) (23→20=1.65×204) (2→-12=1.58×121) (9→17=1.56×3) |
| 19176 | 248 | 114.50 | 10 | 0.39~2.77 | (-3→31=1.80×117) (-7→4=1.73×204) (23→20=1.65×201) (2→-12=1.58×117) (9→17=1.56×3) |
| 19186 | 258 | 115.81 | 10 | 0.39~2.77 | (-3→31=1.79×120) (-7→4=1.73×214) (23→20=1.66×208) (2→-12=1.58×120) (9→17=1.56×3) |
| 19197 | 261 | 115.66 | 10 | 0.39~2.77 | (-3→31=1.79×125) (-7→4=1.74×217) (23→20=1.66×211) (2→-12=1.58×125) (9→17=1.56×2) |
| 19207 | 270 | 116.59 | 10 | 0.37~2.77 | (-3→31=1.79×129) (-7→4=1.74×226) (23→20=1.66×219) (2→-12=1.58×129) (9→17=1.56×2) |
| 19217 | 267 | 114.78 | 10 | 0.37~2.77 | (-3→31=1.78×134) (-7→4=1.76×221) (23→20=1.65×214) (2→-12=1.58×134) (9→17=1.56×2) |
| 19228 | 271 | 115.28 | 10 | 0.37~2.77 | (-3→31=1.78×135) (-7→4=1.76×225) (23→20=1.65×218) (2→-12=1.58×135) (9→17=1.56×2) |
| 19238 | 284 | 115.97 | 10 | 0.37~2.77 | (-3→31=1.77×140) (-7→4=1.75×237) (23→20=1.65×230) (2→-12=1.58×140) (9→17=1.56×2) |
| 19248 | 277 | 113.70 | 10 | 0.39~2.77 | (-3→31=1.78×134) (-7→4=1.75×227) (23→20=1.64×221) (2→-12=1.58×134) (9→17=1.56×2) |
| 19259 | 289 | 114.11 | 10 | 0.39~2.77 | (-3→31=1.78×142) (-7→4=1.75×238) (23→20=1.64×232) (2→-12=1.58×142) (9→17=1.56×2) |
| 19269 | 270 | 112.07 | 10 | 0.39~2.77 | (-3→31=1.80×128) (-7→4=1.74×218) (23→20=1.64×215) (2→-12=1.58×128) (2→15=1.56×219) |
| 19279 | 279 | 111.78 | 10 | 0.39~2.77 | (-3→31=1.79×135) (-7→4=1.74×225) (23→20=1.64×223) (2→-12=1.58×135) (2→15=1.57×226) |
| 19290 | 281 | 111.91 | 10 | 0.39~2.77 | (-3→31=1.80×133) (-7→4=1.74×227) (23→20=1.64×225) (2→-12=1.58×133) (2→15=1.57×228) |
| 19300 | 279 | 111.15 | 10 | 0.39~2.77 | (-3→31=1.79×135) (-7→4=1.74×224) (23→20=1.63×222) (2→-12=1.59×135) (2→15=1.56×225) |
| 19310 | 279 | 111.03 | 10 | 0.39~2.77 | (-3→31=1.79×135) (-7→4=1.74×224) (23→20=1.63×222) (2→-12=1.58×135) (2→15=1.56×225) |
| 19321 | 269 | 108.41 | 10 | 0.39~2.77 | (-3→31=1.79×127) (-7→4=1.73×211) (23→20=1.63×209) (2→-12=1.58×127) (2→15=1.57×212) |
| 19331 | 272 | 109.05 | 10 | 0.39~2.77 | (-3→31=1.79×132) (-7→4=1.74×215) (23→20=1.62×213) (2→-12=1.59×132) (2→15=1.57×216) |
| 19341 | 275 | 109.91 | 10 | 0.39~2.77 | (-3→31=1.79×130) (-7→4=1.74×218) (23→20=1.63×216) (2→-12=1.58×130) (2→15=1.57×219) |
| 19352 | 278 | 110.36 | 10 | 0.39~3.34 | (-3→31=1.80×133) (-7→4=1.74×221) (23→20=1.64×219) (2→-12=1.58×133) (2→15=1.56×222) |
| 19362 | 282 | 110.81 | 10 | 0.39~3.34 | (-3→31=1.79×137) (-7→4=1.75×225) (23→20=1.64×220) (2→-12=1.58×137) (2→15=1.56×226) |
| 19372 | 278 | 110.25 | 10 | 0.39~3.34 | (-3→31=1.81×134) (-7→4=1.74×221) (23→20=1.64×216) (2→-12=1.59×134) (2→15=1.56×221) |
| 19383 | 284 | 110.00 | 10 | 0.39~3.34 | (-3→31=1.80×138) (-7→4=1.75×225) (23→20=1.64×219) (2→-12=1.59×138) (2→15=1.55×225) |
| 19393 | 293 | 110.25 | 10 | 0.39~3.34 | (-3→31=1.81×137) (-7→4=1.74×231) (23→20=1.65×225) (2→-12=1.58×137) (2→15=1.55×231) |
| 19403 | 288 | 110.57 | 10 | 0.39~3.34 | (-3→31=1.80×134) (-7→4=1.74×228) (23→20=1.66×221) (2→-12=1.58×134) (2→15=1.56×228) |
| 19414 | 290 | 111.23 | 10 | 0.39~3.34 | (-3→31=1.80×136) (-7→4=1.74×231) (23→20=1.66×224) (2→-12=1.58×136) (2→15=1.56×231) |
| 19424 | 294 | 112.73 | 10 | 0.39~3.34 | (-3→31=1.79×136) (-7→4=1.73×236) (23→20=1.67×229) (2→-12=1.58×136) (2→15=1.56×236) |
| 19434 | 288 | 113.45 | 10 | 0.39~3.34 | (-3→31=1.80×135) (-7→4=1.73×233) (23→20=1.67×227) (2→-12=1.58×135) (2→15=1.56×233) |
| 19445 | 292 | 115.07 | 10 | 0.39~3.34 | (-3→31=1.79×138) (-7→4=1.73×239) (23→20=1.67×234) (2→-12=1.59×138) (2→15=1.56×239) |
| 19455 | 303 | 115.59 | 10 | 0.39~3.34 | (-3→31=1.79×143) (-7→4=1.72×249) (23→20=1.67×245) (2→-12=1.58×143) (2→15=1.55×249) |
| 19465 | 304 | 115.65 | 10 | 0.39~3.34 | (-3→31=1.78×141) (-7→4=1.72×249) (23→20=1.67×245) (2→-12=1.58×141) (2→15=1.56×249) |
| 19476 | 313 | 116.24 | 10 | 0.39~3.34 | (-3→31=1.78×148) (-7→4=1.72×258) (23→20=1.67×254) (2→-12=1.58×148) (2→15=1.56×258) |
| 19486 | 322 | 116.62 | 10 | 0.39~3.34 | (-3→31=1.77×154) (-7→4=1.71×266) (23→20=1.68×262) (2→-12=1.59×154) (2→15=1.56×266) |
| 19496 | 311 | 115.77 | 10 | 0.39~3.34 | (-3→31=1.78×155) (-7→4=1.73×257) (23→20=1.67×253) (2→-12=1.59×155) (2→15=1.57×257) |
| 19507 | 317 | 116.39 | 10 | 0.39~3.34 | (-3→31=1.77×157) (-7→4=1.72×263) (23→20=1.68×259) (2→-12=1.59×157) (2→15=1.57×263) |
| 19517 | 322 | 117.91 | 10 | 0.39~3.34 | (-3→31=1.77×156) (-7→4=1.70×270) (23→20=1.68×266) (2→-12=1.59×156) (2→15=1.58×270) |
| 19527 | 311 | 116.02 | 10 | 0.39~3.34 | (-3→31=1.77×159) (-7→4=1.73×259) (23→20=1.66×256) (2→-12=1.59×159) (2→15=1.58×259) |
| 19538 | 315 | 117.39 | 10 | 0.39~3.34 | (-3→31=1.77×157) (-7→4=1.71×264) (23→20=1.67×261) (2→-12=1.59×157) (2→15=1.58×264) |
| 19548 | 320 | 117.50 | 10 | 0.39~3.34 | (-3→31=1.76×161) (-7→4=1.71×268) (23→20=1.67×266) (2→-12=1.59×161) (2→15=1.58×268) |
| 19558 | 307 | 117.81 | 10 | 0.39~3.34 | (-3→31=1.76×157) (-7→4=1.73×258) (23→20=1.67×256) (2→-12=1.59×157) (2→15=1.58×258) |
| 19569 | 318 | 117.12 | 10 | 0.39~3.34 | (-3→31=1.76×158) (-7→4=1.72×265) (23→20=1.68×264) (2→-12=1.59×158) (2→15=1.59×265) |
| 19579 | 320 | 117.32 | 10 | 0.39~3.34 | (-3→31=1.78×154) (-7→4=1.72×266) (23→20=1.68×266) (2→-12=1.59×154) (2→15=1.59×266) |
| 19589 | 313 | 118.71 | 10 | 0.39~3.34 | (-3→31=1.78×148) (-7→4=1.71×262) (23→20=1.69×262) (2→15=1.59×262) (2→-12=1.59×148) |
| 19600 | 320 | 119.90 | 10 | 0.39~3.34 | (-3→31=1.79×151) (-7→4=1.71×270) (23→20=1.69×270) (2→15=1.59×270) (2→-12=1.59×151) |
| 19610 | 324 | 121.41 | 10 | 0.39~3.34 | (-3→31=1.80×147) (-7→4=1.70×275) (23→20=1.70×275) (2→15=1.59×275) (2→-12=1.59×147) |
| 19620 | 322 | 121.19 | 10 | 0.39~3.34 | (-3→31=1.82×146) (-7→4=1.70×273) (23→20=1.70×273) (2→15=1.59×273) (2→-12=1.59×146) |
| 19631 | 330 | 122.31 | 10 | 0.39~3.34 | (-3→31=1.83×143) (23→20=1.70×281) (-7→4=1.69×281) (2→15=1.59×281) (2→-12=1.59×143) |
| 19641 | 340 | 122.58 | 10 | 0.39~3.34 | (-3→31=1.84×146) (23→20=1.71×289) (-7→4=1.69×289) (2→15=1.59×289) (16→6=1.59×157) |
| 19651 | 332 | 121.42 | 10 | 0.39~3.34 | (-3→31=1.85×143) (23→20=1.71×280) (-7→4=1.70×280) (2→15=1.59×280) (2→-12=1.59×143) |
| 19662 | 335 | 122.19 | 10 | 0.37~3.34 | (-3→31=1.85×144) (23→20=1.70×284) (-7→4=1.70×284) (2→15=1.59×284) (2→-12=1.58×144) |
| 19672 | 335 | 121.92 | 10 | 0.37~3.34 | (-3→31=1.85×140) (23→20=1.71×282) (-7→4=1.69×282) (2→15=1.59×282) (16→6=1.59×156) |
| 19682 | 346 | 123.21 | 11 | 0.37~3.34 | (-3→31=1.85×144) (23→20=1.71×294) (-7→4=1.68×294) (2→15=1.59×294) (16→6=1.59×164) |
| 19693 | 335 | 123.23 | 11 | 0.37~3.34 | (-3→31=1.86×138) (23→20=1.73×284) (-7→4=1.68×284) (16→6=1.60×158) (2→15=1.60×284) |
| 19703 | 340 | 123.06 | 11 | 0.37~3.34 | (-3→31=1.86×139) (23→20=1.73×287) (-7→4=1.68×287) (16→6=1.61×160) (2→15=1.59×287) |
| 19713 | 338 | 123.71 | 11 | 0.37~3.34 | (-3→31=1.86×133) (23→20=1.73×286) (-7→4=1.67×286) (16→6=1.60×166) (2→-12=1.59×133) |
| 19724 | 327 | 122.15 | 11 | 0.37~2.77 | (-3→31=1.86×125) (23→20=1.74×273) (-7→4=1.66×273) (16→6=1.61×160) (2→-12=1.59×125) |
| 19734 | 326 | 122.97 | 11 | 0.37~2.77 | (-3→31=1.86×121) (23→20=1.75×273) (-7→4=1.65×273) (16→6=1.61×164) (2→15=1.59×273) |
| 19744 | 327 | 123.54 | 11 | 0.37~2.77 | (-3→31=1.86×121) (23→20=1.75×275) (-7→4=1.66×275) (16→6=1.62×165) (2→-12=1.60×121) |
| 19755 | 317 | 123.22 | 11 | 0.37~2.77 | (-3→31=1.86×120) (23→20=1.74×266) (-7→4=1.67×266) (2→-12=1.60×120) (16→6=1.60×157) |
| 19765 | 312 | 123.07 | 11 | 0.37~2.77 | (-3→31=1.85×116) (23→20=1.74×261) (-7→4=1.67×261) (2→-12=1.60×116) (16→6=1.60×157) |
| 19775 | 325 | 123.68 | 11 | 0.37~2.77 | (-3→31=1.83×123) (23→20=1.74×274) (-7→4=1.67×274) (2→-12=1.61×123) (16→6=1.59×163) |
| 19786 | 334 | 124.05 | 11 | 0.37~2.77 | (-3→31=1.84×125) (23→20=1.75×281) (-7→4=1.67×281) (2→-12=1.60×125) (16→6=1.60×168) |
| 19796 | 328 | 125.09 | 11 | 0.37~2.77 | (-3→31=1.83×124) (23→20=1.75×278) (-7→4=1.67×278) (2→-12=1.61×124) (-3→1=1.60×6) |
| 19806 | 324 | 125.03 | 11 | 0.37~2.77 | (-3→31=1.82×121) (23→20=1.74×274) (-7→4=1.66×274) (2→-12=1.61×121) (-2→27=1.61×21) |
| 19817 | 329 | 124.16 | 11 | 0.37~2.77 | (-3→31=1.83×124) (23→20=1.75×276) (-7→4=1.67×276) (-2→27=1.61×20) (2→-12=1.60×124) |
| 19827 | 307 | 122.46 | 11 | 0.36~2.77 | (-3→31=1.82×112) (23→20=1.74×254) (-7→4=1.67×254) (-2→27=1.62×17) (2→-12=1.60×112) |
| 19837 | 309 | 122.50 | 11 | 0.36~2.77 | (-3→31=1.82×110) (23→20=1.73×255) (-7→4=1.66×255) (-2→27=1.62×15) (2→-12=1.61×110) |
| 19848 | 305 | 121.61 | 11 | 0.36~2.77 | (-3→31=1.83×110) (23→20=1.74×250) (-7→4=1.67×250) (-2→27=1.63×14) (-3→1=1.62×5) |
| 19858 | 306 | 121.70 | 11 | 0.36~2.77 | (-3→31=1.84×107) (23→20=1.74×250) (-7→4=1.66×250) (-2→27=1.63×14) (-3→1=1.62×5) |
| 19868 | 295 | 121.22 | 11 | 0.37~2.77 | (-3→31=1.85×101) (23→20=1.75×240) (-7→4=1.66×240) (-2→27=1.63×12) (-3→1=1.62×5) |
| 19879 | 293 | 121.16 | 11 | 0.37~2.77 | (-3→31=1.86×101) (23→20=1.74×238) (-7→4=1.66×238) (-2→27=1.63×12) (-3→1=1.62×5) |
| 19889 | 293 | 121.22 | 11 | 0.37~2.77 | (-3→31=1.86×101) (23→20=1.74×238) (-7→4=1.67×238) (-2→27=1.63×11) (-3→1=1.62×5) |
| 19899 | 287 | 120.79 | 11 | 0.37~2.77 | (-3→31=1.87×97) (23→20=1.75×232) (-7→4=1.66×232) (-2→27=1.63×11) (-3→1=1.62×5) |
| 19910 | 280 | 120.73 | 11 | 0.34~2.77 | (-3→31=1.89×92) (23→20=1.76×225) (-7→4=1.66×225) (-2→27=1.63×13) (-3→1=1.62×5) |
| 19920 | 288 | 121.67 | 11 | 0.34~2.77 | (-3→31=1.89×92) (23→20=1.77×232) (-7→4=1.65×232) (16→6=1.64×145) (-2→27=1.63×14) |
| 19930 | 284 | 122.65 | 11 | 0.34~2.77 | (-3→31=1.89×90) (23→20=1.77×230) (-7→4=1.65×230) (16→6=1.65×145) (-2→27=1.63×13) |
| 19941 | 269 | 122.42 | 11 | 0.34~2.77 | (-3→31=1.90×82) (23→20=1.78×217) (16→6=1.66×139) (-7→4=1.64×217) (-2→27=1.61×14) |
| 19951 | 266 | 121.64 | 11 | 0.34~2.77 | (-3→31=1.90×80) (23→20=1.78×213) (16→6=1.66×137) (-7→4=1.64×213) (-2→27=1.61×13) |
| 19961 | 262 | 121.53 | 11 | 0.34~2.77 | (-3→31=1.90×78) (23→20=1.79×209) (16→6=1.67×134) (-7→4=1.64×209) (-2→27=1.61×14) |
| 19972 | 248 | 122.33 | 11 | 0.34~2.77 | (-3→31=1.90×69) (23→20=1.79×198) (16→6=1.66×132) (-7→4=1.63×198) (-2→27=1.62×10) |
| 19982 | 240 | 122.55 | 11 | 0.34~2.61 | (-3→31=1.89×63) (23→20=1.78×191) (16→6=1.67×131) (-7→4=1.62×191) (2→15=1.62×191) |
| 19992 | 243 | 121.58 | 11 | 0.34~2.61 | (-3→31=1.89×64) (23→20=1.78×192) (16→6=1.67×131) (-7→4=1.63×192) (2→15=1.62×192) |
| 20003 | 244 | 121.98 | 11 | 0.34~2.61 | (-3→31=1.91×61) (23→20=1.79×193) (16→6=1.67×135) (2→15=1.62×193) (-7→4=1.62×193) |
| 20013 | 227 | 119.63 | 11 | 0.34~2.61 | (-3→31=1.92×59) (23→20=1.78×177) (16→6=1.66×121) (-7→4=1.63×177) (2→15=1.62×177) |
| 20023 | 235 | 119.62 | 11 | 0.34~2.67 | (-3→31=1.92×58) (23→20=1.78×182) (16→6=1.68×127) (2→15=1.63×182) (-7→4=1.62×182) |
| 20034 | 233 | 120.30 | 11 | 0.34~2.67 | (-3→31=1.91×56) (23→20=1.79×181) (16→6=1.68×128) (2→15=1.63×181) (-7→4=1.62×181) |
| 20044 | 220 | 117.01 | 11 | 0.34~2.67 | (-3→31=1.92×53) (23→20=1.78×166) (16→6=1.69×116) (-7→4=1.63×166) (2→15=1.63×166) |
| 20054 | 223 | 118.34 | 11 | 0.34~2.67 | (-3→31=1.92×54) (23→20=1.78×170) (16→6=1.68×119) (-7→4=1.63×170) (2→15=1.62×170) |
| 20065 | 229 | 118.12 | 11 | 0.34~2.67 | (-3→31=1.93×55) (23→20=1.79×174) (16→6=1.69×121) (-7→4=1.63×174) (2→15=1.62×174) |
| 20075 | 224 | 117.21 | 11 | 0.34~2.81 | (-3→31=1.95×55) (23→20=1.78×170) (16→6=1.70×116) (-3→1=1.63×3) (2→15=1.63×170) |
| 20085 | 225 | 117.58 | 11 | 0.34~2.81 | (-3→31=1.93×56) (23→20=1.77×171) (16→6=1.69×116) (-7→4=1.64×171) (2→15=1.64×171) |
| 20096 | 231 | 117.61 | 11 | 0.34~2.81 | (-3→31=1.94×57) (23→20=1.76×176) (16→6=1.70×120) (2→15=1.65×176) (-7→4=1.64×176) |
| 20106 | 231 | 117.39 | 11 | 0.34~2.81 | (-3→31=1.93×55) (23→20=1.75×175) (16→6=1.70×121) (2→15=1.66×175) (-7→4=1.64×175) |
| 20116 | 221 | 116.09 | 11 | 0.34~2.81 | (-3→31=1.92×51) (23→20=1.74×166) (16→6=1.71×116) (2→15=1.66×166) (-3→1=1.63×3) |
| 20127 | 228 | 115.52 | 11 | 0.34~2.81 | (-3→31=1.91×51) (23→20=1.74×170) (16→6=1.71×120) (2→15=1.67×170) (-3→1=1.63×3) |
| 20137 | 228 | 115.17 | 11 | 0.34~2.81 | (-3→31=1.92×51) (23→20=1.72×170) (16→6=1.71×120) (2→15=1.69×170) (-3→1=1.63×3) |
| 20147 | 219 | 113.38 | 11 | 0.34~2.81 | (-3→31=1.90×49) (23→20=1.72×161) (16→6=1.72×112) (2→15=1.70×161) (-7→4=1.62×161) |
| 20158 | 223 | 113.24 | 11 | 0.34~2.81 | (-3→31=1.90×51) (16→6=1.71×114) (2→15=1.71×165) (23→20=1.71×165) (-7→4=1.62×164) |
| 20168 | 221 | 115.26 | 11 | 0.34~2.81 | (-3→31=1.91×48) (16→6=1.72×117) (2→15=1.71×165) (23→20=1.70×165) (-7→4=1.63×164) |
| 20178 | 217 | 114.80 | 11 | 0.34~2.81 | (-3→31=1.90×50) (16→6=1.73×112) (2→15=1.72×162) (23→20=1.70×162) (-7→4=1.63×162) |
| 70 | 115 | 2.24 | 2 | 0.70~1.40 | (2→19=0.70×1) (23→-16=0.70×2) (6→-27=1.30×1) (-15→-12=0.70×1) (-8→-16=1.29×1) |
| 219483 | 354 | 476.79 | 16 | 0.11~7.96 | (-14→-16=5.86×346) (-15→-29=3.78×346) (-7→-25=3.40×346) (16→6=3.29×346) (6→-27=3.28×118) |
| 219493 | 391 | 476.41 | 16 | 0.11~7.96 | (-14→-16=5.81×384) (-7→-25=3.79×384) (-15→-29=3.73×384) (6→-27=3.29×163) (2→15=3.27×384) |
| 219503 | 359 | 477.18 | 16 | 0.11~7.96 | (-14→-16=5.83×352) (-15→-29=3.76×352) (-7→-25=3.57×352) (6→-27=3.29×133) (16→6=3.28×352) |
| 219513 | 337 | 476.49 | 16 | 0.11~7.94 | (-14→-16=5.82×330) (-15→-29=3.76×330) (-7→-25=3.60×330) (6→-27=3.29×126) (16→6=3.28×330) |
| 219523 | 303 | 476.70 | 16 | 0.11~7.94 | (-14→-16=5.84×296) (-15→-29=3.79×296) (-7→-25=3.40×296) (16→6=3.30×296) (6→-27=3.28×101) |
| 219533 | 291 | 476.53 | 16 | 0.11~7.94 | (-14→-16=5.86×284) (-15→-29=3.80×284) (-7→-25=3.35×284) (16→6=3.31×284) (6→-27=3.28×94) |
| 219543 | 240 | 475.35 | 16 | 0.11~7.43 | (-14→-16=5.85×233) (-15→-29=3.81×233) (16→6=3.33×233) (6→-27=3.28×69) (-9→2=3.20×233) |
| 219553 | 214 | 473.20 | 16 | 0.11~7.43 | (-14→-16=5.90×206) (-15→-29=3.88×206) (-9→2=3.37×206) (16→6=3.34×206) (6→-27=3.28×49) |
| 219563 | 185 | 472.17 | 16 | 0.10~7.43 | (-14→-16=5.95×177) (-15→-29=3.95×177) (-9→2=3.53×177) (16→6=3.35×177) (6→-27=3.29×33) |
| 219573 | 153 | 469.98 | 16 | 0.10~7.43 | (-14→-16=5.97×145) (-15→-29=4.01×145) (-9→2=3.69×145) (16→6=3.38×145) (6→-27=3.28×18) |
| 219583 | 146 | 469.08 | 16 | 0.10~7.43 | (-14→-16=5.98×138) (-15→-29=4.03×138) (-9→2=3.71×138) (16→6=3.39×138) (6→-27=3.28×16) |
| 219593 | 133 | 466.62 | 16 | 0.10~7.43 | (-14→-16=6.02×125) (-15→-29=4.03×125) (-9→2=3.74×125) (16→6=3.40×125) (6→-27=3.28×13) |
| 219603 | 123 | 463.78 | 16 | 0.10~7.43 | (-14→-16=6.07×115) (-15→-29=4.03×115) (-9→2=3.70×115) (16→6=3.41×115) (6→-27=3.29×12) |
| 219613 | 109 | 455.18 | 16 | 0.10~7.43 | (-14→-16=6.08×100) (-15→-29=3.99×100) (-9→2=3.71×100) (16→6=3.42×100) (6→-27=3.28×9) |
| 219623 | 102 | 453.24 | 16 | 0.10~7.43 | (-14→-16=6.13×93) (-15→-29=4.00×93) (-9→2=3.78×93) (16→6=3.45×93) (6→-27=3.28×5) |
| 219633 | 97 | 450.67 | 16 | 0.10~7.43 | (-14→-16=6.15×88) (-15→-29=4.01×88) (-9→2=3.77×88) (16→6=3.44×88) (6→-27=3.28×5) |
| 219643 | 83 | 443.29 | 16 | 0.11~7.43 | (-14→-16=6.13×74) (-15→-29=3.95×74) (-9→2=3.80×74) (16→6=3.46×74) (6→-27=3.28×3) |
| 219653 | 75 | 436.93 | 16 | 0.11~7.43 | (-14→-16=6.14×66) (-15→-29=3.91×66) (-9→2=3.74×66) (16→6=3.47×66) (6→-27=3.28×3) |
| 219663 | 67 | 429.66 | 16 | 0.11~7.43 | (-14→-16=6.18×58) (-15→-29=3.92×58) (-9→2=3.70×58) (16→6=3.48×58) (6→-27=3.28×3) |
| 219673 | 53 | 421.57 | 16 | 0.11~7.43 | (-14→-16=6.25×45) (-15→-29=3.92×45) (-9→2=3.77×45) (16→6=3.47×45) (6→-27=3.28×1) |
| 219683 | 51 | 379.24 | 16 | 0.11~7.43 | (-14→-16=6.25×39) (-15→-29=3.87×39) (-9→2=3.71×39) (16→6=3.50×39) (11→-12=3.31×39) |
| 219693 | 50 | 347.06 | 16 | 0.11~7.43 | (-14→-16=6.19×35) (-15→-29=3.77×35) (-9→2=3.67×35) (16→6=3.52×35) (11→-12=3.36×35) |
| 31 | 106 | 2.34 | 2 | 0.71~1.36 | (23→-21=1.30×4) (12→11=1.30×1) (-24→21=1.30×2) (22→-5=1.30×1) (-4→30=0.71×2) |
| 219483 | 354 | 476.79 | 16 | 0.11~7.96 | (-14→-16=5.86×346) (-15→-29=3.78×346) (-7→-25=3.40×346) (16→6=3.29×346) (6→-27=3.28×118) |
| 219493 | 392 | 476.30 | 16 | 0.11~7.96 | (-14→-16=5.81×385) (-7→-25=3.82×385) (-15→-29=3.73×385) (6→-27=3.29×165) (2→15=3.28×385) |
| 219503 | 360 | 477.00 | 16 | 0.11~7.96 | (-14→-16=5.83×353) (-15→-29=3.75×353) (-7→-25=3.60×353) (6→-27=3.28×135) (16→6=3.27×353) |
| 219513 | 335 | 476.19 | 16 | 0.11~7.94 | (-14→-16=5.82×328) (-15→-29=3.76×328) (-7→-25=3.64×328) (6→-27=3.28×128) (16→6=3.27×328) |
| 219523 | 301 | 476.91 | 16 | 0.11~7.94 | (-14→-16=5.86×294) (-15→-29=3.78×294) (-7→-25=3.37×294) (16→6=3.30×294) (6→-27=3.28×98) |
| 219533 | 283 | 476.61 | 16 | 0.11~7.94 | (-14→-16=5.88×276) (-15→-29=3.79×276) (16→6=3.32×276) (6→-27=3.29×87) (-7→-25=3.28×276) |
| 219543 | 238 | 479.68 | 16 | 0.11~7.94 | (-14→-16=5.90×233) (-15→-29=3.78×233) (16→6=3.34×233) (6→-27=3.28×64) (-9→2=3.25×233) |
| 219553 | 221 | 475.78 | 16 | 0.11~7.94 | (-14→-16=5.93×214) (-15→-29=3.82×214) (-9→2=3.37×214) (16→6=3.35×214) (6→-27=3.29×50) |
| 219563 | 201 | 476.04 | 16 | 0.11~7.94 | (-14→-16=5.97×194) (-15→-29=3.87×194) (-9→2=3.52×194) (16→6=3.37×194) (6→-27=3.28×35) |
| 219573 | 169 | 474.47 | 16 | 0.11~7.94 | (-14→-16=6.01×162) (-15→-29=3.91×162) (-9→2=3.65×162) (16→6=3.39×162) (6→-27=3.29×21) |
| 219583 | 165 | 473.98 | 16 | 0.11~7.94 | (-14→-16=6.06×158) (-15→-29=3.91×158) (-9→2=3.68×158) (16→6=3.38×158) (6→-27=3.29×19) |
| 219593 | 157 | 473.97 | 16 | 0.11~7.94 | (-14→-16=6.10×150) (-15→-29=3.96×150) (-9→2=3.77×150) (16→6=3.39×150) (6→-27=3.28×13) |
| 219603 | 144 | 475.81 | 16 | 0.11~7.94 | (-14→-16=6.12×138) (-15→-29=3.94×138) (-9→2=3.81×138) (16→6=3.40×138) (6→-27=3.29×9) |
| 219613 | 128 | 469.32 | 16 | 0.11~7.94 | (-14→-16=6.11×121) (-15→-29=3.92×121) (-9→2=3.82×121) (16→6=3.38×121) (6→-27=3.29×8) |
| 219623 | 124 | 468.32 | 16 | 0.11~7.94 | (-14→-16=6.14×117) (-15→-29=3.90×117) (-9→2=3.81×117) (16→6=3.41×117) (6→-27=3.28×7) |
| 219633 | 122 | 467.66 | 16 | 0.11~7.94 | (-14→-16=6.16×115) (-15→-29=3.89×115) (-9→2=3.78×115) (16→6=3.43×115) (6→-27=3.28×7) |
| 219643 | 105 | 463.04 | 16 | 0.11~7.43 | (-14→-16=6.13×98) (-15→-29=3.87×98) (-9→2=3.74×98) (16→6=3.45×98) (6→-27=3.28×6) |
| 219653 | 94 | 458.78 | 16 | 0.11~7.77 | (-14→-16=6.17×87) (-15→-29=3.85×87) (-9→2=3.71×87) (16→6=3.43×87) (6→-27=3.28×6) |
| 219663 | 85 | 454.42 | 16 | 0.11~7.77 | (-14→-16=6.16×78) (-15→-29=3.82×78) (-9→2=3.66×78) (16→6=3.45×78) (6→-27=3.28×6) |
| 219673 | 75 | 449.05 | 16 | 0.11~7.77 | (-14→-16=6.17×68) (-15→-29=3.84×68) (-9→2=3.68×68) (16→6=3.44×68) (6→-27=3.28×5) |
| 219683 | 73 | 433.89 | 16 | 0.11~7.77 | (-14→-16=6.16×64) (-15→-29=3.80×64) (-9→2=3.66×64) (16→6=3.43×64) (6→-27=3.28×5) |
| 219693 | 69 | 430.51 | 16 | 0.11~7.77 | (-14→-16=6.21×60) (-15→-29=3.79×60) (-9→2=3.66×60) (16→6=3.46×60) (6→-27=3.28×4) |
| 219703 | 59 | 419.86 | 16 | 0.11~7.77 | (-14→-16=6.22×50) (-15→-29=3.73×50) (-9→2=3.69×50) (16→6=3.50×50) (11→-12=3.31×50) |
| 219713 | 51 | 418.92 | 16 | 0.11~7.77 | (-14→-16=6.25×43) (-9→2=3.80×43) (-15→-29=3.76×43) (16→6=3.51×43) (11→-12=3.31×43) |
| 219723 | 50 | 387.92 | 16 | 0.11~7.77 | (-14→-16=6.29×39) (-9→2=3.85×39) (-15→-29=3.81×39) (16→6=3.47×39) (11→-12=3.27×39) |
| 219733 | 50 | 378.04 | 16 | 0.11~7.77 | (-14→-16=6.31×38) (-9→2=3.87×38) (-15→-29=3.83×38) (16→6=3.46×38) (11→-12=3.24×38) |
| 219743 | 52 | 297.13 | 16 | 0.11~7.77 | (-14→-16=6.19×31) (-9→2=3.82×31) (-15→-29=3.73×31) (16→6=3.51×31) (11→-12=3.37×31) |
| 219753 | 49 | 274.76 | 16 | 0.11~7.77 | (-14→-16=6.11×27) (-9→2=3.77×27) (-15→-29=3.64×27) (16→6=3.58×27) (11→-12=3.47×27) |
| 219763 | 50 | 199.86 | 16 | 0.12~6.73 | (-14→-16=6.03×20) (-9→2=3.71×20) (16→6=3.66×20) (11→-12=3.60×20) (-15→-29=3.57×20) |
| 219773 | 54 | 176.04 | 16 | 0.12~6.73 | (-14→-16=5.99×19) (-9→2=3.69×19) (16→6=3.68×19) (11→-12=3.60×19) (-15→-29=3.53×19) |
| 219783 | 54 | 157.74 | 16 | 0.17~6.73 | (-14→-16=6.05×17) (16→6=3.75×17) (11→-12=3.69×17) (-9→2=3.59×17) (-15→-29=3.39×17) |
| 219793 | 54 | 130.81 | 16 | 0.17~6.73 | (-14→-16=6.01×14) (16→6=3.77×14) (11→-12=3.64×14) (-9→2=3.54×14) (-15→-29=3.41×14) |
| 219803 | 51 | 119.12 | 16 | 0.17~6.73 | (-14→-16=5.97×12) (16→6=3.77×12) (11→-12=3.69×12) (-9→2=3.50×12) (-15→-29=3.42×12) |
| 219813 | 50 | 111.48 | 16 | 0.17~6.73 | (-14→-16=5.91×11) (16→6=3.84×11) (11→-12=3.78×11) (-9→2=3.44×11) (-15→-29=3.39×11) |
| 219823 | 50 | 111.26 | 16 | 0.17~6.73 | (-14→-16=5.91×11) (16→6=3.84×11) (11→-12=3.78×11) (-9→2=3.44×11) (-15→-29=3.39×11) |
| 219833 | 51 | 79.98 | 16 | 0.17~6.73 | (-14→-16=5.92×8) (16→6=3.84×8) (11→-12=3.83×8) (-9→2=3.46×8) (-15→-29=3.27×8) |
| 219843 | 52 | 78.35 | 16 | 0.17~6.73 | (-14→-16=5.92×8) (16→6=3.84×8) (11→-12=3.83×8) (-9→2=3.46×8) (-15→-29=3.27×8) |
| 33 | 103 | 2.26 | 3 | 0.70~1.30 | (-23→-25=0.70×1) (-5→17=1.30×1) (-22→-6=0.70×1) (6→14=0.71×1) (9→-28=0.71×1) |
| 219483 | 354 | 476.79 | 16 | 0.11~7.96 | (-14→-16=5.86×346) (-15→-29=3.78×346) (-7→-25=3.40×346) (16→6=3.29×346) (6→-27=3.28×118) |
| 219493 | 393 | 476.25 | 16 | 0.11~7.96 | (-14→-16=5.80×386) (-7→-25=3.82×386) (-15→-29=3.73×386) (6→-27=3.28×166) (2→15=3.28×386) |
| 219503 | 361 | 476.98 | 16 | 0.11~7.96 | (-14→-16=5.83×354) (-15→-29=3.76×354) (-7→-25=3.61×354) (6→-27=3.28×136) (16→6=3.27×354) |
| 219513 | 319 | 476.25 | 16 | 0.11~7.94 | (-14→-16=5.80×312) (-15→-29=3.76×312) (-7→-25=3.56×312) (16→6=3.29×312) (6→-27=3.28×116) |
| 219523 | 289 | 476.06 | 16 | 0.11~7.94 | (-14→-16=5.82×282) (-15→-29=3.78×282) (-7→-25=3.43×282) (16→6=3.31×282) (6→-27=3.29×97) |
| 219533 | 270 | 475.93 | 16 | 0.11~7.94 | (-14→-16=5.84×263) (-15→-29=3.79×263) (-7→-25=3.33×263) (16→6=3.33×263) (6→-27=3.28×85) |
| 219543 | 221 | 474.78 | 16 | 0.11~7.94 | (-14→-16=5.86×214) (-15→-29=3.82×214) (16→6=3.36×214) (6→-27=3.28×58) (-9→2=3.25×214) |
| 219553 | 199 | 469.47 | 16 | 0.11~7.94 | (-14→-16=5.89×190) (-15→-29=3.85×190) (16→6=3.38×190) (-9→2=3.35×190) (6→-27=3.28×44) |
| 219563 | 182 | 469.02 | 16 | 0.11~7.94 | (-14→-16=5.93×173) (-15→-29=3.91×173) (-9→2=3.49×173) (16→6=3.39×173) (6→-27=3.28×32) |
| 219573 | 153 | 461.84 | 16 | 0.11~7.94 | (-14→-16=5.91×143) (-15→-29=3.91×143) (-9→2=3.51×143) (16→6=3.41×143) (6→-27=3.29×24) |
| 219583 | 140 | 459.59 | 16 | 0.11~7.94 | (-14→-16=5.97×130) (-15→-29=3.93×130) (-9→2=3.57×130) (16→6=3.43×130) (6→-27=3.28×18) |
| 219593 | 127 | 460.64 | 16 | 0.11~7.94 | (-14→-16=6.01×118) (-15→-29=3.94×118) (-9→2=3.62×118) (16→6=3.45×118) (11→-12=3.30×118) |
| 219603 | 117 | 457.48 | 16 | 0.11~7.94 | (-14→-16=6.04×108) (-15→-29=3.93×108) (-9→2=3.64×108) (16→6=3.45×108) (11→-12=3.29×108) |
| 219613 | 96 | 449.80 | 16 | 0.11~7.43 | (-14→-16=6.05×87) (-15→-29=3.92×87) (-9→2=3.69×87) (16→6=3.49×87) (11→-12=3.32×87) |
| 219623 | 95 | 444.60 | 16 | 0.11~7.43 | (-14→-16=6.07×85) (-15→-29=3.96×85) (-9→2=3.73×85) (16→6=3.49×85) (11→-12=3.31×85) |
| 219633 | 91 | 442.41 | 16 | 0.11~7.43 | (-14→-16=6.12×81) (-15→-29=3.98×81) (-9→2=3.73×81) (16→6=3.51×81) (11→-12=3.31×81) |
| 219643 | 81 | 435.64 | 16 | 0.11~7.43 | (-14→-16=6.09×71) (-15→-29=3.95×71) (-9→2=3.68×71) (16→6=3.55×71) (11→-12=3.37×71) |
| 219653 | 70 | 426.06 | 16 | 0.11~7.43 | (-14→-16=6.14×60) (-15→-29=3.95×60) (-9→2=3.67×60) (16→6=3.57×60) (11→-12=3.40×60) |
| 219663 | 64 | 419.03 | 16 | 0.12~7.43 | (-14→-16=6.18×54) (-15→-29=3.98×54) (-9→2=3.64×54) (16→6=3.57×54) (11→-12=3.37×54) |
| 219673 | 56 | 407.82 | 16 | 0.12~7.43 | (-14→-16=6.17×46) (-15→-29=3.89×46) (-9→2=3.63×46) (16→6=3.59×46) (11→-12=3.41×46) |
| 219683 | 53 | 393.64 | 16 | 0.12~7.43 | (-14→-16=6.15×42) (-15→-29=3.88×42) (-9→2=3.63×42) (16→6=3.59×42) (11→-12=3.41×42) |
| 219693 | 49 | 386.27 | 16 | 0.12~6.73 | (-14→-16=6.15×38) (-15→-29=3.87×38) (-9→2=3.70×38) (16→6=3.65×38) (11→-12=3.43×38) |
| 219703 | 51 | 303.12 | 16 | 0.12~6.73 | (-14→-16=6.16×31) (-15→-29=3.93×31) (-9→2=3.68×31) (16→6=3.68×31) (11→-12=3.47×31) |
| 219713 | 53 | 263.91 | 16 | 0.12~6.73 | (-14→-16=6.13×28) (-15→-29=3.95×28) (16→6=3.71×28) (-9→2=3.67×28) (11→-12=3.50×28) |
| 219723 | 50 | 240.00 | 16 | 0.12~6.73 | (-14→-16=6.18×24) (-15→-29=4.02×24) (-9→2=3.72×24) (16→6=3.67×24) (11→-12=3.46×24) |
| 219733 | 52 | 192.06 | 16 | 0.17~6.73 | (-14→-16=6.26×20) (-15→-29=3.97×20) (-9→2=3.73×20) (16→6=3.61×20) (11→-12=3.41×20) |
| 219743 | 51 | 185.94 | 16 | 0.17~6.73 | (-14→-16=6.23×19) (-15→-29=3.80×20) (-9→2=3.71×19) (16→6=3.63×19) (11→-12=3.40×19) |
| 219753 | 56 | 170.20 | 16 | 0.17~6.73 | (-14→-16=6.23×19) (-9→2=3.71×19) (16→6=3.63×19) (-15→-29=3.55×22) (11→-12=3.40×19) |
| 219763 | 56 | 170.16 | 16 | 0.17~6.73 | (-14→-16=6.23×19) (-9→2=3.71×19) (16→6=3.63×19) (-15→-29=3.43×23) (11→-12=3.40×19) |
| 219773 | 52 | 126.52 | 16 | 0.17~6.73 | (-14→-16=6.10×13) (16→6=3.74×13) (-9→2=3.60×13) (11→-12=3.57×13) (-2→-23=3.08×13) |
| 219783 | 49 | 103.86 | 16 | 0.17~6.73 | (-14→-16=6.23×10) (-9→2=3.70×10) (16→6=3.62×10) (11→-12=3.41×10) (-2→-23=3.04×10) |
| 219793 | 54 | 65.69 | 16 | 0.17~6.73 | (-14→-16=6.02×7) (16→6=3.78×7) (11→-12=3.59×7) (-9→2=3.51×7) (-2→-23=3.05×7) |
| 219803 | 55 | 55.49 | 16 | 0.17~6.73 | (-14→-16=6.08×6) (16→6=3.72×6) (-9→2=3.59×6) (11→-12=3.50×6) (-2→-23=3.03×6) |
| 219813 | 57 | 45.02 | 16 | 0.17~6.73 | (-14→-16=6.21×5) (-9→2=3.70×5) (16→6=3.64×5) (11→-12=3.38×5) (-2→-23=3.00×5) |
| 219823 | 58 | 44.41 | 16 | 0.17~6.73 | (-14→-16=6.21×5) (-9→2=3.70×5) (16→6=3.64×5) (11→-12=3.38×5) (-2→-23=3.00×5) |
| 219833 | 57 | 36.33 | 16 | 0.17~6.73 | (-14→-16=6.08×4) (16→6=3.71×4) (-9→2=3.59×4) (11→-12=3.41×4) (-18→-13=3.03×4) |
| 219843 | 58 | 35.91 | 16 | 0.17~6.73 | (-14→-16=6.08×4) (16→6=3.71×4) (-9→2=3.59×4) (11→-12=3.41×4) (-18→-13=3.03×4) |
| 219853 | 55 | 37.78 | 16 | 0.17~6.73 | (-14→-16=6.08×4) (16→6=3.71×4) (-9→2=3.59×4) (-15→-29=3.49×5) (11→-12=3.41×4) |
| 219863 | 52 | 39.87 | 16 | 0.17~6.73 | (-14→-16=6.08×4) (16→6=3.71×4) (-9→2=3.59×4) (-15→-29=3.49×5) (11→-12=3.41×4) |
| 219873 | 53 | 29.77 | 16 | 0.17~6.73 | (-14→-16=5.86×3) (16→6=3.83×3) (11→-12=3.64×3) (-9→2=3.41×3) (-2→-23=3.13×3) |
| 219883 | 50 | 21.32 | 16 | 0.17~5.43 | (-14→-16=5.43×2) (16→6=4.15×2) (11→-12=4.10×2) (-8→31=3.56×2) (-5→1=3.23×2) |
| 219893 | 52 | 20.42 | 16 | 0.17~5.43 | (-14→-16=5.43×2) (16→6=4.15×2) (11→-12=4.10×2) (-8→31=3.56×2) (-5→1=3.23×2) |
| 219903 | 50 | 11.22 | 16 | 0.17~5.43 | (-14→-16=5.43×1) (16→6=4.15×1) (11→-12=4.10×1) (-8→31=3.56×1) (-5→1=3.23×1) |
| 219913 | 50 | 1.52 | 2 | 0.70~1.29 | (-7→-26=0.70×1) (3→15=1.29×1) (-10→-24=1.29×1) (17→26=1.29×1) (6→7=0.71×1) |
| 219923 | 51 | 1.47 | 2 | 0.70~1.29 | (-7→-26=0.70×1) (3→15=1.29×1) (-10→-24=1.29×1) (17→26=1.29×1) (6→7=0.71×1) |
| 219933 | 50 | 1.42 | 2 | 0.70~1.29 | (-7→-26=0.70×1) (3→15=1.29×1) (-10→-24=1.29×1) (6→7=0.71×1) (-22→-6=1.28×1) |
| 219943 | 53 | 1.21 | 2 | 0.70~1.29 | (-7→-26=0.70×1) (3→15=1.29×1) (6→7=0.71×1) (14→-5=1.28×1) (-23→-13=0.74×1) |
| 219953 | 51 | 1.29 | 2 | 0.71~1.29 | (3→15=1.29×1) (6→7=0.71×1) (-17→-30=1.29×1) (14→-5=1.28×1) (-23→-13=0.74×1) |
| 219963 | 52 | 1.44 | 2 | 0.71~1.29 | (3→15=1.29×1) (14→14=1.29×1) (-14→20=0.71×1) (6→7=0.71×1) (-17→-30=1.29×1) |
| 219973 | 51 | 1.47 | 2 | 0.71~1.29 | (3→15=1.29×1) (14→14=1.29×1) (-14→20=0.71×1) (6→7=0.71×1) (-17→-30=1.29×1) |
| 219983 | 51 | 1.90 | 2 | 0.71~1.29 | (3→15=1.29×1) (14→14=1.29×2) (-14→20=0.71×1) (6→7=0.71×1) (-17→-30=1.29×1) |
| 219993 | 50 | 1.94 | 2 | 0.71~1.29 | (3→15=1.29×1) (14→14=1.29×2) (-14→20=0.71×1) (6→7=0.71×1) (-17→-30=1.29×1) |
| 220003 | 52 | 2.02 | 2 | 0.71~1.29 | (3→15=1.29×1) (14→14=1.29×3) (-14→20=0.71×1) (6→7=0.71×1) (-17→-30=1.29×1) |
| 220013 | 51 | 1.75 | 2 | 0.71~1.29 | (3→15=1.29×1) (14→14=1.29×2) (-14→20=0.71×1) (6→7=0.71×1) (-10→-4=1.28×1) |
| 220023 | 50 | 1.84 | 2 | 0.71~1.29 | (3→15=1.29×1) (14→14=1.29×2) (-14→20=0.71×1) (6→7=0.71×1) (-10→-4=1.28×1) |
| 220033 | 51 | 2.00 | 2 | 0.71~1.29 | (14→14=1.29×1) (-2→-10=1.29×1) (-14→20=0.71×1) (6→7=0.71×1) (-17→5=0.72×1) |
| 220043 | 53 | 2.25 | 2 | 0.71~1.29 | (-2→-10=1.29×1) (-14→20=0.71×1) (6→7=0.71×1) (-17→5=0.72×1) (-1→29=1.28×1) |
| 220053 | 54 | 2.65 | 2 | 0.71~1.41 | (-21→-2=1.31×5) (-2→-10=1.29×1) (-14→20=0.71×1) (6→7=0.71×1) (-17→5=0.72×1) |
| 220063 | 51 | 2.51 | 2 | 0.71~1.41 | (-21→-2=1.30×6) (-2→-10=1.29×1) (-14→20=0.71×1) (6→7=0.71×1) (-17→5=0.72×1) |
| 220073 | 50 | 2.48 | 2 | 0.71~1.41 | (-21→-2=1.31×5) (-2→-10=1.29×1) (-14→20=0.71×1) (6→7=0.71×1) (-17→5=0.72×1) |
| 220083 | 50 | 2.48 | 2 | 0.71~1.41 | (-21→-2=1.31×5) (-2→-10=1.29×1) (-14→20=0.71×1) (6→7=0.71×1) (-17→5=0.72×1) |
| 220093 | 52 | 2.37 | 2 | 0.71~1.41 | (-21→-2=1.32×4) (-2→-10=1.29×1) (-14→20=0.71×1) (6→7=0.71×1) (-17→5=0.72×1) |
| 220103 | 51 | 1.73 | 2 | 0.71~1.41 | (-21→-2=1.34×2) (-4→-9=0.71×1) (-14→20=0.71×1) (10→-25=1.28×2) (-1→29=1.28×1) |
| 220113 | 51 | 1.35 | 1 | 0.71~1.29 | (-4→-9=0.71×1) (-7→22=0.71×1) (-14→20=0.71×1) (10→-25=1.28×2) (-1→29=1.28×1) |
| 220123 | 49 | 1.35 | 1 | 0.71~1.29 | (-4→-9=0.71×1) (-7→22=0.71×1) (-14→20=0.71×1) (10→-25=1.28×1) (-1→29=1.28×1) |
| 220133 | 52 | 1.37 | 1 | 0.71~1.29 | (-4→-9=0.71×1) (-7→22=0.71×1) (4→-10=0.71×1) (2→10=1.28×1) (-24→15=0.72×1) |
| 220143 | 52 | 1.48 | 1 | 0.71~1.29 | (-4→-9=0.71×1) (-7→22=0.71×1) (4→-10=0.71×1) (2→10=1.28×1) (-24→15=0.72×1) |
| 220153 | 51 | 1.51 | 2 | 0.71~1.29 | (-4→-9=0.71×1) (-7→22=0.71×1) (4→-10=0.71×1) (2→10=1.28×1) (-24→15=0.72×1) |
| 220163 | 50 | 1.22 | 1 | 0.71~1.29 | (-4→-9=0.71×1) (-7→22=0.71×1) (-20→30=1.29×1) (4→-10=0.71×1) (2→10=1.28×1) |
| 220173 | 52 | 1.27 | 1 | 0.71~1.29 | (-4→-9=0.71×1) (-7→22=0.71×1) (-20→30=1.29×1) (4→-10=0.71×1) (2→10=1.28×1) |
| 220183 | 50 | 1.20 | 1 | 0.71~1.29 | (-4→-9=0.71×1) (-7→22=0.71×1) (-20→30=1.29×1) (4→-10=0.71×1) (24→6=0.72×1) |
| 220193 | 51 | 1.33 | 1 | 0.71~1.29 | (-4→-9=0.71×1) (-7→22=0.71×1) (-20→30=1.29×1) (4→-10=0.71×1) (24→6=0.72×1) |
| 220203 | 52 | 1.19 | 1 | 0.71~1.27 | (-4→-9=0.71×1) (4→-10=0.71×1) (24→6=0.72×1) (18→-7=0.73×1) (-20→-1=1.27×1) |
| 220213 | 50 | 1.34 | 1 | 0.70~1.27 | (-11→9=0.70×1) (-4→-9=0.71×1) (4→-10=0.71×1) (24→6=0.72×1) (18→-7=0.73×1) |
| 220223 | 50 | 1.24 | 1 | 0.70~1.27 | (-11→9=0.70×1) (-4→-9=0.71×1) (4→-10=0.71×1) (24→6=0.72×1) (18→-7=0.73×1) |
| 26 | 101 | 1.93 | 2 | 0.70~1.30 | (-9→6=0.70×1) (8→31=1.30×1) (-24→7=1.30×1) (5→5=0.70×1) (-8→16=0.71×1) |
| 219483 | 354 | 476.79 | 16 | 0.11~7.96 | (-14→-16=5.86×346) (-15→-29=3.78×346) (-7→-25=3.40×346) (16→6=3.29×346) (6→-27=3.28×118) |
| 219493 | 395 | 476.48 | 16 | 0.11~7.96 | (-14→-16=5.80×388) (-7→-25=3.80×388) (-15→-29=3.73×388) (6→-27=3.28×165) (2→15=3.28×388) |
| 219503 | 373 | 476.98 | 16 | 0.11~7.96 | (-14→-16=5.82×366) (-15→-29=3.75×366) (-7→-25=3.65×366) (6→-27=3.28×144) (16→6=3.26×366) |
| 219513 | 338 | 476.64 | 16 | 0.11~7.94 | (-14→-16=5.82×331) (-15→-29=3.74×331) (-7→-25=3.58×331) (6→-27=3.28×125) (16→6=3.28×331) |
| 219523 | 319 | 477.09 | 16 | 0.11~7.94 | (-14→-16=5.83×312) (-15→-29=3.77×312) (-7→-25=3.45×312) (16→6=3.29×312) (6→-27=3.28×109) |
| 219533 | 295 | 477.76 | 16 | 0.11~7.94 | (-14→-16=5.86×288) (-15→-29=3.80×288) (16→6=3.32×288) (6→-27=3.28×88) (-7→-25=3.24×288) |
| 219543 | 248 | 476.54 | 16 | 0.11~7.94 | (-14→-16=5.88×241) (-15→-29=3.83×241) (16→6=3.33×241) (6→-27=3.28×67) (-9→2=3.26×241) |
| 219553 | 221 | 472.71 | 16 | 0.11~7.94 | (-14→-16=5.94×212) (-15→-29=3.91×212) (-9→2=3.45×212) (16→6=3.36×212) (6→-27=3.28×45) |
| 219563 | 201 | 472.09 | 16 | 0.11~7.94 | (-14→-16=6.00×192) (-15→-29=3.94×192) (-9→2=3.55×192) (16→6=3.39×192) (6→-27=3.28×32) |
| 219573 | 177 | 470.16 | 16 | 0.11~7.94 | (-14→-16=6.04×168) (-15→-29=3.98×168) (-9→2=3.65×168) (16→6=3.41×168) (6→-27=3.29×22) |
| 219583 | 165 | 468.72 | 16 | 0.11~7.94 | (-14→-16=6.05×156) (-15→-29=3.98×156) (-9→2=3.69×156) (16→6=3.41×156) (6→-27=3.29×18) |
| 219593 | 153 | 470.31 | 16 | 0.11~7.94 | (-14→-16=6.12×145) (-15→-29=4.03×145) (-9→2=3.75×145) (16→6=3.41×145) (6→-27=3.28×14) |
| 219603 | 148 | 469.11 | 16 | 0.11~7.94 | (-14→-16=6.13×140) (-15→-29=4.01×140) (-9→2=3.72×140) (16→6=3.42×140) (6→-27=3.28×14) |
| 219613 | 131 | 458.98 | 16 | 0.11~7.94 | (-14→-16=6.17×121) (-15→-29=4.04×121) (-9→2=3.80×121) (16→6=3.43×121) (6→-27=3.28×9) |
| 219623 | 123 | 456.33 | 16 | 0.11~7.94 | (-14→-16=6.20×113) (-15→-29=4.03×113) (-9→2=3.81×113) (16→6=3.41×113) (6→-27=3.28×8) |
| 219633 | 122 | 456.25 | 16 | 0.11~7.94 | (-14→-16=6.21×112) (-15→-29=4.05×112) (-9→2=3.84×112) (16→6=3.41×112) (6→-27=3.28×7) |
| 219643 | 106 | 450.35 | 16 | 0.11~7.94 | (-14→-16=6.26×96) (-15→-29=4.10×96) (-9→2=3.85×96) (16→6=3.43×96) (6→-27=3.28×5) |
| 219653 | 102 | 448.37 | 16 | 0.11~7.94 | (-14→-16=6.26×92) (-15→-29=4.10×92) (-9→2=3.85×92) (16→6=3.42×92) (6→-27=3.28×5) |
| 219663 | 96 | 445.08 | 16 | 0.11~7.94 | (-14→-16=6.26×86) (-15→-29=4.09×86) (-9→2=3.82×86) (16→6=3.43×86) (6→-27=3.28×5) |
| 219673 | 80 | 434.35 | 16 | 0.11~7.43 | (-14→-16=6.24×70) (-15→-29=4.04×70) (-9→2=3.75×70) (16→6=3.46×70) (6→-27=3.28×5) |
| 219683 | 72 | 421.00 | 16 | 0.12~7.43 | (-14→-16=6.31×61) (-15→-29=4.04×61) (-9→2=3.80×61) (16→6=3.48×61) (6→-27=3.28×3) |
| 219693 | 64 | 411.47 | 16 | 0.12~7.43 | (-14→-16=6.32×53) (-15→-29=4.03×53) (-9→2=3.81×53) (16→6=3.49×53) (6→-27=3.28×2) |
| 219703 | 57 | 410.16 | 16 | 0.12~7.43 | (-14→-16=6.32×47) (-15→-29=4.03×47) (-9→2=3.85×47) (16→6=3.50×47) (6→-27=3.28×1) |
| 219713 | 50 | 407.72 | 16 | 0.12~7.43 | (-14→-16=6.31×41) (-15→-29=4.01×41) (-9→2=3.83×41) (16→6=3.51×41) (6→-27=3.28×1) |
| 219723 | 51 | 381.02 | 16 | 0.12~6.73 | (-14→-16=6.32×39) (-15→-29=4.01×39) (-9→2=3.88×39) (16→6=3.54×39) (11→-12=3.30×39) |
| 219733 | 49 | 314.78 | 16 | 0.12~6.73 | (-14→-16=6.30×31) (-15→-29=3.90×31) (-9→2=3.82×31) (16→6=3.57×31) (11→-12=3.36×31) |
| 219743 | 55 | 271.42 | 16 | 0.17~6.73 | (-14→-16=6.35×30) (-15→-29=3.92×30) (-9→2=3.84×30) (16→6=3.54×30) (11→-12=3.31×30) |
| 219753 | 52 | 248.96 | 16 | 0.17~6.73 | (-14→-16=6.32×26) (-15→-29=3.95×26) (-9→2=3.81×26) (16→6=3.57×26) (11→-12=3.33×26) |
| 219763 | 47 | 243.72 | 16 | 0.17~6.73 | (-14→-16=6.32×23) (-15→-29=3.94×23) (-9→2=3.81×23) (16→6=3.58×23) (11→-12=3.35×23) |
| 219773 | 50 | 219.20 | 16 | 0.17~6.73 | (-14→-16=6.36×22) (-15→-29=3.98×22) (-9→2=3.85×22) (16→6=3.55×22) (11→-12=3.31×22) |
| 219783 | 51 | 205.25 | 16 | 0.17~6.73 | (-14→-16=6.28×21) (-15→-29=3.89×21) (-9→2=3.75×21) (16→6=3.61×21) (11→-12=3.36×21) |
| 219793 | 50 | 179.76 | 16 | 0.17~6.73 | (-14→-16=6.26×18) (-15→-29=3.89×18) (-9→2=3.74×18) (16→6=3.61×18) (11→-12=3.35×18) |
| 219803 | 54 | 148.37 | 16 | 0.17~6.73 | (-14→-16=6.26×16) (-15→-29=3.92×16) (-9→2=3.72×16) (16→6=3.59×16) (11→-12=3.29×16) |
| 219813 | 59 | 136.22 | 16 | 0.17~6.73 | (-14→-16=6.26×16) (-15→-29=3.92×16) (-9→2=3.72×16) (16→6=3.59×16) (11→-12=3.29×16) |
| 219823 | 53 | 123.23 | 16 | 0.17~6.73 | (-14→-16=6.15×13) (-15→-29=3.69×13) (16→6=3.66×13) (-9→2=3.63×13) (11→-12=3.42×13) |
| 219833 | 51 | 98.92 | 16 | 0.17~6.73 | (-14→-16=5.97×10) (16→6=3.78×10) (11→-12=3.55×10) (-9→2=3.48×10) (-15→-29=3.48×10) |
| 219843 | 50 | 100.50 | 16 | 0.17~6.73 | (-14→-16=5.97×10) (16→6=3.78×10) (11→-12=3.55×10) (-9→2=3.48×10) (-15→-29=3.48×10) |
| 219853 | 52 | 86.73 | 16 | 0.17~6.73 | (-14→-16=6.01×9) (16→6=3.74×9) (-15→-29=3.54×9) (-9→2=3.53×9) (11→-12=3.49×9) |
| 219863 | 50 | 90.04 | 16 | 0.17~6.73 | (-14→-16=6.01×9) (16→6=3.74×9) (-15→-29=3.54×9) (-9→2=3.53×9) (11→-12=3.49×9) |
| 219873 | 53 | 66.45 | 16 | 0.17~6.73 | (-14→-16=5.99×7) (16→6=3.76×7) (11→-12=3.51×7) (-9→2=3.51×7) (-15→-29=3.51×7) |
| 219883 | 53 | 57.21 | 16 | 0.17~6.73 | (-14→-16=6.08×6) (16→6=3.70×6) (-15→-29=3.60×6) (-9→2=3.59×6) (11→-12=3.42×6) |
| 219893 | 51 | 39.96 | 16 | 0.17~6.73 | (-14→-16=6.08×4) (16→6=3.76×4) (-15→-29=3.70×4) (-9→2=3.59×4) (11→-12=3.42×4) |
| 219903 | 50 | 20.92 | 16 | 0.17~6.73 | (-14→-16=6.08×2) (16→6=3.76×2) (-15→-29=3.70×2) (-9→2=3.59×2) (11→-12=3.41×2) |
| 219913 | 50 | 11.22 | 16 | 0.17~5.43 | (-14→-16=5.43×1) (16→6=4.15×1) (11→-12=4.10×1) (-8→31=3.56×1) (-5→1=3.23×1) |
| 219923 | 50 | 11.22 | 16 | 0.17~5.43 | (-14→-16=5.43×1) (16→6=4.15×1) (11→-12=4.10×1) (-8→31=3.56×1) (-5→1=3.23×1) |
| 219933 | 50 | 10.96 | 16 | 0.17~5.43 | (-14→-16=5.43×1) (16→6=4.15×1) (11→-12=4.10×1) (-8→31=3.56×1) (-5→1=3.23×1) |
| 219943 | 51 | 10.63 | 16 | 0.17~5.43 | (-14→-16=5.43×1) (16→6=4.15×1) (11→-12=4.10×1) (-8→31=3.56×1) (-5→1=3.23×1) |
| 219953 | 51 | 10.63 | 16 | 0.17~5.43 | (-14→-16=5.43×1) (16→6=4.15×1) (11→-12=4.10×1) (-8→31=3.56×1) (-5→1=3.23×1) |
| 219963 | 51 | 1.06 | 1 | 0.72~1.30 | (18→28=1.30×1) (-1→23=1.29×1) (8→-21=1.29×1) (17→-19=1.28×1) (-23→24=0.72×1) |
| 219973 | 51 | 1.06 | 1 | 0.72~1.30 | (18→28=1.30×1) (-1→23=1.29×1) (8→-21=1.29×1) (17→-19=1.28×1) (-23→24=0.72×1) |
| 219983 | 52 | 1.31 | 2 | 0.72~1.30 | (18→28=1.30×1) (-1→23=1.29×1) (8→-21=1.29×1) (17→-19=1.28×1) (-23→24=0.72×1) |
| 219993 | 51 | 1.27 | 2 | 0.72~1.30 | (18→28=1.30×1) (-1→23=1.29×1) (8→-21=1.29×1) (17→-19=1.28×1) (-23→24=0.72×1) |
| 220003 | 56 | 1.48 | 2 | 0.71~1.30 | (18→28=1.30×1) (-1→23=1.29×1) (-4→23=0.71×1) (18→-1=0.71×1) (-23→24=0.72×1) |
| 220013 | 56 | 1.52 | 2 | 0.71~1.30 | (18→28=1.30×1) (-1→23=1.29×1) (-4→23=0.71×1) (18→-1=0.71×1) (-23→24=0.72×1) |
| 30 | 104 | 2.19 | 2 | 0.61~1.30 | (-19→28=0.68×2) (-10→-4=0.68×2) (-3→9=1.30×1) (-14→-27=0.70×2) (5→3=1.29×1) |
| 219483 | 354 | 476.79 | 16 | 0.11~7.96 | (-14→-16=5.86×346) (-15→-29=3.78×346) (-7→-25=3.40×346) (16→6=3.29×346) (6→-27=3.28×118) |
| 219493 | 391 | 476.20 | 16 | 0.11~7.96 | (-14→-16=5.81×384) (-7→-25=3.82×384) (-15→-29=3.73×384) (6→-27=3.29×165) (2→15=3.28×384) |
| 219503 | 363 | 476.85 | 16 | 0.11~7.96 | (-14→-16=5.82×356) (-15→-29=3.75×356) (-7→-25=3.64×356) (6→-27=3.29×139) (16→6=3.26×356) |
| 219513 | 344 | 476.22 | 16 | 0.11~7.94 | (-14→-16=5.83×337) (-15→-29=3.76×337) (-7→-25=3.64×337) (6→-27=3.29×132) (16→6=3.26×337) |
| 219523 | 315 | 476.57 | 16 | 0.11~7.94 | (-14→-16=5.86×308) (-15→-29=3.78×308) (-7→-25=3.46×308) (6→-27=3.29×109) (16→6=3.28×308) |
| 219533 | 286 | 476.73 | 16 | 0.11~7.94 | (-14→-16=5.89×279) (-15→-29=3.82×279) (16→6=3.30×279) (6→-27=3.29×88) (-7→-25=3.27×279) |
| 219543 | 239 | 476.29 | 16 | 0.11~7.94 | (-14→-16=5.91×232) (-15→-29=3.85×232) (16→6=3.34×232) (-9→2=3.30×232) (6→-27=3.29×60) |
| 219553 | 220 | 474.04 | 16 | 0.11~7.94 | (-14→-16=5.95×212) (-15→-29=3.89×212) (-9→2=3.41×212) (16→6=3.35×212) (6→-27=3.28×47) |
| 219563 | 195 | 476.31 | 16 | 0.11~7.94 | (-14→-16=6.01×188) (-15→-29=3.97×188) (-9→2=3.58×188) (16→6=3.36×188) (6→-27=3.28×30) |
| 219573 | 167 | 473.38 | 16 | 0.11~7.94 | (-14→-16=6.04×160) (-15→-29=3.99×160) (-9→2=3.59×160) (16→6=3.37×160) (6→-27=3.28×25) |
| 219583 | 155 | 472.74 | 16 | 0.11~7.94 | (-14→-16=6.08×148) (-15→-29=4.07×148) (-9→2=3.68×148) (16→6=3.35×148) (6→-27=3.28×20) |
| 219593 | 147 | 471.99 | 16 | 0.11~7.94 | (-14→-16=6.13×140) (-15→-29=4.08×140) (-9→2=3.70×140) (16→6=3.38×140) (6→-27=3.28×16) |
| 219603 | 137 | 474.42 | 16 | 0.11~7.94 | (-14→-16=6.19×131) (-15→-29=4.07×131) (-9→2=3.76×131) (16→6=3.39×131) (6→-27=3.28×11) |
| 219613 | 119 | 463.32 | 16 | 0.11~7.94 | (-14→-16=6.16×111) (-15→-29=4.08×111) (-9→2=3.77×111) (16→6=3.41×111) (6→-27=3.28×8) |
| 219623 | 107 | 459.12 | 16 | 0.11~7.94 | (-14→-16=6.18×99) (-15→-29=4.06×99) (-9→2=3.72×99) (16→6=3.42×99) (6→-27=3.28×8) |
| 219633 | 102 | 457.26 | 16 | 0.11~7.94 | (-14→-16=6.19×94) (-15→-29=4.03×94) (-9→2=3.70×94) (16→6=3.45×94) (6→-27=3.28×7) |
| 219643 | 91 | 458.22 | 16 | 0.11~7.94 | (-14→-16=6.18×84) (-15→-29=4.04×84) (-9→2=3.68×84) (16→6=3.49×84) (6→-27=3.28×6) |
| 219653 | 85 | 461.11 | 16 | 0.11~7.94 | (-14→-16=6.17×79) (-15→-29=4.03×79) (-9→2=3.67×79) (16→6=3.49×79) (6→-27=3.28×6) |
| 219663 | 78 | 458.42 | 16 | 0.11~7.94 | (-14→-16=6.18×72) (-15→-29=4.02×72) (-9→2=3.68×72) (16→6=3.53×72) (6→-27=3.28×4) |
| 219673 | 63 | 457.14 | 16 | 0.11~7.94 | (-14→-16=6.16×58) (-15→-29=3.96×58) (-9→2=3.67×58) (16→6=3.54×58) (6→-27=3.28×3) |
| 219683 | 61 | 448.25 | 16 | 0.11~7.94 | (-14→-16=6.18×55) (-15→-29=3.99×55) (-9→2=3.71×55) (16→6=3.55×55) (6→-27=3.28×2) |
| 219693 | 58 | 453.97 | 16 | 0.11~7.94 | (-14→-16=6.19×53) (-15→-29=3.98×53) (-9→2=3.71×53) (16→6=3.53×53) (6→-27=3.28×2) |
| 219703 | 49 | 446.80 | 16 | 0.11~7.94 | (-14→-16=6.16×44) (-15→-29=3.97×44) (-9→2=3.72×44) (16→6=3.56×44) (6→-27=3.28×1) |
| 219713 | 52 | 364.46 | 16 | 0.12~7.94 | (-14→-16=6.21×38) (-15→-29=3.92×38) (-9→2=3.68×38) (16→6=3.65×38) (11→-12=3.34×38) |
| 219723 | 50 | 359.42 | 16 | 0.12~7.94 | (-14→-16=6.22×36) (-15→-29=3.97×36) (-9→2=3.72×36) (16→6=3.65×36) (11→-12=3.31×36) |
| 219733 | 51 | 322.57 | 16 | 0.12~6.73 | (-14→-16=6.18×33) (-15→-29=3.88×33) (16→6=3.67×33) (-9→2=3.66×33) (11→-12=3.34×33) |
| 219743 | 55 | 263.45 | 16 | 0.16~6.73 | (-14→-16=6.10×29) (-15→-29=3.78×29) (16→6=3.76×29) (-9→2=3.56×29) (11→-12=3.48×29) |
| 219753 | 53 | 264.09 | 16 | 0.16~6.73 | (-14→-16=6.04×28) (16→6=3.80×28) (-15→-29=3.71×28) (11→-12=3.56×28) (-9→2=3.50×28) |
| 219763 | 53 | 245.92 | 16 | 0.16~6.73 | (-14→-16=6.02×26) (16→6=3.81×26) (-15→-29=3.68×26) (11→-12=3.57×26) (-9→2=3.49×26) |
| 219773 | 50 | 230.54 | 16 | 0.17~6.73 | (-14→-16=5.98×23) (16→6=3.84×23) (11→-12=3.62×23) (-15→-29=3.61×23) (-9→2=3.46×23) |
| 219783 | 51 | 206.94 | 16 | 0.17~6.73 | (-14→-16=5.90×21) (16→6=3.90×21) (11→-12=3.71×21) (-15→-29=3.55×21) (-9→2=3.39×21) |
| 219793 | 51 | 158.51 | 16 | 0.17~6.73 | (-14→-16=5.84×16) (16→6=3.94×16) (11→-12=3.76×16) (-15→-29=3.50×16) (-9→2=3.32×16) |
| 219803 | 50 | 111.30 | 16 | 0.17~6.73 | (-14→-16=5.66×11) (16→6=4.08×11) (11→-12=3.98×11) (-8→31=3.41×11) (-2→-23=3.17×11) |
| 219813 | 54 | 94.06 | 16 | 0.17~6.73 | (-14→-16=5.66×10) (16→6=4.07×10) (11→-12=3.97×10) (-8→31=3.40×10) (-2→-23=3.17×10) |
| 219823 | 52 | 78.40 | 16 | 0.17~5.67 | (-14→-16=5.52×8) (16→6=4.15×8) (11→-12=4.10×8) (-8→31=3.56×8) (-5→1=3.32×8) |
| 219833 | 52 | 78.67 | 16 | 0.17~5.67 | (-14→-16=5.52×8) (16→6=4.15×8) (11→-12=4.10×8) (-8→31=3.56×8) (-5→1=3.32×8) |
| 219843 | 55 | 74.60 | 16 | 0.17~5.67 | (-14→-16=5.52×8) (16→6=4.15×8) (11→-12=4.10×8) (-8→31=3.56×8) (-5→1=3.32×8) |
| 219853 | 52 | 97.73 | 16 | 0.17~5.67 | (-14→-16=5.53×10) (16→6=4.15×10) (11→-12=4.10×10) (-8→31=3.56×10) (-5→1=3.37×10) |
| 219863 | 51 | 99.31 | 16 | 0.17~5.67 | (-14→-16=5.53×10) (16→6=4.15×10) (11→-12=4.10×10) (-8→31=3.56×10) (-5→1=3.37×10) |
| 219873 | 53 | 86.68 | 16 | 0.17~5.67 | (-14→-16=5.54×9) (16→6=4.15×9) (11→-12=4.10×9) (-5→1=3.39×9) (-8→31=3.34×10) |
| 219883 | 51 | 80.47 | 16 | 0.17~5.67 | (-14→-16=5.55×8) (16→6=4.15×8) (11→-12=4.10×8) (-5→1=3.41×8) (-8→31=3.31×9) |
| 219893 | 50 | 82.16 | 16 | 0.17~5.67 | (-14→-16=5.55×8) (16→6=4.15×8) (11→-12=4.10×8) (-5→1=3.41×8) (-8→31=3.31×9) |
| 219903 | 50 | 82.16 | 16 | 0.17~5.67 | (-14→-16=5.55×8) (16→6=4.15×8) (11→-12=4.10×8) (-5→1=3.50×8) (-8→31=3.31×9) |
| 219913 | 50 | 82.32 | 16 | 0.17~5.67 | (-14→-16=5.55×8) (16→6=4.15×8) (11→-12=4.10×8) (-5→1=3.50×8) (-8→31=3.31×9) |
| 219923 | 50 | 81.84 | 16 | 0.17~5.67 | (-14→-16=5.55×8) (16→6=4.15×8) (11→-12=4.10×8) (-8→31=3.56×8) (-5→1=3.50×8) |
| 219933 | 54 | 57.52 | 16 | 0.17~5.67 | (-14→-16=5.55×6) (16→6=4.15×6) (11→-12=4.10×6) (-8→31=3.56×6) (-5→1=3.47×6) |
| 219943 | 50 | 41.78 | 16 | 0.17~5.67 | (-14→-16=5.49×4) (16→6=4.15×4) (11→-12=4.10×4) (-5→1=3.58×4) (-8→31=3.56×4) |
| 219953 | 52 | 40.35 | 16 | 0.17~5.67 | (-14→-16=5.49×4) (16→6=4.15×4) (11→-12=4.10×4) (-5→1=3.58×4) (-8→31=3.56×4) |
| 219963 | 50 | 41.64 | 16 | 0.17~5.67 | (-14→-16=5.49×4) (16→6=4.15×4) (11→-12=4.10×4) (-5→1=3.58×4) (-8→31=3.56×4) |
| 219973 | 52 | 40.12 | 16 | 0.17~5.67 | (-14→-16=5.49×4) (16→6=4.15×4) (11→-12=4.10×4) (-5→1=3.58×4) (-8→31=3.56×4) |
| 219983 | 50 | 51.32 | 16 | 0.17~5.67 | (-14→-16=5.48×5) (16→6=4.15×5) (11→-12=4.10×5) (-8→31=3.56×5) (-5→1=3.51×5) |
| 219993 | 51 | 50.45 | 16 | 0.17~5.67 | (-14→-16=5.48×5) (16→6=4.15×5) (11→-12=4.10×5) (-8→31=3.56×5) (-5→1=3.51×5) |
| 220003 | 51 | 50.08 | 16 | 0.17~5.67 | (-14→-16=5.48×5) (16→6=4.15×5) (11→-12=4.10×5) (-8→31=3.56×5) (-5→1=3.51×5) |
| 220013 | 53 | 38.91 | 16 | 0.17~5.67 | (-14→-16=5.49×4) (16→6=4.15×4) (11→-12=4.10×4) (-8→31=3.56×4) (-5→1=3.41×4) |
| 220023 | 57 | 53.68 | 16 | 0.17~5.67 | (-14→-16=5.47×6) (16→6=4.15×6) (11→-12=4.10×6) (-8→31=3.56×6) (-5→1=3.47×6) |
| 220033 | 53 | 57.68 | 16 | 0.17~5.67 | (-14→-16=5.47×6) (16→6=4.15×6) (11→-12=4.10×6) (-8→31=3.56×6) (-5→1=3.47×6) |
| 220043 | 52 | 68.33 | 16 | 0.17~5.67 | (-14→-16=5.47×7) (16→6=4.15×7) (11→-12=4.10×7) (-8→31=3.56×7) (-5→1=3.43×7) |
| 220053 | 48 | 63.42 | 16 | 0.17~5.67 | (-14→-16=5.47×6) (16→6=4.15×6) (11→-12=4.10×6) (-8→31=3.56×6) (-5→1=3.47×6) |
| 220063 | 50 | 61.16 | 16 | 0.17~5.67 | (-14→-16=5.47×6) (16→6=4.15×6) (11→-12=4.10×6) (-8→31=3.56×6) (-5→1=3.47×6) |
| 220073 | 52 | 58.79 | 16 | 0.17~5.67 | (-14→-16=5.47×6) (16→6=4.15×6) (11→-12=4.10×6) (-8→31=3.56×6) (-5→1=3.47×6) |
| 220083 | 50 | 51.02 | 16 | 0.17~5.67 | (-14→-16=4.71×6) (16→6=4.15×5) (11→-12=4.10×5) (-8→31=3.56×5) (-5→1=3.51×5) |
| 220093 | 50 | 51.02 | 16 | 0.17~5.67 | (-14→-16=4.71×6) (16→6=4.15×5) (11→-12=4.10×5) (-8→31=3.56×5) (-5→1=3.51×5) |
| 220103 | 51 | 30.80 | 16 | 0.17~5.43 | (-14→-16=4.28×4) (16→6=4.15×3) (11→-12=4.10×3) (-8→31=3.56×3) (-5→1=3.47×3) |
| 28 | 90 | 1.02 | 1 | 0.73~1.30 | (-4→-2=1.30×1) (-14→30=1.30×1) (3→2=1.29×1) (7→-8=1.28×1) (5→24=1.27×1) |
| 269572 | 302 | 505.79 | 16 | 0.14~10.00 | (-14→-16=8.53×296) (-9→2=4.92×296) (-15→-29=4.39×296) (11→-12=4.01×296) (-18→5=3.91×296) |
| 269582 | 290 | 505.63 | 16 | 0.14~10.00 | (-14→-16=8.53×284) (-9→2=4.92×284) (-15→-29=4.40×284) (11→-12=3.99×284) (-21→14=3.91×284) |
| 269592 | 283 | 505.44 | 16 | 0.14~10.00 | (-14→-16=8.51×277) (-9→2=4.91×277) (-15→-29=4.39×277) (11→-12=3.99×277) (-18→5=3.89×277) |
| 269603 | 251 | 507.92 | 16 | 0.14~9.54 | (-14→-16=8.50×247) (-9→2=4.91×247) (-15→-29=4.39×247) (11→-12=3.98×247) (-21→14=3.90×247) |
| 269613 | 242 | 507.62 | 16 | 0.14~9.54 | (-14→-16=8.49×238) (-9→2=4.89×238) (-15→-29=4.38×238) (11→-12=3.97×238) (-21→14=3.90×238) |
| 269623 | 229 | 507.08 | 16 | 0.14~9.54 | (-14→-16=8.47×225) (-9→2=4.89×225) (-15→-29=4.38×225) (11→-12=3.97×225) (-21→14=3.89×225) |
| 269634 | 204 | 505.88 | 16 | 0.14~9.54 | (-14→-16=8.47×200) (-9→2=4.87×200) (-15→-29=4.36×200) (11→-12=3.99×200) (-18→5=3.89×200) |
| 269644 | 200 | 505.76 | 16 | 0.14~9.54 | (-14→-16=8.47×196) (-9→2=4.87×196) (-15→-29=4.37×196) (11→-12=3.99×196) (-21→14=3.89×196) |
| 269654 | 173 | 501.49 | 16 | 0.14~9.54 | (-14→-16=8.47×168) (-9→2=4.88×168) (-15→-29=4.37×168) (11→-12=3.98×168) (-21→14=3.89×168) |
| 269665 | 158 | 503.42 | 16 | 0.14~9.54 | (-14→-16=8.49×154) (-9→2=4.89×154) (-15→-29=4.37×154) (11→-12=3.98×154) (-21→14=3.92×154) |
| 269675 | 134 | 501.25 | 16 | 0.14~9.54 | (-14→-16=8.51×130) (-9→2=4.89×130) (-15→-29=4.38×130) (11→-12=3.99×130) (-21→14=3.92×130) |
| 269685 | 110 | 503.13 | 16 | 0.14~9.54 | (-14→-16=8.53×107) (-9→2=4.95×107) (-15→-29=4.40×107) (11→-12=3.98×107) (-18→5=3.89×107) |
| 269696 | 97 | 500.62 | 16 | 0.14~9.54 | (-14→-16=8.51×94) (-9→2=4.90×94) (-15→-29=4.36×94) (11→-12=3.99×94) (-21→14=3.91×94) |
| 269706 | 79 | 497.63 | 16 | 0.14~9.54 | (-14→-16=8.50×76) (-9→2=4.93×76) (-15→-29=4.37×76) (11→-12=3.99×76) (-21→14=3.91×76) |
| 269716 | 74 | 503.27 | 16 | 0.14~9.54 | (-14→-16=8.48×72) (-9→2=4.91×72) (-15→-29=4.35×72) (11→-12=4.00×72) (-21→14=3.91×72) |
| 269727 | 61 | 492.39 | 16 | 0.14~9.54 | (-14→-16=8.45×58) (-9→2=4.93×58) (-15→-29=4.36×58) (11→-12=3.97×58) (-21→14=3.88×58) |
| 269737 | 49 | 476.02 | 16 | 0.14~9.54 | (-14→-16=8.45×45) (-9→2=4.93×45) (-15→-29=4.38×45) (11→-12=3.98×45) (-21→14=3.87×45) |
| 269747 | 50 | 353.16 | 16 | 0.14~9.43 | (-14→-16=8.41×34) (-9→2=4.94×34) (-15→-29=4.37×34) (11→-12=3.97×34) (-18→5=3.85×34) |
| 269758 | 53 | 265.32 | 16 | 0.16~9.43 | (-14→-16=8.55×27) (-9→2=4.97×27) (-15→-29=4.38×27) (11→-12=3.98×27) (-21→14=3.95×27) |
| 269768 | 50 | 228.54 | 16 | 0.16~8.85 | (-14→-16=8.47×22) (-9→2=4.92×22) (-15→-29=4.33×22) (-21→14=3.96×22) (11→-12=3.92×22) |
| 269778 | 52 | 170.27 | 16 | 0.18~8.85 | (-14→-16=8.43×17) (-9→2=4.93×17) (-15→-29=4.29×17) (11→-12=3.92×17) (-21→14=3.91×17) |
| 269789 | 51 | 143.02 | 16 | 0.18~8.69 | (-14→-16=8.17×14) (-9→2=4.82×14) (-15→-29=4.20×14) (16→-5=3.90×14) (-18→5=3.89×14) |
| 269799 | 51 | 122.73 | 16 | 0.18~8.69 | (-14→-16=8.08×12) (-9→2=4.83×12) (-15→-29=4.20×12) (16→-5=3.95×12) (-18→5=3.88×12) |
| 269809 | 50 | 53.72 | 16 | 0.18~8.69 | (-14→-16=8.37×5) (-9→2=5.22×5) (-15→-29=4.39×5) (-18→5=3.92×5) (16→-5=3.81×5) |
| 269820 | 53 | 50.57 | 16 | 0.18~8.69 | (-14→-16=8.37×5) (-9→2=5.22×5) (-15→-29=4.39×5) (-18→5=3.92×5) (16→-5=3.81×5) |
| 269830 | 52 | 31.58 | 16 | 0.18~8.69 | (-14→-16=8.54×3) (-9→2=5.14×3) (-15→-29=4.40×3) (-21→14=4.08×3) (-18→5=3.90×3) |
| 269840 | 49 | 11.65 | 16 | 0.19~8.69 | (-14→-16=8.69×1) (-9→2=4.66×1) (-21→14=4.40×1) (11→-12=4.35×1) (-15→-29=4.26×1) |
| 269851 | 50 | 11.34 | 16 | 0.19~8.69 | (-14→-16=8.69×1) (-9→2=4.66×1) (-21→14=4.40×1) (11→-12=4.35×1) (-15→-29=4.26×1) |
| 269861 | 51 | 11.12 | 16 | 0.19~8.69 | (-14→-16=8.69×1) (-9→2=4.66×1) (-21→14=4.40×1) (11→-12=4.35×1) (-15→-29=4.26×1) |
| 269871 | 51 | 11.06 | 16 | 0.19~8.69 | (-14→-16=8.69×1) (-9→2=4.66×1) (-21→14=4.40×1) (11→-12=4.35×1) (-15→-29=4.26×1) |
| 269882 | 50 | 11.18 | 16 | 0.19~8.69 | (-14→-16=8.69×1) (-9→2=4.66×1) (-21→14=4.40×1) (11→-12=4.35×1) (-15→-29=4.26×1) |
| 269892 | 50 | 0.84 | 1 | 0.70~1.30 | (-10→8=0.70×1) (-19→-9=1.30×1) (3→17=1.29×1) (-16→-10=0.72×1) (4→-1=0.74×1) |
| 269902 | 50 | 0.88 | 1 | 0.70~1.30 | (-10→8=0.70×1) (-19→-9=1.30×1) (3→17=1.29×1) (-16→-10=0.72×2) (-7→15=0.73×1) |
| 269913 | 54 | 0.87 | 1 | 0.70~1.30 | (-10→8=0.70×1) (-19→-9=1.30×1) (-16→-10=0.72×2) (-7→15=0.73×1) (1→12=0.73×1) |
| 269923 | 56 | 0.88 | 1 | 0.70~1.30 | (-10→8=0.70×1) (-19→-9=1.30×1) (-16→-10=0.72×2) (-7→15=0.73×1) (1→12=0.73×1) |
| 269933 | 56 | 0.93 | 1 | 0.72~1.30 | (-19→-9=1.30×1) (-16→-10=0.72×2) (-7→15=0.73×1) (1→12=0.73×1) (-4→20=1.26×1) |
| 269944 | 52 | 0.96 | 1 | 0.72~1.30 | (-19→-9=1.30×1) (-16→-10=0.72×2) (-7→15=0.73×1) (1→12=0.73×1) (-4→20=1.26×1) |
| 269954 | 52 | 1.06 | 1 | 0.72~1.30 | (-19→-9=1.30×1) (-16→-10=0.72×2) (1→12=0.73×1) (-4→20=1.26×1) (3→23=0.75×1) |
| 269964 | 51 | 0.88 | 1 | 0.72~1.26 | (-16→-10=0.72×1) (-4→20=1.26×1) (-16→8=0.75×1) (3→23=0.75×1) (6→14=0.75×1) |
| 269975 | 51 | 0.90 | 1 | 0.75~1.28 | (-11→-25=1.28×1) (-4→20=1.26×1) (-1→-17=0.75×1) (3→23=0.75×1) (6→14=0.75×1) |
| 269985 | 50 | 0.78 | 1 | 0.75~1.28 | (-11→-25=1.28×1) (-4→20=1.26×1) (-1→-17=0.75×1) (6→14=0.75×1) (12→-2=1.25×1) |
| 269995 | 54 | 1.02 | 2 | 0.73~1.30 | (12→24=1.30×1) (-11→-25=1.27×2) (14→-30=0.73×1) (-4→20=1.26×1) (-1→-17=0.75×1) |
| 270006 | 51 | 1.12 | 2 | 0.73~1.30 | (12→24=1.29×2) (-11→-25=1.27×2) (14→-30=0.73×1) (-4→20=1.26×1) (-1→-17=0.75×1) |
| 270016 | 51 | 1.51 | 2 | 0.66~1.30 | (12→24=1.29×3) (-4→-24=0.71×1) (1→-28=0.72×1) (14→-30=0.73×1) (-11→-25=1.27×3) |
| 270026 | 50 | 1.48 | 2 | 0.66~1.30 | (12→24=1.29×3) (-4→-24=0.71×1) (1→-28=0.72×1) (14→-30=0.73×1) (-11→-25=1.27×3) |
| 270037 | 50 | 1.18 | 2 | 0.66~1.30 | (12→24=1.30×1) (-4→-24=0.71×1) (15→-19=0.72×1) (14→-30=0.73×1) (-11→-25=1.27×3) |
| 270047 | 50 | 1.18 | 2 | 0.66~1.30 | (12→24=1.30×1) (-4→-24=0.71×1) (15→-19=0.72×1) (14→-30=0.73×1) (-11→-25=1.27×3) |
| 270057 | 51 | 0.90 | 1 | 0.66~1.28 | (-14→-28=0.71×1) (15→-19=0.72×1) (14→-30=0.73×1) (-11→-25=1.27×3) (-16→8=0.73×3) |
| 270068 | 50 | 0.86 | 1 | 0.66~1.28 | (-14→-28=0.71×1) (15→-19=0.72×1) (14→-30=0.73×1) (-11→-25=1.27×3) (-16→8=0.73×3) |
| 270078 | 50 | 0.62 | 1 | 0.71~1.28 | (-14→-28=0.71×1) (15→-19=0.72×1) (-11→-25=1.27×2) (14→-30=0.73×1) (-17→-19=1.24×1) |
| 270088 | 51 | 0.78 | 1 | 0.71~1.30 | (-20→-23=1.30×1) (-14→-28=0.71×1) (15→-19=0.72×1) (-11→-25=1.27×2) (14→-30=0.73×1) |
| 270099 | 53 | 0.74 | 1 | 0.71~1.30 | (-20→-23=1.30×1) (-14→-28=0.71×1) (15→-19=0.72×1) (14→-30=0.73×1) (-11→-25=1.27×1) |
| 270109 | 51 | 0.63 | 1 | 0.71~1.30 | (-20→-23=1.30×1) (-14→-28=0.71×1) (15→-19=0.72×1) (-5→5=0.76×1) (-17→-19=1.24×1) |
| 270119 | 50 | 0.64 | 1 | 0.71~1.30 | (-20→-23=1.30×1) (-14→-28=0.71×1) (15→-19=0.72×1) (-23→-6=0.74×1) (2→6=1.25×1) |
| 270130 | 53 | 0.79 | 1 | 0.70~1.30 | (-12→31=0.70×1) (-20→-23=1.30×1) (-14→-28=0.71×1) (-14→21=1.28×1) (2→-24=0.72×1) |
| 270140 | 52 | 0.83 | 1 | 0.70~1.30 | (-12→31=0.70×1) (-20→-23=1.30×1) (-14→-28=0.71×1) (-14→21=1.28×1) (3→-3=1.28×1) |
| 270150 | 53 | 0.77 | 1 | 0.70~1.30 | (-12→31=0.70×1) (-20→-23=1.30×1) (-14→-28=0.71×1) (-14→21=1.28×1) (3→-3=1.28×1) |
| 270161 | 51 | 0.88 | 1 | 0.70~1.30 | (-12→31=0.70×1) (-20→-23=1.30×1) (-14→-28=0.71×1) (-14→21=1.28×1) (3→-3=1.28×1) |
| 33 | 97 | 1.00 | 2 | 0.71~1.34 | (-2→-19=0.71×1) (5→-16=1.29×1) (-6→12=0.71×2) (13→15=0.71×1) (17→-19=1.29×1) |
| 269572 | 302 | 505.79 | 16 | 0.14~10.00 | (-14→-16=8.53×296) (-9→2=4.92×296) (-15→-29=4.39×296) (11→-12=4.01×296) (-18→5=3.91×296) |
| 269582 | 293 | 505.68 | 16 | 0.14~10.00 | (-14→-16=8.50×287) (-9→2=4.91×287) (-15→-29=4.39×287) (11→-12=3.99×287) (-18→5=3.90×287) |
| 269592 | 289 | 505.61 | 16 | 0.14~10.00 | (-14→-16=8.48×283) (-9→2=4.91×283) (-15→-29=4.38×283) (11→-12=3.98×283) (-18→5=3.89×283) |
| 269603 | 269 | 504.61 | 16 | 0.14~9.54 | (-14→-16=8.45×263) (-9→2=4.89×263) (-15→-29=4.37×263) (11→-12=3.98×263) (-18→5=3.88×263) |
| 269613 | 264 | 506.30 | 16 | 0.14~9.54 | (-14→-16=8.44×259) (-9→2=4.89×259) (-15→-29=4.37×259) (11→-12=3.97×259) (-18→5=3.88×259) |
| 269623 | 253 | 505.93 | 16 | 0.14~9.54 | (-14→-16=8.43×248) (-9→2=4.90×248) (-15→-29=4.37×248) (11→-12=3.96×248) (-18→5=3.87×248) |
| 269634 | 223 | 504.81 | 16 | 0.14~9.54 | (-14→-16=8.44×218) (-9→2=4.92×218) (-15→-29=4.37×218) (11→-12=3.95×218) (-18→5=3.86×218) |
| 269644 | 217 | 504.56 | 16 | 0.14~9.78 | (-14→-16=8.45×212) (-9→2=4.92×212) (-15→-29=4.37×212) (11→-12=3.94×212) (-21→14=3.86×212) |
| 269654 | 193 | 506.07 | 16 | 0.14~9.78 | (-14→-16=8.45×189) (-9→2=4.94×189) (-15→-29=4.37×189) (11→-12=3.91×189) (-21→14=3.85×189) |
| 269665 | 184 | 505.67 | 16 | 0.14~9.78 | (-14→-16=8.44×180) (-9→2=4.94×180) (-15→-29=4.37×180) (11→-12=3.90×180) (-21→14=3.85×180) |
| 269675 | 163 | 504.46 | 16 | 0.14~9.78 | (-14→-16=8.50×159) (-9→2=4.97×159) (-15→-29=4.39×159) (-21→14=3.91×159) (11→-12=3.89×159) |
| 269685 | 141 | 502.85 | 16 | 0.14~9.78 | (-14→-16=8.48×137) (-9→2=4.97×137) (-15→-29=4.40×137) (-21→14=3.87×137) (11→-12=3.87×137) |
| 269696 | 128 | 500.94 | 16 | 0.14~9.78 | (-14→-16=8.47×124) (-9→2=4.91×124) (-15→-29=4.37×124) (-21→14=3.91×124) (11→-12=3.89×124) |
| 269706 | 102 | 496.99 | 16 | 0.14~9.78 | (-14→-16=8.49×98) (-9→2=4.91×98) (-15→-29=4.36×98) (11→-12=3.92×98) (-21→14=3.92×98) |
| 269716 | 92 | 494.93 | 16 | 0.14~9.54 | (-14→-16=8.44×88) (-9→2=4.87×88) (-15→-29=4.35×88) (-21→14=3.94×88) (11→-12=3.93×88) |
| 269727 | 80 | 473.15 | 16 | 0.14~9.54 | (-14→-16=8.45×73) (-9→2=4.92×73) (-15→-29=4.35×73) (-21→14=3.94×73) (11→-12=3.89×73) |
| 269737 | 77 | 471.23 | 16 | 0.14~9.54 | (-14→-16=8.43×70) (-9→2=4.88×70) (-15→-29=4.34×70) (-21→14=3.98×70) (11→-12=3.89×70) |
| 269747 | 68 | 450.26 | 16 | 0.14~9.54 | (-14→-16=8.40×59) (-9→2=4.88×59) (-15→-29=4.33×59) (-21→14=3.97×59) (11→-12=3.91×59) |
| 269758 | 61 | 426.10 | 16 | 0.16~9.54 | (-14→-16=8.40×50) (-9→2=4.83×50) (-15→-29=4.31×50) (-21→14=4.00×50) (11→-12=3.95×50) |
| 269768 | 54 | 424.02 | 16 | 0.16~9.54 | (-14→-16=8.44×44) (-9→2=4.86×44) (-15→-29=4.32×44) (-21→14=4.02×44) (11→-12=3.94×44) |
| 269778 | 51 | 315.75 | 16 | 0.18~9.54 | (-14→-16=8.44×31) (-9→2=4.78×31) (-15→-29=4.29×31) (-21→14=4.09×31) (11→-12=3.98×31) |
| 269789 | 49 | 286.18 | 16 | 0.18~9.54 | (-14→-16=8.46×27) (-9→2=4.81×27) (-15→-29=4.31×27) (-21→14=4.09×27) (11→-12=3.96×27) |
| 269799 | 52 | 239.67 | 16 | 0.18~8.85 | (-14→-16=8.40×24) (-9→2=4.79×24) (-15→-29=4.31×24) (-21→14=4.08×24) (11→-12=3.92×24) |
| 269809 | 51 | 203.78 | 16 | 0.18~8.85 | (-14→-16=8.39×20) (-9→2=4.75×20) (-15→-29=4.27×20) (-21→14=4.09×20) (11→-12=3.94×20) |
| 269820 | 50 | 177.08 | 16 | 0.18~8.85 | (-14→-16=8.40×17) (-9→2=4.83×17) (-15→-29=4.29×17) (-21→14=4.05×17) (11→-12=3.90×17) |
| 269830 | 51 | 123.31 | 16 | 0.18~8.85 | (-14→-16=8.35×12) (-9→2=4.97×12) (-15→-29=4.32×12) (-21→14=3.93×12) (16→-5=3.75×12) |
| 269840 | 50 | 125.74 | 16 | 0.18~8.85 | (-14→-16=8.40×12) (-9→2=5.11×12) (-15→-29=4.37×12) (-21→14=3.88×12) (16→-5=3.82×12) |
| 269851 | 51 | 103.20 | 16 | 0.18~8.85 | (-14→-16=8.43×10) (-9→2=5.23×10) (-15→-29=4.41×10) (16→-5=3.84×10) (-21→14=3.80×10) |
| 269861 | 51 | 113.25 | 16 | 0.18~8.85 | (-14→-16=8.40×11) (-9→2=5.17×11) (-15→-29=4.39×11) (16→-5=3.90×11) (-21→14=3.84×11) |
| 24 | 84 | 1.24 | 2 | 0.70~1.30 | (-13→28=1.30×1) (-9→-27=0.71×1) (-2→-7=0.71×2) (-13→-12=1.28×1) (2→16=1.28×1) |
| 269572 | 302 | 505.79 | 16 | 0.14~10.00 | (-14→-16=8.52×296) (-9→2=4.92×296) (-15→-29=4.39×296) (11→-12=4.01×296) (-18→5=3.91×296) |
| 269582 | 295 | 505.67 | 16 | 0.14~10.00 | (-14→-16=8.50×289) (-9→2=4.91×289) (-15→-29=4.39×289) (11→-12=4.01×289) (-18→5=3.90×289) |
| 269592 | 291 | 505.62 | 16 | 0.14~10.00 | (-14→-16=8.49×285) (-9→2=4.90×285) (-15→-29=4.38×285) (11→-12=4.00×285) (-18→5=3.89×285) |
| 269603 | 270 | 504.73 | 16 | 0.14~9.54 | (-14→-16=8.46×264) (-9→2=4.88×264) (-15→-29=4.37×264) (11→-12=3.98×264) (-18→5=3.88×264) |
| 269613 | 262 | 508.28 | 16 | 0.14~9.54 | (-14→-16=8.43×258) (-9→2=4.87×258) (-15→-29=4.36×258) (11→-12=3.97×258) (-18→5=3.88×258) |
| 269623 | 260 | 508.33 | 16 | 0.14~9.54 | (-14→-16=8.41×256) (-9→2=4.88×256) (-15→-29=4.35×256) (11→-12=3.96×256) (-18→5=3.87×256) |
| 269634 | 235 | 507.59 | 16 | 0.14~9.54 | (-14→-16=8.41×231) (-9→2=4.88×231) (-15→-29=4.36×231) (11→-12=3.96×231) (-18→5=3.87×231) |
| 269644 | 226 | 507.25 | 16 | 0.14~9.54 | (-14→-16=8.39×222) (-9→2=4.88×222) (-15→-29=4.35×222) (11→-12=3.96×222) (-18→5=3.87×222) |
| 269654 | 201 | 503.86 | 16 | 0.14~9.54 | (-14→-16=8.39×196) (-9→2=4.89×196) (-15→-29=4.36×196) (11→-12=3.93×196) (-18→5=3.85×196) |
| 269665 | 192 | 503.34 | 16 | 0.14~9.54 | (-14→-16=8.39×187) (-9→2=4.89×187) (-15→-29=4.35×187) (11→-12=3.92×187) (-18→5=3.85×187) |
| 269675 | 167 | 501.22 | 16 | 0.14~9.54 | (-14→-16=8.38×162) (-9→2=4.88×162) (-15→-29=4.34×162) (11→-12=3.91×162) (-18→5=3.84×162) |
| 269685 | 148 | 499.32 | 16 | 0.14~9.54 | (-14→-16=8.38×143) (-9→2=4.88×143) (-15→-29=4.34×143) (11→-12=3.91×143) (-18→5=3.84×143) |
| 269696 | 133 | 497.62 | 16 | 0.14~9.54 | (-14→-16=8.35×128) (-9→2=4.90×128) (-15→-29=4.34×128) (11→-12=3.89×128) (-18→5=3.83×128) |
| 269706 | 108 | 493.33 | 16 | 0.14~9.54 | (-14→-16=8.36×103) (-9→2=4.87×103) (-15→-29=4.32×103) (11→-12=3.92×103) (-18→5=3.83×103) |
| 269716 | 92 | 500.66 | 16 | 0.14~9.54 | (-14→-16=8.38×89) (-9→2=4.88×89) (-15→-29=4.32×89) (11→-12=3.93×89) (-18→5=3.82×89) |
| 269727 | 69 | 488.48 | 16 | 0.14~9.54 | (-14→-16=8.36×65) (-9→2=4.90×65) (-15→-29=4.35×65) (11→-12=3.88×65) (-18→5=3.80×65) |
| 269737 | 59 | 475.44 | 16 | 0.14~9.54 | (-14→-16=8.40×54) (-9→2=4.97×54) (-15→-29=4.39×54) (11→-12=3.84×54) (-18→5=3.78×54) |
| 269747 | 56 | 473.55 | 16 | 0.14~9.54 | (-14→-16=8.40×51) (-9→2=5.01×51) (-15→-29=4.40×51) (11→-12=3.79×51) (16→-5=3.76×51) |
| 269758 | 51 | 449.33 | 16 | 0.14~9.54 | (-14→-16=8.41×44) (-9→2=5.03×44) (-15→-29=4.43×44) (-21→14=3.76×44) (11→-12=3.73×44) |
| 269768 | 50 | 375.46 | 16 | 0.14~9.54 | (-14→-16=8.38×36) (-9→2=5.03×36) (-15→-29=4.40×36) (-21→14=3.77×36) (11→-12=3.76×36) |
| 269778 | 52 | 290.81 | 16 | 0.18~9.54 | (-14→-16=8.34×29) (-9→2=4.92×29) (-15→-29=4.36×29) (-21→14=3.80×29) (16→-5=3.73×29) |
| 269789 | 53 | 256.36 | 16 | 0.18~9.54 | (-14→-16=8.30×26) (-9→2=4.84×26) (-15→-29=4.32×26) (-21→14=3.80×26) (11→-12=3.71×26) |
| 269799 | 50 | 210.24 | 16 | 0.18~8.85 | (-14→-16=8.23×20) (-9→2=4.90×20) (-15→-29=4.34×20) (-21→14=3.68×20) (16→-5=3.62×20) |
| 269809 | 51 | 124.00 | 16 | 0.18~8.85 | (-14→-16=8.36×12) (-9→2=4.91×12) (-15→-29=4.37×12) (-18→5=3.76×12) (-21→14=3.75×12) |
| 269820 | 50 | 95.34 | 16 | 0.18~8.69 | (-14→-16=8.25×9) (-9→2=4.81×9) (-15→-29=4.31×9) (-21→14=3.79×9) (16→-5=3.63×9) |
| 269830 | 50 | 85.14 | 16 | 0.18~8.69 | (-14→-16=8.20×8) (-9→2=4.83×8) (-15→-29=4.31×8) (-21→14=3.71×8) (16→-5=3.64×8) |
| 269840 | 53 | 90.32 | 16 | 0.18~8.69 | (-14→-16=8.14×9) (-9→2=4.82×9) (-15→-29=4.31×9) (-21→14=3.65×9) (16→-5=3.64×9) |
| 269851 | 51 | 93.82 | 16 | 0.18~8.69 | (-14→-16=8.14×9) (-9→2=4.82×9) (-15→-29=4.31×9) (-21→14=3.65×9) (16→-5=3.64×9) |
| 269861 | 50 | 95.62 | 16 | 0.18~8.69 | (-14→-16=8.14×9) (-9→2=4.82×9) (-15→-29=4.31×9) (-21→14=3.65×9) (16→-5=3.64×9) |
| 269871 | 51 | 63.08 | 16 | 0.18~8.69 | (-14→-16=7.98×6) (-9→2=4.89×6) (-15→-29=4.35×6) (16→-5=3.63×6) (-21→14=3.47×6) |
| 27 | 90 | 0.98 | 1 | 0.71~1.29 | (-23→28=0.71×1) (-4→2=0.71×1) (19→21=0.71×1) (-23→-31=0.71×1) (11→-30=1.29×1) |
| 269572 | 302 | 505.79 | 16 | 0.14~10.00 | (-14→-16=8.53×296) (-9→2=4.92×296) (-15→-29=4.39×296) (11→-12=4.01×296) (-18→5=3.91×296) |
| 269582 | 274 | 505.07 | 16 | 0.14~10.00 | (-14→-16=8.51×268) (-9→2=4.92×268) (-15→-29=4.39×268) (11→-12=3.99×268) (-18→5=3.89×268) |
| 269592 | 273 | 505.08 | 16 | 0.14~10.00 | (-14→-16=8.49×267) (-9→2=4.91×267) (-15→-29=4.38×267) (11→-12=3.98×267) (-18→5=3.89×267) |
| 269603 | 257 | 506.26 | 16 | 0.14~9.54 | (-14→-16=8.47×252) (-9→2=4.90×252) (-15→-29=4.37×252) (11→-12=3.97×252) (-18→5=3.88×252) |
| 269613 | 253 | 506.03 | 16 | 0.14~9.54 | (-14→-16=8.45×248) (-9→2=4.87×248) (-15→-29=4.37×248) (11→-12=3.97×248) (-18→5=3.87×248) |
| 269623 | 238 | 505.42 | 16 | 0.14~9.54 | (-14→-16=8.43×233) (-9→2=4.88×233) (-15→-29=4.36×233) (11→-12=3.96×233) (-18→5=3.87×233) |
| 269634 | 218 | 504.62 | 16 | 0.14~9.54 | (-14→-16=8.42×213) (-9→2=4.89×213) (-15→-29=4.36×213) (11→-12=3.94×213) (-18→5=3.87×213) |
| 269644 | 206 | 506.60 | 16 | 0.14~10.00 | (-14→-16=8.41×202) (-9→2=4.90×202) (-15→-29=4.35×202) (11→-12=3.93×202) (-18→5=3.85×202) |
| 269654 | 190 | 497.86 | 16 | 0.14~10.00 | (-14→-16=8.41×183) (-9→2=4.93×183) (-15→-29=4.36×183) (11→-12=3.91×183) (-18→5=3.85×183) |
| 269665 | 183 | 494.55 | 16 | 0.14~10.00 | (-14→-16=8.42×175) (-9→2=4.93×175) (-15→-29=4.37×175) (11→-12=3.90×175) (-18→5=3.84×175) |
| 269675 | 166 | 489.41 | 16 | 0.14~10.00 | (-14→-16=8.41×157) (-9→2=4.94×157) (-15→-29=4.37×157) (11→-12=3.88×157) (-18→5=3.83×157) |
| 269685 | 148 | 486.56 | 16 | 0.14~10.00 | (-14→-16=8.41×139) (-9→2=4.98×139) (-15→-29=4.37×139) (11→-12=3.82×139) (-18→5=3.80×139) |
| 269696 | 130 | 482.64 | 16 | 0.14~10.00 | (-14→-16=8.41×121) (-9→2=5.00×121) (-15→-29=4.38×121) (11→-12=3.82×121) (-18→5=3.80×121) |
| 269706 | 110 | 499.55 | 16 | 0.14~10.00 | (-14→-16=8.42×106) (-9→2=4.97×106) (-15→-29=4.37×106) (11→-12=3.80×106) (-18→5=3.77×106) |
| 269716 | 92 | 502.01 | 16 | 0.14~9.91 | (-14→-16=8.42×89) (-9→2=4.99×89) (-15→-29=4.38×89) (11→-12=3.79×89) (-18→5=3.77×89) |
| 269727 | 69 | 489.88 | 16 | 0.14~9.91 | (-14→-16=8.53×65) (-9→2=5.10×65) (-15→-29=4.46×65) (-21→14=3.85×65) (16→-5=3.77×65) |
| 269737 | 60 | 486.22 | 16 | 0.14~9.91 | (-14→-16=8.56×56) (-9→2=5.15×56) (-15→-29=4.49×56) (-21→14=3.85×56) (16→-5=3.74×56) |
| 269747 | 50 | 490.96 | 16 | 0.14~9.91 | (-14→-16=8.54×47) (-9→2=5.25×47) (-15→-29=4.53×47) (-21→14=3.81×47) (16→-5=3.74×47) |
| 269758 | 50 | 438.76 | 16 | 0.14~9.91 | (-14→-16=8.57×42) (-9→2=5.24×42) (-15→-29=4.52×42) (-21→14=3.85×42) (16→-5=3.73×42) |
| 269768 | 53 | 335.66 | 16 | 0.16~9.43 | (-14→-16=8.54×34) (-9→2=5.29×34) (-15→-29=4.51×34) (-21→14=3.87×34) (16→-5=3.76×34) |
| 269778 | 50 | 313.04 | 16 | 0.16~8.85 | (-14→-16=8.48×30) (-9→2=5.21×30) (-15→-29=4.47×30) (-21→14=3.91×30) (16→-5=3.76×30) |
| 269789 | 51 | 246.12 | 16 | 0.17~8.85 | (-14→-16=8.49×24) (-9→2=5.25×24) (-15→-29=4.47×24) (-21→14=3.88×24) (16→-5=3.74×24) |
| 269799 | 53 | 177.92 | 16 | 0.17~8.85 | (-14→-16=8.47×18) (-9→2=5.24×18) (-15→-29=4.46×18) (-21→14=3.89×18) (16→-5=3.72×18) |
| 32 | 101 | 1.48 | 2 | 0.70~1.29 | (17→-26=0.71×2) (9→21=0.71×1) (-10→-26=1.29×1) (16→4=1.29×1) (11→31=1.29×1) |
| 269572 | 302 | 505.79 | 16 | 0.14~10.00 | (-14→-16=8.53×296) (-9→2=4.92×296) (-15→-29=4.39×296) (11→-12=4.01×296) (-18→5=3.91×296) |
| 269582 | 282 | 505.29 | 16 | 0.14~10.00 | (-14→-16=8.52×276) (-9→2=4.93×276) (-15→-29=4.40×276) (11→-12=3.99×276) (-21→14=3.90×276) |
| 269592 | 282 | 505.35 | 16 | 0.14~10.00 | (-14→-16=8.50×276) (-9→2=4.92×276) (-15→-29=4.39×276) (11→-12=3.98×276) (-18→5=3.89×276) |
| 269603 | 263 | 506.39 | 16 | 0.14~9.54 | (-14→-16=8.47×258) (-9→2=4.92×258) (-15→-29=4.38×258) (11→-12=3.97×258) (-18→5=3.87×258) |
| 269613 | 258 | 506.23 | 16 | 0.14~9.54 | (-14→-16=8.44×253) (-9→2=4.91×253) (-15→-29=4.37×253) (11→-12=3.95×253) (-18→5=3.86×253) |
| 269623 | 251 | 505.88 | 16 | 0.14~9.54 | (-14→-16=8.43×246) (-9→2=4.89×246) (-15→-29=4.37×246) (11→-12=3.95×246) (-18→5=3.86×246) |
| 269634 | 230 | 504.98 | 16 | 0.14~9.54 | (-14→-16=8.43×225) (-9→2=4.89×225) (-15→-29=4.36×225) (11→-12=3.96×225) (-18→5=3.87×225) |
| 269644 | 225 | 504.77 | 16 | 0.14~9.54 | (-14→-16=8.43×220) (-9→2=4.90×220) (-15→-29=4.36×220) (11→-12=3.95×220) (-18→5=3.87×220) |
| 269654 | 200 | 498.62 | 16 | 0.14~9.54 | (-14→-16=8.47×193) (-9→2=4.94×193) (-15→-29=4.38×193) (11→-12=3.91×193) (-18→5=3.85×193) |
| 269665 | 183 | 497.02 | 16 | 0.14~9.54 | (-14→-16=8.46×176) (-9→2=4.93×176) (-15→-29=4.38×176) (11→-12=3.92×176) (-18→5=3.85×176) |
| 269675 | 165 | 495.12 | 16 | 0.14~9.54 | (-14→-16=8.48×158) (-9→2=4.97×158) (-15→-29=4.39×158) (11→-12=3.91×158) (-18→5=3.85×158) |
| 269685 | 150 | 493.06 | 16 | 0.14~9.54 | (-14→-16=8.47×143) (-9→2=4.97×143) (-15→-29=4.38×143) (11→-12=3.91×143) (-18→5=3.85×143) |
| 269696 | 135 | 490.33 | 16 | 0.14~9.54 | (-14→-16=8.46×128) (-9→2=4.96×128) (-15→-29=4.37×128) (11→-12=3.92×128) (-18→5=3.84×128) |
| 269706 | 115 | 489.89 | 16 | 0.14~9.54 | (-14→-16=8.50×109) (-9→2=4.96×109) (-15→-29=4.36×109) (11→-12=3.93×109) (-21→14=3.86×109) |
| 269716 | 103 | 491.96 | 16 | 0.14~9.54 | (-14→-16=8.49×98) (-9→2=4.95×98) (-15→-29=4.37×98) (11→-12=3.93×98) (-21→14=3.86×98) |
| 269727 | 92 | 478.05 | 16 | 0.14~9.54 | (-14→-16=8.49×85) (-9→2=4.97×85) (-15→-29=4.38×85) (11→-12=3.91×85) (-21→14=3.87×85) |
| 269737 | 75 | 469.65 | 16 | 0.14~9.54 | (-14→-16=8.50×68) (-9→2=5.01×68) (-15→-29=4.40×68) (11→-12=3.88×68) (-18→5=3.83×68) |
| 269747 | 67 | 464.03 | 16 | 0.14~9.54 | (-14→-16=8.52×60) (-9→2=5.02×60) (-15→-29=4.39×60) (11→-12=3.91×60) (-21→14=3.85×60) |
| 269758 | 57 | 455.02 | 16 | 0.16~9.54 | (-14→-16=8.55×50) (-9→2=5.02×50) (-15→-29=4.40×50) (11→-12=3.90×50) (-21→14=3.86×50) |
| 269768 | 51 | 427.94 | 16 | 0.16~9.54 | (-14→-16=8.56×42) (-9→2=5.08×42) (-15→-29=4.42×42) (-21→14=3.86×42) (11→-12=3.85×42) |
| 269778 | 50 | 342.30 | 16 | 0.18~9.54 | (-14→-16=8.55×33) (-9→2=5.02×33) (-15→-29=4.38×33) (-21→14=3.92×33) (11→-12=3.86×33) |
| 269789 | 51 | 285.51 | 16 | 0.18~9.54 | (-14→-16=8.57×28) (-9→2=5.11×28) (-15→-29=4.40×28) (-21→14=3.99×28) (11→-12=3.76×28) |
| 269799 | 50 | 229.36 | 16 | 0.18~9.54 | (-14→-16=8.55×22) (-9→2=5.22×22) (-15→-29=4.43×22) (-21→14=3.97×22) (16→-5=3.76×22) |
| 269809 | 50 | 188.08 | 16 | 0.18~8.85 | (-14→-16=8.52×18) (-9→2=5.20×18) (-15→-29=4.44×18) (-21→14=3.97×18) (16→-5=3.72×18) |
| 269820 | 53 | 148.57 | 16 | 0.18~8.85 | (-14→-16=8.58×15) (-9→2=5.32×15) (-15→-29=4.50×15) (-21→14=3.90×15) (16→-5=3.70×15) |
| 269830 | 51 | 93.24 | 16 | 0.18~8.85 | (-14→-16=8.50×9) (-9→2=5.47×9) (-15→-29=4.50×9) (-21→14=3.90×9) (16→-5=3.76×9) |
| 22 | 82 | 0.84 | 1 | 0.71~1.30 | (20→-2=1.30×1) (10→-11=0.71×1) (-16→30=0.71×1) (-19→-6=0.72×2) (11→23=0.72×1) |
| 269572 | 302 | 505.79 | 16 | 0.14~10.00 | (-14→-16=8.53×296) (-9→2=4.92×296) (-15→-29=4.39×296) (11→-12=4.01×296) (-18→5=3.91×296) |
| 269582 | 289 | 505.61 | 16 | 0.14~10.00 | (-14→-16=8.52×283) (-9→2=4.93×283) (-15→-29=4.40×283) (11→-12=3.99×283) (-18→5=3.90×283) |
| 269592 | 286 | 505.60 | 16 | 0.14~10.00 | (-14→-16=8.51×280) (-9→2=4.92×280) (-15→-29=4.39×280) (11→-12=3.99×280) (-18→5=3.89×280) |
| 269603 | 257 | 506.41 | 16 | 0.14~9.90 | (-14→-16=8.48×252) (-9→2=4.92×252) (-15→-29=4.39×252) (11→-12=3.96×252) (-18→5=3.87×252) |
| 269613 | 256 | 506.43 | 16 | 0.14~9.90 | (-14→-16=8.46×251) (-9→2=4.91×251) (-15→-29=4.38×251) (11→-12=3.94×251) (-18→5=3.86×251) |
| 269623 | 242 | 505.79 | 16 | 0.14~9.90 | (-14→-16=8.45×237) (-9→2=4.90×237) (-15→-29=4.37×237) (11→-12=3.95×237) (-18→5=3.86×237) |
| 269634 | 226 | 505.12 | 16 | 0.14~9.90 | (-14→-16=8.44×221) (-9→2=4.91×221) (-15→-29=4.37×221) (11→-12=3.94×221) (-18→5=3.86×221) |
| 269644 | 215 | 504.71 | 16 | 0.14~9.90 | (-14→-16=8.45×210) (-9→2=4.92×210) (-15→-29=4.37×210) (11→-12=3.93×210) (-18→5=3.86×210) |
| 269654 | 203 | 499.08 | 16 | 0.14~9.90 | (-14→-16=8.45×196) (-9→2=4.93×196) (-15→-29=4.37×196) (11→-12=3.92×196) (-18→5=3.85×196) |
| 269665 | 186 | 497.72 | 16 | 0.14~9.90 | (-14→-16=8.46×179) (-9→2=4.94×179) (-15→-29=4.38×179) (11→-12=3.91×179) (-18→5=3.85×179) |
| 269675 | 171 | 496.25 | 16 | 0.14~10.00 | (-14→-16=8.46×164) (-9→2=4.95×164) (-15→-29=4.37×164) (11→-12=3.89×164) (-18→5=3.84×164) |
| 269685 | 149 | 493.41 | 16 | 0.14~10.00 | (-14→-16=8.46×142) (-9→2=4.96×142) (-15→-29=4.37×142) (11→-12=3.89×142) (-18→5=3.83×142) |
| 269696 | 126 | 489.38 | 16 | 0.14~10.00 | (-14→-16=8.46×119) (-9→2=4.95×119) (-15→-29=4.36×119) (11→-12=3.90×119) (-18→5=3.83×119) |
| 269706 | 113 | 490.38 | 16 | 0.14~10.00 | (-14→-16=8.45×107) (-9→2=4.93×107) (-15→-29=4.35×107) (11→-12=3.89×107) (-18→5=3.82×107) |
| 269716 | 106 | 488.63 | 16 | 0.14~10.00 | (-14→-16=8.42×100) (-9→2=4.93×100) (-15→-29=4.34×100) (11→-12=3.89×100) (-18→5=3.81×100) |
| 269727 | 95 | 479.89 | 16 | 0.14~10.00 | (-14→-16=8.43×88) (-9→2=4.96×88) (-15→-29=4.34×88) (11→-12=3.88×88) (-18→5=3.82×88) |
| 269737 | 84 | 475.04 | 16 | 0.14~10.00 | (-14→-16=8.40×77) (-9→2=4.99×77) (-15→-29=4.34×77) (11→-12=3.86×77) (-18→5=3.82×77) |
| 269747 | 72 | 461.17 | 16 | 0.14~10.00 | (-14→-16=8.42×64) (-9→2=5.01×64) (-15→-29=4.35×64) (11→-12=3.86×64) (-18→5=3.82×64) |
| 269758 | 60 | 449.80 | 16 | 0.14~10.00 | (-14→-16=8.43×52) (-9→2=5.05×52) (-15→-29=4.37×52) (11→-12=3.84×52) (16→-5=3.82×52) |
| 269768 | 50 | 425.86 | 16 | 0.16~10.00 | (-14→-16=8.51×41) (-9→2=5.00×41) (-15→-29=4.34×41) (11→-12=3.92×41) (-18→5=3.83×41) |
| 269778 | 50 | 321.68 | 16 | 0.16~10.00 | (-14→-16=8.54×31) (-9→2=5.01×31) (-15→-29=4.33×31) (11→-12=3.89×31) (-18→5=3.80×31) |
| 269789 | 50 | 270.32 | 16 | 0.16~10.00 | (-14→-16=8.63×26) (-9→2=5.06×26) (-15→-29=4.34×26) (11→-12=3.87×26) (-21→14=3.84×26) |
| 269799 | 53 | 177.60 | 16 | 0.18~10.00 | (-14→-16=8.68×18) (-9→2=5.11×18) (-15→-29=4.34×18) (11→-12=3.85×18) (-21→14=3.82×18) |
| 269809 | 52 | 151.21 | 16 | 0.18~10.00 | (-14→-16=8.77×15) (-9→2=5.24×15) (-15→-29=4.38×15) (-21→14=3.87×15) (16→-5=3.80×15) |
| 269820 | 53 | 89.62 | 16 | 0.18~9.54 | (-14→-16=8.69×9) (-9→2=5.28×9) (-15→-29=4.41×9) (16→-5=3.85×9) (11→-12=3.77×9) |
| 269830 | 51 | 72.76 | 16 | 0.18~9.54 | (-14→-16=8.67×7) (-9→2=5.23×7) (-15→-29=4.37×7) (11→-12=3.84×7) (16→-5=3.76×7) |
| 269840 | 51 | 62.61 | 16 | 0.18~9.54 | (-14→-16=8.69×6) (-9→2=5.02×6) (-15→-29=4.32×6) (11→-12=4.04×6) (-18→5=3.85×6) |
| 269851 | 50 | 43.02 | 16 | 0.18~9.54 | (-14→-16=8.94×4) (-9→2=5.14×4) (-15→-29=4.41×4) (11→-12=3.96×4) (-21→14=3.82×4) |
| 269861 | 50 | 32.74 | 16 | 0.18~8.85 | (-14→-16=8.74×3) (-9→2=5.37×3) (-15→-29=4.43×3) (11→-12=3.92×3) (-18→5=3.74×3) |
| 269871 | 52 | 11.25 | 16 | 0.18~8.85 | (-14→-16=8.85×1) (-9→2=6.24×1) (-15→-29=4.84×1) (16→-5=4.16×1) (2→15=3.68×1) |
| 269882 | 55 | 10.82 | 16 | 0.18~8.85 | (-14→-16=8.85×1) (-9→2=6.24×1) (-15→-29=4.84×1) (16→-5=4.16×1) (2→15=3.68×1) |
| 269892 | 52 | 1.25 | 2 | 0.61~1.29 | (21→-4=0.66×2) (-24→8=0.71×1) (-17→-27=1.29×1) (22→-5=1.27×1) (-6→-3=0.73×2) |
| 269902 | 51 | 1.29 | 2 | 0.61~1.29 | (21→-4=0.66×2) (20→16=0.70×1) (-24→8=0.71×1) (-17→-27=1.29×1) (22→-5=1.27×1) |
| 269913 | 50 | 1.10 | 2 | 0.61~1.29 | (21→-4=0.66×2) (20→16=0.70×1) (-24→8=0.71×1) (-17→-27=1.29×1) (22→-5=1.27×1) |
| 269923 | 52 | 1.12 | 2 | 0.61~1.29 | (21→-4=0.66×2) (20→16=0.70×1) (-24→8=0.71×1) (-17→-27=1.29×1) (22→-5=1.27×1) |
| 269933 | 52 | 1.17 | 2 | 0.61~1.27 | (21→-4=0.66×2) (20→16=0.70×1) (-24→8=0.71×1) (22→-5=1.27×1) (-5→10=0.75×1) |
| 269944 | 52 | 1.62 | 2 | 0.61~1.30 | (21→-4=0.61×1) (-24→-25=1.30×1) (20→16=0.70×1) (-24→8=0.71×1) (-13→23=1.29×1) |
| 269954 | 53 | 1.60 | 2 | 0.61~1.30 | (21→-4=0.61×1) (-24→-25=1.30×1) (20→16=0.70×1) (-13→23=1.29×1) (22→-5=1.27×1) |
| 269964 | 54 | 1.67 | 2 | 0.61~1.30 | (21→-4=0.61×1) (20→16=0.70×1) (-24→-25=1.29×2) (20→-6=0.71×1) (22→-5=1.27×1) |
| 269975 | 53 | 1.62 | 2 | 0.61~1.30 | (21→-4=0.61×1) (-24→-25=1.29×2) (20→-6=0.71×1) (22→-5=1.27×1) (6→10=0.74×2) |
| 269985 | 54 | 1.80 | 2 | 0.61~1.30 | (21→-4=0.61×1) (-24→-25=1.29×2) (20→-6=0.71×1) (-17→3=1.28×1) (-21→27=1.27×1) |
| 269995 | 57 | 2.16 | 2 | 0.61~1.30 | (21→-4=0.61×1) (-24→-25=1.29×2) (20→-6=0.71×1) (4→1=1.29×1) (17→3=1.28×1) |
| 270006 | 56 | 2.02 | 2 | 0.71~1.30 | (-24→-25=1.29×2) (20→-6=0.71×1) (4→1=1.29×1) (17→3=1.28×1) (-13→29=0.72×1) |
| 270017 | 58 | 2.38 | 2 | 0.71~1.43 | (12→28=1.31×4) (-24→-25=1.29×2) (19→23=0.71×1) (20→-6=0.71×1) (4→1=1.29×1) |
| 23 | 85 | 0.86 | 1 | 0.71~1.30 | (-7→-17=1.30×1) (16→-24=1.30×1) (22→-23=0.71×1) (7→-23=1.29×1) (-5→-4=0.71×1) |
| 269572 | 302 | 505.79 | 16 | 0.14~10.00 | (-14→-16=8.53×296) (-9→2=4.92×296) (-15→-29=4.39×296) (11→-12=4.01×296) (-18→5=3.91×296) |
| 269582 | 289 | 505.49 | 16 | 0.14~10.00 | (-14→-16=8.51×283) (-9→2=4.92×283) (-15→-29=4.39×283) (11→-12=4.00×283) (-18→5=3.90×283) |
| 269592 | 282 | 505.30 | 16 | 0.14~10.00 | (-14→-16=8.50×276) (-9→2=4.91×276) (-15→-29=4.39×276) (11→-12=3.99×276) (-18→5=3.89×276) |
| 269603 | 260 | 506.31 | 16 | 0.14~9.54 | (-14→-16=8.48×255) (-9→2=4.91×255) (-15→-29=4.39×255) (11→-12=3.97×255) (-18→5=3.88×255) |
| 269613 | 255 | 506.11 | 16 | 0.14~9.54 | (-14→-16=8.46×250) (-9→2=4.89×250) (-15→-29=4.38×250) (11→-12=3.95×250) (-18→5=3.88×250) |
| 269623 | 244 | 505.65 | 16 | 0.14~9.54 | (-14→-16=8.44×239) (-9→2=4.89×239) (-15→-29=4.37×239) (11→-12=3.94×239) (-18→5=3.87×239) |
| 269634 | 228 | 504.98 | 16 | 0.14~9.54 | (-14→-16=8.40×223) (-9→2=4.91×223) (-15→-29=4.37×223) (11→-12=3.93×223) (-18→5=3.86×223) |
| 269644 | 214 | 504.26 | 16 | 0.14~9.54 | (-14→-16=8.39×209) (-9→2=4.91×209) (-15→-29=4.37×209) (11→-12=3.92×209) (-18→5=3.86×209) |
| 269654 | 197 | 498.23 | 16 | 0.14~9.54 | (-14→-16=8.39×190) (-9→2=4.92×190) (-15→-29=4.37×190) (11→-12=3.90×190) (-18→5=3.85×190) |
| 269665 | 190 | 497.72 | 16 | 0.14~9.54 | (-14→-16=8.41×183) (-9→2=4.93×183) (-15→-29=4.38×183) (11→-12=3.89×183) (-18→5=3.85×183) |
| 269675 | 167 | 495.53 | 16 | 0.14~9.54 | (-14→-16=8.43×160) (-9→2=4.97×160) (-15→-29=4.40×160) (11→-12=3.86×160) (-18→5=3.84×160) |
| 269685 | 164 | 495.24 | 16 | 0.14~9.54 | (-14→-16=8.42×157) (-9→2=4.97×157) (-15→-29=4.40×157) (11→-12=3.85×157) (-18→5=3.83×157) |
| 269696 | 155 | 494.01 | 16 | 0.14~9.54 | (-14→-16=8.43×148) (-9→2=4.98×148) (-15→-29=4.40×148) (11→-12=3.85×148) (-18→5=3.83×148) |
| 269706 | 133 | 490.74 | 16 | 0.14~9.54 | (-14→-16=8.43×126) (-9→2=5.03×126) (-15→-29=4.40×126) (16→-5=3.81×126) (-18→5=3.80×126) |
| 269716 | 126 | 493.61 | 16 | 0.14~9.54 | (-14→-16=8.41×120) (-9→2=5.03×120) (-15→-29=4.40×120) (16→-5=3.82×120) (-18→5=3.79×120) |
| 269727 | 115 | 482.10 | 16 | 0.14~9.54 | (-14→-16=8.37×107) (-9→2=5.03×107) (-15→-29=4.39×107) (16→-5=3.84×107) (-18→5=3.77×107) |
| 269737 | 110 | 480.57 | 16 | 0.14~9.54 | (-14→-16=8.39×102) (-9→2=5.02×102) (-15→-29=4.39×102) (16→-5=3.83×102) (-18→5=3.76×102) |
| 269747 | 102 | 472.55 | 16 | 0.14~9.54 | (-14→-16=8.39×93) (-9→2=4.99×93) (-15→-29=4.37×93) (16→-5=3.83×93) (11→-12=3.77×93) |
| 269758 | 95 | 468.91 | 16 | 0.14~9.54 | (-14→-16=8.37×86) (-9→2=4.97×86) (-15→-29=4.36×86) (16→-5=3.84×86) (11→-12=3.80×86) |
| 269768 | 86 | 470.15 | 16 | 0.14~9.54 | (-14→-16=8.38×78) (-9→2=5.00×78) (-15→-29=4.37×78) (16→-5=3.84×78) (11→-12=3.77×78) |
| 269778 | 78 | 459.29 | 16 | 0.14~9.54 | (-14→-16=8.38×69) (-9→2=5.07×69) (-15→-29=4.38×69) (16→-5=3.91×69) (-18→5=3.72×69) |
| 269789 | 73 | 455.63 | 16 | 0.14~9.54 | (-14→-16=8.40×64) (-9→2=5.11×64) (-15→-29=4.40×64) (16→-5=3.94×64) (-21→14=3.71×64) |
| 269799 | 67 | 434.39 | 16 | 0.14~9.54 | (-14→-16=8.39×56) (-9→2=5.08×56) (-15→-29=4.35×56) (16→-5=3.99×56) (-21→14=3.71×56) |
| 269809 | 63 | 429.40 | 16 | 0.16~9.54 | (-14→-16=8.38×52) (-9→2=5.10×52) (-15→-29=4.34×52) (16→-5=4.03×52) (-21→14=3.71×52) |
| 269820 | 54 | 423.59 | 16 | 0.18~9.54 | (-14→-16=8.35×44) (-9→2=5.12×44) (-15→-29=4.33×44) (16→-5=4.12×44) (-21→14=3.68×44) |
| 269830 | 50 | 406.22 | 16 | 0.18~9.54 | (-14→-16=8.36×39) (-9→2=5.18×39) (-15→-29=4.36×39) (16→-5=4.16×39) (-21→14=3.71×39) |
| 269840 | 50 | 313.16 | 16 | 0.18~8.85 | (-14→-16=8.27×30) (-9→2=5.21×30) (-15→-29=4.35×30) (16→-5=4.21×30) (-21→14=3.62×30) |
| 269851 | 52 | 222.42 | 16 | 0.18~8.85 | (-14→-16=8.31×22) (-9→2=5.41×22) (-15→-29=4.41×22) (16→-5=4.35×22) (-21→14=3.58×22) |
| 269861 | 54 | 195.59 | 16 | 0.18~8.85 | (-14→-16=8.27×20) (-9→2=5.48×20) (-15→-29=4.43×20) (16→-5=4.42×20) (2→15=3.50×20) |
| 269871 | 55 | 192.25 | 16 | 0.18~8.85 | (-14→-16=8.21×20) (-9→2=5.51×20) (16→-5=4.47×20) (-15→-29=4.42×20) (2→15=3.54×20) |
| 269882 | 51 | 166.51 | 16 | 0.18~8.85 | (-14→-16=8.12×16) (-9→2=5.51×16) (16→-5=4.54×16) (-15→-29=4.38×16) (2→15=3.53×16) |
| 269892 | 51 | 156.25 | 16 | 0.18~8.85 | (-14→-16=8.09×15) (-9→2=5.48×15) (16→-5=4.54×15) (-15→-29=4.36×15) (2→15=3.51×15) |
| 269902 | 53 | 170.17 | 16 | 0.18~8.85 | (-14→-16=8.03×17) (-9→2=5.46×17) (16→-5=4.56×17) (-15→-29=4.34×17) (2→15=3.51×17) |
| 269913 | 51 | 166.76 | 16 | 0.18~8.69 | (-14→-16=7.90×16) (-9→2=5.46×16) (16→-5=4.62×16) (-15→-29=4.31×16) (2→15=3.54×16) |
| 269923 | 51 | 156.63 | 16 | 0.18~8.69 | (-14→-16=7.90×15) (-9→2=5.45×15) (16→-5=4.61×15) (-15→-29=4.30×15) (2→15=3.53×15) |
| 269933 | 50 | 159.36 | 16 | 0.18~8.69 | (-14→-16=7.92×15) (-9→2=5.46×15) (16→-5=4.62×15) (-15→-29=4.31×15) (2→15=3.54×15) |
| 269944 | 52 | 143.23 | 16 | 0.18~8.69 | (-14→-16=7.73×14) (-9→2=5.41×14) (16→-5=4.68×14) (-15→-29=4.25×14) (2→15=3.59×14) |
| 269954 | 52 | 143.33 | 16 | 0.18~8.69 | (-14→-16=7.71×14) (-9→2=5.39×14) (16→-5=4.67×14) (-15→-29=4.24×14) (2→15=3.58×14) |
| 269964 | 50 | 138.50 | 16 | 0.27~7.94 | (-14→-16=7.58×13) (-9→2=5.39×13) (16→-5=4.74×13) (-15→-29=4.22×13) (2→15=3.60×13) |
| 269975 | 50 | 149.10 | 16 | 0.27~7.94 | (-14→-16=7.46×14) (-9→2=5.31×14) (16→-5=4.69×14) (-15→-29=4.16×14) (2→15=3.52×14) |
| 269985 | 50 | 148.94 | 16 | 0.27~7.94 | (-14→-16=7.46×14) (-9→2=5.31×14) (16→-5=4.69×14) (-15→-29=4.16×14) (2→15=3.52×14) |
| 269995 | 51 | 145.71 | 16 | 0.27~7.94 | (-14→-16=7.46×14) (-9→2=5.31×14) (16→-5=4.69×14) (-15→-29=4.16×14) (2→15=3.52×14) |
| 270006 | 52 | 143.00 | 16 | 0.27~7.94 | (-14→-16=7.43×14) (-9→2=5.29×14) (16→-5=4.68×14) (-15→-29=4.14×14) (2→15=3.51×14) |
| 270016 | 56 | 151.86 | 16 | 0.27~7.94 | (-14→-16=7.37×16) (-9→2=5.25×16) (16→-5=4.65×16) (-15→-29=4.11×16) (2→15=3.48×16) |
| 270026 | 57 | 140.02 | 16 | 0.28~7.80 | (-14→-16=7.33×15) (-9→2=5.22×15) (16→-5=4.62×15) (-15→-29=4.09×15) (2→15=3.47×15) |
| 270037 | 58 | 146.91 | 16 | 0.28~7.80 | (-14→-16=7.31×16) (-9→2=5.21×16) (16→-5=4.61×16) (-15→-29=4.09×16) (2→15=3.46×16) |
| 270047 | 56 | 133.30 | 16 | 0.28~7.80 | (-14→-16=7.28×14) (-9→2=5.19×14) (16→-5=4.60×14) (-15→-29=4.07×14) (2→15=3.45×14) |
| 270057 | 53 | 120.87 | 16 | 0.28~7.80 | (-14→-16=7.32×12) (-9→2=5.22×12) (16→-5=4.62×12) (-15→-29=4.09×12) (2→15=3.48×12) |
| 270068 | 52 | 123.06 | 16 | 0.28~7.80 | (-14→-16=7.32×12) (-9→2=5.22×12) (16→-5=4.62×12) (-15→-29=4.09×12) (2→15=3.48×12) |
| 270078 | 50 | 106.84 | 16 | 0.28~7.80 | (-14→-16=7.29×10) (-9→2=5.20×10) (16→-5=4.61×10) (-15→-29=4.08×10) (2→15=3.41×10) |
| 270088 | 51 | 104.65 | 16 | 0.28~7.80 | (-14→-16=7.29×10) (-9→2=5.20×10) (16→-5=4.61×10) (-15→-29=4.08×10) (2→15=3.41×10) |
| 270099 | 50 | 85.60 | 16 | 0.28~7.80 | (-14→-16=7.20×8) (-9→2=5.14×8) (16→-5=4.58×8) (-15→-29=4.03×8) (2→15=3.38×8) |
| 270109 | 52 | 82.38 | 16 | 0.28~7.80 | (-14→-16=7.20×8) (-9→2=5.14×8) (16→-5=4.58×8) (-15→-29=4.03×8) (2→15=3.38×8) |
| 270119 | 51 | 63.20 | 16 | 0.31~7.53 | (-14→-16=7.11×6) (-9→2=5.08×6) (16→-5=4.52×6) (-15→-29=3.99×6) (2→15=3.34×6) |
| 270130 | 51 | 63.22 | 16 | 0.31~7.53 | (-14→-16=7.11×6) (-9→2=5.08×6) (16→-5=4.52×6) (-15→-29=3.99×6) (2→15=3.34×6) |
| 270140 | 50 | 43.18 | 16 | 0.31~7.53 | (-14→-16=7.09×4) (-9→2=5.06×4) (16→-5=4.51×4) (-15→-29=3.98×4) (2→15=3.33×4) |
| 270150 | 50 | 32.52 | 16 | 0.31~7.53 | (-14→-16=7.23×3) (-9→2=5.16×3) (16→-5=4.60×3) (-15→-29=4.05×3) (2→15=3.39×3) |
| 270161 | 50 | 21.90 | 16 | 0.31~7.53 | (-14→-16=7.40×2) (-9→2=5.27×2) (16→-5=4.69×2) (-15→-29=4.13×2) (2→15=3.45×2) |
| 270171 | 50 | 21.96 | 16 | 0.31~7.53 | (-14→-16=7.40×2) (-9→2=5.27×2) (16→-5=4.69×2) (-15→-29=4.13×2) (2→15=3.45×2) |
| 270181 | 52 | 21.10 | 16 | 0.31~7.53 | (-14→-16=7.40×2) (-9→2=5.27×2) (16→-5=4.69×2) (-15→-29=4.13×2) (2→15=3.45×2) |
| 270192 | 52 | 10.94 | 16 | 0.31~7.53 | (-14→-16=7.53×1) (-9→2=5.36×1) (16→-5=4.77×1) (-15→-29=4.19×1) (2→15=3.50×1) |
| 270202 | 51 | 11.16 | 16 | 0.31~7.53 | (-14→-16=7.53×1) (-9→2=5.36×1) (16→-5=4.77×1) (-15→-29=4.19×1) (2→15=3.50×1) |
| 270212 | 50 | 11.46 | 16 | 0.31~7.53 | (-14→-16=7.53×1) (-9→2=5.36×1) (16→-5=4.77×1) (-15→-29=4.19×1) (2→15=3.50×1) |
| 270223 | 50 | 0.94 | 2 | 0.76~1.28 | (-14→-4=1.28×1) (17→-9=1.26×1) (9→23=1.26×2) (4→-8=1.23×1) (-19→7=0.77×2) |
| 270233 | 51 | 0.96 | 2 | 0.76~1.28 | (-14→-4=1.28×1) (17→-9=1.26×1) (9→23=1.26×2) (4→-8=1.23×1) (-19→7=0.77×2) |
| 270243 | 53 | 1.04 | 2 | 0.76~1.29 | (9→29=1.29×1) (-14→-4=1.28×1) (17→-9=1.26×1) (9→23=1.26×2) (4→-8=1.23×1) |
| 270254 | 55 | 1.00 | 2 | 0.72~1.29 | (9→29=1.29×1) (-7→-7=0.72×1) (-14→-4=1.28×1) (-21→-12=0.73×1) (17→-9=1.26×1) |
| 270264 | 54 | 1.04 | 2 | 0.72~1.29 | (-7→-7=0.72×1) (9→29=1.28×2) (18→7=1.28×1) (-21→-12=0.73×1) (17→-9=1.26×1) |
| 270274 | 54 | 1.07 | 2 | 0.72~1.29 | (-7→-7=0.72×1) (9→29=1.28×2) (18→7=1.28×1) (-21→-12=0.73×1) (17→-9=1.26×1) |
| 270285 | 54 | 1.20 | 2 | 0.72~1.29 | (9→29=1.28×2) (18→7=1.28×1) (-7→-7=0.72×2) (-21→-12=0.73×1) (17→-9=1.26×1) |
| 270295 | 53 | 1.23 | 2 | 0.72~1.29 | (9→29=1.28×2) (18→7=1.28×1) (-7→-7=0.72×2) (-21→-12=0.73×1) (17→-9=1.26×1) |
| 270305 | 52 | 1.27 | 2 | 0.72~1.29 | (9→29=1.28×2) (18→7=1.28×1) (-7→-7=0.72×2) (-21→-12=0.73×1) (17→-9=1.26×1) |
| 270316 | 50 | 1.06 | 1 | 0.72~1.29 | (9→29=1.28×2) (18→7=1.28×1) (-7→-7=0.72×2) (-21→-12=0.73×1) (17→-9=1.26×1) |
| 270326 | 51 | 1.04 | 1 | 0.72~1.30 | (-9→24=1.30×1) (9→29=1.28×2) (18→7=1.28×1) (-7→-7=0.72×2) (-21→-12=0.73×1) |
| 270336 | 51 | 0.76 | 1 | 0.72~1.30 | (-9→24=1.30×1) (9→29=1.29×1) (-7→-7=0.72×2) (24→-5=1.27×1) (-21→-12=0.73×1) |
| 270347 | 54 | 0.96 | 1 | 0.72~1.30 | (-9→24=1.30×1) (9→29=1.28×2) (-7→-7=0.72×2) (24→-5=1.27×1) (-21→-12=0.73×1) |
| 270357 | 55 | 1.00 | 1 | 0.72~1.30 | (-9→24=1.30×1) (9→29=1.28×2) (-7→-7=0.72×2) (24→-5=1.27×1) (-21→-12=0.73×1) |
| 270367 | 55 | 1.09 | 1 | 0.70~1.30 | (-9→24=1.30×1) (-23→20=0.70×1) (9→29=1.28×2) (-7→-7=0.72×2) (24→-5=1.27×1) |
| 270378 | 54 | 1.15 | 1 | 0.70~1.30 | (-9→24=1.30×1) (-23→20=0.70×1) (9→29=1.28×2) (-7→-7=0.72×2) (24→-5=1.27×1) |
| 270388 | 53 | 1.21 | 1 | 0.70~1.30 | (-9→24=1.30×1) (-23→20=0.70×1) (9→29=1.28×2) (-7→-7=0.72×2) (24→-5=1.27×1) |
| 270398 | 50 | 1.04 | 1 | 0.70~1.29 | (-23→20=0.70×1) (-7→-7=0.72×1) (9→29=1.28×2) (24→-5=1.27×1) (-21→-12=0.73×1) |
| 270409 | 53 | 1.11 | 1 | 0.70~1.29 | (-23→20=0.70×1) (-14→-27=1.29×1) (-7→-7=0.72×1) (9→29=1.28×2) (-4→7=1.28×1) |
| 270419 | 52 | 0.96 | 1 | 0.70~1.29 | (-23→20=0.70×1) (-14→-27=1.29×1) (9→29=1.29×1) (-7→-7=0.72×1) (-4→7=1.28×1) |
| 270429 | 50 | 0.88 | 1 | 0.72~1.29 | (-14→-27=1.29×1) (9→29=1.29×1) (-7→-7=0.72×1) (-4→7=1.28×1) (-22→-4=0.72×1) |
| 270440 | 50 | 0.88 | 1 | 0.72~1.29 | (-14→-27=1.29×1) (9→29=1.29×1) (-7→-7=0.72×1) (-4→7=1.28×1) (-22→-4=0.72×1) |
| 270450 | 52 | 0.87 | 1 | 0.72~1.29 | (-14→-27=1.29×1) (-7→-7=0.72×1) (-4→7=1.28×1) (-22→-4=0.72×1) (24→-5=1.27×1) |
| 270460 | 51 | 0.88 | 1 | 0.72~1.29 | (-14→-27=1.29×1) (-7→-7=0.72×1) (-4→7=1.28×1) (-22→-4=0.72×1) (24→-5=1.27×1) |
| 270471 | 51 | 0.92 | 1 | 0.72~1.29 | (-14→-27=1.29×1) (-7→-7=0.72×1) (-4→7=1.28×1) (-22→-4=0.72×1) (24→-5=1.27×1) |
| 270481 | 52 | 0.98 | 1 | 0.72~1.29 | (-14→-27=1.29×1) (20→10=1.29×1) (-4→7=1.28×1) (-22→-4=0.72×1) (9→-17=1.28×1) |
| 270491 | 50 | 0.98 | 1 | 0.72~1.29 | (-14→-27=1.29×1) (20→10=1.29×1) (-4→7=1.28×1) (-22→-4=0.72×1) (9→-17=1.28×1) |
| 270502 | 51 | 0.90 | 1 | 0.72~1.29 | (-14→-27=1.29×1) (20→10=1.29×1) (-4→7=1.28×1) (-22→-4=0.72×1) (9→-17=1.28×1) |
| 270512 | 51 | 1.02 | 1 | 0.70~1.29 | (-3→31=0.70×1) (-14→-27=1.29×1) (20→10=1.29×1) (-22→-4=0.72×1) (21→30=1.27×1) |
| 270522 | 51 | 1.22 | 1 | 0.70~1.29 | (-3→31=0.70×1) (-14→-27=1.29×1) (20→10=1.29×1) (-22→-4=0.72×1) (21→30=1.27×1) |
| 270533 | 51 | 1.27 | 1 | 0.70~1.29 | (-3→31=0.70×1) (-14→-27=1.29×1) (20→10=1.29×1) (-22→-4=0.72×1) (21→30=1.27×1) |
| 270543 | 51 | 1.35 | 1 | 0.70~1.29 | (-3→31=0.70×1) (-14→-27=1.29×1) (20→10=1.29×1) (-22→-4=0.72×1) (21→30=1.27×1) |
| 270553 | 53 | 1.57 | 1 | 0.70~1.51 | (12→31=1.39×2) (-9→-24=0.70×1) (-3→31=0.70×1) (-14→-27=1.29×1) (20→10=1.29×1) |
| 270564 | 52 | 1.56 | 1 | 0.70~1.51 | (12→31=1.39×2) (-9→-24=0.70×1) (-3→31=0.70×1) (-14→-27=1.29×1) (20→10=1.29×1) |
| 270574 | 58 | 2.00 | 1 | 0.70~1.51 | (12→31=1.39×2) (-9→-24=0.70×1) (-3→31=0.70×1) (20→10=1.29×1) (-3→29=0.72×1) |
| 270584 | 52 | 1.85 | 1 | 0.70~1.29 | (-9→-24=0.70×1) (-3→31=0.70×1) (21→30=1.27×1) (9→27=0.73×1) (12→31=1.27×1) |
| 270595 | 55 | 2.18 | 2 | 0.69~1.29 | (-9→-24=0.70×1) (-3→31=0.70×1) (21→30=1.27×1) (12→31=1.27×1) (-19→-2=0.73×1) |
| 270605 | 50 | 1.96 | 2 | 0.69~1.29 | (-9→-24=0.70×1) (-3→31=0.70×1) (10→9=0.72×5) (21→30=1.27×1) (12→31=1.27×1) |
| 270615 | 52 | 1.40 | 1 | 0.69~1.29 | (-10→-3=0.70×1) (10→9=0.71×3) (22→-25=1.28×1) (21→30=1.27×1) (9→27=0.73×1) |
| 270626 | 53 | 1.40 | 1 | 0.69~1.29 | (-10→-3=0.71×2) (10→9=0.71×3) (22→-25=1.28×1) (-7→-19=1.28×1) (21→30=1.27×1) |
| 270636 | 54 | 1.33 | 1 | 0.69~1.29 | (-10→-3=0.71×2) (10→9=0.71×3) (22→-25=1.28×1) (-7→-19=1.28×1) (21→30=1.27×1) |
| 270646 | 52 | 1.15 | 1 | 0.69~1.29 | (-10→-3=0.71×2) (-19→-28=1.29×1) (-9→-3=1.28×1) (22→-25=1.28×1) (10→9=0.72×1) |
| 270657 | 50 | 1.18 | 1 | 0.69~1.29 | (-10→-3=0.70×1) (-19→-28=1.29×1) (-9→-3=1.28×1) (22→-25=1.28×1) (21→30=1.27×1) |
| 270667 | 50 | 1.16 | 1 | 0.69~1.29 | (-10→-3=0.70×1) (-19→-28=1.29×1) (-9→-3=1.28×1) (22→-25=1.28×1) (21→30=1.27×1) |
| 270677 | 52 | 1.29 | 1 | 0.69~1.29 | (-19→-28=1.29×1) (-11→-31=1.29×1) (18→15=1.29×1) (24→17=0.71×1) (-9→-3=1.28×1) |
| 270688 | 52 | 1.38 | 1 | 0.69~1.29 | (-19→-28=1.29×1) (-11→-31=1.29×1) (18→15=1.29×1) (24→17=0.71×1) (-9→-3=1.28×1) |
| 270698 | 51 | 1.37 | 1 | 0.69~1.29 | (-19→-28=1.29×1) (-11→-31=1.29×1) (18→15=1.29×1) (24→17=0.71×1) (-9→-3=1.28×1) |
| 270708 | 52 | 1.50 | 1 | 0.71~1.29 | (-19→-28=1.29×1) (-11→-31=1.29×1) (21→-8=1.29×1) (18→15=1.29×1) (24→17=0.71×1) |
| 270719 | 50 | 1.32 | 1 | 0.73~1.29 | (-19→-28=1.29×1) (-11→-31=1.29×1) (21→-8=1.29×1) (18→15=1.29×1) (-9→-3=1.28×1) |
| 270729 | 51 | 1.41 | 1 | 0.73~1.29 | (-19→-28=1.29×1) (-11→-31=1.29×1) (21→-8=1.29×1) (18→15=1.29×1) (1→-29=1.29×1) |
| 270739 | 49 | 1.16 | 1 | 0.75~1.29 | (-11→-31=1.29×1) (21→-8=1.29×1) (18→15=1.29×1) (1→-29=1.29×1) (-9→-3=1.28×1) |
| 270750 | 53 | 1.30 | 1 | 0.72~1.29 | (-11→-31=1.29×1) (21→-8=1.29×1) (18→15=1.29×1) (1→-29=1.29×1) (-9→-3=1.28×1) |
| 270760 | 51 | 1.25 | 1 | 0.72~1.29 | (-11→-31=1.29×1) (21→-8=1.29×1) (18→15=1.29×1) (1→-29=1.29×1) (-9→-3=1.28×1) |
| 270770 | 50 | 1.36 | 1 | 0.72~1.29 | (-11→-31=1.29×1) (21→-8=1.29×1) (18→15=1.29×1) (1→-29=1.29×1) (-9→-3=1.28×1) |
| 270781 | 57 | 1.26 | 1 | 0.71~1.30 | (-3→24=1.30×1) (7→-18=1.29×2) (-11→-31=1.29×1) (18→15=1.29×1) (1→-29=1.29×1) |
| 270791 | 50 | 1.30 | 1 | 0.71~1.29 | (-21→-20=0.71×1) (7→-18=1.29×2) (-11→-31=1.29×1) (18→15=1.29×1) (1→-29=1.29×1) |
| 270801 | 50 | 1.28 | 1 | 0.71~1.29 | (-21→-20=0.71×1) (7→-18=1.29×2) (-11→-31=1.29×1) (18→15=1.29×1) (1→-29=1.29×1) |
| 270812 | 52 | 1.29 | 2 | 0.71~1.29 | (7→-18=1.29×1) (-21→-20=0.71×1) (-11→-31=1.29×1) (18→15=1.29×1) (1→-29=1.29×1) |
| 270822 | 52 | 1.19 | 2 | 0.71~1.29 | (7→-18=1.29×1) (-21→-20=0.71×1) (18→15=1.29×1) (1→-29=1.29×1) (-9→-3=1.28×1) |
| 270832 | 54 | 1.41 | 2 | 0.71~1.29 | (7→-18=1.29×1) (-21→-20=0.71×1) (18→15=1.29×1) (-9→-3=1.28×1) (10→-5=0.72×1) |
| 270843 | 54 | 1.41 | 2 | 0.71~1.29 | (7→-18=1.29×1) (-21→-20=0.71×1) (18→15=1.29×1) (-9→-3=1.28×1) (10→-5=0.72×1) |
| 270853 | 55 | 1.47 | 2 | 0.71~1.29 | (7→-18=1.29×1) (-9→-14=0.71×1) (18→15=1.29×1) (-9→-3=1.28×1) (10→-5=0.72×1) |
| 270863 | 48 | 1.46 | 2 | 0.71~1.29 | (-9→-14=0.71×1) (18→15=1.29×1) (-9→-3=1.28×1) (10→-5=0.72×1) (-9→-5=1.28×1) |
| 270874 | 55 | 1.35 | 2 | 0.71~1.29 | (-9→-14=0.71×1) (18→15=1.29×1) (-9→-3=1.28×1) (10→-5=0.72×1) (-9→-5=1.28×1) |
| 270884 | 53 | 1.26 | 2 | 0.70~1.29 | (6→-1=0.70×1) (-9→-14=0.71×1) (18→15=1.29×1) (-9→-3=1.28×1) (2→26=0.73×1) |
| 270894 | 56 | 1.39 | 2 | 0.70~1.29 | (6→-1=0.70×1) (-9→-14=0.71×1) (10→-7=0.71×1) (18→15=1.29×1) (-9→-3=1.28×1) |
| 270905 | 57 | 1.26 | 2 | 0.70~1.29 | (6→-1=0.70×1) (10→-7=0.71×1) (18→15=1.29×1) (-9→-3=1.28×1) (2→26=0.73×1) |
| 270915 | 51 | 1.35 | 2 | 0.70~1.29 | (6→-1=0.70×1) (10→-7=0.71×1) (18→15=1.29×1) (-9→-3=1.28×1) (2→26=0.73×1) |
| 270925 | 54 | 1.30 | 2 | 0.70~1.28 | (6→-1=0.70×1) (10→-7=0.71×1) (-9→-3=1.28×1) (2→26=0.73×1) (21→30=1.27×1) |
| 270936 | 51 | 1.35 | 2 | 0.70~1.28 | (6→-1=0.70×1) (10→-7=0.71×1) (-9→-3=1.28×1) (2→26=0.73×1) (21→30=1.27×1) |
| 270946 | 53 | 1.28 | 2 | 0.70~1.28 | (6→-1=0.70×1) (10→-7=0.71×1) (-9→-3=1.28×1) (21→30=1.27×1) (-15→-22=0.74×2) |
| 270956 | 50 | 1.12 | 1 | 0.71~1.28 | (10→-7=0.71×1) (-9→-3=1.28×1) (21→30=1.27×1) (-18→-20=1.25×1) (-22→-28=0.75×3) |
| 270967 | 53 | 0.98 | 1 | 0.71~1.30 | (-16→21=1.30×1) (-16→11=1.29×1) (10→-7=0.71×1) (-9→-3=1.28×1) (21→30=1.27×1) |
| 270977 | 56 | 1.05 | 1 | 0.71~1.30 | (-16→21=1.30×1) (-16→11=1.29×1) (10→-7=0.71×1) (-9→-3=1.28×1) (21→30=1.27×1) |
| 270987 | 49 | 0.86 | 1 | 0.71~1.29 | (-16→11=1.29×1) (10→-7=0.71×1) (-9→-3=1.28×1) (21→30=1.27×1) (-24→20=0.73×2) |
| 270998 | 51 | 0.94 | 1 | 0.73~1.29 | (-16→11=1.29×1) (-9→-3=1.28×1) (21→30=1.27×1) (-24→20=0.73×2) (10→-29=0.74×1) |
| 271008 | 53 | 1.04 | 1 | 0.73~1.29 | (-16→11=1.29×1) (-9→-3=1.28×1) (-15→-16=1.28×1) (11→-16=1.27×1) (-24→20=0.73×1) |
| 271018 | 53 | 1.02 | 1 | 0.73~1.29 | (-16→11=1.29×1) (-9→-3=1.28×1) (-15→-16=1.28×1) (11→-16=1.27×1) (-24→20=0.73×1) |
| 271029 | 52 | 0.87 | 1 | 0.74~1.29 | (-16→11=1.29×1) (-9→-3=1.28×1) (-15→-16=1.28×1) (11→-16=1.27×1) (21→30=1.27×1) |
| 271039 | 50 | 0.94 | 2 | 0.72~1.28 | (-9→-3=1.28×1) (-15→-16=1.28×1) (-4→-20=0.72×1) (11→-16=1.27×1) (21→30=1.27×1) |
| 271049 | 54 | 1.02 | 2 | 0.72~1.28 | (-9→-3=1.28×1) (-17→-6=0.72×1) (-15→-16=1.28×1) (-4→-20=0.72×1) (11→-16=1.27×1) |
| 271060 | 52 | 0.98 | 1 | 0.72~1.28 | (-9→-3=1.28×1) (-17→-6=0.72×1) (-15→-16=1.28×1) (-4→-20=0.72×1) (11→-16=1.27×1) |
| 271070 | 53 | 1.04 | 1 | 0.71~1.29 | (-4→25=0.71×1) (-16→11=1.29×1) (-9→-3=1.28×1) (-17→-6=0.72×1) (-15→-16=1.28×1) |
| 271080 | 56 | 1.11 | 1 | 0.71~1.29 | (-4→25=0.71×1) (-16→11=1.29×1) (-9→-3=1.28×1) (-17→-6=0.72×1) (9→-2=0.72×1) |
| 271091 | 54 | 1.15 | 1 | 0.72~1.29 | (-16→11=1.29×1) (-9→-3=1.28×1) (-17→-6=0.72×1) (9→-2=0.72×1) (-4→25=0.72×1) |
| 271101 | 54 | 1.02 | 1 | 0.72~1.29 | (-16→11=1.29×1) (-9→-3=1.28×1) (11→-13=0.72×1) (-17→-6=0.72×1) (9→-2=0.72×1) |
| 271111 | 52 | 0.96 | 1 | 0.72~1.29 | (-16→11=1.29×1) (-9→-3=1.28×1) (11→-13=0.72×1) (9→-2=0.72×1) (-4→-20=0.72×1) |
| 271122 | 50 | 0.86 | 1 | 0.72~1.29 | (-16→11=1.29×1) (-9→-3=1.28×1) (11→-13=0.72×1) (9→-2=0.72×1) (-4→-20=0.72×1) |
| 271132 | 51 | 0.78 | 1 | 0.71~1.29 | (-3→19=0.71×1) (-16→11=1.29×1) (-9→-3=1.28×1) (11→-13=0.72×1) (9→-2=0.72×1) |
| 271142 | 51 | 0.73 | 1 | 0.71~1.29 | (-3→19=0.71×1) (-16→11=1.29×1) (-9→-3=1.28×1) (11→-13=0.72×1) (9→-2=0.72×1) |
| 271153 | 51 | 0.69 | 1 | 0.71~1.29 | (-3→19=0.71×1) (-16→11=1.29×1) (-9→-3=1.28×1) (11→-13=0.72×1) (9→-2=0.72×1) |
| 271163 | 50 | 0.74 | 1 | 0.70~1.29 | (-6→-4=0.70×1) (11→-13=0.72×1) (-9→-3=1.28×2) (-24→-15=1.28×1) (19→14=0.76×1) |
| 271173 | 51 | 0.65 | 1 | 0.70~1.29 | (-6→-4=0.70×1) (11→-13=0.72×1) (-9→-3=1.28×2) (-24→-15=1.28×1) (19→14=0.76×1) |
| 271184 | 53 | 0.92 | 1 | 0.70~1.48 | (-13→26=1.39×3) (-6→-4=0.70×1) (23→10=1.30×1) (11→-13=0.72×1) (-9→-3=1.28×2) |
| 271194 | 52 | 0.94 | 1 | 0.70~1.48 | (-13→26=1.39×3) (-6→-4=0.70×1) (23→10=1.30×1) (11→-13=0.72×1) (-9→-3=1.28×2) |
| 271204 | 51 | 1.27 | 1 | 0.70~1.48 | (-13→26=1.37×2) (-6→-4=0.70×1) (23→10=1.30×1) (16→31=0.71×1) (-9→-3=1.28×1) |
| 271215 | 52 | 1.19 | 1 | 0.70~1.29 | (-6→-4=0.70×1) (16→31=0.71×1) (-9→-3=1.28×1) (13→-26=1.28×2) (-24→-15=1.28×1) |
| 271225 | 53 | 0.92 | 1 | 0.70~1.28 | (-6→-4=0.70×1) (16→31=0.71×1) (-9→-3=1.28×1) (-24→-15=1.28×1) (6→-20=0.73×1) |
| 271235 | 53 | 0.91 | 1 | 0.70~1.28 | (-6→-4=0.70×1) (16→31=0.71×1) (-9→-3=1.28×1) (-24→-15=1.28×1) (6→-20=0.73×1) |
| 271246 | 53 | 0.91 | 1 | 0.70~1.28 | (-6→-4=0.70×1) (16→31=0.71×1) (-9→-3=1.28×1) (-24→-15=1.28×1) (6→-20=0.73×1) |
| 271256 | 52 | 0.77 | 1 | 0.70~1.28 | (-6→-4=0.70×1) (16→31=0.71×1) (-9→-3=1.28×1) (-14→-12=1.26×1) (-16→-18=0.75×1) |
| 271266 | 51 | 0.75 | 1 | 0.70~1.28 | (-6→-4=0.70×1) (16→31=0.71×1) (-9→-3=1.28×1) (-14→-12=1.26×1) (-16→-18=0.75×1) |
| 271277 | 50 | 0.72 | 1 | 0.70~1.28 | (-6→-4=0.70×1) (-8→-26=0.71×1) (-9→-3=1.28×1) (19→16=0.72×1) (-13→21=0.75×1) |
| 271287 | 55 | 0.76 | 2 | 0.70~1.28 | (-6→-4=0.70×1) (-8→-26=0.71×1) (-9→-3=1.28×1) (19→16=0.72×1) (-13→21=0.75×1) |
| 271297 | 55 | 0.80 | 2 | 0.70~1.30 | (-6→-4=0.70×1) (-14→-4=1.30×1) (-8→-26=0.71×1) (-9→-3=1.28×1) (19→16=0.72×1) |
| 271308 | 58 | 0.97 | 2 | 0.70~1.30 | (-6→-4=0.70×1) (-14→-4=1.30×1) (12→-3=1.29×2) (-8→-26=0.71×1) (-9→-3=1.28×1) |
| 271318 | 57 | 0.81 | 2 | 0.70~1.30 | (-6→-4=0.70×1) (-14→-4=1.30×1) (12→-3=1.29×2) (-8→-26=0.71×1) (-9→-3=1.28×1) |
| 271328 | 61 | 0.95 | 2 | 0.70~1.30 | (-6→-4=0.70×1) (-14→-4=1.30×1) (12→-3=1.29×2) (-8→-26=0.71×1) (-9→-3=1.28×1) |
| 271339 | 57 | 0.89 | 1 | 0.71~1.30 | (-14→-4=1.30×1) (-8→-26=0.71×1) (-9→-3=1.28×1) (22→-13=0.73×2) (19→3=1.26×1) |
| 271349 | 57 | 0.89 | 1 | 0.71~1.30 | (-14→-4=1.30×1) (-8→-26=0.71×1) (-9→-3=1.28×1) (22→-13=0.73×2) (18→-1=1.26×1) |
| 271359 | 53 | 0.89 | 2 | 0.73~1.30 | (-14→-4=1.30×1) (-9→-3=1.28×1) (-19→-17=1.27×1) (22→-13=0.73×1) (18→-1=1.26×1) |
| 271370 | 50 | 0.82 | 2 | 0.73~1.30 | (-14→-4=1.30×1) (-9→-3=1.28×1) (-19→-17=1.27×1) (22→-13=0.73×1) (18→-1=1.26×1) |
| 271380 | 52 | 0.98 | 2 | 0.73~1.30 | (-14→-4=1.30×1) (-19→-17=1.27×1) (-14→-26=1.27×1) (22→-13=0.73×1) (18→-1=1.26×1) |
| 271390 | 51 | 0.76 | 2 | 0.71~1.27 | (-21→15=0.71×1) (-19→-17=1.27×1) (-14→-26=1.27×1) (18→-1=1.26×1) (19→3=1.26×1) |
| 271401 | 52 | 0.88 | 2 | 0.71~1.27 | (-21→15=0.71×1) (-14→-28=1.27×1) (9→21=0.73×1) (-19→-17=1.27×1) (-14→-26=1.27×1) |
| 271411 | 50 | 0.78 | 2 | 0.71~1.27 | (3→-26=0.71×1) (-21→15=0.71×1) (-14→-28=1.27×1) (9→21=0.73×1) (-19→-17=1.27×1) |
| 271421 | 52 | 0.92 | 2 | 0.71~1.27 | (3→-26=0.71×1) (-21→15=0.71×1) (-14→-28=1.27×1) (9→21=0.73×1) (-19→-17=1.27×1) |
| 271432 | 50 | 0.82 | 1 | 0.71~1.27 | (3→-26=0.71×1) (-21→15=0.71×1) (-14→-28=1.27×1) (9→21=0.73×1) (-14→-26=1.27×1) |
| 271442 | 54 | 0.83 | 1 | 0.71~1.27 | (3→-26=0.71×1) (-21→15=0.71×1) (-14→-28=1.27×1) (9→21=0.73×1) (-14→-26=1.27×1) |
| 271452 | 50 | 1.02 | 1 | 0.71~1.27 | (3→-26=0.71×1) (-21→15=0.71×1) (-14→-28=1.27×1) (9→21=0.73×1) (-14→-26=1.27×1) |
| 271463 | 51 | 1.08 | 1 | 0.71~1.27 | (3→-26=0.71×1) (-21→15=0.71×1) (-14→-28=1.27×1) (9→21=0.73×1) (-14→-26=1.27×1) |
| 271473 | 50 | 1.02 | 1 | 0.71~1.27 | (3→-26=0.71×1) (-6→25=0.71×1) (-21→15=0.71×1) (-14→-28=1.27×1) (9→21=0.73×1) |
| 271483 | 51 | 0.84 | 1 | 0.71~1.27 | (3→-26=0.71×1) (-6→25=0.71×1) (-21→15=0.71×1) (-19→27=0.73×1) (-14→-28=1.27×1) |
| 271494 | 51 | 0.65 | 1 | 0.71~1.27 | (3→-26=0.71×1) (-21→15=0.71×1) (-19→27=0.73×1) (-14→-28=1.27×1) (9→21=0.73×1) |
| 271504 | 53 | 0.68 | 1 | 0.71~1.30 | (3→-27=1.30×1) (3→-26=0.71×1) (-14→-26=1.27×1) (-19→27=0.73×2) (-21→-20=1.24×1) |
| 271514 | 54 | 0.63 | 1 | 0.71~1.30 | (3→-27=1.30×1) (3→-26=0.71×1) (8→-10=1.28×1) (-19→27=0.73×2) (15→12=1.25×1) |
| 271525 | 56 | 0.64 | 1 | 0.71~1.30 | (3→-27=1.30×1) (3→-26=0.71×1) (8→-10=1.28×1) (-19→27=0.73×2) (15→12=1.25×1) |
| 271535 | 55 | 0.62 | 1 | 0.71~1.30 | (3→-27=1.30×1) (3→-26=0.71×1) (8→-10=1.28×1) (-19→27=0.73×2) (15→12=1.25×1) |
| 271545 | 57 | 0.63 | 1 | 0.71~1.30 | (3→-27=1.30×1) (3→-26=0.71×1) (8→-10=1.28×2) (-19→27=0.73×2) (15→12=1.25×1) |
| 271556 | 57 | 0.63 | 1 | 0.71~1.30 | (3→-27=1.30×1) (3→-26=0.71×1) (8→-10=1.28×2) (-19→27=0.73×2) (15→12=1.25×1) |
| 271566 | 56 | 0.62 | 1 | 0.71~1.30 | (3→-27=1.30×1) (3→-26=0.71×1) (8→-10=1.28×2) (-19→27=0.73×1) (15→12=1.25×1) |
| 271576 | 53 | 0.60 | 1 | 0.71~1.30 | (3→-27=1.30×1) (3→-26=0.71×1) (8→-10=1.28×2) (-19→27=0.73×1) (15→12=1.25×1) |
| 271587 | 51 | 0.51 | 1 | 0.71~1.30 | (3→-27=1.30×1) (3→-26=0.71×1) (8→-10=1.28×1) (-19→27=0.73×1) (1→-11=1.25×1) |
| 271597 | 51 | 0.49 | 1 | 0.71~1.30 | (3→-27=1.30×1) (3→-26=0.71×1) (8→-10=1.28×1) (-19→27=0.73×1) (1→-11=1.25×1) |
| 271607 | 53 | 0.55 | 1 | 0.71~1.30 | (3→-27=1.30×1) (3→-26=0.71×1) (-12→-28=1.29×1) (16→11=0.73×1) (7→11=0.74×1) |
| 271618 | 54 | 0.56 | 1 | 0.71~1.30 | (3→-27=1.30×1) (3→-26=0.71×1) (-12→-28=1.29×1) (16→11=0.73×1) (7→11=0.74×1) |
| 271628 | 52 | 0.58 | 1 | 0.71~1.30 | (3→-27=1.30×1) (3→-26=0.71×1) (-12→-28=1.29×1) (16→11=0.73×1) (10→-12=0.74×1) |
| 271638 | 50 | 0.60 | 1 | 0.71~1.29 | (3→-26=0.71×1) (-12→-28=1.29×1) (16→11=0.73×1) (10→-12=0.74×1) (-11→-10=1.25×1) |
| 271649 | 51 | 0.69 | 1 | 0.73~1.35 | (-12→-28=1.29×1) (16→11=0.73×1) (10→-12=0.74×1) (22→-24=1.25×1) (-11→-10=1.25×1) |
| 271659 | 53 | 0.85 | 2 | 0.73~1.35 | (-12→-28=1.29×1) (16→11=0.73×1) (-17→31=1.27×1) (10→-12=0.74×1) (-14→10=1.26×3) |
| 271669 | 53 | 0.91 | 2 | 0.73~1.35 | (-12→-28=1.29×1) (16→11=0.73×1) (10→-12=0.74×1) (22→-24=1.25×1) (-11→-10=1.25×1) |
| 271680 | 52 | 0.77 | 1 | 0.74~1.35 | (9→-18=1.29×1) (-12→-28=1.29×1) (10→-12=0.74×1) (22→-24=1.25×1) (-11→-10=1.25×1) |
| 271690 | 54 | 1.00 | 1 | 0.74~1.35 | (9→-18=1.29×1) (-12→-28=1.29×1) (10→-12=0.74×1) (22→-24=1.25×1) (-11→-10=1.25×1) |
| 271700 | 53 | 1.00 | 1 | 0.74~1.35 | (9→-18=1.29×1) (-12→-28=1.29×1) (10→-12=0.74×1) (22→-24=1.25×1) (-11→-10=1.25×1) |
| 271711 | 52 | 1.13 | 1 | 0.74~1.35 | (-4→-2=1.30×1) (9→-18=1.29×1) (10→-12=0.74×1) (-3→12=0.74×1) (4→2=0.74×2) |
| 271721 | 54 | 1.15 | 1 | 0.74~1.35 | (-4→-2=1.30×1) (9→-18=1.29×1) (10→-12=0.74×1) (-3→12=0.74×1) (4→2=0.74×2) |
| 271731 | 52 | 0.94 | 1 | 0.71~1.30 | (9→-18=1.29×1) (-4→-2=1.29×2) (15→19=0.71×1) (-3→12=0.74×1) (4→2=0.74×2) |
| 271742 | 55 | 1.07 | 1 | 0.71~1.30 | (-4→-2=1.29×2) (15→19=0.71×1) (10→-3=1.28×1) (4→2=0.74×1) (22→-24=1.25×1) |
| 271752 | 53 | 1.04 | 1 | 0.71~1.30 | (-4→-2=1.29×2) (15→19=0.71×1) (7→1=1.28×1) (10→-3=1.28×1) (4→2=0.74×2) |
| 271762 | 55 | 1.27 | 1 | 0.71~1.30 | (-4→-2=1.29×2) (15→19=0.71×1) (7→1=1.28×1) (10→-3=1.28×1) (4→2=0.75×1) |
| 271773 | 54 | 1.26 | 1 | 0.72~1.30 | (-4→-2=1.30×1) (7→1=1.28×1) (10→-3=1.28×1) (-12→-8=0.72×1) (4→2=0.75×1) |
| 271783 | 51 | 1.27 | 1 | 0.72~1.30 | (-4→-2=1.30×1) (10→-3=1.28×1) (-12→-8=0.72×1) (18→-5=0.77×1) (16→4=1.23×2) |
| 271793 | 50 | 1.22 | 1 | 0.72~1.30 | (-4→-2=1.30×1) (10→-3=1.28×1) (-12→-8=0.72×1) (18→-5=0.77×1) (16→4=1.23×2) |
| 271804 | 57 | 1.68 | 2 | 0.72~1.30 | (-4→-2=1.30×1) (10→-3=1.28×1) (-12→-8=0.72×1) (-21→5=0.74×1) (2→23=1.26×3) |
| 271814 | 53 | 1.70 | 2 | 0.69~1.30 | (-4→-2=1.30×1) (-21→5=0.71×2) (10→-3=1.28×1) (-12→-8=0.72×1) (2→23=1.26×3) |
| 271824 | 54 | 1.76 | 2 | 0.69~1.46 | (2→23=1.31×4) (-4→-2=1.30×1) (-21→5=0.71×2) (10→-3=1.28×1) (-12→-8=0.72×1) |
| 271835 | 50 | 1.48 | 2 | 0.69~1.46 | (2→23=1.33×3) (-21→5=0.71×2) (10→-3=1.28×1) (-12→-8=0.72×1) (-23→-3=0.75×1) |
| 271845 | 50 | 1.32 | 2 | 0.69~1.46 | (2→23=1.37×2) (-21→5=0.71×2) (-10→-10=0.72×1) (10→-3=1.28×1) (-12→-8=0.72×1) |
| 271855 | 51 | 1.29 | 2 | 0.69~1.31 | (-21→5=0.71×2) (-13→4=0.72×1) (-10→-10=0.72×2) (-12→-8=0.72×1) (-23→-3=0.75×1) |
| 271866 | 53 | 1.06 | 1 | 0.69~1.31 | (-21→5=0.71×2) (-13→4=0.72×1) (-10→-10=0.72×2) (-12→-8=0.72×1) (-20→-9=0.76×2) |
| 271876 | 52 | 1.19 | 1 | 0.69~1.31 | (-21→5=0.71×2) (-13→4=0.72×1) (-12→-8=0.72×1) (-10→-10=0.72×3) (-20→-9=0.76×2) |
| 271886 | 51 | 1.18 | 1 | 0.69~1.31 | (-21→5=0.71×2) (-13→4=0.72×1) (-12→-8=0.72×1) (-10→-10=0.72×3) (-20→-9=0.76×2) |
| 271897 | 52 | 1.10 | 1 | 0.70~1.31 | (-10→-14=0.71×2) (-13→4=0.72×1) (-10→-10=0.72×3) (-6→-9=0.73×1) (-21→5=0.74×1) |
| 271907 | 50 | 1.08 | 1 | 0.70~1.31 | (-10→-14=0.71×2) (-13→4=0.72×1) (-10→-10=0.72×3) (-6→-9=0.73×1) (2→-7=0.76×2) |
| 271917 | 51 | 0.67 | 1 | 0.70~1.27 | (-10→-10=0.72×1) (-13→4=0.72×1) (-10→-14=0.72×3) (12→8=0.72×1) (-6→-9=0.73×1) |
| 271928 | 51 | 0.65 | 1 | 0.70~1.27 | (-10→-10=0.72×1) (-10→-14=0.72×3) (12→8=0.72×1) (-6→-9=0.73×1) (-12→31=1.27×1) |
| 271938 | 53 | 0.60 | 1 | 0.72~1.27 | (-10→-10=0.72×1) (-12→-16=0.72×1) (12→8=0.72×1) (-6→-9=0.73×1) (-10→-14=0.73×2) |
| 271948 | 54 | 0.59 | 1 | 0.72~1.29 | (17→-1=1.29×1) (-10→-10=0.72×1) (-12→-16=0.72×1) (12→8=0.72×1) (-6→-9=0.73×1) |
| 271959 | 52 | 0.63 | 1 | 0.72~1.29 | (17→-1=1.29×1) (-10→-10=0.72×1) (-12→-16=0.72×1) (12→8=0.72×1) (-6→-9=0.73×1) |
| 271969 | 53 | 0.58 | 1 | 0.72~1.29 | (17→-1=1.29×1) (-10→-10=0.72×1) (-12→-16=0.72×1) (12→8=0.72×1) (-6→-9=0.73×1) |
| 271979 | 52 | 0.60 | 1 | 0.72~1.29 | (17→-1=1.29×1) (-10→-10=0.72×1) (-12→-16=0.72×1) (12→8=0.72×1) (-6→-9=0.73×1) |
| 271990 | 53 | 0.77 | 1 | 0.70~1.29 | (-24→-30=0.70×1) (17→-1=1.29×1) (-10→-10=0.72×1) (-12→-16=0.72×1) (12→8=0.72×1) |
| 272000 | 50 | 0.76 | 1 | 0.70~1.29 | (-24→-30=0.70×1) (17→-1=1.29×1) (-10→-10=0.72×1) (-12→-16=0.72×1) (12→8=0.72×1) |
| 272010 | 50 | 0.76 | 1 | 0.70~1.29 | (-24→-30=0.70×1) (17→-1=1.29×1) (-10→-10=0.72×1) (-12→-16=0.72×1) (12→8=0.72×1) |
| 272021 | 53 | 0.91 | 2 | 0.70~1.30 | (-24→-30=0.70×1) (-13→-11=1.30×1) (17→-1=1.29×1) (-10→-10=0.72×1) (-12→-16=0.72×1) |
| 272031 | 51 | 0.73 | 2 | 0.70~1.30 | (-24→-30=0.70×1) (-13→-11=1.30×1) (-12→-16=0.72×1) (11→-26=1.26×1) (16→11=0.74×1) |
| 272041 | 53 | 0.75 | 2 | 0.70~1.30 | (-24→-30=0.70×1) (-13→-11=1.30×1) (-12→-16=0.72×1) (11→-26=1.26×1) (16→11=0.74×1) |
| 272052 | 54 | 0.72 | 2 | 0.70~1.30 | (-24→-30=0.70×1) (-13→-11=1.30×1) (-12→-16=0.72×1) (11→-26=1.26×1) (16→11=0.74×1) |
| 272062 | 50 | 0.58 | 2 | 0.70~1.30 | (-24→-30=0.70×1) (-13→-11=1.30×1) (-12→-16=0.72×1) (11→-26=1.26×1) (-12→-13=1.25×1) |
| 272072 | 50 | 0.64 | 2 | 0.70~1.30 | (-24→-30=0.70×1) (-13→-11=1.30×1) (5→4=0.71×1) (-12→-16=0.72×1) (11→-26=1.26×1) |
| 272083 | 50 | 0.52 | 1 | 0.70~1.30 | (-24→-30=0.70×1) (-13→-11=1.30×1) (5→4=0.71×1) (15→-16=1.29×1) (-12→-16=0.72×1) |
| 272093 | 50 | 0.56 | 1 | 0.70~1.30 | (-24→-30=0.70×1) (-13→-11=1.30×1) (15→-16=1.29×1) (5→4=0.72×2) (-12→-16=0.72×1) |
| 272103 | 53 | 0.60 | 1 | 0.70~1.30 | (-24→-30=0.70×1) (-13→-11=1.30×1) (15→-16=1.29×1) (5→4=0.72×2) (-12→-16=0.72×1) |
| 272114 | 55 | 0.64 | 1 | 0.70~1.30 | (12→20=0.70×1) (-13→-11=1.30×1) (15→-16=1.29×1) (5→4=0.72×2) (-12→-16=0.72×1) |
| 272124 | 52 | 0.63 | 1 | 0.70~1.30 | (12→20=0.70×1) (-13→-11=1.30×1) (15→-16=1.29×1) (5→4=0.72×2) (11→-26=1.26×1) |
| 272134 | 52 | 0.79 | 1 | 0.59~1.30 | (12→20=0.65×2) (-13→-11=1.30×1) (23→27=0.70×1) (15→-16=1.29×1) (5→4=0.72×2) |
| 272145 | 50 | 0.64 | 1 | 0.59~1.29 | (12→20=0.65×2) (23→27=0.70×1) (5→4=0.71×1) (15→-16=1.29×1) (11→-26=1.26×1) |
| 272155 | 57 | 0.86 | 1 | 0.59~1.29 | (12→20=0.65×2) (23→27=0.70×1) (-21→-12=0.71×1) (5→4=0.71×1) (15→-16=1.29×1) |
| 272165 | 55 | 0.71 | 1 | 0.59~1.29 | (12→20=0.65×2) (23→27=0.70×1) (15→-16=1.29×1) (19→-1=1.29×1) (-1→3=1.25×1) |
| 272176 | 52 | 0.71 | 1 | 0.59~1.29 | (12→20=0.59×1) (23→27=0.70×1) (19→-1=1.29×1) (-17→3=1.27×1) (-1→3=1.25×1) |
| 272186 | 50 | 0.72 | 1 | 0.59~1.29 | (12→20=0.59×1) (23→27=0.70×1) (19→-1=1.29×1) (-11→-23=0.72×1) (-17→3=1.27×1) |
| 272196 | 50 | 0.78 | 1 | 0.59~1.29 | (12→20=0.59×1) (23→27=0.70×1) (19→-1=1.29×1) (-6→-25=1.28×1) (-11→-23=0.72×1) |
| 272207 | 52 | 0.85 | 1 | 0.59~1.30 | (12→20=0.59×1) (3→7=1.30×1) (23→27=0.70×1) (-21→-17=1.29×1) (19→-1=1.29×1) |
| 272217 | 53 | 0.89 | 1 | 0.59~1.30 | (12→20=0.59×1) (3→7=1.30×1) (23→27=0.70×1) (-21→-17=1.29×1) (19→-1=1.29×1) |
| 272227 | 54 | 0.96 | 1 | 0.59~1.30 | (12→20=0.59×1) (3→7=1.30×1) (23→27=0.70×1) (-21→-17=1.29×1) (19→-1=1.29×1) |
| 272238 | 51 | 0.96 | 1 | 0.59~1.30 | (12→20=0.59×1) (3→7=1.30×1) (23→27=0.70×1) (-21→-17=1.29×1) (19→-1=1.29×1) |
| 272248 | 52 | 1.02 | 1 | 0.59~1.30 | (12→20=0.59×1) (3→7=1.30×1) (23→27=0.70×1) (-21→-17=1.29×1) (19→-1=1.29×1) |
| 272258 | 53 | 1.00 | 1 | 0.59~1.30 | (12→20=0.59×1) (3→7=1.30×1) (-21→-17=1.29×1) (19→-1=1.29×1) (-6→-25=1.28×1) |
| 272269 | 51 | 1.02 | 1 | 0.72~1.30 | (3→7=1.30×1) (-21→-17=1.29×1) (19→-1=1.29×1) (-6→-25=1.28×1) (1→-17=1.28×1) |
| 272279 | 55 | 1.00 | 1 | 0.72~1.30 | (3→7=1.30×1) (-21→-17=1.29×1) (-6→-25=1.28×1) (1→-17=1.28×1) (-11→-23=0.72×1) |
| 272289 | 52 | 1.00 | 1 | 0.72~1.30 | (3→7=1.30×1) (-21→-17=1.29×1) (-6→-25=1.28×1) (1→-17=1.28×1) (-11→-23=0.72×1) |
| 272300 | 51 | 0.94 | 1 | 0.72~1.30 | (3→7=1.30×1) (-21→-17=1.29×1) (-6→-25=1.28×1) (1→-17=1.28×1) (-11→-23=0.72×1) |
| 272310 | 50 | 0.82 | 1 | 0.72~1.30 | (3→7=1.30×1) (-21→-17=1.29×1) (1→-17=1.28×1) (-11→-23=0.72×1) (-8→10=1.25×1) |
| 272320 | 55 | 0.91 | 1 | 0.72~1.30 | (3→7=1.30×1) (-21→-17=1.29×1) (1→-17=1.28×1) (-6→6=0.72×1) (-11→-23=0.72×1) |
| 272331 | 51 | 0.86 | 1 | 0.72~1.30 | (3→7=1.30×1) (-6→6=0.72×1) (-18→-9=0.73×1) (9→-4=1.27×1) (19→17=1.25×2) |
| 272341 | 50 | 0.78 | 1 | 0.72~1.30 | (3→7=1.30×1) (-6→6=0.72×1) (-18→-9=0.73×1) (9→-4=1.27×1) (-20→3=1.26×1) |
| 272351 | 50 | 0.84 | 1 | 0.72~1.30 | (3→7=1.30×1) (-6→6=0.72×1) (-18→-9=0.73×1) (9→-4=1.27×1) (-20→3=1.26×1) |
| 272362 | 50 | 0.78 | 1 | 0.72~1.30 | (3→7=1.30×1) (-6→6=0.72×1) (-18→-9=0.73×1) (9→-4=1.27×1) (-20→3=1.26×1) |
| 272372 | 52 | 0.83 | 1 | 0.72~1.27 | (-6→6=0.72×1) (-18→-9=0.73×1) (9→-4=1.27×1) (-20→3=1.26×1) (24→2=1.25×1) |
| 272382 | 51 | 0.73 | 1 | 0.72~1.27 | (-6→6=0.72×1) (-18→-9=0.73×1) (9→-4=1.27×1) (-18→-23=1.24×1) (10→-3=1.23×1) |
| 272393 | 52 | 0.87 | 1 | 0.72~1.27 | (-6→6=0.72×1) (-18→-9=0.73×1) (9→-4=1.27×1) (-4→1=0.74×1) (-18→-23=1.24×1) |
| 272403 | 53 | 0.87 | 1 | 0.72~1.27 | (-6→6=0.72×1) (-18→-9=0.73×1) (9→-4=1.27×1) (-4→1=0.74×1) (-18→-23=1.24×1) |
| 272413 | 55 | 0.75 | 1 | 0.72~1.27 | (-6→6=0.72×1) (-18→-9=0.73×1) (9→-4=1.27×1) (-4→1=0.74×1) (-18→-23=1.24×1) |
| 272424 | 56 | 0.73 | 1 | 0.72~1.27 | (-6→6=0.72×1) (-18→-9=0.73×1) (9→-4=1.27×1) (-4→1=0.74×1) (-18→-23=1.24×1) |
| 272434 | 55 | 0.67 | 1 | 0.72~1.27 | (-6→6=0.72×1) (9→-4=1.27×1) (-4→1=0.74×1) (3→31=0.76×1) (-18→-23=1.24×1) |
| 272444 | 55 | 0.56 | 1 | 0.72~1.27 | (-6→6=0.72×1) (18→10=0.72×1) (9→-4=1.27×1) (-4→1=0.74×1) (19→17=1.25×2) |
| 272455 | 55 | 0.56 | 1 | 0.72~1.27 | (-6→6=0.72×1) (18→10=0.72×1) (9→-4=1.27×1) (-4→1=0.74×1) (19→17=1.25×2) |
| 272465 | 54 | 0.65 | 1 | 0.72~1.27 | (-6→6=0.72×1) (18→10=0.72×1) (9→-4=1.27×1) (-4→1=0.74×1) (19→17=1.25×2) |
| 272475 | 52 | 0.63 | 1 | 0.72~1.27 | (-6→6=0.72×1) (18→10=0.72×1) (9→-4=1.27×1) (-4→1=0.74×1) (19→17=1.25×2) |
| 272486 | 51 | 0.71 | 1 | 0.72~1.29 | (-13→-11=1.29×1) (-6→6=0.72×1) (18→10=0.72×1) (9→-4=1.27×1) (-4→1=0.74×1) |
| 272496 | 51 | 0.75 | 1 | 0.72~1.29 | (-13→-11=1.29×1) (-6→6=0.72×1) (9→-4=1.27×1) (-4→1=0.74×1) (19→17=1.25×2) |
| 272506 | 50 | 0.70 | 1 | 0.71~1.29 | (-13→-11=1.29×1) (-12→-24=0.71×1) (-2→-5=1.27×1) (9→-4=1.27×1) (-4→1=0.74×1) |
| 272517 | 52 | 0.69 | 1 | 0.71~1.29 | (-13→-11=1.29×1) (-12→-24=0.71×1) (-2→-5=1.27×1) (9→-4=1.27×1) (-4→1=0.74×1) |
| 272527 | 54 | 0.81 | 1 | 0.71~1.29 | (-13→-11=1.29×1) (24→-1=0.71×1) (-12→-24=0.71×1) (-2→-5=1.27×1) (9→-4=1.27×1) |
| 272537 | 54 | 0.81 | 1 | 0.71~1.29 | (-13→-11=1.29×1) (24→-1=0.71×1) (-12→-24=0.71×1) (-2→-5=1.27×1) (9→-4=1.27×1) |
| 272548 | 55 | 0.96 | 1 | 0.71~1.27 | (24→-1=0.71×1) (-12→-24=0.71×1) (-2→-5=1.27×1) (9→-4=1.27×1) (-14→26=0.75×1) |
| 272558 | 53 | 0.89 | 1 | 0.71~1.27 | (24→-1=0.71×1) (-12→-24=0.71×1) (-2→-5=1.27×1) (9→-4=1.27×1) (-14→26=0.75×1) |
| 272568 | 50 | 0.78 | 1 | 0.71~1.27 | (24→-1=0.71×1) (-12→-24=0.71×1) (9→-4=1.27×1) (9→-10=0.75×1) (-14→26=0.75×1) |
| 272579 | 50 | 0.76 | 1 | 0.71~1.25 | (24→-1=0.71×1) (-12→-24=0.71×1) (9→-10=0.75×1) (-14→26=0.75×1) (19→17=1.25×1) |
| 272589 | 55 | 0.85 | 1 | 0.71~1.25 | (24→-1=0.71×1) (-12→-24=0.71×1) (9→2=0.72×1) (-22→1=0.72×1) (9→-10=0.75×1) |
| 272599 | 53 | 0.85 | 1 | 0.71~1.25 | (24→-1=0.71×1) (-12→-24=0.71×1) (9→2=0.72×1) (-22→1=0.72×1) (9→-10=0.75×1) |
| 272610 | 51 | 0.88 | 1 | 0.71~1.26 | (24→-1=0.71×1) (-12→-24=0.71×1) (9→2=0.72×1) (-22→1=0.72×1) (-24→-27=1.26×1) |
| 272620 | 53 | 1.00 | 2 | 0.71~1.26 | (24→-1=0.71×1) (-12→-24=0.71×1) (9→2=0.72×1) (-22→1=0.72×1) (-24→-27=1.26×1) |
| 272630 | 51 | 0.94 | 2 | 0.71~1.26 | (24→-1=0.71×1) (-12→-24=0.71×1) (-24→-27=1.26×1) (9→-10=0.75×1) (-14→26=0.75×1) |
| 272641 | 51 | 1.02 | 2 | 0.71~1.30 | (21→-18=1.30×1) (24→-1=0.71×1) (-12→-24=0.71×1) (-24→-27=1.26×1) (-14→26=0.75×1) |
| 272651 | 52 | 0.92 | 2 | 0.71~1.30 | (21→-18=1.30×1) (-12→-24=0.71×1) (-24→-27=1.26×1) (-14→26=0.75×1) (-10→-31=0.76×1) |
| 272661 | 52 | 0.96 | 2 | 0.70~1.30 | (21→-18=1.30×1) (8→-8=0.70×1) (-12→-24=0.71×1) (17→-20=0.73×1) (-18→-2=1.25×1) |
| 272672 | 55 | 0.80 | 1 | 0.71~1.30 | (21→-18=1.30×1) (-12→-24=0.71×1) (-18→-2=1.25×1) (-10→-31=0.76×1) (-14→-11=0.77×1) |
| 272682 | 55 | 0.82 | 1 | 0.71~1.37 | (21→-18=1.30×1) (-12→-24=0.71×1) (24→-9=1.27×2) (21→-6=0.74×1) (-18→-2=1.25×1) |
| 272692 | 51 | 0.86 | 1 | 0.74~1.37 | (21→-18=1.30×1) (24→-9=1.27×2) (21→-6=0.74×1) (17→25=1.25×1) (-4→-12=1.24×1) |
| 272703 | 52 | 0.92 | 1 | 0.74~1.37 | (21→-18=1.30×1) (24→-9=1.27×2) (21→-6=0.74×1) (-4→-12=1.24×1) (-14→-11=0.77×1) |
| 272713 | 50 | 0.76 | 1 | 0.74~1.24 | (21→-6=0.74×1) (-4→-12=1.24×1) (19→-14=0.76×1) (-14→-11=0.77×1) (12→16=1.23×1) |
| 272723 | 53 | 0.83 | 1 | 0.71~1.24 | (5→-11=0.71×1) (21→-6=0.74×1) (-4→-12=1.24×1) (19→-14=0.76×1) (-14→-11=0.77×1) |
| 272734 | 51 | 0.88 | 1 | 0.71~1.23 | (5→-11=0.71×1) (21→-6=0.74×1) (19→-14=0.76×1) (-14→-11=0.77×1) (12→16=1.23×1) |
| 272744 | 50 | 0.76 | 1 | 0.71~1.23 | (5→-11=0.71×1) (-18→-1=0.71×1) (21→-6=0.74×1) (19→-14=0.76×1) (-14→-11=0.77×1) |
| 272754 | 53 | 0.75 | 1 | 0.71~1.26 | (5→-11=0.71×1) (-18→-1=0.71×1) (21→-6=0.74×1) (-18→-16=1.25×2) (21→27=0.76×1) |
| 272765 | 50 | 0.64 | 1 | 0.71~1.28 | (5→-11=0.71×1) (-18→-1=0.71×1) (-8→7=1.28×1) (-18→-16=1.25×2) (6→-16=0.76×1) |
| 272775 | 54 | 0.74 | 1 | 0.71~1.28 | (5→-11=0.71×1) (-18→-1=0.71×1) (-8→7=1.28×1) (-18→-16=1.25×2) (6→-16=0.76×1) |
| 272785 | 54 | 0.70 | 1 | 0.71~1.28 | (12→-26=0.71×1) (5→-11=0.71×1) (-18→-1=0.71×1) (-8→7=1.28×1) (-18→-16=1.26×1) |
| 272796 | 53 | 0.74 | 1 | 0.71~1.28 | (12→-26=0.71×1) (5→-11=0.71×1) (-18→-1=0.71×1) (-17→-12=0.72×1) (-8→7=1.28×1) |
| 272806 | 50 | 0.66 | 1 | 0.71~1.28 | (12→-26=0.71×1) (-18→-1=0.71×1) (-17→-12=0.72×1) (-8→7=1.28×1) (6→-16=0.76×1) |
| 272816 | 50 | 0.62 | 1 | 0.71~1.17 | (12→-26=0.71×1) (-18→-1=0.71×1) (-17→-12=0.72×1) (5→1=0.72×1) (21→27=0.76×1) |
| 272827 | 51 | 0.47 | 1 | 0.71~1.17 | (12→-26=0.71×1) (-18→-1=0.71×1) (-17→-12=0.72×1) (5→1=0.72×1) (21→27=0.76×1) |
| 272837 | 52 | 0.52 | 1 | 0.71~1.17 | (-18→-1=0.71×1) (-17→-12=0.72×1) (21→27=0.76×1) (5→-5=0.77×1) (20→23=0.79×1) |
| 272847 | 54 | 0.93 | 1 | 0.71~1.26 | (16→23=0.71×1) (-17→-12=0.72×1) (21→-25=0.74×1) (-14→-22=0.75×1) (14→-4=1.25×2) |
| 272858 | 55 | 0.91 | 1 | 0.71~1.26 | (16→23=0.71×1) (-17→-12=0.72×1) (21→-25=0.74×1) (-14→-22=0.75×1) (14→-4=1.25×2) |
| 272868 | 54 | 0.96 | 1 | 0.71~1.26 | (16→23=0.71×1) (-17→-12=0.72×1) (21→-25=0.74×1) (-14→-22=0.75×1) (14→-4=1.25×2) |
| 272878 | 50 | 0.68 | 1 | 0.71~1.25 | (16→23=0.71×1) (-14→-22=0.75×1) (14→-4=1.25×1) (5→-5=0.77×1) (-18→17=1.22×1) |
| 272889 | 51 | 0.67 | 1 | 0.71~1.25 | (16→23=0.71×1) (-14→-22=0.75×1) (14→-4=1.25×1) (5→-5=0.77×1) (-18→17=1.22×1) |
| 272899 | 50 | 0.82 | 1 | 0.71~1.25 | (16→23=0.71×1) (20→-31=0.74×1) (-14→-22=0.75×1) (6→20=1.25×1) (14→-4=1.25×1) |
| 272909 | 50 | 0.80 | 1 | 0.71~1.25 | (16→23=0.71×1) (20→-31=0.74×1) (-14→-22=0.75×1) (6→20=1.25×1) (14→-4=1.25×1) |
| 272920 | 52 | 0.81 | 1 | 0.71~1.33 | (21→6=1.29×2) (16→23=0.71×1) (20→-31=0.74×1) (-14→-22=0.75×1) (6→20=1.25×1) |
| 272930 | 51 | 0.71 | 1 | 0.71~1.25 | (-2→-11=0.71×1) (16→23=0.71×1) (20→-31=0.74×1) (-14→-22=0.75×1) (21→6=1.25×1) |
| 272940 | 54 | 0.89 | 1 | 0.71~1.25 | (-12→-2=0.71×1) (-2→-11=0.71×2) (16→23=0.71×1) (3→-13=0.72×1) (20→-31=0.74×1) |
| 272951 | 55 | 0.84 | 1 | 0.71~1.25 | (-2→-11=0.71×1) (-12→-2=0.71×1) (16→23=0.71×1) (20→-31=0.74×1) (-14→-22=0.75×1) |
| 272961 | 58 | 1.00 | 1 | 0.71~1.27 | (-2→-11=0.71×1) (-12→-2=0.71×1) (16→23=0.71×1) (20→5=1.27×1) (20→-31=0.74×1) |
| 272971 | 57 | 0.91 | 1 | 0.71~1.25 | (-2→-11=0.71×1) (-12→-2=0.71×1) (16→23=0.71×1) (20→-31=0.74×1) (-14→-22=0.75×1) |
| 272982 | 56 | 1.36 | 3 | 0.71~1.25 | (-2→-11=0.71×1) (-12→-2=0.71×1) (16→23=0.71×1) (-10→-1=0.72×1) (13→-25=0.72×2) |
| 272992 | 54 | 1.26 | 3 | 0.71~1.25 | (-2→-11=0.71×1) (-12→-2=0.71×1) (-10→-1=0.72×1) (13→-25=0.72×2) (9→10=0.73×1) |
| 273002 | 56 | 1.46 | 3 | 0.71~1.27 | (-12→-2=0.71×1) (-10→-1=0.72×1) (13→-25=0.72×2) (16→-5=1.27×1) (9→10=0.73×2) |
| 273013 | 57 | 1.44 | 3 | 0.71~1.27 | (-12→-2=0.71×1) (-10→-1=0.72×1) (16→-5=1.27×1) (13→-25=0.73×1) (9→10=0.73×2) |
| 273023 | 58 | 1.19 | 1 | 0.71~1.27 | (-12→-2=0.71×1) (-10→-1=0.72×1) (16→-5=1.27×1) (-12→11=0.74×1) (-9→26=0.74×2) |
| 273033 | 55 | 1.13 | 1 | 0.71~1.27 | (-12→-2=0.71×1) (-10→-1=0.72×1) (16→-5=1.27×1) (-12→11=0.74×1) (-9→26=0.74×2) |
| 273044 | 55 | 1.05 | 2 | 0.71~1.27 | (-12→-2=0.71×1) (-10→-1=0.72×1) (19→-24=1.27×1) (-12→11=0.74×1) (-9→26=0.74×2) |
| 273054 | 52 | 0.92 | 2 | 0.71~1.27 | (-12→-2=0.71×1) (-10→-1=0.72×1) (19→-24=1.27×1) (-1→-1=0.74×1) (22→13=0.76×1) |
| 273064 | 54 | 0.70 | 2 | 0.71~1.27 | (-12→-2=0.71×1) (-10→-1=0.72×1) (19→-24=1.27×1) (-1→-1=0.74×1) (24→-23=0.76×1) |
| 273075 | 56 | 0.59 | 2 | 0.74~1.27 | (19→-24=1.27×1) (-1→-1=0.75×2) (24→-23=0.76×1) (20→4=0.77×1) (14→-25=0.77×1) |
| 273085 | 56 | 0.61 | 2 | 0.75~1.27 | (19→-24=1.27×1) (-1→-1=0.75×1) (24→-23=0.76×1) (20→4=0.77×1) (14→-25=0.77×2) |
| 273095 | 58 | 0.79 | 2 | 0.73~1.27 | (19→-24=1.27×1) (10→-10=0.73×1) (-14→30=1.25×1) (22→-5=0.75×1) (-1→-1=0.75×1) |
| 273106 | 58 | 0.78 | 2 | 0.73~1.27 | (19→-24=1.27×1) (10→-10=0.73×1) (-14→30=1.25×1) (-1→-1=0.75×1) (24→-23=0.76×1) |
| 273116 | 55 | 0.73 | 1 | 0.73~1.25 | (10→-10=0.73×1) (-14→30=1.25×1) (-1→-1=0.75×1) (24→-23=0.76×1) (20→4=0.77×1) |
| 273126 | 54 | 0.69 | 1 | 0.73~1.25 | (10→-10=0.73×1) (-14→30=1.25×1) (24→-23=0.76×1) (20→4=0.77×1) (18→-30=1.23×1) |
| 273137 | 54 | 0.65 | 1 | 0.73~1.25 | (10→-10=0.73×1) (-14→30=1.25×1) (24→-23=0.76×1) (18→-30=1.23×1) (14→-25=0.77×3) |
| 273147 | 54 | 0.61 | 1 | 0.73~1.25 | (10→-10=0.73×1) (-14→30=1.25×1) (24→-23=0.76×1) (18→-30=1.23×1) (14→-25=0.78×2) |
| 273157 | 54 | 0.65 | 1 | 0.73~1.25 | (10→-10=0.73×1) (-14→30=1.25×1) (24→-23=0.76×1) (-11→27=0.76×1) (18→-30=1.23×1) |
| 273168 | 52 | 0.77 | 1 | 0.73~1.29 | (-3→-22=1.29×1) (10→-10=0.73×1) (-11→27=0.76×1) (18→-30=1.23×1) (-21→-7=1.23×2) |
| 273178 | 50 | 0.62 | 1 | 0.71~1.26 | (17→-23=0.71×1) (10→-10=0.73×1) (-9→14=1.26×1) (-11→27=0.76×1) (18→-30=1.23×1) |
| 273188 | 54 | 0.67 | 1 | 0.71~1.26 | (17→-23=0.71×1) (10→-10=0.73×1) (-9→14=1.26×1) (-11→27=0.76×1) (18→-30=1.23×1) |
| 273199 | 53 | 0.70 | 1 | 0.71~1.26 | (17→-23=0.71×1) (10→-10=0.73×1) (-9→14=1.26×1) (-11→27=0.76×1) (18→-30=1.23×1) |
| 273209 | 51 | 0.71 | 1 | 0.71~1.26 | (17→-23=0.71×1) (10→-10=0.73×1) (-9→14=1.26×1) (-8→6=1.25×1) (18→-30=1.23×1) |
| 273219 | 50 | 0.70 | 1 | 0.71~1.30 | (-19→31=1.30×1) (17→-23=0.71×1) (10→-10=0.73×1) (-9→14=1.26×1) (-8→6=1.25×1) |
| 273230 | 51 | 0.63 | 1 | 0.72~1.30 | (-19→31=1.30×1) (-14→-10=0.72×1) (-7→1=0.72×1) (10→-10=0.73×1) (-8→6=1.25×1) |
| 273240 | 50 | 0.60 | 1 | 0.72~1.30 | (-19→31=1.30×1) (-14→-10=0.72×1) (-7→1=0.72×1) (10→-10=0.73×1) (-8→6=1.25×1) |
| 273250 | 51 | 0.57 | 1 | 0.72~1.30 | (-19→31=1.30×1) (15→-21=0.72×1) (-14→-10=0.72×1) (-7→1=0.72×1) (-8→6=1.25×1) |
| 273261 | 50 | 0.50 | 1 | 0.72~1.30 | (-19→31=1.30×1) (15→-21=0.72×1) (-14→-10=0.72×1) (-7→1=0.72×1) (-8→6=1.25×1) |
| 273271 | 51 | 0.61 | 1 | 0.72~1.30 | (-19→31=1.30×1) (15→-21=0.72×1) (-14→-10=0.72×1) (-7→1=0.72×1) (-8→6=1.25×1) |
| 273281 | 52 | 0.52 | 1 | 0.72~1.30 | (-19→31=1.30×1) (15→-21=0.72×1) (-14→-10=0.72×1) (-7→1=0.72×1) (21→-16=0.76×1) |
| 273292 | 53 | 0.70 | 1 | 0.72~1.30 | (11→-5=1.30×1) (-19→31=1.30×1) (15→-21=0.72×1) (-14→-10=0.72×1) (-7→1=0.72×1) |
| 273302 | 52 | 0.73 | 1 | 0.72~1.30 | (11→-5=1.30×1) (-19→31=1.30×1) (-15→16=1.30×1) (15→-21=0.72×1) (-14→-10=0.72×1) |
| 273312 | 52 | 0.85 | 1 | 0.72~1.30 | (11→-5=1.30×1) (-19→31=1.30×1) (-15→16=1.30×1) (15→-21=0.72×1) (-14→-10=0.72×1) |
| 273323 | 50 | 0.74 | 1 | 0.72~1.30 | (-19→31=1.30×1) (-15→16=1.30×1) (19→29=1.29×1) (15→-21=0.72×1) (-14→-10=0.72×1) |
| 273333 | 51 | 0.73 | 1 | 0.72~1.30 | (-19→31=1.30×1) (-15→16=1.30×1) (19→29=1.29×1) (-14→-10=0.72×1) (-7→1=0.72×1) |
| 273343 | 51 | 0.71 | 1 | 0.73~1.30 | (-15→16=1.30×1) (19→29=1.29×1) (-3→22=1.28×1) (2→17=1.27×1) (-14→-22=0.73×1) |
| 273354 | 55 | 0.76 | 1 | 0.72~1.30 | (-15→16=1.30×1) (19→29=1.29×1) (-20→-6=0.72×1) (-3→22=1.28×1) (2→17=1.27×1) |
| 273364 | 54 | 0.78 | 1 | 0.72~1.30 | (-15→16=1.30×1) (19→29=1.29×1) (-20→-6=0.72×1) (-3→22=1.28×1) (2→17=1.27×1) |
| 273374 | 57 | 0.88 | 1 | 0.72~1.30 | (-15→16=1.30×1) (19→29=1.29×1) (-20→-6=0.72×1) (-3→22=1.28×1) (2→17=1.27×1) |
| 273385 | 57 | 0.86 | 1 | 0.72~1.30 | (-15→16=1.30×1) (19→29=1.29×1) (-20→-6=0.72×1) (-3→22=1.28×1) (2→17=1.27×1) |
| 273395 | 55 | 0.93 | 1 | 0.72~1.30 | (-15→16=1.30×1) (19→29=1.29×1) (-20→-6=0.72×1) (-3→22=1.28×1) (2→17=1.27×1) |
| 273405 | 52 | 1.06 | 1 | 0.73~1.30 | (-15→16=1.30×1) (19→29=1.29×1) (-3→22=1.28×1) (2→17=1.27×1) (23→-2=0.73×1) |
| 273416 | 51 | 0.96 | 1 | 0.73~1.29 | (19→29=1.29×1) (23→-2=0.73×1) (-4→-3=1.26×1) (24→3=1.26×1) (21→14=1.25×1) |
| 273426 | 52 | 1.00 | 1 | 0.71~1.36 | (19→29=1.29×1) (-15→-5=0.71×1) (23→-2=0.73×1) (-2→27=1.27×2) (-4→-3=1.26×1) |
| 273436 | 50 | 1.10 | 1 | 0.71~1.36 | (19→29=1.29×1) (16→-5=0.71×1) (-15→-5=0.71×1) (23→-2=0.73×1) (-2→27=1.27×2) |
| 273447 | 53 | 1.21 | 1 | 0.71~1.36 | (19→29=1.29×1) (16→-5=0.71×1) (-15→-5=0.71×1) (23→-2=0.73×1) (-2→27=1.27×2) |
| 273457 | 59 | 1.41 | 1 | 0.71~1.36 | (19→29=1.29×1) (16→-5=0.71×1) (-15→-5=0.71×1) (16→-30=1.28×1) (23→-2=0.73×1) |
| 273467 | 55 | 1.27 | 1 | 0.71~1.36 | (19→29=1.29×1) (16→-5=0.71×1) (-15→-5=0.71×1) (16→-30=1.28×1) (24→20=1.27×1) |
| 273478 | 59 | 1.51 | 1 | 0.71~1.36 | (19→29=1.29×1) (-15→-5=0.71×1) (14→-11=1.28×1) (16→-5=0.72×2) (13→-25=0.72×1) |
| 273488 | 60 | 1.52 | 1 | 0.71~1.36 | (19→29=1.29×1) (-15→-5=0.71×1) (14→-11=1.28×1) (16→-5=0.72×2) (13→-25=0.72×1) |
| 273498 | 57 | 1.56 | 2 | 0.71~1.36 | (-15→-5=0.71×1) (14→-11=1.28×1) (16→-5=0.72×2) (13→-25=0.72×1) (16→-30=1.28×1) |
| 273509 | 60 | 1.57 | 2 | 0.71~1.36 | (-15→-5=0.71×1) (13→-28=0.71×1) (14→-11=1.28×1) (16→-5=0.72×2) (13→-25=0.72×1) |
| 273519 | 63 | 1.73 | 2 | 0.71~1.36 | (-9→-8=0.71×1) (-2→27=1.29×3) (-15→-5=0.71×1) (20→-16=1.29×1) (14→-11=1.28×1) |
| 273529 | 65 | 1.77 | 2 | 0.71~1.36 | (-9→-8=0.71×1) (-2→27=1.29×3) (-15→-5=0.71×1) (20→-16=1.29×1) (14→-11=1.28×1) |
| 273540 | 65 | 1.74 | 2 | 0.71~1.54 | (-2→27=1.35×4) (-9→-8=0.71×1) (20→-16=1.29×1) (13→-25=0.72×1) (-15→-5=0.72×2) |
| 273550 | 62 | 1.56 | 2 | 0.71~1.54 | (-2→27=1.35×4) (-9→-8=0.71×1) (20→-16=1.29×1) (-15→-5=0.72×2) (16→-30=1.28×1) |
| 273560 | 58 | 1.48 | 2 | 0.71~1.54 | (-2→27=1.35×4) (-9→-8=0.71×1) (20→-16=1.29×1) (-15→-5=0.72×2) (16→-30=1.28×1) |
| 273571 | 53 | 1.26 | 1 | 0.71~1.54 | (-2→27=1.35×4) (-15→-5=0.72×2) (16→-30=1.28×1) (-7→-31=1.25×1) (21→-22=1.24×1) |
| 273581 | 50 | 1.20 | 1 | 0.71~1.54 | (-2→27=1.35×4) (-15→-5=0.72×2) (16→-30=1.28×1) (-7→-31=1.25×1) (21→-22=1.24×1) |
| 273591 | 50 | 1.08 | 1 | 0.71~1.54 | (-2→27=1.35×4) (-15→-5=0.72×2) (16→-30=1.28×1) (-7→-31=1.25×1) (21→-22=1.24×1) |
| 273602 | 51 | 1.08 | 1 | 0.71~1.54 | (-2→27=1.35×4) (-15→-5=0.72×2) (16→-30=1.28×1) (7→-23=0.73×1) (-7→-31=1.25×1) |
| 273612 | 52 | 1.12 | 1 | 0.71~1.54 | (-2→27=1.35×4) (17→-11=1.29×1) (-15→-5=0.72×2) (14→-11=1.27×1) (7→-23=0.73×1) |
| 273622 | 51 | 1.00 | 1 | 0.71~1.54 | (-2→27=1.35×4) (17→-11=1.29×1) (-15→-5=0.72×2) (14→-11=1.27×1) (7→-23=0.73×1) |
| 273633 | 57 | 1.09 | 1 | 0.71~1.54 | (-2→27=1.35×4) (17→-22=1.30×1) (17→-11=1.29×1) (-15→-5=0.72×2) (15→-27=0.72×2) |
| 273643 | 56 | 1.18 | 1 | 0.71~1.54 | (-2→27=1.35×4) (17→-22=1.30×1) (17→-11=1.29×1) (-15→-5=0.72×2) (15→-27=0.72×2) |
| 273653 | 58 | 1.26 | 1 | 0.71~1.54 | (-2→27=1.41×3) (-1→-3=1.30×1) (17→-22=1.30×1) (17→-11=1.29×1) (-15→-5=0.72×2) |
| 273664 | 52 | 1.10 | 1 | 0.71~1.54 | (-2→27=1.41×3) (17→-22=1.30×1) (-15→-5=0.72×2) (15→-27=0.72×2) (-15→23=1.27×1) |
| 273674 | 56 | 1.45 | 1 | 0.70~1.54 | (-2→27=1.41×3) (-22→25=1.30×1) (17→-22=1.30×1) (-17→-21=0.70×1) (-15→-5=0.72×2) |
| 273684 | 50 | 1.46 | 1 | 0.70~1.54 | (-2→27=1.41×3) (-22→25=1.30×1) (17→-22=1.30×1) (-17→-21=0.70×1) (15→-27=0.71×1) |
| 273695 | 54 | 1.43 | 1 | 0.70~1.54 | (-2→27=1.45×2) (17→-22=1.30×1) (-22→25=1.29×2) (-17→-21=0.71×2) (-6→-13=1.29×1) |
| 273705 | 49 | 1.41 | 1 | 0.70~1.36 | (-2→27=1.36×1) (17→-22=1.30×1) (-22→25=1.29×2) (-15→-5=0.71×1) (-17→-21=0.71×2) |
| 273715 | 52 | 1.13 | 1 | 0.70~1.36 | (-2→27=1.36×1) (17→-22=1.30×1) (-22→25=1.29×2) (-15→-5=0.71×1) (-17→-21=0.71×2) |
| 273726 | 52 | 0.85 | 1 | 0.70~1.30 | (17→-22=1.30×1) (-22→25=1.29×2) (-17→-21=0.71×2) (-1→-28=1.29×1) (-6→-13=1.29×1) |
| 273736 | 51 | 0.90 | 1 | 0.70~1.30 | (17→-22=1.30×1) (-22→25=1.29×2) (-17→-21=0.71×2) (-1→-28=1.29×1) (-6→-13=1.29×1) |
| 273746 | 53 | 1.00 | 1 | 0.70~1.30 | (17→-22=1.30×1) (-22→25=1.29×2) (-17→-21=0.71×2) (-1→-28=1.29×1) (-6→-13=1.29×1) |
| 273757 | 53 | 0.89 | 1 | 0.70~1.30 | (-22→25=1.29×2) (-17→-21=0.71×2) (-1→-28=1.29×1) (-6→-13=1.29×1) (18→-11=1.28×1) |
| 273767 | 52 | 0.77 | 1 | 0.70~1.30 | (-22→25=1.30×1) (-17→-21=0.70×1) (-1→-28=1.29×1) (18→-11=1.28×1) (12→13=0.72×1) |
| 273777 | 52 | 0.69 | 1 | 0.70~1.30 | (-22→25=1.30×1) (-17→-21=0.70×1) (-1→-28=1.29×1) (18→-11=1.28×1) (12→13=0.72×1) |
| 273788 | 53 | 0.77 | 1 | 0.70~1.30 | (-22→25=1.30×1) (-17→-21=0.70×1) (-1→-28=1.29×1) (-14→9=1.28×1) (-11→-15=1.28×2) |
| 273798 | 50 | 0.72 | 1 | 0.70~1.30 | (-22→25=1.30×1) (-17→-21=0.70×1) (-14→9=1.28×1) (-11→-15=1.28×2) (18→-11=1.28×1) |
| 273808 | 52 | 0.83 | 1 | 0.70~1.30 | (-22→25=1.30×1) (-17→-21=0.70×1) (-14→9=1.28×1) (-11→-15=1.28×2) (12→13=0.72×1) |
| 273819 | 51 | 0.88 | 1 | 0.73~1.29 | (-14→9=1.28×1) (-11→-15=1.28×2) (-18→-5=1.27×1) (-17→29=0.73×1) (15→17=1.26×1) |
| 273829 | 50 | 0.82 | 1 | 0.73~1.29 | (-11→-15=1.29×1) (-18→-5=1.27×1) (-17→29=0.73×1) (15→17=1.26×1) (-22→12=1.25×1) |
| 273839 | 51 | 0.73 | 1 | 0.71~1.29 | (-22→31=0.71×1) (-11→-15=1.29×1) (-17→29=0.73×1) (15→17=1.26×1) (-18→17=0.76×1) |
| 273850 | 53 | 0.94 | 1 | 0.71~1.29 | (-22→31=0.71×1) (-11→-15=1.29×1) (-14→-28=1.29×1) (-17→29=0.73×1) (15→17=1.26×1) |
| 273860 | 57 | 1.21 | 1 | 0.71~1.29 | (-22→31=0.71×1) (-11→-15=1.29×1) (-14→-28=1.29×1) (-17→29=0.73×1) (15→17=1.26×1) |
| 273870 | 55 | 1.27 | 1 | 0.71~1.30 | (-14→14=1.30×1) (-22→31=0.71×1) (-14→-28=1.29×1) (15→17=1.26×1) (12→7=0.75×1) |
| 273881 | 54 | 1.13 | 1 | 0.70~1.30 | (-14→14=1.30×1) (-21→19=0.70×1) (-22→31=0.71×1) (21→-2=0.71×1) (-14→-28=1.29×1) |
| 273891 | 54 | 1.04 | 1 | 0.70~1.30 | (-14→14=1.30×1) (-21→19=0.70×1) (-22→31=0.71×1) (-14→-28=1.29×1) (15→17=1.26×1) |
| 273901 | 55 | 1.07 | 1 | 0.70~1.30 | (-14→14=1.30×1) (-21→19=0.70×1) (-22→31=0.71×1) (-14→-28=1.29×1) (-1→30=0.74×1) |
| 273912 | 51 | 0.92 | 1 | 0.70~1.29 | (-21→19=0.70×1) (-22→31=0.71×1) (-14→-28=1.29×1) (-1→30=0.74×1) (-1→5=1.26×1) |
| 273922 | 52 | 0.92 | 1 | 0.71~1.29 | (-22→31=0.71×1) (-14→-28=1.29×1) (-1→30=0.74×1) (-1→5=1.26×1) (-18→17=0.76×1) |
| 273932 | 52 | 0.92 | 1 | 0.71~1.29 | (-22→31=0.71×1) (-14→-28=1.29×1) (-1→30=0.74×1) (-1→5=1.26×1) (-18→17=0.76×1) |
| 273943 | 50 | 0.78 | 1 | 0.71~1.29 | (-22→31=0.71×1) (-14→-28=1.29×1) (-1→30=0.74×1) (-1→5=1.26×1) (-15→12=0.76×1) |
| 273953 | 52 | 0.79 | 1 | 0.71~1.29 | (-22→31=0.71×1) (-14→-28=1.29×1) (-1→30=0.74×1) (-1→5=1.26×1) (-15→12=0.76×1) |
| 273963 | 51 | 0.69 | 1 | 0.71~1.29 | (-22→31=0.71×1) (-14→-28=1.29×1) (-1→30=0.74×1) (-15→12=0.76×1) (-5→28=1.23×1) |
| 273974 | 51 | 0.75 | 1 | 0.71~1.29 | (-22→31=0.71×1) (-14→-28=1.29×1) (-1→30=0.74×1) (-10→-22=0.75×1) (-22→-4=1.23×1) |
| 273984 | 50 | 0.68 | 1 | 0.74~1.29 | (-14→-28=1.29×1) (-1→30=0.74×1) (-10→-22=0.75×1) (-22→-4=1.23×1) (10→-26=0.79×1) |
| 273994 | 51 | 0.73 | 1 | 0.74~1.29 | (-14→-28=1.29×1) (-1→30=0.74×1) (-10→-22=0.75×1) (-22→-4=1.23×1) (-15→6=0.79×1) |
| 274005 | 53 | 0.77 | 2 | 0.75~1.29 | (20→2=1.29×1) (-10→-22=0.75×1) (-2→-16=0.75×1) (-22→-4=1.23×1) (-15→6=0.79×1) |
| 274015 | 55 | 0.96 | 2 | 0.75~1.29 | (20→2=1.29×2) (-10→-22=0.75×1) (13→-4=0.76×1) (-22→-4=1.23×1) (-15→6=0.79×1) |
| 274025 | 56 | 1.04 | 2 | 0.75~1.52 | (-6→-2=1.40×2) (20→2=1.29×2) (9→-12=1.26×2) (-2→31=1.26×1) (-10→-22=0.75×1) |
| 274036 | 52 | 0.90 | 2 | 0.75~1.52 | (-6→-2=1.40×2) (20→2=1.29×1) (9→-12=1.26×2) (-2→31=1.26×1) (-10→-22=0.75×1) |
| 274046 | 54 | 1.02 | 2 | 0.72~1.52 | (-6→-2=1.40×2) (20→2=1.29×1) (-24→-15=0.72×1) (-13→-5=0.72×1) (9→-12=1.26×2) |
| 274056 | 50 | 0.84 | 2 | 0.72~1.52 | (-6→-2=1.40×2) (2→-17=1.30×1) (-24→-15=0.72×1) (-13→-5=0.72×1) (9→-12=1.26×2) |
| 274067 | 53 | 0.77 | 2 | 0.72~1.30 | (2→-17=1.30×1) (-24→-15=0.72×1) (-13→-5=0.72×1) (-6→-2=1.28×1) (9→-12=1.27×1) |
| 274077 | 55 | 1.00 | 2 | 0.72~1.30 | (2→-17=1.30×1) (-24→-15=0.72×1) (-13→-5=0.72×1) (15→21=0.75×1) (3→-30=0.76×1) |
| 274087 | 58 | 0.97 | 2 | 0.72~1.30 | (2→-17=1.30×1) (-24→-15=0.72×1) (6→26=1.25×1) (15→21=0.75×1) (3→-30=0.76×1) |
| 274098 | 57 | 0.82 | 2 | 0.72~1.30 | (2→-17=1.30×1) (-24→-15=0.72×1) (6→26=1.25×1) (15→21=0.75×1) (3→-30=0.76×1) |
| 274108 | 57 | 0.88 | 2 | 0.72~1.30 | (2→-17=1.30×1) (2→23=1.29×1) (-24→-15=0.72×1) (6→26=1.25×1) (3→-30=0.76×1) |
| 274118 | 60 | 1.20 | 2 | 0.71~1.30 | (22→8=1.30×1) (2→-17=1.30×1) (2→23=1.29×1) (-5→8=0.71×1) (-24→-15=0.72×1) |
| 274129 | 58 | 1.16 | 1 | 0.71~1.30 | (22→8=1.30×1) (2→-17=1.30×1) (2→23=1.29×1) (-5→8=0.71×1) (-24→-15=0.72×1) |
| 274139 | 55 | 1.09 | 1 | 0.72~1.30 | (22→8=1.30×1) (2→-17=1.30×1) (-24→-15=0.72×1) (6→26=1.25×1) (3→-30=0.76×1) |
| 274149 | 51 | 1.16 | 1 | 0.75~1.32 | (22→8=1.30×1) (2→-17=1.30×1) (20→16=0.75×1) (6→26=1.25×1) (3→-30=0.76×1) |
| 274160 | 51 | 1.18 | 2 | 0.73~1.32 | (22→8=1.30×1) (2→31=1.29×1) (20→-25=0.73×1) (-5→13=1.27×2) (20→16=0.75×1) |
| 274170 | 51 | 0.90 | 1 | 0.73~1.32 | (22→8=1.30×1) (-12→4=0.73×1) (-4→-27=1.27×1) (-5→13=1.27×1) (20→-25=0.73×1) |
| 274180 | 53 | 0.75 | 1 | 0.73~1.32 | (22→8=1.30×1) (-21→20=1.28×1) (-12→4=0.73×1) (-4→-27=1.27×1) (-5→13=1.27×1) |
| 274191 | 53 | 0.79 | 1 | 0.73~1.32 | (22→8=1.30×1) (-12→4=0.73×1) (20→-25=0.73×1) (-4→-27=1.27×2) (-5→4=1.26×1) |
| 274201 | 50 | 0.74 | 1 | 0.73~1.30 | (22→8=1.30×1) (-12→4=0.73×1) (20→-25=0.73×1) (-4→-27=1.27×2) (-19→-9=0.73×1) |
| 274211 | 50 | 0.80 | 1 | 0.70~1.30 | (22→8=1.30×1) (-1→-7=0.70×1) (-12→4=0.73×1) (20→-25=0.73×1) (-4→-27=1.27×2) |
| 274222 | 51 | 0.86 | 2 | 0.73~1.30 | (22→8=1.29×2) (-14→-19=1.29×1) (-12→4=0.73×1) (20→-25=0.73×1) (-19→-9=0.73×1) |
| 274232 | 51 | 0.80 | 2 | 0.73~1.30 | (22→8=1.29×2) (-14→-19=1.29×1) (-12→4=0.73×1) (20→-25=0.73×1) (-19→-9=0.73×1) |
| 274242 | 53 | 0.91 | 2 | 0.73~1.30 | (22→8=1.29×2) (-14→-19=1.29×1) (-12→4=0.73×1) (20→-25=0.73×1) (-19→-9=0.73×1) |
| 274253 | 52 | 0.90 | 2 | 0.73~1.30 | (22→8=1.29×2) (-14→-19=1.29×1) (-12→4=0.73×1) (20→-25=0.73×1) (-19→-9=0.73×1) |
| 274263 | 50 | 0.82 | 2 | 0.73~1.30 | (22→8=1.29×2) (-14→-19=1.29×1) (-12→4=0.73×1) (20→-25=0.73×1) (-19→-9=0.73×1) |
| 274273 | 52 | 0.83 | 2 | 0.73~1.30 | (22→8=1.29×2) (-14→-19=1.29×1) (-12→4=0.73×1) (-7→12=0.73×1) (20→-25=0.73×1) |
| 274284 | 51 | 0.78 | 2 | 0.73~1.30 | (22→8=1.29×2) (-14→-19=1.29×1) (-12→4=0.73×1) (-7→12=0.73×1) (20→-25=0.73×1) |
| 274294 | 53 | 0.85 | 2 | 0.72~1.30 | (22→8=1.29×2) (-14→-19=1.29×1) (16→-1=0.72×1) (-12→4=0.73×1) (-7→12=0.73×1) |
| 274304 | 50 | 0.88 | 2 | 0.72~1.30 | (22→8=1.29×2) (-14→-19=1.29×1) (16→-1=0.72×1) (-12→4=0.73×1) (-7→12=0.73×1) |
| 274315 | 51 | 0.88 | 2 | 0.72~1.30 | (22→8=1.29×2) (-14→-19=1.29×1) (16→-1=0.72×1) (-12→4=0.73×1) (-7→12=0.73×1) |
| 274325 | 50 | 0.78 | 2 | 0.72~1.30 | (22→8=1.29×2) (-14→-19=1.29×1) (16→-1=0.72×1) (-12→4=0.73×1) (-7→12=0.73×1) |
| 274335 | 51 | 0.71 | 2 | 0.72~1.30 | (22→8=1.29×2) (-14→-19=1.29×1) (16→-1=0.72×1) (-12→4=0.73×1) (-17→20=1.24×1) |
| 274346 | 54 | 0.76 | 2 | 0.72~1.30 | (22→8=1.29×2) (-14→-19=1.29×1) (16→-1=0.72×1) (-19→-4=1.28×1) (-17→20=1.24×1) |
| 274356 | 53 | 0.77 | 2 | 0.72~1.30 | (22→8=1.29×2) (-14→-19=1.29×1) (16→-1=0.72×1) (-19→-4=1.28×1) (-17→20=1.24×1) |
| 274366 | 53 | 0.60 | 1 | 0.72~1.30 | (22→8=1.30×1) (16→-1=0.72×1) (-19→-4=1.28×1) (-17→20=1.24×1) (12→-14=0.77×1) |
| 274377 | 52 | 0.67 | 1 | 0.72~1.30 | (22→8=1.30×1) (16→-1=0.72×1) (-19→-4=1.28×1) (-6→-5=1.28×1) (-17→20=1.24×1) |
| 274387 | 52 | 0.81 | 1 | 0.72~1.30 | (22→8=1.30×1) (16→-1=0.72×1) (-19→-4=1.28×1) (-6→-5=1.28×1) (-14→-4=0.73×1) |
| 274397 | 50 | 0.80 | 1 | 0.72~1.30 | (22→8=1.30×1) (16→-1=0.72×1) (-19→-4=1.28×1) (-6→-5=1.28×1) (-14→-4=0.73×1) |
| 274408 | 50 | 0.64 | 1 | 0.72~1.30 | (22→8=1.30×1) (16→-1=0.72×1) (-19→-4=1.28×1) (-6→-5=1.28×1) (-14→-4=0.73×1) |
| 274418 | 51 | 0.55 | 1 | 0.73~1.30 | (22→8=1.30×1) (-14→3=1.29×1) (-19→-4=1.28×1) (-6→-5=1.28×1) (-14→-4=0.73×1) |
| 274428 | 51 | 0.49 | 1 | 0.73~1.29 | (-14→3=1.29×1) (-19→-4=1.28×1) (-6→-5=1.28×1) (-14→-4=0.73×1) (2→-27=1.24×1) |
| 274439 | 52 | 0.63 | 1 | 0.73~1.29 | (24→1=1.29×1) (-14→3=1.29×1) (-19→-4=1.28×1) (-6→-5=1.28×1) (-14→-4=0.73×1) |
| 274449 | 56 | 0.73 | 1 | 0.73~1.29 | (24→1=1.29×1) (-14→3=1.29×1) (-19→-4=1.28×1) (-6→-5=1.28×1) (-14→-4=0.73×1) |
| 274459 | 56 | 0.71 | 1 | 0.73~1.29 | (-14→3=1.29×1) (-19→-4=1.28×1) (-6→-5=1.28×1) (-14→-4=0.73×1) (2→-27=1.24×1) |
| 274470 | 54 | 0.69 | 1 | 0.73~1.29 | (-14→3=1.29×1) (-19→-4=1.28×1) (-6→-5=1.28×1) (-14→-4=0.73×1) (2→-27=1.24×1) |
| 274480 | 52 | 0.60 | 2 | 0.73~1.29 | (-14→3=1.29×1) (-19→-4=1.28×1) (-6→-5=1.28×1) (-14→-4=0.73×1) (-15→-5=1.25×1) |
| 274490 | 55 | 0.75 | 2 | 0.72~1.29 | (-14→3=1.29×1) (-6→-22=0.72×1) (-19→-4=1.28×1) (-14→-4=0.73×1) (-7→24=1.25×1) |
| 274501 | 52 | 0.65 | 2 | 0.72~1.29 | (-14→3=1.29×1) (-6→-22=0.72×1) (-14→-4=0.73×1) (-7→24=1.25×1) (-15→-5=1.25×1) |
| 274511 | 49 | 0.55 | 2 | 0.71~1.29 | (-14→3=1.29×1) (-20→4=0.71×1) (-17→27=0.74×1) (-7→24=1.25×1) (-15→-5=1.25×1) |
| 274521 | 50 | 0.44 | 2 | 0.71~1.27 | (-20→4=0.71×1) (-9→14=1.27×1) (-17→27=0.74×1) (-15→-5=1.25×1) (18→7=1.20×1) |
| 274532 | 50 | 0.58 | 2 | 0.73~1.27 | (15→27=0.73×1) (-9→14=1.27×2) (1→30=1.26×1) (-15→-5=1.25×1) (20→20=1.21×1) |
| 274542 | 52 | 0.56 | 2 | 0.72~1.27 | (-18→-11=0.72×1) (15→27=0.73×1) (-9→14=1.27×2) (1→30=1.26×1) (-15→-5=1.25×1) |
| 274552 | 52 | 0.63 | 2 | 0.72~1.27 | (-18→-11=0.72×1) (15→27=0.73×1) (-9→14=1.27×2) (1→30=1.26×1) (-15→-5=1.25×1) |
| 274563 | 50 | 0.38 | 1 | 0.72~1.27 | (-18→-11=0.72×1) (-9→14=1.27×1) (-23→13=0.80×1) (18→7=1.20×1) (-24→-26=1.19×1) |
| 274573 | 52 | 0.60 | 1 | 0.72~1.29 | (9→4=1.29×1) (-17→-30=0.72×1) (-18→-11=0.72×1) (-9→14=1.27×1) (8→-31=1.27×1) |
| 274583 | 55 | 0.65 | 1 | 0.72~1.29 | (9→4=1.29×1) (-17→-30=0.72×1) (-18→-11=0.72×1) (-3→-8=1.28×1) (-9→14=1.27×1) |
| 274594 | 56 | 0.84 | 1 | 0.72~1.29 | (9→4=1.29×1) (-17→-30=0.72×1) (-18→-11=0.72×1) (-3→-8=1.28×1) (-9→14=1.27×1) |
| 274604 | 59 | 0.95 | 1 | 0.72~1.29 | (-17→-30=0.72×1) (9→4=1.28×2) (-16→-15=1.28×1) (7→19=0.72×1) (-18→-11=0.72×1) |
| 274614 | 58 | 1.14 | 1 | 0.72~1.29 | (-17→-30=0.72×1) (9→4=1.28×2) (-16→-15=1.28×1) (7→19=0.72×1) (-3→-8=1.28×1) |
| 274625 | 58 | 1.12 | 1 | 0.72~1.29 | (-17→-30=0.72×1) (9→4=1.28×2) (-16→-15=1.28×1) (7→19=0.72×1) (-3→-8=1.28×1) |
| 274635 | 58 | 1.17 | 1 | 0.72~1.29 | (-17→-30=0.72×1) (9→4=1.28×2) (-16→-15=1.28×1) (7→19=0.72×1) (-3→-8=1.28×1) |
| 274645 | 55 | 1.07 | 1 | 0.72~1.29 | (-17→-30=0.72×1) (9→4=1.28×2) (-16→-15=1.28×1) (7→19=0.72×1) (-3→-8=1.28×1) |
| 274656 | 51 | 1.25 | 2 | 0.71~1.29 | (24→17=0.71×2) (-17→-30=0.72×1) (9→4=1.28×2) (-16→-15=1.28×1) (7→19=0.72×1) |
| 274666 | 50 | 0.78 | 2 | 0.71~1.28 | (-8→2=0.71×1) (24→17=0.71×2) (-17→-30=0.72×1) (7→19=0.72×1) (-3→-8=1.28×1) |
| 274676 | 52 | 0.81 | 2 | 0.71~1.28 | (-8→2=0.71×1) (24→17=0.71×2) (7→19=0.72×1) (-3→-8=1.28×1) (3→-13=0.73×1) |
| 274687 | 54 | 0.70 | 2 | 0.71~1.30 | (-11→-3=1.30×1) (24→17=0.71×1) (-8→2=0.71×1) (7→19=0.72×1) (-3→-8=1.28×1) |
| 274697 | 52 | 0.65 | 1 | 0.71~1.30 | (-11→-3=1.30×1) (-8→2=0.71×1) (7→19=0.72×1) (-3→-8=1.28×1) (3→-13=0.73×1) |
| 274707 | 53 | 0.64 | 1 | 0.72~1.30 | (-11→-3=1.30×1) (7→19=0.72×1) (-3→-8=1.28×1) (3→-13=0.73×1) (18→-19=0.74×1) |
| 274718 | 57 | 0.86 | 1 | 0.72~1.30 | (-11→-3=1.30×1) (7→19=0.72×1) (-3→-8=1.28×1) (3→-13=0.73×1) (18→-19=0.74×1) |
| 274728 | 57 | 0.77 | 1 | 0.72~1.30 | (-11→-3=1.30×1) (7→19=0.72×1) (-3→-8=1.28×1) (3→-13=0.73×1) (18→-19=0.74×1) |
| 274738 | 58 | 0.81 | 1 | 0.70~1.30 | (24→-29=0.70×1) (-11→-3=1.30×1) (-9→-19=0.71×1) (7→19=0.72×1) (-12→-11=1.28×1) |
| 274749 | 57 | 0.77 | 1 | 0.70~1.28 | (24→-29=0.70×1) (23→22=0.71×1) (-9→-19=0.71×1) (-12→-11=1.28×1) (-3→-8=1.28×1) |
| 274759 | 54 | 0.72 | 1 | 0.70~1.28 | (24→-29=0.70×1) (23→22=0.71×1) (-9→-19=0.71×2) (-12→-11=1.28×1) (-17→10=0.72×1) |
| 274769 | 55 | 0.80 | 1 | 0.70~1.30 | (24→-29=0.70×1) (-10→-21=1.30×1) (-15→28=1.29×1) (-5→5=0.71×1) (23→22=0.71×2) |
| 274780 | 55 | 0.85 | 1 | 0.70~1.30 | (24→-29=0.70×1) (-10→-21=1.30×1) (-15→28=1.29×1) (-5→5=0.71×1) (-9→-19=0.71×2) |
| 274790 | 50 | 0.78 | 1 | 0.70~1.30 | (24→-29=0.70×1) (-10→-21=1.30×1) (-5→5=0.71×1) (-9→-19=0.71×2) (23→22=0.71×3) |
| 274800 | 51 | 0.90 | 1 | 0.71~1.30 | (-10→-21=1.30×1) (-5→5=0.71×1) (-9→-19=0.71×2) (23→22=0.71×3) (-20→21=0.72×1) |
| 274811 | 50 | 0.72 | 1 | 0.71~1.26 | (-9→-19=0.71×1) (23→22=0.71×2) (-20→21=0.72×1) (-20→-8=0.72×1) (-8→-31=0.73×1) |
| 274821 | 56 | 0.93 | 1 | 0.66~1.28 | (-14→20=0.71×1) (-9→-19=0.71×1) (23→22=0.71×3) (-2→-15=0.71×2) (-20→21=0.72×1) |
| 274831 | 50 | 0.78 | 1 | 0.66~1.28 | (23→22=0.71×3) (-2→-15=0.71×2) (-20→21=0.72×1) (5→27=1.28×1) (-20→-8=0.72×1) |
| 274842 | 53 | 0.66 | 1 | 0.71~1.28 | (23→22=0.72×4) (-20→21=0.72×1) (5→27=1.28×1) (-20→-8=0.72×1) (1→-17=1.26×1) |
| 274852 | 53 | 0.68 | 1 | 0.71~1.28 | (-20→11=0.71×1) (23→22=0.72×4) (-20→21=0.72×1) (5→27=1.28×1) (-20→-8=0.72×1) |
| 274862 | 54 | 0.72 | 1 | 0.70~1.29 | (13→-5=0.71×2) (3→-25=0.71×2) (-20→11=0.71×1) (-6→-8=1.29×2) (23→22=0.72×4) |
| 274873 | 52 | 0.56 | 1 | 0.70~1.29 | (13→-5=0.71×2) (3→-25=0.71×2) (-20→11=0.71×1) (-6→-8=1.29×2) (23→22=0.72×4) |
| 274883 | 54 | 0.69 | 1 | 0.70~1.29 | (13→-5=0.71×2) (3→-25=0.71×2) (-20→11=0.71×1) (-6→-8=1.29×2) (23→22=0.72×4) |
| 274893 | 51 | 0.59 | 1 | 0.70~1.29 | (13→-5=0.71×2) (3→-25=0.71×2) (-6→-8=1.29×2) (23→22=0.72×4) (-16→11=0.74×1) |
| 274904 | 51 | 0.59 | 1 | 0.70~1.29 | (13→-5=0.71×2) (3→-25=0.71×2) (-6→-8=1.29×2) (23→22=0.72×4) (-16→11=0.74×1) |
| 274914 | 51 | 0.45 | 1 | 0.70~1.29 | (3→-25=0.70×1) (-6→-8=1.29×1) (13→-5=0.71×1) (23→22=0.72×4) (-16→11=0.74×1) |
| 274924 | 54 | 0.43 | 1 | 0.70~1.29 | (3→-25=0.70×1) (-6→-8=1.29×1) (13→-5=0.71×1) (23→22=0.71×2) (-16→11=0.74×1) |
| 274935 | 54 | 0.37 | 1 | 0.71~1.26 | (23→22=0.71×3) (16→28=0.72×1) (15→-13=1.26×1) (20→7=1.26×1) (8→17=1.24×1) |
| 274945 | 55 | 0.49 | 1 | 0.71~1.26 | (23→22=0.71×2) (16→28=0.72×1) (15→-13=1.26×1) (20→7=1.26×1) (-19→21=0.76×1) |
| 274955 | 56 | 0.62 | 1 | 0.71~1.29 | (13→-12=1.29×1) (23→22=0.71×2) (16→28=0.72×1) (15→-13=1.26×1) (20→7=1.26×1) |
| 274966 | 58 | 0.78 | 1 | 0.71~1.29 | (13→-12=1.29×1) (23→22=0.71×2) (16→28=0.72×1) (23→30=1.27×1) (12→6=1.26×1) |
| 274976 | 55 | 0.76 | 1 | 0.71~1.29 | (13→-12=1.29×1) (23→22=0.71×2) (16→28=0.72×1) (-2→2=0.72×1) (23→30=1.27×1) |
| 274986 | 52 | 0.73 | 1 | 0.71~1.29 | (13→-12=1.29×1) (23→22=0.71×2) (16→28=0.72×1) (-2→2=0.72×1) (23→30=1.27×1) |
| 274997 | 51 | 0.69 | 1 | 0.71~1.29 | (13→-12=1.29×1) (-10→-5=1.29×1) (23→22=0.71×2) (16→28=0.72×1) (-2→2=0.72×1) |
| 275007 | 53 | 0.72 | 1 | 0.71~1.29 | (23→22=0.71×1) (13→-12=1.29×1) (16→28=0.72×1) (23→30=1.27×1) (-10→-5=1.25×3) |
| 275017 | 53 | 0.72 | 1 | 0.71~1.29 | (23→22=0.71×1) (13→-12=1.29×1) (16→28=0.72×1) (23→30=1.27×1) (-10→-5=1.25×3) |
| 275028 | 50 | 0.62 | 1 | 0.71~1.29 | (23→22=0.71×1) (13→-12=1.29×1) (16→28=0.72×1) (4→-18=1.24×1) (-10→-5=1.23×2) |
| 275038 | 51 | 0.49 | 1 | 0.71~1.29 | (23→22=0.71×1) (13→-12=1.29×1) (4→-18=1.24×1) (12→28=1.23×1) (4→25=0.77×1) |
| 275048 | 52 | 0.54 | 1 | 0.70~1.29 | (15→-25=0.70×1) (23→22=0.71×1) (13→-12=1.29×1) (4→-18=1.24×1) (12→28=1.23×1) |
| 275059 | 51 | 0.53 | 1 | 0.71~1.29 | (23→22=0.71×1) (13→-12=1.29×1) (19→-26=0.73×1) (3→18=0.73×1) (12→28=1.23×1) |
| 275069 | 53 | 0.60 | 1 | 0.71~1.29 | (23→22=0.71×1) (13→-12=1.29×1) (19→-26=0.73×1) (3→18=0.73×1) (12→28=1.23×1) |
| 275079 | 54 | 0.72 | 1 | 0.71~1.29 | (23→22=0.71×1) (13→-12=1.29×1) (19→-26=0.74×2) (3→18=0.74×2) (12→28=1.23×1) |
| 275090 | 53 | 0.74 | 1 | 0.71~1.29 | (23→22=0.71×1) (13→-12=1.29×1) (19→-26=0.74×2) (3→18=0.74×2) (12→28=1.23×1) |
| 275100 | 51 | 0.86 | 1 | 0.71~1.29 | (23→22=0.71×1) (13→-12=1.29×1) (19→-26=0.74×3) (3→18=0.74×3) (12→28=1.23×1) |
| 275110 | 51 | 0.86 | 1 | 0.71~1.29 | (23→22=0.71×1) (13→-12=1.29×1) (19→-26=0.74×3) (3→18=0.74×3) (12→28=1.23×1) |
| 275121 | 51 | 0.86 | 1 | 0.71~1.29 | (23→22=0.71×1) (13→-12=1.29×1) (19→-26=0.74×3) (3→18=0.74×3) (12→28=1.23×1) |
| 275131 | 50 | 0.66 | 1 | 0.72~1.23 | (19→-26=0.74×2) (3→18=0.74×2) (12→28=1.23×1) (4→25=0.77×1) (-2→13=1.23×2) |
| 275141 | 52 | 0.73 | 1 | 0.72~1.25 | (-4→-28=0.72×1) (19→-26=0.74×2) (3→18=0.74×2) (-21→10=1.25×1) (12→28=1.23×1) |
| 275152 | 51 | 0.67 | 1 | 0.72~1.25 | (-4→-28=0.72×1) (19→-26=0.73×1) (3→18=0.73×1) (-21→10=1.25×1) (12→28=1.23×1) |
| 275162 | 51 | 0.76 | 1 | 0.72~1.25 | (-4→-28=0.72×1) (-21→10=1.25×1) (-23→-26=1.23×1) (12→28=1.23×1) (4→25=0.77×1) |
| 275172 | 50 | 0.62 | 1 | 0.72~1.25 | (-4→-28=0.72×1) (-21→10=1.25×1) (-23→-26=1.23×1) (12→28=1.23×1) (4→25=0.77×1) |
| 275183 | 51 | 0.67 | 1 | 0.72~1.25 | (-4→-28=0.72×1) (-21→10=1.25×1) (-23→-26=1.23×1) (12→28=1.23×1) (4→25=0.77×1) |
| 275193 | 50 | 0.54 | 1 | 0.72~1.28 | (-3→-30=1.28×1) (-4→-28=0.72×1) (-21→10=1.25×1) (-23→-26=1.23×1) (12→28=1.23×1) |
| 275203 | 51 | 0.59 | 1 | 0.72~1.28 | (-3→-30=1.28×1) (3→-9=0.72×1) (-4→-28=0.72×1) (22→-19=0.74×2) (-23→-26=1.23×1) |
| 275214 | 51 | 0.59 | 1 | 0.72~1.28 | (-3→-30=1.28×1) (3→-9=0.72×1) (-4→-28=0.72×1) (22→-19=0.74×2) (-23→-26=1.23×1) |
| 275224 | 51 | 0.71 | 1 | 0.72~1.28 | (-3→-30=1.28×1) (3→-9=0.72×1) (-4→-28=0.72×1) (-9→-4=1.26×1) (22→-19=0.74×2) |
| 275234 | 52 | 0.62 | 1 | 0.72~1.28 | (-3→-30=1.28×1) (3→-9=0.72×1) (-4→-28=0.72×1) (22→-19=0.73×1) (-9→-4=1.26×1) |
| 275245 | 53 | 0.68 | 1 | 0.72~1.28 | (-3→-30=1.28×1) (3→-9=0.72×1) (-4→-28=0.72×1) (22→-19=0.73×1) (-9→-4=1.26×1) |
| 275255 | 53 | 0.74 | 1 | 0.72~1.28 | (-3→-30=1.28×1) (3→-9=0.72×1) (-4→-28=0.72×1) (22→-19=0.73×1) (-9→-4=1.26×1) |
| 275265 | 51 | 0.73 | 1 | 0.72~1.28 | (-3→-30=1.28×1) (3→-9=0.72×1) (-4→-28=0.72×1) (22→-19=0.73×1) (-9→-4=1.26×1) |
| 275276 | 56 | 0.75 | 1 | 0.72~1.28 | (-3→-30=1.28×1) (3→-9=0.72×1) (-4→-28=0.72×1) (22→-19=0.73×1) (-9→-4=1.26×1) |
| 275286 | 52 | 0.75 | 1 | 0.72~1.28 | (-3→-30=1.28×1) (3→-9=0.72×1) (22→-19=0.73×1) (-9→-4=1.26×1) (-2→-5=0.74×1) |
| 275296 | 52 | 0.83 | 1 | 0.72~1.28 | (-3→-30=1.28×1) (3→-9=0.72×1) (-9→-4=1.26×1) (-2→-5=0.74×1) (5→30=1.26×1) |
| 275307 | 52 | 0.87 | 1 | 0.72~1.28 | (-3→-30=1.28×1) (3→-9=0.72×1) (-10→-3=0.73×1) (-9→-4=1.26×1) (-2→-5=0.74×1) |
| 275317 | 51 | 0.94 | 1 | 0.72~1.28 | (-3→-30=1.28×1) (3→-9=0.72×1) (-10→-3=0.73×1) (-9→-4=1.26×1) (-2→-5=0.74×1) |
| 275327 | 50 | 0.78 | 1 | 0.72~1.26 | (3→-9=0.72×1) (-10→-3=0.73×1) (-9→-4=1.26×1) (-2→-5=0.74×1) (7→-3=0.75×1) |
| 275338 | 55 | 0.96 | 1 | 0.71~1.26 | (3→12=0.71×1) (4→-28=0.71×1) (3→-9=0.72×1) (-10→-3=0.73×1) (-9→-4=1.26×1) |
| 275348 | 56 | 0.91 | 1 | 0.71~1.26 | (3→12=0.71×1) (4→-28=0.71×1) (-10→-3=0.73×1) (-9→-4=1.26×1) (-2→-5=0.74×1) |
| 275358 | 57 | 0.89 | 1 | 0.71~1.28 | (3→12=0.71×1) (4→-28=0.71×1) (-2→-14=1.28×1) (-10→20=0.72×1) (-10→-3=0.73×1) |
| 275369 | 58 | 0.79 | 1 | 0.71~1.28 | (3→12=0.71×1) (4→-28=0.71×1) (-2→-14=1.28×1) (-10→20=0.72×1) (-10→-3=0.73×1) |
| 275379 | 56 | 0.82 | 1 | 0.71~1.28 | (3→12=0.71×1) (4→-28=0.71×1) (-2→-14=1.28×1) (-10→20=0.72×1) (-10→-3=0.73×1) |
| 275389 | 56 | 0.80 | 1 | 0.71~1.28 | (3→12=0.71×1) (4→-28=0.71×1) (-2→-14=1.28×1) (-10→20=0.72×1) (-10→-3=0.73×1) |
| 275400 | 56 | 0.98 | 1 | 0.71~1.28 | (3→12=0.71×1) (4→-28=0.71×1) (-2→-14=1.28×1) (-10→20=0.72×1) (-10→-3=0.73×1) |
| 275410 | 55 | 1.07 | 1 | 0.71~1.40 | (23→18=1.29×1) (3→12=0.71×1) (4→-28=0.71×1) (23→19=1.29×2) (-10→20=0.72×1) |
| 275420 | 53 | 0.91 | 1 | 0.71~1.40 | (23→18=1.29×1) (3→12=0.71×1) (4→-28=0.71×1) (23→19=1.29×2) (-10→20=0.72×1) |
| 275431 | 52 | 0.75 | 1 | 0.71~1.40 | (3→12=0.71×1) (23→18=1.29×2) (23→19=1.29×2) (-10→20=0.72×1) (-10→-3=0.73×1) |
| 275441 | 50 | 0.62 | 1 | 0.71~1.40 | (3→12=0.71×1) (23→18=1.29×2) (23→19=1.29×2) (-10→20=0.72×1) (-10→-3=0.73×1) |
| 275451 | 53 | 0.70 | 1 | 0.72~1.40 | (23→19=1.29×2) (23→18=1.28×1) (-10→20=0.72×1) (-21→2=1.28×1) (-10→-3=0.73×1) |
| 275462 | 50 | 0.74 | 1 | 0.72~1.40 | (23→19=1.29×2) (23→18=1.28×1) (-10→20=0.72×1) (-21→2=1.28×1) (-13→-16=0.73×1) |
| 275472 | 50 | 0.82 | 1 | 0.72~1.40 | (23→19=1.29×2) (23→18=1.28×1) (-10→20=0.72×1) (-21→2=1.28×1) (-13→-16=0.73×1) |
| 275482 | 50 | 0.62 | 1 | 0.72~1.28 | (23→18=1.28×1) (-10→20=0.72×1) (-21→2=1.28×1) (-13→-16=0.73×1) (-10→-3=0.73×1) |
| 275493 | 50 | 0.62 | 1 | 0.72~1.28 | (23→18=1.28×1) (-10→20=0.72×1) (-21→2=1.28×1) (-13→-16=0.73×1) (-10→-3=0.73×1) |
| 275503 | 52 | 0.62 | 1 | 0.72~1.28 | (-10→20=0.72×1) (-21→2=1.28×1) (-13→-16=0.73×1) (15→-9=1.27×1) (-12→29=1.26×1) |
| 275513 | 52 | 0.52 | 1 | 0.72~1.28 | (15→10=0.72×1) (-21→2=1.28×1) (-13→-16=0.73×1) (-12→29=1.26×1) (-13→29=0.74×1) |
| 275524 | 53 | 0.51 | 1 | 0.72~1.28 | (15→10=0.72×1) (-21→2=1.28×1) (-13→-16=0.73×1) (-12→29=1.26×1) (-13→29=0.74×1) |
| 275534 | 53 | 0.85 | 2 | 0.68~1.28 | (-20→15=0.70×2) (15→10=0.72×1) (9→27=1.28×1) (-21→2=1.28×1) (-13→-16=0.73×1) |
| 275544 | 52 | 0.83 | 2 | 0.68~1.28 | (-20→15=0.70×2) (15→10=0.72×1) (9→27=1.28×1) (-21→2=1.28×1) (-13→-16=0.73×1) |
| 275555 | 54 | 0.87 | 3 | 0.68~1.29 | (-20→15=0.68×1) (23→-28=1.29×1) (15→10=0.72×1) (9→27=1.28×1) (-21→2=1.28×1) |
| 275565 | 50 | 0.82 | 3 | 0.68~1.29 | (-20→15=0.68×1) (23→-28=1.29×1) (15→10=0.72×1) (9→27=1.28×1) (-13→-16=0.73×1) |
| 275575 | 51 | 0.84 | 3 | 0.68~1.29 | (-20→15=0.68×1) (19→17=1.29×1) (6→-12=1.29×1) (23→-28=1.29×1) (9→27=1.28×1) |
| 275586 | 50 | 0.50 | 1 | 0.73~1.29 | (19→17=1.29×1) (6→-12=1.29×1) (23→-28=1.29×1) (-19→-16=1.28×1) (-13→-16=0.73×1) |
| 275596 | 54 | 0.50 | 1 | 0.73~1.29 | (19→17=1.29×1) (6→-12=1.29×1) (23→-28=1.29×1) (-19→-16=1.28×1) (-13→-16=0.73×1) |
| 275606 | 57 | 0.72 | 1 | 0.72~1.29 | (19→17=1.29×1) (6→-12=1.29×1) (23→-28=1.29×1) (-19→-16=1.28×1) (-13→-16=0.73×1) |
| 275617 | 60 | 0.78 | 1 | 0.72~1.29 | (19→17=1.29×1) (6→-12=1.29×1) (23→-28=1.29×1) (-19→-16=1.28×1) (-13→-16=0.73×1) |
| 275627 | 62 | 0.85 | 1 | 0.72~1.29 | (19→17=1.29×1) (6→-12=1.29×1) (23→-28=1.29×1) (-19→-16=1.28×1) (-13→-16=0.73×1) |
| 275637 | 60 | 0.77 | 1 | 0.72~1.29 | (23→-28=1.29×1) (-19→-16=1.28×1) (-13→-16=0.73×1) (8→-14=0.73×2) (-14→5=0.73×1) |
| 275648 | 56 | 0.59 | 1 | 0.73~1.29 | (23→-28=1.29×1) (-19→-16=1.28×1) (-13→-16=0.73×1) (-14→5=0.73×1) (2→16=0.74×1) |
| 275658 | 57 | 0.53 | 1 | 0.73~1.29 | (23→-28=1.29×1) (-19→-16=1.28×1) (-13→-16=0.73×1) (-14→5=0.73×1) (2→16=0.74×1) |
| 275668 | 53 | 0.40 | 1 | 0.73~1.28 | (-19→-16=1.28×1) (-13→-16=0.73×1) (-14→5=0.73×1) (2→16=0.74×1) (-10→22=1.25×1) |
| 275679 | 50 | 0.36 | 1 | 0.73~1.28 | (-19→-16=1.28×1) (-14→5=0.73×1) (2→16=0.74×1) (-10→22=1.25×1) (10→10=1.25×1) |
| 275689 | 54 | 0.52 | 2 | 0.72~1.28 | (1→-3=0.72×1) (-19→-16=1.28×1) (-8→-3=0.72×1) (-12→-27=1.27×1) (-14→5=0.73×1) |
| 275699 | 53 | 0.55 | 2 | 0.72~1.28 | (1→-3=0.72×1) (-19→-16=1.28×1) (-8→-3=0.72×1) (-12→-27=1.27×1) (-14→5=0.73×1) |
| 275710 | 51 | 0.65 | 2 | 0.72~1.28 | (1→-3=0.72×1) (-19→-16=1.28×1) (-8→-3=0.72×1) (-12→-27=1.27×1) (2→18=1.27×1) |
| 275720 | 50 | 0.68 | 2 | 0.72~1.27 | (1→-3=0.72×1) (-8→-3=0.72×1) (-12→-27=1.27×1) (2→18=1.27×1) (-10→22=1.25×1) |
| 275730 | 50 | 0.72 | 2 | 0.70~1.27 | (-12→-23=0.70×1) (1→-3=0.72×1) (-8→-3=0.72×1) (-12→-27=1.27×1) (2→18=1.27×1) |
| 275741 | 51 | 0.69 | 2 | 0.70~1.27 | (-12→-23=0.70×1) (-8→11=0.71×1) (1→-3=0.72×1) (-8→-3=0.72×1) (-12→-27=1.27×1) |
| 275751 | 51 | 0.65 | 2 | 0.70~1.27 | (-12→-23=0.70×1) (22→4=0.70×1) (-8→11=0.71×1) (-8→-3=0.72×1) (-12→-27=1.27×1) |
| 275761 | 52 | 0.75 | 2 | 0.70~1.27 | (-12→-23=0.70×1) (22→4=0.70×1) (-8→11=0.71×1) (-8→-3=0.72×1) (-12→-27=1.27×1) |
| 275772 | 53 | 0.85 | 2 | 0.70~1.27 | (22→4=0.70×1) (-8→11=0.71×1) (-12→-23=0.71×2) (-8→-3=0.72×1) (-21→21=1.27×1) |
| 275782 | 49 | 0.84 | 1 | 0.70~1.29 | (22→4=0.70×1) (-8→11=0.71×1) (-12→-23=0.71×2) (21→-4=1.29×1) (-21→21=1.27×1) |
| 275792 | 53 | 0.91 | 1 | 0.70~1.29 | (-4→-20=0.70×1) (22→4=0.70×1) (-8→11=0.71×1) (21→-4=1.29×1) (-12→-23=0.71×1) |
| 275803 | 50 | 0.82 | 2 | 0.70~1.27 | (-4→-20=0.70×1) (22→4=0.70×1) (-8→11=0.71×1) (-12→-23=0.71×1) (-21→21=1.27×1) |
| 275813 | 50 | 0.74 | 2 | 0.70~1.27 | (-4→-20=0.70×1) (-8→11=0.71×1) (-12→-23=0.71×1) (-21→21=1.27×1) (19→-12=0.74×2) |
| 275823 | 52 | 0.79 | 2 | 0.71~1.27 | (-8→11=0.71×1) (-12→-23=0.71×1) (-21→21=1.27×1) (19→-12=0.74×2) (14→-5=1.26×1) |
| 275834 | 52 | 0.87 | 2 | 0.71~1.27 | (-8→11=0.71×1) (-12→-23=0.71×1) (8→10=0.72×1) (-21→21=1.27×1) (18→9=0.73×1) |
| 275844 | 52 | 0.87 | 2 | 0.71~1.27 | (-8→11=0.71×1) (-12→-23=0.71×1) (8→10=0.72×1) (-21→21=1.27×1) (18→9=0.73×1) |
| 275854 | 50 | 0.82 | 2 | 0.71~1.27 | (-8→11=0.71×1) (-12→-23=0.71×1) (8→10=0.72×1) (-21→21=1.27×1) (18→9=0.73×1) |
| 275865 | 51 | 0.82 | 1 | 0.71~1.27 | (-8→11=0.71×1) (-12→-23=0.71×1) (8→10=0.72×1) (-21→21=1.27×1) (18→9=0.73×1) |
| 275875 | 52 | 0.83 | 1 | 0.71~1.27 | (-12→-23=0.71×1) (8→10=0.72×1) (-21→21=1.27×1) (13→-21=1.27×1) (18→9=0.73×1) |
| 275885 | 52 | 0.79 | 1 | 0.71~1.27 | (-12→-23=0.71×1) (8→10=0.72×1) (-21→21=1.27×1) (13→-21=1.27×1) (18→9=0.73×1) |
| 275896 | 53 | 0.77 | 1 | 0.71~1.27 | (-24→-7=0.71×1) (8→10=0.72×1) (13→-21=1.27×1) (18→9=0.73×1) (14→-5=1.26×1) |
| 275906 | 55 | 0.80 | 1 | 0.71~1.28 | (-24→-7=0.71×1) (8→10=0.72×1) (-10→-1=1.28×1) (13→-21=1.27×1) (18→9=0.73×1) |
| 275916 | 54 | 0.74 | 1 | 0.71~1.29 | (-24→-7=0.71×1) (-9→-28=1.29×1) (8→10=0.72×1) (-10→-1=1.28×1) (18→9=0.73×1) |
| 275927 | 52 | 0.83 | 1 | 0.71~1.29 | (-24→-7=0.71×1) (-9→-28=1.29×1) (8→10=0.72×1) (-10→-1=1.28×2) (18→9=0.73×1) |
| 275937 | 53 | 0.81 | 1 | 0.71~1.29 | (-24→-7=0.71×1) (-9→-28=1.29×1) (8→10=0.72×1) (-10→-1=1.28×2) (18→9=0.73×1) |
| 275947 | 50 | 0.84 | 1 | 0.70~1.29 | (-15→25=0.70×1) (-24→-7=0.71×1) (-9→-28=1.29×1) (8→10=0.72×1) (-10→-1=1.28×1) |
| 275958 | 52 | 0.87 | 1 | 0.70~1.29 | (-15→25=0.70×1) (-9→-28=1.29×1) (8→10=0.72×1) (-10→-1=1.28×1) (14→-5=1.26×1) |
| 275968 | 53 | 0.89 | 1 | 0.70~1.29 | (-15→25=0.70×1) (-9→-28=1.29×1) (8→10=0.72×1) (-10→-1=1.28×1) (14→-5=1.26×1) |
| 275978 | 51 | 0.82 | 1 | 0.70~1.29 | (-15→25=0.70×1) (-9→-28=1.29×1) (-10→-1=1.28×1) (14→-3=1.26×1) (14→12=1.23×1) |
| 275989 | 51 | 0.76 | 1 | 0.70~1.29 | (-15→25=0.70×1) (-9→-28=1.29×1) (-10→-1=1.28×1) (14→-3=1.26×1) (14→12=1.23×1) |
| 275999 | 51 | 0.84 | 1 | 0.70~1.29 | (-15→25=0.70×1) (-9→-28=1.29×1) (10→-3=1.29×1) (5→3=1.28×2) (-10→-1=1.28×1) |
| 276009 | 51 | 0.78 | 1 | 0.70~1.29 | (-15→25=0.70×1) (-9→-28=1.29×1) (5→3=1.29×1) (10→-3=1.29×1) (-10→-1=1.28×1) |
| 276020 | 54 | 0.85 | 1 | 0.70~1.29 | (-15→25=0.70×1) (-9→-28=1.29×1) (5→3=1.29×1) (10→-3=1.29×1) (-10→-1=1.28×1) |
| 276030 | 56 | 0.93 | 1 | 0.70~1.29 | (-15→25=0.70×1) (5→3=1.29×1) (10→-3=1.29×1) (-3→28=0.73×1) (-3→2=0.73×1) |
| 276040 | 56 | 0.88 | 1 | 0.70~1.29 | (-15→25=0.70×1) (5→3=1.29×1) (10→-3=1.29×1) (-3→28=0.73×1) (-3→2=0.73×1) |
| 276051 | 53 | 0.85 | 1 | 0.70~1.29 | (-15→25=0.70×1) (5→3=1.29×1) (10→-3=1.29×1) (-9→8=1.28×1) (-3→28=0.73×1) |
| 276061 | 50 | 0.86 | 1 | 0.70~1.29 | (-15→25=0.70×1) (5→3=1.29×1) (-9→8=1.27×2) (-3→2=0.73×1) (-23→-15=0.74×1) |
| 276071 | 51 | 0.90 | 1 | 0.70~1.28 | (-15→25=0.70×1) (-1→-14=0.70×1) (14→21=0.73×1) (-9→8=1.27×2) (-23→-15=0.74×1) |
| 276082 | 50 | 0.78 | 2 | 0.70~1.28 | (-15→25=0.70×1) (-1→-14=0.70×1) (-9→8=1.28×1) (14→21=0.73×1) (2→3=1.26×1) |
| 276092 | 51 | 0.86 | 2 | 0.70~1.28 | (-15→25=0.70×1) (-1→-14=0.70×1) (24→3=0.72×1) (-9→8=1.28×1) (14→21=0.73×1) |
| 276102 | 53 | 0.85 | 1 | 0.70~1.28 | (-15→25=0.70×1) (-1→-14=0.70×1) (24→3=0.72×1) (-9→8=1.28×1) (14→21=0.73×1) |
| 276113 | 55 | 0.87 | 1 | 0.70~1.28 | (-1→-14=0.70×1) (24→3=0.72×1) (-9→8=1.28×1) (14→21=0.73×1) (-23→-8=1.27×1) |
| 276123 | 53 | 0.83 | 1 | 0.70~1.27 | (-1→-14=0.70×1) (24→3=0.72×1) (14→21=0.73×1) (-23→-8=1.27×1) (2→-27=1.25×2) |
| 276133 | 53 | 0.81 | 1 | 0.70~1.27 | (-1→-14=0.70×1) (24→3=0.72×2) (14→21=0.73×1) (-23→-8=1.27×1) (2→-27=1.25×2) |
| 276144 | 55 | 0.91 | 1 | 0.70~1.27 | (-1→-14=0.70×1) (24→3=0.72×2) (14→21=0.73×1) (-23→-8=1.27×1) (-19→-16=0.73×1) |
| 276154 | 52 | 0.77 | 1 | 0.70~1.27 | (-1→-14=0.70×1) (24→3=0.72×1) (14→21=0.73×1) (-23→-8=1.27×1) (-19→-16=0.73×1) |
| 276164 | 51 | 0.69 | 1 | 0.70~1.27 | (-1→-14=0.70×1) (24→3=0.72×1) (-23→-8=1.27×1) (-19→-16=0.73×1) (20→-6=0.74×1) |
| 276175 | 57 | 1.19 | 2 | 0.70~1.33 | (-1→-14=0.70×1) (-16→-6=0.72×1) (24→3=0.72×2) (-15→17=1.27×1) (-23→-8=1.27×1) |
| 276185 | 55 | 1.04 | 1 | 0.70~1.27 | (-1→-14=0.70×1) (-8→-19=0.71×1) (-16→-6=0.72×1) (24→3=0.72×1) (-15→17=1.27×1) |
| 276195 | 55 | 1.45 | 2 | 0.71~1.36 | (24→3=0.72×1) (-8→-19=0.72×2) (-15→17=1.27×1) (-23→-8=1.27×1) (-19→-16=0.73×1) |
| 276206 | 54 | 1.31 | 2 | 0.72~1.27 | (24→3=0.72×1) (-8→-19=0.72×1) (-15→17=1.27×1) (-19→-16=0.73×1) (2→5=1.27×1) |
| 276216 | 50 | 1.14 | 2 | 0.72~1.27 | (24→3=0.72×1) (-15→17=1.27×1) (-19→-16=0.73×1) (20→-6=0.74×1) (10→-23=0.75×1) |
| 276226 | 54 | 0.96 | 1 | 0.72~1.27 | (24→3=0.72×1) (-15→17=1.27×1) (-19→-16=0.73×1) (20→-6=0.74×1) (-21→-7=0.75×1) |
| 276237 | 51 | 0.80 | 2 | 0.72~1.27 | (24→3=0.72×1) (-15→17=1.27×1) (-21→-7=0.75×1) (3→4=0.77×2) (-14→-19=1.23×1) |
| 276247 | 50 | 0.78 | 2 | 0.72~1.27 | (24→3=0.72×1) (-15→17=1.27×1) (12→-12=0.73×1) (-20→30=0.73×1) (-21→-7=0.75×1) |
| 276257 | 50 | 0.62 | 2 | 0.72~1.27 | (24→3=0.72×1) (-15→17=1.27×1) (12→-12=0.73×1) (-20→30=0.73×1) (-21→-7=0.75×1) |
| 276268 | 50 | 0.60 | 1 | 0.72~1.29 | (-23→7=1.29×1) (24→3=0.72×1) (-22→14=1.28×1) (-15→17=1.27×1) (12→-12=0.73×1) |
| 276278 | 50 | 0.56 | 1 | 0.72~1.29 | (-23→7=1.29×1) (24→3=0.72×1) (-22→14=1.28×1) (-1→19=1.28×1) (-15→17=1.27×1) |
| 276288 | 51 | 0.55 | 1 | 0.73~1.29 | (-23→7=1.29×1) (-22→14=1.28×1) (-1→19=1.28×1) (-15→17=1.27×1) (12→-12=0.73×1) |
| 276299 | 50 | 0.50 | 1 | 0.73~1.29 | (-23→7=1.29×1) (-22→14=1.28×1) (-1→19=1.28×1) (-15→17=1.27×1) (12→-12=0.73×1) |
| 276309 | 50 | 0.50 | 1 | 0.73~1.29 | (-23→7=1.29×1) (-22→14=1.28×1) (-1→19=1.28×1) (-15→17=1.27×1) (12→-12=0.73×1) |
| 276319 | 52 | 0.63 | 1 | 0.72~1.29 | (-23→7=1.29×1) (-12→6=0.72×1) (-22→14=1.28×1) (19→-15=1.28×1) (-1→19=1.28×1) |
| 276330 | 51 | 0.67 | 1 | 0.72~1.29 | (-23→7=1.29×1) (-12→6=0.72×1) (-22→14=1.28×1) (19→-15=1.28×1) (-15→17=1.27×1) |
| 276340 | 51 | 0.67 | 1 | 0.72~1.30 | (22→29=1.30×1) (-23→7=1.29×1) (-12→6=0.72×1) (19→-15=1.28×1) (-15→17=1.27×1) |
| 276350 | 51 | 0.67 | 1 | 0.72~1.30 | (22→29=1.30×1) (-23→7=1.29×1) (-12→6=0.72×1) (19→-15=1.28×1) (-15→17=1.27×1) |
| 276361 | 51 | 0.71 | 1 | 0.72~1.30 | (22→29=1.30×1) (-23→7=1.29×1) (-12→6=0.72×1) (19→-15=1.28×1) (-15→17=1.27×1) |
| 276371 | 50 | 0.56 | 1 | 0.72~1.30 | (22→29=1.30×1) (-12→6=0.72×1) (19→-15=1.28×1) (12→-12=0.73×1) (-20→30=0.73×1) |
| 276381 | 50 | 0.62 | 1 | 0.72~1.30 | (22→29=1.30×1) (-12→6=0.72×1) (19→-15=1.28×1) (-7→9=1.27×1) (-14→15=0.74×1) |
| 276392 | 51 | 0.65 | 1 | 0.70~1.30 | (6→15=0.70×1) (22→29=1.30×1) (-12→6=0.72×1) (19→-15=1.28×1) (16→16=0.72×1) |
| 276402 | 53 | 0.74 | 1 | 0.70~1.30 | (22→29=1.30×1) (6→15=0.71×2) (-12→6=0.72×1) (19→-15=1.28×1) (11→26=1.28×1) |
| 276412 | 53 | 0.81 | 1 | 0.70~1.30 | (22→29=1.30×1) (6→15=0.71×2) (-2→-17=1.28×1) (-12→6=0.72×1) (19→-15=1.28×1) |
| 276423 | 50 | 0.74 | 1 | 0.71~1.30 | (22→29=1.30×1) (6→15=0.71×1) (-2→-17=1.28×1) (-12→6=0.72×1) (19→-15=1.28×1) |
| 276433 | 52 | 0.77 | 1 | 0.71~1.30 | (22→29=1.30×1) (6→15=0.71×1) (-12→6=0.72×1) (19→-15=1.28×1) (11→26=1.28×1) |
| 276443 | 51 | 0.55 | 1 | 0.72~1.30 | (22→29=1.30×1) (-12→6=0.72×1) (19→-15=1.28×1) (11→26=1.28×1) (-8→7=0.75×1) |
| 276454 | 51 | 0.49 | 1 | 0.72~1.30 | (22→29=1.30×1) (-12→6=0.72×1) (19→-15=1.28×1) (11→26=1.28×1) (-8→7=0.75×1) |
| 276464 | 53 | 0.55 | 1 | 0.75~1.30 | (22→29=1.30×1) (11→26=1.28×1) (-8→7=0.75×1) (18→-13=1.24×1) (-10→-16=0.78×1) |
| 276474 | 51 | 0.57 | 1 | 0.75~1.28 | (11→26=1.28×1) (-8→7=0.75×1) (18→-13=1.24×1) (-10→-16=0.78×1) (-12→5=1.21×1) |
| 276485 | 53 | 0.79 | 1 | 0.71~1.28 | (11→26=1.28×1) (7→19=1.27×1) (-18→29=1.25×1) (22→-29=0.75×1) (18→-13=1.24×1) |
| 276495 | 53 | 0.74 | 1 | 0.71~1.27 | (7→19=1.27×1) (-18→29=1.25×1) (22→-29=0.75×1) (18→-13=1.24×1) (24→-25=1.22×1) |
| 276505 | 52 | 0.88 | 1 | 0.71~1.27 | (-16→-10=1.27×1) (7→19=1.27×1) (-18→29=1.25×1) (22→-29=0.75×1) (18→-13=1.24×1) |
| 276516 | 55 | 0.87 | 1 | 0.71~1.29 | (-5→20=1.29×1) (-16→-10=1.27×1) (7→19=1.27×1) (-18→29=1.25×1) (22→-29=0.75×1) |
| 276526 | 53 | 0.96 | 2 | 0.75~1.29 | (-5→20=1.29×1) (4→-20=1.28×1) (7→19=1.27×1) (-18→29=1.25×1) (22→-29=0.75×1) |
| 276536 | 53 | 0.91 | 2 | 0.75~1.29 | (-5→20=1.29×1) (4→-20=1.28×1) (7→19=1.27×1) (7→12=1.26×1) (-18→29=1.25×1) |
| 276547 | 54 | 1.04 | 2 | 0.75~1.29 | (-5→20=1.29×1) (4→-20=1.28×1) (7→19=1.27×1) (7→12=1.26×1) (-18→29=1.25×1) |
| 276557 | 54 | 1.04 | 2 | 0.75~1.29 | (-5→20=1.29×1) (4→-20=1.28×1) (7→19=1.27×1) (7→12=1.26×1) (-18→29=1.25×1) |
| 276567 | 57 | 1.14 | 2 | 0.75~1.29 | (-5→20=1.29×1) (4→-20=1.28×1) (7→19=1.27×1) (7→12=1.26×1) (-18→29=1.25×1) |
| 276578 | 56 | 1.16 | 2 | 0.75~1.29 | (-5→20=1.29×1) (4→-20=1.28×1) (7→19=1.27×1) (7→12=1.26×1) (-18→29=1.25×1) |
| 276588 | 58 | 1.36 | 2 | 0.75~1.30 | (16→23=1.30×1) (-5→20=1.29×1) (4→-20=1.28×1) (7→19=1.27×1) (7→12=1.26×1) |
| 276598 | 60 | 1.38 | 2 | 0.75~1.30 | (16→23=1.29×2) (-5→20=1.29×1) (4→-20=1.28×1) (7→19=1.27×1) (7→12=1.26×1) |
| 276609 | 62 | 1.50 | 2 | 0.72~1.32 | (16→23=1.30×1) (-5→20=1.29×1) (4→-20=1.28×1) (20→9=0.72×1) (9→-3=1.28×1) |
| 276619 | 60 | 1.50 | 2 | 0.72~1.32 | (16→23=1.30×1) (-5→20=1.29×1) (4→-20=1.28×1) (20→9=0.72×1) (9→-3=1.28×1) |
| 276629 | 59 | 1.51 | 2 | 0.72~1.32 | (16→23=1.30×1) (-5→20=1.29×1) (4→-20=1.28×1) (20→9=0.72×1) (9→-3=1.28×1) |
| 276640 | 53 | 1.28 | 2 | 0.71~1.29 | (3→24=0.71×1) (-6→-29=1.29×1) (-5→20=1.29×1) (4→-20=1.28×1) (9→-3=1.28×1) |
| 276650 | 50 | 1.00 | 2 | 0.71~1.29 | (3→24=0.71×1) (-6→-29=1.29×1) (-5→20=1.29×1) (4→-20=1.28×1) (7→19=1.27×1) |
| 276660 | 56 | 1.21 | 2 | 0.71~1.46 | (14→-31=1.34×2) (7→11=1.30×2) (3→24=0.71×1) (-6→-29=1.29×1) (-21→20=1.29×1) |
| 276671 | 56 | 1.27 | 2 | 0.71~1.46 | (14→-31=1.34×2) (7→11=1.30×2) (3→24=0.71×1) (-6→-29=1.29×1) (-21→20=1.29×1) |
| 276681 | 60 | 1.15 | 2 | 0.72~1.46 | (14→-31=1.34×2) (7→11=1.30×2) (-21→20=1.29×1) (4→-20=1.28×1) (22→15=0.72×1) |
| 276691 | 58 | 1.00 | 1 | 0.72~1.30 | (20→10=1.30×1) (-21→20=1.29×1) (4→-20=1.28×1) (22→15=0.72×1) (5→-31=1.28×1) |
| 276702 | 61 | 1.11 | 1 | 0.72~1.30 | (20→10=1.30×1) (-21→20=1.29×1) (4→-20=1.28×1) (22→15=0.72×1) (5→-31=1.28×1) |
| 276712 | 63 | 1.16 | 1 | 0.72~1.30 | (20→10=1.30×1) (-21→20=1.29×1) (22→15=0.72×1) (4→-20=1.28×2) (5→-31=1.28×1) |
| 276722 | 63 | 1.25 | 1 | 0.70~1.30 | (10→12=0.70×1) (20→10=1.29×2) (-21→20=1.29×1) (22→15=0.72×1) (21→18=0.72×1) |
| 276733 | 67 | 1.37 | 1 | 0.70~1.30 | (10→12=0.70×1) (20→10=1.29×2) (-21→20=1.29×1) (22→15=0.72×1) (3→12=0.72×1) |
| 276743 | 65 | 1.42 | 1 | 0.64~1.30 | (10→12=0.71×2) (-21→20=1.29×1) (20→10=1.28×4) (22→15=0.72×1) (3→12=0.72×1) |
| 276753 | 66 | 1.30 | 1 | 0.64~1.30 | (10→12=0.71×2) (20→10=1.28×4) (22→15=0.72×1) (-3→-27=0.72×1) (3→12=0.72×1) |
| 276764 | 66 | 1.33 | 2 | 0.64~1.30 | (-1→31=1.30×1) (-2→-2=1.29×1) (10→12=0.71×1) (20→10=1.28×5) (22→15=0.72×1) |
| 276774 | 66 | 1.35 | 2 | 0.64~1.30 | (-1→31=1.30×1) (-2→-2=1.29×1) (10→12=0.71×1) (20→10=1.28×5) (22→15=0.72×1) |
| 276784 | 55 | 1.38 | 2 | 0.64~1.30 | (-1→31=1.30×1) (-2→-2=1.29×1) (20→10=1.28×5) (-3→-27=0.72×1) (3→12=0.72×1) |
| 276795 | 50 | 1.48 | 2 | 0.64~1.30 | (-1→31=1.30×1) (-2→-2=1.29×1) (20→10=1.28×6) (-3→-27=0.72×1) (3→12=0.72×1) |
| 276805 | 51 | 1.39 | 2 | 0.64~1.30 | (-1→31=1.30×1) (-2→-2=1.29×1) (20→10=1.28×6) (-3→-27=0.72×1) (3→12=0.72×1) |
| 276815 | 53 | 1.32 | 2 | 0.64~1.30 | (-1→31=1.30×1) (-12→-6=0.71×1) (-21→9=0.71×2) (-2→-2=1.29×1) (20→10=1.28×6) |
| 276826 | 52 | 1.27 | 2 | 0.64~1.30 | (-1→31=1.30×1) (-12→-6=0.71×1) (-21→9=0.71×2) (-2→-2=1.29×1) (20→10=1.28×6) |
| 276836 | 53 | 1.19 | 2 | 0.70~1.30 | (-1→31=1.30×1) (-12→-6=0.71×1) (-21→9=0.71×2) (20→10=1.29×4) (-2→-2=1.29×1) |
| 276846 | 50 | 1.18 | 2 | 0.70~1.30 | (-1→31=1.30×1) (-21→9=0.70×1) (-7→-28=1.29×1) (20→10=1.29×4) (-2→-2=1.29×1) |
| 276857 | 54 | 1.28 | 2 | 0.70~1.30 | (-1→31=1.30×1) (-21→9=0.70×1) (-7→-28=1.29×1) (20→10=1.29×4) (-2→-2=1.29×1) |
| 276867 | 54 | 1.20 | 2 | 0.70~1.30 | (-21→9=0.70×1) (-7→-28=1.29×1) (20→10=1.29×4) (4→-20=1.28×2) (19→7=1.28×1) |
| 276877 | 54 | 1.13 | 2 | 0.71~1.30 | (-7→-28=1.29×1) (20→10=1.29×4) (4→-20=1.28×2) (19→7=1.28×1) (-13→11=1.27×1) |
| 276888 | 53 | 1.19 | 2 | 0.73~1.30 | (-7→-28=1.29×1) (20→10=1.29×3) (4→-20=1.28×2) (19→7=1.28×1) (-13→11=1.27×1) |
| 276898 | 51 | 1.00 | 2 | 0.73~1.29 | (-7→-28=1.29×1) (20→10=1.28×1) (4→-20=1.28×2) (19→7=1.28×1) (-21→28=0.73×1) |
| 276908 | 50 | 0.92 | 1 | 0.73~1.29 | (-7→-28=1.29×1) (4→-20=1.28×2) (19→7=1.28×1) (23→4=0.73×1) (-21→28=0.73×1) |
| 276919 | 51 | 0.90 | 1 | 0.71~1.29 | (12→28=0.71×1) (-7→-28=1.29×1) (4→-20=1.28×2) (19→7=1.28×1) (23→4=0.73×1) |
| 276929 | 50 | 0.66 | 1 | 0.71~1.28 | (12→28=0.71×1) (-5→10=0.72×2) (4→-20=1.28×2) (23→4=0.73×1) (-21→28=0.73×1) |
| 276939 | 50 | 0.60 | 1 | 0.71~1.28 | (12→28=0.71×1) (-5→10=0.71×1) (4→-20=1.28×2) (23→4=0.73×1) (-21→28=0.73×1) |
| 276950 | 51 | 0.67 | 1 | 0.71~1.28 | (12→28=0.71×1) (-5→10=0.71×1) (4→-20=1.28×2) (23→4=0.73×1) (-11→25=0.73×1) |
| 276960 | 50 | 0.62 | 1 | 0.71~1.28 | (12→28=0.71×1) (-5→10=0.71×1) (4→-20=1.28×2) (23→4=0.73×1) (-11→25=0.73×1) |
| 276970 | 52 | 0.58 | 1 | 0.71~1.28 | (12→28=0.71×1) (-5→10=0.71×1) (4→-20=1.28×2) (-7→-21=1.28×1) (23→4=0.73×1) |
| 276981 | 52 | 0.56 | 1 | 0.71~1.28 | (12→28=0.71×1) (4→-20=1.28×2) (-7→-21=1.28×1) (23→4=0.73×1) (-11→25=0.73×1) |
| 276991 | 50 | 0.58 | 1 | 0.71~1.28 | (12→28=0.71×1) (4→-20=1.28×2) (-9→-26=0.73×1) (23→4=0.73×1) (-11→25=0.73×1) |
| 277001 | 51 | 0.61 | 1 | 0.71~1.28 | (12→28=0.71×1) (4→-20=1.28×2) (-9→-26=0.73×1) (23→4=0.73×1) (-11→25=0.73×1) |
| 277012 | 54 | 0.78 | 1 | 0.71~1.28 | (12→28=0.71×1) (4→-20=1.28×2) (-11→-6=0.73×1) (23→4=0.73×1) (-11→25=0.73×1) |
| 277022 | 53 | 0.64 | 1 | 0.71~1.30 | (3→-17=1.30×1) (12→28=0.71×1) (4→-20=1.28×2) (-11→-6=0.73×1) (23→4=0.73×1) |
| 277032 | 54 | 0.63 | 1 | 0.71~1.30 | (3→-17=1.30×1) (12→28=0.71×1) (4→-20=1.28×2) (4→-30=1.27×1) (23→4=0.73×1) |
| 277043 | 52 | 0.62 | 1 | 0.71~1.30 | (3→-17=1.30×1) (12→28=0.71×1) (4→-20=1.28×2) (4→-30=1.27×1) (23→4=0.73×1) |
| 277053 | 52 | 0.62 | 1 | 0.73~1.30 | (3→-17=1.30×1) (-9→-3=1.29×1) (4→-20=1.28×2) (23→4=0.73×1) (4→-30=1.27×2) |
| 277063 | 52 | 0.52 | 1 | 0.73~1.29 | (10→-4=1.29×1) (-9→-3=1.29×1) (4→-20=1.28×1) (23→4=0.73×1) (4→-30=1.27×2) |
| 277074 | 54 | 0.67 | 1 | 0.73~1.29 | (10→-4=1.29×1) (-9→-3=1.29×1) (4→-20=1.28×1) (23→4=0.73×1) (4→-30=1.27×2) |
| 277084 | 55 | 0.71 | 1 | 0.73~1.29 | (10→-4=1.29×1) (-9→-3=1.29×1) (4→-20=1.28×1) (23→4=0.73×1) (4→-30=1.27×2) |
| 277094 | 57 | 0.82 | 1 | 0.72~1.29 | (10→-4=1.29×1) (-9→-3=1.29×1) (4→-20=1.28×1) (-23→30=0.72×1) (23→4=0.73×1) |
| 277105 | 58 | 0.88 | 1 | 0.72~1.29 | (10→-4=1.29×1) (-9→-3=1.29×1) (4→-20=1.28×1) (-23→30=0.72×1) (23→4=0.73×1) |
| 277115 | 59 | 0.85 | 1 | 0.72~1.29 | (10→-4=1.29×1) (-9→-3=1.29×1) (4→-20=1.28×1) (-23→30=0.72×1) (23→4=0.73×1) |
| 277125 | 56 | 0.71 | 1 | 0.72~1.29 | (10→-4=1.29×1) (-9→-3=1.29×1) (4→-20=1.28×1) (-23→30=0.72×1) (23→4=0.73×1) |
| 277136 | 52 | 0.67 | 1 | 0.72~1.29 | (10→-4=1.29×1) (-9→-3=1.29×1) (4→-20=1.28×1) (-23→30=0.72×1) (23→4=0.73×1) |
| 277146 | 53 | 0.74 | 1 | 0.72~1.29 | (10→-4=1.29×1) (-9→-3=1.29×1) (4→-20=1.28×1) (-23→30=0.72×1) (23→4=0.73×1) |
| 277156 | 50 | 0.92 | 2 | 0.72~1.29 | (10→-4=1.29×1) (-9→-3=1.29×1) (4→-20=1.28×1) (-23→30=0.72×1) (23→4=0.73×1) |
| 277167 | 53 | 0.89 | 2 | 0.72~1.29 | (10→-4=1.29×1) (-9→-3=1.29×1) (4→-20=1.28×1) (-23→30=0.72×1) (23→4=0.73×1) |
| 277177 | 54 | 0.96 | 2 | 0.72~1.29 | (10→-4=1.29×1) (-9→-3=1.29×1) (4→-20=1.28×1) (-23→30=0.72×1) (11→5=0.72×2) |
| 277187 | 50 | 0.88 | 1 | 0.72~1.29 | (10→-4=1.29×1) (-9→-3=1.29×1) (-23→30=0.72×1) (11→5=0.72×2) (4→-30=1.27×2) |
| 277198 | 52 | 0.87 | 2 | 0.72~1.29 | (10→-4=1.29×1) (-9→-3=1.29×1) (-23→30=0.72×1) (11→-14=1.28×1) (4→-30=1.27×2) |
| 277208 | 52 | 0.87 | 2 | 0.72~1.29 | (-9→-3=1.29×1) (22→8=0.72×1) (11→-14=1.28×1) (4→-30=1.27×2) (11→5=0.74×2) |
| 277218 | 51 | 1.12 | 2 | 0.72~1.29 | (-9→-3=1.29×1) (22→8=0.72×1) (11→-14=1.28×1) (4→-30=1.27×2) (11→5=0.74×2) |
| 277229 | 52 | 1.04 | 2 | 0.72~1.29 | (-9→-3=1.29×1) (22→8=0.72×1) (11→5=0.72×1) (4→-30=1.27×2) (18→-3=0.76×1) |
| 277239 | 55 | 1.13 | 2 | 0.72~1.29 | (-9→-3=1.29×1) (8→-27=1.28×1) (22→8=0.72×1) (11→5=0.72×1) (23→7=0.73×1) |
| 277249 | 53 | 1.09 | 2 | 0.71~1.28 | (-21→-8=0.71×1) (8→-27=1.28×1) (22→8=0.72×1) (11→5=0.72×1) (23→7=0.73×1) |
| 277260 | 50 | 0.82 | 1 | 0.71~1.30 | (-21→31=1.30×1) (-21→-8=0.71×1) (8→-27=1.28×1) (23→7=0.73×1) (16→20=1.27×1) |
| 277270 | 49 | 0.71 | 1 | 0.71~1.30 | (-21→31=1.30×1) (-21→-8=0.71×1) (8→-27=1.28×1) (13→15=0.73×1) (23→7=0.73×1) |
| 277280 | 54 | 0.78 | 1 | 0.71~1.30 | (-21→31=1.30×1) (-21→-8=0.71×1) (8→-27=1.28×1) (13→15=0.73×1) (23→7=0.73×1) |
| 277291 | 56 | 0.79 | 1 | 0.71~1.30 | (-21→31=1.30×1) (-21→-8=0.71×1) (8→-27=1.28×1) (13→15=0.73×1) (23→7=0.73×1) |
| 277301 | 57 | 0.84 | 1 | 0.71~1.30 | (-21→31=1.30×1) (-21→-8=0.71×1) (8→-27=1.28×1) (13→15=0.73×1) (23→7=0.73×1) |
| 277311 | 55 | 0.93 | 1 | 0.71~1.30 | (-21→31=1.30×1) (-21→-8=0.71×1) (8→-27=1.28×1) (14→16=1.28×1) (13→15=0.73×1) |
| 277322 | 54 | 1.06 | 1 | 0.71~1.30 | (-21→31=1.30×1) (-21→-8=0.71×1) (8→-27=1.28×1) (14→16=1.28×1) (13→15=0.73×1) |
| 277332 | 52 | 1.06 | 1 | 0.71~1.30 | (-21→31=1.30×1) (-21→-8=0.71×1) (8→-27=1.28×1) (14→16=1.28×1) (13→15=0.73×1) |
| 277342 | 51 | 1.08 | 1 | 0.71~1.30 | (-21→31=1.30×1) (8→-27=1.28×1) (14→16=1.28×1) (13→15=0.73×1) (23→7=0.73×1) |
| 277353 | 51 | 1.02 | 1 | 0.71~1.30 | (-21→31=1.30×1) (-1→22=0.71×1) (8→-27=1.28×1) (14→16=1.28×1) (23→7=0.73×1) |
| 277363 | 50 | 0.72 | 1 | 0.71~1.30 | (-21→31=1.30×1) (8→-27=1.28×1) (23→7=0.73×1) (21→31=1.26×1) (-7→5=0.75×1) |
| 277373 | 56 | 0.82 | 1 | 0.71~1.30 | (-21→31=1.30×1) (8→-27=1.28×1) (23→7=0.73×1) (4→-24=1.27×1) (21→31=1.26×1) |
| 277384 | 55 | 0.73 | 1 | 0.71~1.30 | (-21→31=1.30×1) (8→-27=1.28×1) (23→7=0.73×1) (4→-24=1.27×1) (21→31=1.26×1) |
| 277394 | 56 | 0.84 | 2 | 0.71~1.30 | (-21→31=1.30×1) (8→-27=1.28×1) (23→7=0.73×1) (4→-24=1.26×2) (-7→5=0.75×1) |
| 277404 | 53 | 0.83 | 2 | 0.71~1.28 | (8→-27=1.28×1) (23→7=0.73×1) (7→11=0.74×1) (4→-24=1.26×1) (-7→5=0.75×1) |
| 277415 | 53 | 0.57 | 1 | 0.71~1.23 | (-13→-16=0.71×1) (7→11=0.74×1) (-21→-8=0.75×3) (-13→3=1.23×1) (3→-3=0.77×1) |
| 277425 | 52 | 0.69 | 1 | 0.71~1.29 | (-13→-16=0.71×1) (4→24=1.29×1) (7→11=0.74×1) (-21→-8=0.75×3) (-13→3=1.23×1) |
| 277435 | 52 | 0.81 | 1 | 0.71~1.29 | (-13→-16=0.71×1) (4→24=1.29×1) (7→11=0.74×1) (-1→-15=0.75×1) (-13→3=1.23×1) |
| 277446 | 53 | 1.02 | 2 | 0.63~1.31 | (-13→-16=0.71×1) (4→24=1.29×1) (7→11=0.74×1) (-21→-8=0.74×5) (-1→-15=0.75×1) |
| 277456 | 52 | 1.04 | 2 | 0.63~1.31 | (-13→-16=0.71×1) (-21→-8=0.74×5) (-1→-15=0.75×1) (-13→3=1.23×1) (-17→-3=1.22×1) |
| 277466 | 54 | 1.02 | 2 | 0.63~1.23 | (-13→-16=0.71×1) (-21→-8=0.74×5) (-10→7=0.74×1) (-1→-15=0.75×1) (11→12=0.76×1) |
| 277477 | 54 | 1.07 | 2 | 0.63~1.23 | (-13→-16=0.71×1) (-21→-8=0.74×5) (-10→7=0.74×1) (-1→-15=0.75×1) (11→12=0.76×1) |
| 277487 | 53 | 1.06 | 2 | 0.63~1.23 | (-13→-16=0.71×1) (-21→-8=0.74×5) (-10→7=0.74×1) (-1→-15=0.75×1) (11→12=0.76×1) |
| 277497 | 53 | 1.21 | 2 | 0.63~1.27 | (-13→-16=0.71×1) (-18→-28=0.72×1) (2→20=1.27×1) (-7→-11=0.73×1) (-21→-8=0.74×5) |
| 277508 | 51 | 1.18 | 1 | 0.63~1.27 | (-13→-16=0.71×1) (-18→-28=0.72×1) (2→20=1.27×1) (-7→-11=0.73×1) (-21→-8=0.74×5) |
| 277518 | 53 | 1.40 | 1 | 0.63~1.27 | (-13→-16=0.71×1) (-18→-28=0.72×1) (2→20=1.27×1) (-7→-11=0.73×1) (-21→-8=0.74×5) |
| 277528 | 52 | 1.60 | 1 | 0.63~1.28 | (-13→-16=0.71×1) (-15→4=1.28×1) (-9→9=1.28×1) (-18→-28=0.72×1) (2→20=1.27×1) |
| 277539 | 57 | 1.65 | 2 | 0.63~1.28 | (-13→-16=0.71×1) (-15→4=1.28×1) (20→-25=1.28×1) (-23→22=0.72×1) (-9→9=1.28×1) |
| 277549 | 56 | 1.64 | 2 | 0.63~1.28 | (-13→-16=0.71×1) (-21→-8=0.72×4) (-15→4=1.28×1) (20→-25=1.28×1) (-23→22=0.72×1) |
| 277559 | 56 | 1.61 | 2 | 0.63~1.29 | (-13→-16=0.71×1) (17→9=1.29×1) (-21→-8=0.72×4) (-15→4=1.28×1) (20→-25=1.28×1) |
| 277570 | 59 | 1.66 | 2 | 0.63~1.29 | (-13→-16=0.71×1) (17→9=1.29×1) (-21→-8=0.72×4) (-15→4=1.28×1) (20→-25=1.28×1) |
| 277580 | 57 | 1.63 | 2 | 0.63~1.29 | (-21→-8=0.68×3) (-13→-16=0.71×1) (17→9=1.29×1) (-15→4=1.28×1) (20→-25=1.28×1) |
| 277590 | 57 | 1.65 | 2 | 0.63~1.29 | (-21→-8=0.68×3) (-13→-16=0.71×1) (17→9=1.29×1) (-15→4=1.28×1) (20→-25=1.28×1) |
| 277601 | 56 | 1.84 | 2 | 0.63~1.29 | (-21→-8=0.68×3) (-13→-16=0.71×1) (17→9=1.29×1) (-15→4=1.28×1) (20→-25=1.28×1) |
| 277611 | 56 | 1.79 | 2 | 0.63~1.29 | (-21→-8=0.68×3) (-13→-16=0.71×1) (17→9=1.29×1) (-15→4=1.28×1) (20→-25=1.28×1) |
| 277621 | 56 | 1.82 | 1 | 0.63~1.29 | (-21→-8=0.68×3) (-13→-16=0.71×1) (17→9=1.29×1) (-15→4=1.28×1) (-9→9=1.28×1) |
| 277632 | 58 | 1.91 | 1 | 0.63~1.29 | (-21→-8=0.67×2) (-13→-16=0.71×1) (17→9=1.29×1) (-15→4=1.28×1) (-9→9=1.28×1) |
| 277642 | 57 | 1.70 | 1 | 0.63~1.29 | (-21→-8=0.67×2) (-13→-16=0.71×1) (-20→-5=0.71×1) (17→9=1.29×1) (-9→9=1.28×1) |
| 277652 | 58 | 1.55 | 1 | 0.63~1.29 | (-21→-8=0.67×2) (-13→-16=0.71×1) (-20→-5=0.71×1) (17→9=1.29×1) (8→-24=0.72×1) |
| 277663 | 62 | 1.87 | 2 | 0.63~1.29 | (-21→-8=0.67×2) (-13→-16=0.71×1) (-20→-5=0.71×1) (17→9=1.29×1) (8→-24=0.72×1) |
| 277673 | 60 | 1.75 | 2 | 0.63~1.29 | (-21→-8=0.67×2) (-13→-16=0.71×1) (-20→-5=0.71×1) (17→9=1.29×1) (8→-24=0.72×1) |
| 277683 | 59 | 1.80 | 2 | 0.63~1.29 | (-21→-8=0.67×2) (-13→-16=0.71×1) (17→9=1.29×1) (8→-24=0.72×1) (-7→-11=0.73×1) |
| 277694 | 59 | 1.73 | 2 | 0.63~1.25 | (-21→-8=0.67×2) (-13→-16=0.71×1) (8→-24=0.72×1) (-7→-11=0.73×1) (13→9=0.74×1) |
| 277704 | 58 | 1.79 | 2 | 0.63~1.29 | (-21→-8=0.67×2) (12→29=1.29×1) (-13→-16=0.71×1) (8→-24=0.72×1) (13→9=0.74×1) |
| 277714 | 61 | 2.07 | 2 | 0.63~1.29 | (-21→-8=0.67×2) (12→29=1.29×1) (-13→-16=0.71×1) (8→-24=0.72×1) (-4→-2=0.74×2) |
| 277725 | 59 | 2.03 | 2 | 0.63~1.29 | (-21→-8=0.67×2) (12→29=1.29×1) (-13→-16=0.71×1) (8→-24=0.72×1) (-4→-2=0.74×2) |
| 277735 | 59 | 2.10 | 2 | 0.63~1.29 | (-21→-8=0.67×2) (12→29=1.29×1) (-13→-16=0.71×1) (8→-24=0.72×1) (-4→-2=0.73×1) |
| 277745 | 52 | 2.15 | 2 | 0.63~1.29 | (-21→-8=0.67×2) (12→29=1.29×1) (-13→-16=0.71×1) (8→-24=0.72×1) (-4→-2=0.73×1) |
| 277756 | 53 | 2.19 | 2 | 0.63~1.29 | (-21→-8=0.67×2) (12→29=1.29×1) (-13→-16=0.71×1) (8→-24=0.72×1) (-4→-2=0.73×1) |
| 277766 | 52 | 2.00 | 2 | 0.67~1.25 | (-13→-16=0.71×1) (8→-24=0.72×1) (-21→-8=0.72×1) (-4→-2=0.73×1) (13→9=0.74×1) |
| 277776 | 54 | 1.98 | 2 | 0.67~1.30 | (-22→19=1.30×1) (-13→-16=0.71×1) (8→-24=0.72×1) (-21→-8=0.72×1) (-4→-2=0.73×1) |
| 277787 | 53 | 2.04 | 2 | 0.67~1.30 | (-22→19=1.30×1) (-13→-16=0.71×1) (8→-24=0.72×1) (-21→-8=0.72×1) (-8→27=1.27×1) |
| 277797 | 51 | 1.98 | 2 | 0.67~1.30 | (-22→19=1.30×1) (8→-24=0.72×1) (-8→27=1.27×1) (13→9=0.74×1) (-1→13=1.25×1) |
| 277807 | 51 | 2.10 | 2 | 0.67~1.30 | (-22→19=1.30×1) (8→-24=0.72×1) (-8→27=1.27×1) (13→9=0.74×1) (24→-21=1.26×1) |
| 277818 | 52 | 1.96 | 2 | 0.67~1.30 | (-22→19=1.30×1) (-8→27=1.27×1) (13→9=0.74×1) (24→-21=1.26×1) (-1→13=1.25×1) |
| 277828 | 50 | 2.24 | 2 | 0.67~1.30 | (-22→19=1.30×1) (-8→27=1.27×1) (13→9=0.74×1) (24→-21=1.26×1) (-1→13=1.25×1) |
| 277838 | 50 | 2.14 | 2 | 0.67~1.27 | (-8→27=1.27×1) (13→9=0.74×1) (24→-21=1.26×1) (5→-21=1.25×1) (16→29=0.76×2) |
| 277849 | 50 | 2.10 | 2 | 0.75~1.28 | (-6→17=1.27×2) (-8→27=1.27×1) (24→-21=1.26×1) (5→-21=1.25×1) (-14→26=1.25×1) |
| 277859 | 57 | 2.33 | 2 | 0.70~1.29 | (21→27=0.70×1) (-8→23=1.29×1) (2→27=0.72×1) (-6→17=1.27×2) (-9→14=0.73×1) |
| 277869 | 59 | 2.54 | 2 | 0.70~1.29 | (21→27=0.70×1) (-8→23=1.29×1) (2→27=0.72×1) (-6→17=1.27×2) (-9→14=0.73×1) |
| 277880 | 64 | 2.89 | 2 | 0.70~1.30 | (4→-13=1.30×1) (21→27=0.70×1) (-8→23=1.29×1) (2→27=0.72×1) (-9→14=0.73×1) |
| 277890 | 61 | 2.87 | 2 | 0.70~1.30 | (4→-13=1.30×1) (2→27=0.72×1) (-6→17=1.27×2) (-12→-13=0.74×1) (5→-21=1.25×1) |
| 277900 | 60 | 2.97 | 2 | 0.72~1.43 | (4→-13=1.30×1) (2→27=0.72×1) (-6→17=1.27×2) (-7→-20=1.27×4) (17→17=0.74×1) |
| 277911 | 59 | 3.02 | 2 | 0.72~1.43 | (4→-13=1.30×1) (2→27=0.72×1) (-6→17=1.28×1) (-7→-20=1.27×4) (17→17=0.74×1) |
| 277921 | 55 | 3.11 | 2 | 0.72~1.43 | (4→-13=1.30×1) (2→27=0.72×1) (-6→17=1.28×1) (-7→-20=1.27×4) (17→17=0.74×1) |
| 277931 | 57 | 3.28 | 2 | 0.72~1.43 | (4→-13=1.30×1) (2→27=0.72×1) (17→17=0.74×1) (2→-2=0.74×1) (-12→-13=0.74×1) |
| 277942 | 62 | 3.31 | 2 | 0.65~1.43 | (2→-2=0.68×3) (4→-13=1.30×1) (-11→22=1.29×1) (23→-11=1.28×2) (2→27=0.72×1) |
| 277952 | 65 | 3.62 | 2 | 0.65~1.43 | (2→-2=0.68×3) (4→-13=1.30×1) (-11→22=1.29×1) (23→-11=1.28×2) (2→27=0.72×1) |
| 277962 | 66 | 3.80 | 2 | 0.65~1.43 | (2→-2=0.69×2) (4→-13=1.30×1) (-11→22=1.29×1) (23→-11=1.29×1) (2→27=0.72×1) |
| 277973 | 67 | 4.07 | 2 | 0.65~1.43 | (2→-2=0.69×2) (4→-13=1.30×1) (-11→22=1.29×1) (23→-11=1.29×1) (2→27=0.72×1) |
| 277983 | 67 | 4.07 | 2 | 0.65~1.43 | (2→-2=0.69×2) (4→-13=1.30×1) (-11→22=1.29×1) (23→-11=1.29×1) (2→27=0.72×1) |
| 277993 | 69 | 3.96 | 2 | 0.65~1.43 | (2→-2=0.69×2) (4→-13=1.30×1) (-11→22=1.29×1) (23→-11=1.29×1) (16→-22=1.28×1) |
| 278004 | 67 | 4.04 | 2 | 0.65~1.43 | (2→-2=0.69×2) (4→-13=1.30×1) (-11→22=1.29×1) (23→-11=1.29×1) (16→-22=1.28×1) |
| 278014 | 68 | 4.22 | 2 | 0.65~1.43 | (2→-2=0.69×2) (-11→22=1.29×1) (23→-11=1.29×1) (16→-22=1.28×1) (18→19=0.72×1) |
| 278024 | 67 | 4.12 | 2 | 0.65~1.43 | (2→-2=0.69×2) (23→-11=1.29×1) (16→-22=1.28×1) (18→19=0.72×1) (17→17=0.74×1) |
| 278035 | 67 | 4.00 | 2 | 0.72~1.43 | (18→19=0.72×1) (17→17=0.74×1) (11→13=1.26×1) (2→-2=0.74×1) (-6→17=0.74×1) |
| 278045 | 67 | 3.85 | 2 | 0.71~1.43 | (3→1=0.71×1) (18→19=0.72×1) (17→17=0.74×1) (2→-2=0.74×1) (-6→17=0.74×1) |
| 278055 | 65 | 3.97 | 2 | 0.71~1.37 | (3→1=0.71×1) (18→19=0.72×1) (2→-2=0.74×1) (-6→17=0.74×1) (-5→18=1.26×1) |
| 278066 | 60 | 3.30 | 2 | 0.71~1.37 | (3→1=0.71×1) (18→19=0.72×1) (-5→18=1.26×1) (-12→-13=0.75×2) (11→13=1.25×1) |
| 278076 | 56 | 3.09 | 2 | 0.71~1.37 | (2→13=1.29×1) (3→1=0.71×1) (-13→-5=1.28×1) (11→-3=1.27×2) (-5→18=1.26×1) |
| 278086 | 53 | 2.64 | 2 | 0.71~1.37 | (2→13=1.29×1) (3→1=0.71×1) (-13→-5=1.28×1) (11→-3=1.27×2) (-5→18=1.26×1) |
| 278097 | 51 | 2.84 | 2 | 0.71~1.37 | (2→13=1.29×1) (3→1=0.71×1) (-13→-5=1.28×1) (11→-3=1.27×2) (-5→18=1.26×1) |
| 278107 | 50 | 2.78 | 2 | 0.71~1.37 | (2→13=1.29×1) (3→1=0.71×1) (-13→-5=1.28×1) (11→-3=1.27×2) (-16→23=0.73×1) |
| 278117 | 52 | 2.50 | 2 | 0.71~1.37 | (2→13=1.29×1) (3→1=0.71×1) (-13→-5=1.28×1) (11→-3=1.27×2) (-16→23=0.73×1) |
| 278128 | 50 | 2.40 | 2 | 0.71~1.29 | (2→13=1.29×1) (3→1=0.71×1) (8→9=1.29×1) (-13→-5=1.28×1) (-16→23=0.73×1) |
| 278138 | 54 | 2.31 | 2 | 0.71~1.29 | (2→13=1.29×1) (3→1=0.71×1) (8→9=1.29×1) (10→23=1.28×1) (-13→-5=1.28×1) |
| 278148 | 52 | 2.27 | 2 | 0.73~1.29 | (2→13=1.29×1) (8→9=1.29×1) (10→23=1.28×1) (-13→-5=1.28×1) (-16→23=0.73×1) |
| 278159 | 57 | 2.30 | 2 | 0.72~1.29 | (2→13=1.29×1) (8→9=1.29×1) (-16→-7=0.72×1) (10→23=1.28×1) (-13→-5=1.28×1) |
| 278169 | 51 | 1.63 | 2 | 0.72~1.28 | (10→23=1.28×1) (-16→-7=0.72×2) (-16→23=0.73×1) (4→26=1.26×1) (-20→17=1.26×1) |
| 278179 | 52 | 1.73 | 2 | 0.72~1.28 | (-16→-7=0.72×3) (3→8=0.72×1) (10→23=1.27×2) (8→-11=0.73×1) (-16→23=0.73×1) |
| 278190 | 53 | 1.34 | 2 | 0.72~1.28 | (-16→-7=0.72×2) (3→8=0.72×1) (10→23=1.27×2) (8→-11=0.73×1) (-20→17=1.26×1) |
| 278200 | 52 | 1.38 | 2 | 0.72~1.51 | (10→23=1.35×3) (-16→-7=0.72×1) (3→8=0.72×1) (8→-11=0.73×1) (-6→-4=1.26×1) |
| 278210 | 50 | 1.60 | 2 | 0.72~1.51 | (10→23=1.39×4) (-16→-7=0.72×1) (19→15=0.72×1) (3→8=0.72×1) (-23→19=0.73×1) |
| 278221 | 51 | 1.61 | 2 | 0.72~1.51 | (10→23=1.39×4) (-16→-7=0.72×1) (19→15=0.72×1) (3→8=0.72×1) (-23→19=0.73×1) |
| 278231 | 51 | 1.47 | 2 | 0.62~1.51 | (10→23=1.33×4) (-23→19=0.68×2) (-16→-7=0.72×1) (8→-11=0.73×1) (-6→-4=1.26×1) |
| 278241 | 51 | 1.33 | 2 | 0.62~1.51 | (10→23=1.33×4) (-23→19=0.68×2) (8→-11=0.73×1) (-18→20=1.27×1) (-6→-4=1.26×1) |
| 278252 | 54 | 1.31 | 2 | 0.62~1.51 | (-23→19=0.68×2) (10→23=1.31×5) (-18→20=1.27×1) (-6→-4=1.26×1) (-8→-17=0.74×1) |
| 278262 | 53 | 1.26 | 2 | 0.74~1.51 | (10→23=1.32×4) (-18→20=1.27×1) (-6→-4=1.26×1) (-8→-17=0.74×1) (24→31=0.75×1) |
| 278272 | 53 | 1.13 | 2 | 0.71~1.51 | (10→23=1.35×3) (-12→-22=0.71×1) (-18→20=1.27×1) (-6→-4=1.26×1) (-8→-17=0.74×1) |
| 278283 | 52 | 1.13 | 2 | 0.71~1.51 | (10→23=1.35×3) (-12→-22=0.71×1) (-18→20=1.27×1) (-6→-4=1.26×1) (-8→-17=0.74×1) |
| 278293 | 50 | 1.18 | 2 | 0.71~1.51 | (10→23=1.35×3) (-12→-22=0.71×1) (-18→20=1.27×1) (20→27=1.26×1) (-6→-4=1.26×1) |
| 278303 | 51 | 0.94 | 2 | 0.71~1.51 | (10→23=1.35×3) (-12→-22=0.71×1) (-18→20=1.27×1) (20→27=1.26×1) (-6→-4=1.26×1) |
| 278314 | 52 | 0.83 | 2 | 0.71~1.51 | (10→23=1.39×2) (-12→-22=0.71×1) (-18→20=1.27×1) (20→27=1.26×1) (-6→-4=1.26×1) |
| 278324 | 51 | 0.86 | 2 | 0.71~1.51 | (10→23=1.39×2) (-12→-22=0.71×1) (-7→-16=1.27×1) (-18→20=1.27×1) (20→27=1.26×1) |
| 278334 | 51 | 0.84 | 2 | 0.71~1.51 | (10→23=1.39×2) (-12→-22=0.71×1) (-7→-16=1.27×1) (20→27=1.26×1) (-6→-4=1.26×1) |
| 278345 | 54 | 0.91 | 2 | 0.71~1.51 | (10→23=1.39×2) (-12→-22=0.71×1) (-7→-16=1.27×1) (20→27=1.26×1) (-6→-4=1.26×1) |
| 278355 | 55 | 1.07 | 2 | 0.71~1.51 | (10→23=1.35×3) (-12→-22=0.71×1) (3→-26=0.71×1) (-7→-16=1.27×1) (20→27=1.26×1) |
| 278365 | 56 | 1.07 | 2 | 0.71~1.51 | (10→23=1.35×3) (-12→-22=0.71×1) (3→-26=0.71×1) (-7→-16=1.27×1) (20→27=1.26×1) |
| 278376 | 57 | 1.07 | 2 | 0.71~1.51 | (10→23=1.32×4) (-12→-22=0.71×1) (-4→-30=0.71×1) (3→-26=0.71×1) (-7→-16=1.27×1) |
| 278386 | 54 | 1.00 | 2 | 0.71~1.27 | (-12→-22=0.71×1) (-4→-30=0.71×1) (3→-26=0.71×1) (-7→-16=1.27×1) (20→27=1.26×1) |
| 278396 | 52 | 0.87 | 2 | 0.71~1.27 | (-12→-22=0.71×1) (-4→-30=0.71×1) (3→-26=0.71×1) (-7→-16=1.27×1) (20→27=1.26×1) |
| 278407 | 52 | 0.77 | 2 | 0.71~1.27 | (-12→-22=0.71×1) (-4→-30=0.71×1) (3→-26=0.71×1) (-7→-16=1.27×1) (20→27=1.26×1) |
| 278417 | 54 | 0.85 | 2 | 0.71~1.27 | (-12→-22=0.71×1) (-4→-30=0.71×1) (3→-26=0.71×1) (22→4=0.72×1) (-7→-16=1.27×1) |
| 278427 | 51 | 0.69 | 2 | 0.71~1.27 | (-12→-22=0.71×1) (-4→-30=0.71×1) (22→4=0.72×1) (-7→-16=1.27×1) (10→23=1.27×1) |
| 278438 | 51 | 0.53 | 1 | 0.71~1.27 | (-12→-22=0.71×1) (-4→-30=0.71×1) (22→4=0.72×1) (-7→-16=1.27×1) (10→23=1.27×1) |
| 278448 | 50 | 0.70 | 2 | 0.70~1.27 | (-4→-30=0.71×1) (22→4=0.72×1) (-7→-16=1.27×1) (10→23=1.27×1) (-13→3=0.74×1) |
| 278458 | 52 | 0.69 | 2 | 0.70~1.27 | (16→31=0.70×1) (-4→-30=0.71×1) (22→4=0.72×1) (-7→-16=1.27×1) (10→23=1.27×1) |
| 278469 | 57 | 1.07 | 2 | 0.70~1.27 | (16→31=0.70×1) (-4→-30=0.71×1) (22→4=0.72×1) (-7→-16=1.27×1) (10→23=1.27×1) |
| 278479 | 57 | 1.19 | 2 | 0.70~1.27 | (16→31=0.70×1) (-4→-30=0.71×1) (22→4=0.72×1) (10→23=1.27×1) (-14→21=1.26×1) |
| 278489 | 61 | 1.26 | 2 | 0.69~1.31 | (16→31=0.70×1) (-4→-30=0.71×1) (22→4=0.72×1) (10→23=1.27×1) (-13→3=0.74×1) |
| 278500 | 59 | 1.36 | 2 | 0.69~1.31 | (16→31=0.70×1) (-4→-30=0.71×1) (22→4=0.72×1) (10→23=1.27×1) (-13→3=0.74×1) |
| 278510 | 59 | 1.24 | 2 | 0.69~1.31 | (16→31=0.70×1) (-4→-30=0.71×1) (22→4=0.72×1) (10→23=1.27×1) (-13→3=0.74×1) |
| 278520 | 58 | 1.26 | 2 | 0.69~1.31 | (16→31=0.70×1) (-4→-30=0.71×1) (22→4=0.72×1) (10→23=1.27×1) (-13→3=0.74×1) |
| 278531 | 55 | 1.13 | 1 | 0.69~1.31 | (22→4=0.72×1) (-13→3=0.74×1) (-17→-20=1.25×1) (1→1=0.75×2) (-11→14=0.75×1) |
| 278541 | 54 | 1.11 | 1 | 0.69~1.31 | (22→4=0.72×1) (-13→3=0.74×1) (-17→-20=1.25×1) (1→1=0.75×2) (-11→14=0.75×1) |
| 278551 | 53 | 1.13 | 1 | 0.69~1.31 | (-13→3=0.74×1) (1→1=0.75×2) (-11→14=0.75×1) (-7→19=1.25×1) (2→-25=0.75×1) |
| 278562 | 50 | 0.82 | 1 | 0.69~1.31 | (-24→6=1.26×2) (-13→3=0.74×1) (11→-26=0.75×2) (1→1=0.75×1) (-11→14=0.75×1) |
| 278572 | 51 | 0.86 | 1 | 0.69~1.31 | (-24→6=1.26×2) (-13→3=0.74×1) (11→-26=0.75×2) (1→1=0.75×1) (-11→14=0.75×1) |
| 278582 | 53 | 1.06 | 1 | 0.69~1.31 | (4→27=1.29×1) (18→30=0.72×1) (-24→6=1.26×2) (-13→3=0.74×1) (11→-26=0.75×2) |
| 278593 | 51 | 1.02 | 1 | 0.69~1.31 | (4→27=1.29×1) (18→30=0.72×1) (-11→-2=0.73×1) (-24→6=1.26×2) (-13→3=0.74×1) |
| 278603 | 50 | 0.98 | 1 | 0.69~1.31 | (4→27=1.29×1) (18→30=0.72×1) (-11→-2=0.73×1) (-24→6=1.26×2) (-13→3=0.74×1) |
| 278613 | 51 | 0.76 | 1 | 0.69~1.31 | (4→27=1.29×1) (18→30=0.72×1) (-11→-2=0.73×1) (-24→6=1.26×2) (-13→3=0.74×1) |
| 278624 | 53 | 0.66 | 1 | 0.69~1.31 | (-24→6=1.31×1) (11→-26=0.69×1) (4→27=1.29×1) (18→30=0.72×1) (-21→4=1.28×1) |
| 278634 | 51 | 0.61 | 1 | 0.69~1.31 | (-24→6=1.31×1) (11→-26=0.69×1) (4→27=1.29×1) (18→30=0.72×1) (-21→4=1.28×1) |
| 278644 | 53 | 0.66 | 1 | 0.69~1.31 | (-24→6=1.31×1) (11→-26=0.69×1) (4→27=1.29×1) (18→30=0.72×1) (-21→4=1.28×1) |
| 278655 | 52 | 0.63 | 1 | 0.69~1.31 | (-24→6=1.31×1) (11→-26=0.69×1) (4→27=1.29×1) (9→-9=1.29×1) (18→30=0.72×1) |
| 278665 | 52 | 0.69 | 1 | 0.69~1.31 | (-24→6=1.31×1) (11→-26=0.69×1) (4→27=1.29×1) (9→-9=1.29×1) (18→30=0.72×1) |
| 278675 | 52 | 0.69 | 1 | 0.69~1.31 | (-24→6=1.31×1) (11→-26=0.69×1) (4→27=1.29×1) (18→30=0.72×1) (-21→4=1.28×1) |
| 278686 | 50 | 0.62 | 1 | 0.72~1.29 | (4→27=1.29×1) (18→30=0.72×1) (-21→4=1.28×1) (-11→4=0.74×1) (-6→28=0.75×1) |
| 278696 | 54 | 0.87 | 2 | 0.72~1.29 | (4→27=1.29×1) (21→-6=1.28×2) (18→30=0.72×1) (13→13=1.28×1) (-21→4=1.28×1) |
| 278706 | 57 | 0.98 | 2 | 0.72~1.29 | (4→27=1.29×1) (21→-6=1.28×2) (18→30=0.72×1) (13→13=1.28×1) (-21→4=1.28×1) |
| 278717 | 58 | 0.98 | 2 | 0.72~1.29 | (4→27=1.29×1) (21→-6=1.28×2) (18→30=0.72×1) (13→13=1.28×1) (-4→24=0.72×1) |
| 278727 | 59 | 1.00 | 1 | 0.72~1.29 | (4→27=1.29×1) (-15→-3=1.29×1) (21→-6=1.29×1) (13→13=1.28×1) (-4→24=0.72×1) |
| 278737 | 62 | 1.08 | 1 | 0.72~1.29 | (4→27=1.29×1) (-15→-3=1.29×1) (21→-6=1.29×1) (13→13=1.28×1) (-4→24=0.72×1) |
| 278748 | 59 | 0.95 | 1 | 0.71~1.29 | (4→27=1.29×1) (-15→-3=1.29×1) (21→-6=1.29×1) (-16→23=0.71×1) (-4→24=0.72×1) |
| 278758 | 57 | 1.00 | 1 | 0.71~1.29 | (4→27=1.29×1) (-15→-3=1.29×1) (21→-6=1.29×1) (-16→23=0.71×1) (-11→4=0.74×1) |
| 278768 | 50 | 0.98 | 1 | 0.74~1.29 | (4→27=1.29×1) (-15→-3=1.29×1) (-11→4=0.74×1) (-6→28=0.75×1) (9→23=1.23×1) |
| 278779 | 50 | 0.92 | 1 | 0.74~1.29 | (4→27=1.29×1) (-15→-3=1.29×1) (-11→4=0.74×1) (-6→28=0.75×1) (9→23=1.23×1) |
| 278789 | 51 | 0.98 | 1 | 0.74~1.29 | (4→27=1.29×1) (-15→-3=1.29×1) (-11→4=0.74×1) (-6→28=0.75×1) (-17→-26=1.23×1) |
| 278799 | 50 | 0.88 | 1 | 0.74~1.29 | (-15→-3=1.29×1) (-11→4=0.74×1) (-6→28=0.75×1) (24→-27=1.24×1) (-17→-26=1.23×1) |
| 278810 | 50 | 0.58 | 1 | 0.74~1.29 | (-15→-3=1.29×1) (-11→4=0.74×1) (-6→28=0.75×1) (24→-27=1.24×1) (-17→-26=1.23×1) |
| 278820 | 51 | 0.49 | 1 | 0.74~1.28 | (21→-24=1.28×1) (-11→4=0.74×1) (24→-27=1.24×1) (-17→-26=1.23×1) (7→13=1.22×1) |
| 278830 | 52 | 0.56 | 1 | 0.74~1.29 | (-10→14=1.29×1) (21→-24=1.28×1) (-11→4=0.74×1) (24→-27=1.24×1) (-17→-26=1.23×1) |
| 278841 | 52 | 0.56 | 1 | 0.74~1.29 | (-10→14=1.29×1) (21→-24=1.28×1) (-11→4=0.74×1) (24→-27=1.24×1) (-17→-26=1.23×1) |
| 278851 | 50 | 0.56 | 2 | 0.79~1.29 | (-10→14=1.29×1) (21→-24=1.28×1) (-20→-23=1.28×1) (24→-27=1.24×1) (-17→-26=1.23×1) |
| 278861 | 54 | 0.72 | 2 | 0.71~1.29 | (-10→14=1.29×1) (23→17=0.71×1) (21→-24=1.28×1) (-20→-23=1.28×1) (24→-27=1.24×1) |
| 278872 | 52 | 0.63 | 1 | 0.71~1.29 | (-10→14=1.29×1) (23→17=0.71×1) (21→-24=1.28×1) (24→-27=1.24×1) (-17→-26=1.23×1) |
| 278882 | 55 | 1.00 | 1 | 0.71~1.29 | (-10→14=1.29×1) (23→17=0.71×1) (21→-24=1.28×1) (24→-27=1.24×1) (-17→-26=1.23×1) |
| 278892 | 54 | 0.96 | 1 | 0.71~1.29 | (-10→14=1.29×1) (23→17=0.71×1) (21→-24=1.28×1) (24→-27=1.24×1) (-17→-26=1.23×1) |
| 278903 | 52 | 0.96 | 1 | 0.71~1.29 | (-10→14=1.29×1) (23→17=0.71×1) (21→-24=1.28×1) (24→-27=1.24×1) (-8→-16=0.77×3) |
| 278913 | 50 | 0.96 | 1 | 0.71~1.29 | (-10→14=1.29×1) (23→17=0.71×1) (21→-24=1.28×1) (4→-3=0.74×2) (24→-27=1.24×1) |
| 278923 | 52 | 0.87 | 1 | 0.71~1.29 | (-10→14=1.29×1) (23→17=0.71×1) (21→-24=1.28×1) (-13→-10=0.73×1) (4→-3=0.74×2) |
| 278934 | 52 | 0.79 | 1 | 0.71~1.29 | (-10→14=1.29×1) (23→17=0.71×1) (21→-24=1.28×1) (-13→-10=0.73×1) (-19→5=1.27×1) |
| 278944 | 55 | 1.09 | 1 | 0.71~1.29 | (-10→14=1.29×1) (23→17=0.71×1) (-13→-10=0.73×1) (-19→5=1.27×1) (4→-3=0.74×1) |
| 278954 | 57 | 1.09 | 1 | 0.71~1.27 | (23→17=0.71×1) (-13→-10=0.73×1) (-19→5=1.27×1) (4→-3=0.74×1) (-22→29=1.26×1) |
| 278965 | 54 | 0.96 | 1 | 0.71~1.27 | (23→17=0.71×1) (-8→-14=0.72×1) (-19→5=1.27×1) (-22→29=1.26×1) (-16→28=1.25×1) |
| 278975 | 51 | 1.00 | 1 | 0.71~1.27 | (23→17=0.71×1) (-8→-14=0.72×1) (-19→5=1.27×1) (-22→29=1.26×1) (-16→28=1.25×1) |
| 278985 | 51 | 0.94 | 1 | 0.72~1.27 | (-8→-14=0.72×1) (-19→5=1.27×1) (16→-28=0.74×1) (-22→29=1.26×1) (-16→28=1.25×1) |
| 278996 | 54 | 0.83 | 1 | 0.72~1.28 | (11→-21=1.28×1) (-8→-14=0.72×1) (-19→5=1.27×1) (-12→-18=1.26×1) (16→-28=0.74×1) |
| 279006 | 55 | 0.82 | 1 | 0.72~1.28 | (11→-21=1.28×1) (-8→-14=0.72×1) (-19→5=1.27×1) (-12→-18=1.26×1) (16→-28=0.74×1) |
| 279016 | 59 | 1.08 | 2 | 0.71~1.28 | (-6→8=0.71×1) (24→27=1.28×1) (-8→-14=0.72×1) (-19→5=1.27×1) (-12→-18=1.26×1) |
| 279027 | 53 | 0.96 | 2 | 0.71~1.28 | (-6→8=0.71×1) (24→27=1.28×1) (-8→-14=0.72×1) (-19→5=1.27×1) (16→-28=0.74×1) |
| 279037 | 54 | 1.02 | 2 | 0.71~1.28 | (-6→8=0.71×1) (24→27=1.28×1) (-8→-14=0.72×1) (-19→5=1.27×1) (16→-28=0.74×1) |
| 279047 | 57 | 1.14 | 2 | 0.71~1.28 | (-6→8=0.71×1) (3→-29=1.28×1) (-8→-14=0.72×1) (-19→5=1.27×1) (16→-28=0.74×1) |
| 279058 | 59 | 1.02 | 2 | 0.71~1.28 | (-6→8=0.71×1) (3→-29=1.28×1) (-10→-11=1.28×1) (-8→-14=0.72×1) (6→7=0.73×1) |
| 279068 | 60 | 1.07 | 2 | 0.71~1.32 | (-10→-11=1.30×2) (-2→-15=1.30×1) (-6→8=0.71×1) (3→-29=1.28×1) (6→7=0.73×1) |
| 279078 | 63 | 1.10 | 2 | 0.71~1.32 | (-10→-11=1.30×2) (-2→-15=1.30×1) (-6→8=0.71×1) (3→-29=1.28×1) (6→7=0.73×1) |
| 279089 | 66 | 1.12 | 2 | 0.71~1.30 | (-2→-15=1.29×2) (-22→-23=1.29×1) (-6→8=0.71×1) (21→-3=0.72×1) (3→-29=1.28×1) |
| 279099 | 63 | 0.90 | 2 | 0.71~1.30 | (-2→-15=1.29×2) (-22→-23=1.29×1) (-6→8=0.71×1) (21→-3=0.72×1) (-10→-11=1.28×1) |
| 279109 | 63 | 0.90 | 2 | 0.71~1.30 | (-2→-15=1.29×2) (-22→-23=1.29×1) (-6→8=0.71×1) (21→-3=0.72×1) (-10→-11=1.28×1) |
| 279120 | 60 | 1.00 | 2 | 0.71~1.30 | (-2→-15=1.29×2) (-22→-23=1.29×1) (-6→8=0.71×1) (-9→-5=1.29×1) (21→-3=0.72×1) |
| 279130 | 60 | 0.97 | 2 | 0.72~1.30 | (-2→-15=1.29×2) (-22→-23=1.29×1) (-9→-5=1.29×1) (21→-3=0.72×1) (-10→-11=1.28×1) |
| 279140 | 58 | 1.00 | 2 | 0.70~1.30 | (-21→25=0.70×1) (-2→-15=1.29×2) (-22→-23=1.29×1) (21→-3=0.72×1) (-10→-11=1.28×1) |
| 279151 | 53 | 0.96 | 2 | 0.70~1.30 | (-21→25=0.70×1) (-2→-15=1.30×1) (-22→-23=1.29×1) (-10→-11=1.28×1) (12→-7=0.73×1) |
| 279161 | 50 | 0.72 | 1 | 0.70~1.29 | (-21→25=0.70×1) (-13→14=1.29×1) (12→-7=0.73×1) (20→6=1.24×1) (17→19=0.78×1) |
| 279171 | 50 | 0.62 | 1 | 0.73~1.29 | (-13→14=1.29×1) (12→-7=0.73×1) (20→6=1.24×1) (17→19=0.78×1) (13→19=0.80×1) |
| 279182 | 50 | 0.58 | 1 | 0.73~1.29 | (-13→14=1.29×1) (12→-7=0.73×1) (20→6=1.24×1) (17→19=0.78×1) (13→19=0.80×1) |
| 279192 | 50 | 0.46 | 1 | 0.73~1.29 | (-13→14=1.29×1) (12→-7=0.73×1) (20→6=1.24×1) (17→19=0.78×1) (-24→-20=0.80×1) |
| 279202 | 51 | 0.55 | 1 | 0.70~1.29 | (3→10=0.70×1) (-13→14=1.29×1) (4→-5=1.28×1) (12→-7=0.73×1) (17→19=0.78×1) |
| 279213 | 52 | 0.67 | 1 | 0.70~1.29 | (3→10=0.70×1) (-13→14=1.29×1) (-21→-31=0.71×1) (4→-5=1.28×2) (15→13=0.73×1) |
| 279223 | 52 | 0.81 | 1 | 0.70~1.28 | (3→10=0.70×1) (-21→-31=0.71×1) (10→13=0.72×1) (4→-5=1.28×3) (15→13=0.73×1) |
| 279233 | 51 | 0.86 | 1 | 0.70~1.30 | (-22→6=1.30×1) (3→10=0.70×1) (-21→-31=0.71×1) (10→13=0.72×1) (4→-5=1.28×3) |
| 279244 | 51 | 0.92 | 1 | 0.70~1.30 | (-22→6=1.30×1) (3→10=0.70×1) (-21→-31=0.71×1) (10→13=0.72×1) (-11→-31=0.72×1) |
| 279254 | 51 | 1.02 | 1 | 0.70~1.30 | (-22→6=1.30×1) (3→10=0.70×1) (-21→-31=0.71×1) (10→13=0.72×1) (-11→-31=0.72×1) |
| 279264 | 50 | 0.78 | 1 | 0.70~1.30 | (-22→6=1.30×1) (3→10=0.70×1) (10→13=0.72×1) (-11→-31=0.72×1) (20→28=1.27×1) |
| 279275 | 51 | 1.02 | 1 | 0.70~1.30 | (-22→6=1.30×1) (3→10=0.70×1) (-11→-31=0.72×1) (20→28=1.27×1) (12→-7=0.73×1) |
| 279285 | 51 | 0.82 | 1 | 0.70~1.30 | (-22→6=1.30×1) (3→10=0.70×1) (-11→-31=0.72×1) (20→28=1.27×1) (20→-10=1.26×1) |
| 279295 | 53 | 1.00 | 1 | 0.70~1.30 | (-22→6=1.30×1) (3→10=0.70×1) (24→7=0.72×1) (-11→-31=0.72×1) (20→28=1.27×1) |
| 279306 | 53 | 0.79 | 1 | 0.70~1.30 | (-22→6=1.30×1) (3→10=0.70×1) (24→7=0.72×1) (-11→-31=0.72×1) (20→28=1.27×1) |
| 279316 | 55 | 0.89 | 1 | 0.70~1.30 | (-22→6=1.30×1) (3→10=0.70×1) (-17→-24=0.71×1) (24→7=0.72×1) (-11→-31=0.72×1) |
| 279326 | 52 | 0.85 | 1 | 0.70~1.30 | (-22→6=1.30×1) (3→10=0.70×1) (-17→-24=0.71×1) (24→7=0.72×1) (-11→-31=0.72×1) |
| 279337 | 52 | 0.69 | 1 | 0.70~1.30 | (-22→6=1.30×1) (3→10=0.70×1) (-17→-24=0.71×1) (24→7=0.72×1) (-11→-31=0.72×1) |
| 279347 | 50 | 0.62 | 1 | 0.70~1.30 | (-22→6=1.30×1) (3→10=0.70×1) (-17→-24=0.71×1) (24→7=0.72×1) (-11→-31=0.72×1) |
| 279357 | 54 | 0.80 | 1 | 0.71~1.28 | (-17→-24=0.71×1) (24→7=0.72×1) (5→8=1.28×1) (-11→-31=0.72×1) (20→28=1.27×1) |
| 279368 | 54 | 0.80 | 1 | 0.71~1.28 | (-17→-24=0.71×1) (24→7=0.72×1) (5→8=1.28×1) (-6→-17=1.27×1) (2→2=0.74×1) |
| 279378 | 54 | 0.78 | 1 | 0.71~1.28 | (-17→-24=0.71×1) (5→8=1.28×1) (-6→-17=1.27×1) (17→-9=1.26×1) (2→2=0.74×1) |
| 279388 | 51 | 0.76 | 1 | 0.71~1.28 | (-17→-24=0.71×1) (5→8=1.28×1) (-6→-17=1.27×1) (17→-9=1.26×1) (2→2=0.74×1) |
| 279399 | 50 | 0.62 | 1 | 0.71~1.28 | (-17→-24=0.71×1) (5→8=1.28×1) (-6→-17=1.27×1) (17→-9=1.26×1) (2→2=0.74×1) |
| 279409 | 51 | 0.61 | 1 | 0.71~1.27 | (-17→-24=0.71×1) (-6→-17=1.27×1) (-7→16=0.73×1) (17→-9=1.26×1) (9→-14=1.26×1) |
| 279419 | 51 | 0.55 | 1 | 0.71~1.27 | (-17→-24=0.71×1) (-6→-17=1.27×1) (-7→16=0.73×1) (17→-9=1.26×1) (9→-14=1.26×1) |
| 279430 | 51 | 0.63 | 2 | 0.71~1.27 | (-17→-24=0.71×1) (-6→-17=1.27×1) (-7→16=0.73×1) (17→-9=1.26×1) (9→-14=1.26×1) |
| 279440 | 51 | 0.63 | 2 | 0.71~1.27 | (-17→-24=0.71×1) (-6→-17=1.27×1) (-7→16=0.73×1) (17→-9=1.26×1) (9→-14=1.26×1) |
| 279450 | 53 | 0.62 | 2 | 0.71~1.27 | (-17→-24=0.71×1) (-6→-17=1.27×1) (-7→16=0.73×1) (17→-9=1.26×1) (9→-14=1.26×1) |
| 279461 | 53 | 0.72 | 2 | 0.73~1.27 | (-6→-17=1.27×1) (-7→16=0.73×1) (17→-9=1.26×1) (-7→-2=0.74×1) (18→18=0.74×1) |
| 279471 | 51 | 0.86 | 2 | 0.71~1.26 | (-22→-31=0.71×1) (-7→16=0.73×1) (16→9=1.26×1) (17→-26=0.74×1) (-7→-2=0.74×1) |
| 279481 | 53 | 0.75 | 2 | 0.71~1.26 | (-22→-31=0.71×1) (-7→16=0.73×1) (16→9=1.26×1) (-7→-2=0.74×1) (18→18=0.74×1) |
| 279492 | 53 | 0.62 | 1 | 0.71~1.27 | (-22→-31=0.71×1) (7→19=1.27×1) (-7→16=0.73×1) (16→9=1.26×1) (22→-27=1.26×1) |
| 279502 | 51 | 0.59 | 1 | 0.71~1.27 | (-22→-31=0.71×1) (7→19=1.27×1) (16→9=1.26×1) (-7→-2=0.74×1) (13→25=1.26×1) |
| 279512 | 54 | 0.63 | 1 | 0.71~1.27 | (-22→-31=0.71×1) (17→-7=0.72×1) (7→19=1.27×1) (16→9=1.26×1) (-7→-2=0.74×1) |
| 279523 | 56 | 0.68 | 1 | 0.71~1.27 | (-22→-31=0.71×1) (17→-7=0.72×1) (7→19=1.27×1) (16→9=1.26×1) (-7→-2=0.74×1) |
| 279533 | 56 | 0.61 | 1 | 0.71~1.27 | (-22→-31=0.71×1) (17→-7=0.72×1) (7→19=1.27×1) (16→9=1.26×1) (-7→-2=0.74×1) |
| 279543 | 60 | 0.85 | 2 | 0.71~1.28 | (-22→-31=0.71×1) (20→30=1.28×1) (11→-31=1.28×1) (17→-7=0.72×1) (7→19=1.27×1) |
| 279554 | 57 | 0.88 | 2 | 0.71~1.28 | (-22→-31=0.71×1) (20→30=1.28×1) (11→-31=1.28×1) (17→-7=0.72×1) (7→19=1.27×1) |
| 279564 | 60 | 0.95 | 2 | 0.71~1.28 | (-22→-31=0.71×1) (20→30=1.28×1) (11→-31=1.28×1) (17→-7=0.72×1) (7→19=1.27×1) |
| 279574 | 64 | 1.11 | 2 | 0.71~1.28 | (-22→-31=0.71×1) (20→30=1.28×1) (11→-31=1.28×1) (17→-7=0.72×1) (7→19=1.27×1) |
| 279585 | 63 | 1.17 | 2 | 0.65~1.28 | (-22→-31=0.71×1) (20→30=1.28×1) (11→-31=1.28×1) (17→-7=0.72×1) (7→19=1.27×1) |
| 279595 | 62 | 1.21 | 2 | 0.65~1.29 | (11→10=1.29×1) (20→30=1.28×1) (11→-31=1.28×1) (22→-1=0.72×5) (17→-7=0.72×1) |
| 279605 | 66 | 1.26 | 2 | 0.65~1.29 | (6→15=0.70×1) (11→10=1.29×1) (20→30=1.28×1) (11→-31=1.28×1) (17→-7=0.72×1) |
| 279616 | 60 | 1.22 | 2 | 0.65~1.29 | (6→15=0.70×1) (11→10=1.29×1) (20→30=1.28×1) (11→-31=1.28×1) (17→-7=0.72×1) |
| 279626 | 60 | 1.20 | 2 | 0.65~1.30 | (14→28=1.30×1) (-24→25=1.29×1) (11→10=1.29×1) (20→30=1.28×1) (11→-31=1.28×1) |
| 279636 | 59 | 1.31 | 2 | 0.65~1.30 | (14→28=1.30×1) (-24→25=1.29×1) (11→10=1.29×1) (-11→-9=0.71×1) (20→30=1.28×1) |
| 279647 | 55 | 1.15 | 2 | 0.65~1.30 | (14→28=1.30×1) (-24→25=1.29×1) (11→10=1.29×1) (-11→-9=0.71×1) (22→-1=0.72×6) |
| 279657 | 52 | 1.12 | 2 | 0.65~1.29 | (11→10=1.29×1) (-11→-9=0.71×1) (22→-1=0.72×6) (20→30=1.28×1) (-10→-22=0.73×1) |
| 279667 | 50 | 1.00 | 1 | 0.65~1.29 | (22→-1=0.70×5) (11→10=1.29×1) (-11→-9=0.71×1) (20→30=1.28×1) (-17→16=1.28×1) |
| 279678 | 51 | 0.94 | 1 | 0.65~1.29 | (22→-1=0.70×5) (11→10=1.29×1) (-11→-9=0.71×1) (-17→16=1.28×1) (-21→13=1.26×2) |
| 279688 | 51 | 1.02 | 1 | 0.65~1.29 | (22→-1=0.70×5) (-14→-20=1.29×1) (11→10=1.29×1) (-11→-9=0.71×1) (-17→16=1.28×1) |
| 279698 | 52 | 1.00 | 1 | 0.65~1.29 | (22→-1=0.70×5) (-14→-20=1.29×1) (11→10=1.29×1) (-11→-9=0.71×1) (-17→16=1.28×1) |
| 279709 | 51 | 0.94 | 1 | 0.65~1.29 | (22→-1=0.69×4) (-14→-20=1.29×1) (11→10=1.29×1) (-11→-9=0.71×1) (-17→16=1.28×1) |
| 279719 | 51 | 0.88 | 1 | 0.65~1.29 | (22→-1=0.69×3) (-14→-20=1.29×1) (11→10=1.29×1) (-11→-9=0.71×1) (-17→16=1.28×1) |
| 279729 | 52 | 0.77 | 1 | 0.65~1.29 | (22→-1=0.65×2) (-14→-20=1.29×1) (-11→-9=0.71×1) (-17→16=1.28×1) (-21→13=1.26×2) |
| 279740 | 52 | 0.83 | 1 | 0.65~1.29 | (22→-1=0.65×2) (-14→-20=1.29×1) (-11→-9=0.71×1) (-17→16=1.28×1) (-7→4=0.73×1) |
| 279750 | 51 | 0.78 | 1 | 0.65~1.29 | (22→-1=0.65×2) (-14→-20=1.29×1) (-11→-9=0.71×1) (-7→4=0.73×1) (6→5=1.27×1) |
| 279760 | 53 | 0.68 | 1 | 0.65~1.29 | (22→-1=0.65×1) (-14→-20=1.29×1) (-11→-9=0.71×1) (-7→4=0.73×1) (6→5=1.27×1) |
| 279771 | 50 | 0.80 | 1 | 0.65~1.29 | (22→-1=0.65×1) (-14→-20=1.29×1) (-11→-9=0.71×1) (-7→4=0.73×1) (6→5=1.27×1) |
| 279781 | 53 | 0.94 | 1 | 0.65~1.29 | (22→-1=0.65×1) (-14→-20=1.29×1) (-11→-9=0.71×1) (-7→4=0.73×1) (6→5=1.27×1) |
| 279791 | 50 | 1.06 | 1 | 0.65~1.29 | (22→-1=0.65×1) (-14→-20=1.29×1) (-11→-9=0.71×1) (-7→4=0.73×1) (6→5=1.27×1) |
| 279802 | 53 | 1.09 | 1 | 0.65~1.35 | (22→-1=0.65×1) (4→-23=1.31×2) (-10→17=0.70×1) (-14→-20=1.29×1) (-11→-9=0.71×1) |
| 279812 | 52 | 1.10 | 1 | 0.70~1.35 | (4→-23=1.31×2) (-10→17=0.70×1) (-14→-20=1.29×1) (-11→-9=0.71×1) (-12→7=0.73×1) |
| 279822 | 51 | 0.94 | 1 | 0.70~1.35 | (4→-23=1.31×2) (-10→17=0.70×1) (-14→-20=1.29×1) (-12→7=0.73×1) (23→-5=1.24×1) |
| 279833 | 55 | 1.13 | 1 | 0.70~1.35 | (4→-23=1.31×2) (-10→17=0.70×1) (-14→-20=1.29×1) (23→-18=0.73×1) (-12→7=0.73×1) |
| 279843 | 55 | 1.02 | 1 | 0.70~1.35 | (4→-23=1.35×1) (-10→17=0.70×1) (-14→-20=1.29×1) (23→-18=0.73×1) (-12→7=0.73×1) |
| 279853 | 54 | 1.07 | 2 | 0.70~1.29 | (-10→17=0.70×1) (-14→-20=1.29×1) (23→-18=0.73×1) (-12→7=0.73×1) (-1→-24=1.26×1) |
| 279864 | 52 | 1.12 | 2 | 0.70~1.29 | (-10→17=0.70×1) (-14→-20=1.29×1) (23→-18=0.73×1) (-12→7=0.73×1) (-1→-24=1.26×1) |
| 279874 | 53 | 1.30 | 2 | 0.70~1.29 | (-10→17=0.70×1) (-14→-20=1.29×1) (-3→-3=1.28×2) (23→-18=0.73×1) (-14→24=0.73×2) |
| 279884 | 51 | 1.22 | 2 | 0.70~1.29 | (-10→17=0.70×1) (-14→-20=1.29×1) (-3→-3=1.28×2) (23→-18=0.73×1) (-14→24=0.73×2) |
| 279895 | 52 | 1.06 | 1 | 0.70~1.28 | (-10→17=0.70×1) (1→-16=0.70×1) (15→30=0.72×1) (-3→-3=1.28×2) (23→-18=0.73×1) |
| 279905 | 50 | 0.92 | 1 | 0.70~1.28 | (-10→17=0.70×1) (1→-16=0.70×1) (-3→-3=1.28×1) (15→30=0.72×1) (-14→24=0.72×1) |
| 279915 | 51 | 0.82 | 1 | 0.70~1.28 | (-10→17=0.70×1) (1→-16=0.70×1) (-3→-3=1.28×1) (15→30=0.72×1) (-14→24=0.72×1) |
| 279926 | 52 | 0.94 | 1 | 0.70~1.29 | (-10→17=0.70×1) (1→-16=0.70×1) (7→-19=1.29×1) (-3→-3=1.28×1) (15→30=0.72×1) |
| 279936 | 50 | 0.88 | 1 | 0.70~1.29 | (-10→17=0.70×1) (1→-16=0.70×1) (7→-19=1.29×1) (15→30=0.72×1) (22→-12=1.28×1) |
| 279946 | 58 | 1.17 | 1 | 0.63~1.29 | (-9→26=0.67×3) (-10→17=0.70×1) (1→-16=0.70×1) (1→2=1.29×1) (-22→-26=0.71×1) |
| 279957 | 59 | 1.12 | 1 | 0.63~1.30 | (-9→26=0.67×3) (-10→17=0.70×1) (1→-16=0.70×1) (-13→-5=1.30×1) (1→2=1.29×1) |
| 279967 | 62 | 1.32 | 1 | 0.63~1.30 | (-9→26=0.67×3) (-10→17=0.70×1) (1→-16=0.70×1) (-13→-5=1.30×1) (1→2=1.29×1) |
| 279977 | 55 | 1.04 | 1 | 0.63~1.30 | (-9→26=0.67×3) (1→-16=0.70×1) (-13→-5=1.30×1) (1→2=1.29×1) (7→-19=1.29×1) |
| 279988 | 56 | 1.02 | 1 | 0.70~1.30 | (1→-16=0.70×1) (-13→-5=1.30×1) (1→2=1.29×1) (-9→28=0.71×1) (-16→-1=0.71×1) |
| 279998 | 53 | 0.89 | 1 | 0.70~1.30 | (1→-16=0.70×1) (-13→-5=1.30×1) (1→2=1.29×1) (-9→28=0.71×1) (-16→-1=0.71×1) |
| 280008 | 50 | 0.86 | 1 | 0.70~1.30 | (1→-16=0.70×1) (-13→-5=1.30×1) (-9→28=0.71×1) (-16→-1=0.71×1) (15→30=0.72×1) |
| 280019 | 50 | 0.96 | 2 | 0.70~1.30 | (8→29=0.70×1) (1→-16=0.70×1) (-13→-5=1.30×1) (-9→28=0.71×1) (-16→-1=0.71×1) |
| 280029 | 51 | 1.08 | 2 | 0.70~1.30 | (8→29=0.70×1) (2→19=0.70×1) (1→-16=0.70×1) (-13→-5=1.30×1) (-9→28=0.71×1) |
| 280039 | 50 | 1.02 | 1 | 0.70~1.30 | (2→19=0.70×1) (1→-16=0.70×1) (-13→-5=1.30×1) (-16→-1=0.71×1) (15→30=0.72×1) |
| 280050 | 54 | 1.28 | 2 | 0.70~1.30 | (2→19=0.70×1) (-13→-5=1.30×1) (-16→-1=0.71×1) (-6→26=1.28×1) (11→-10=0.73×1) |
| 280060 | 56 | 1.36 | 2 | 0.70~1.30 | (2→19=0.70×1) (-13→-5=1.30×1) (-16→-1=0.71×1) (-6→26=1.28×1) (11→-10=0.73×1) |
| 280070 | 58 | 1.41 | 2 | 0.70~1.30 | (2→19=0.70×1) (-13→-5=1.30×1) (-10→10=1.29×1) (-12→22=1.28×2) (11→-10=0.73×1) |
| 280081 | 49 | 1.33 | 1 | 0.70~1.30 | (2→19=0.70×1) (-13→-5=1.30×1) (21→8=1.29×1) (-10→10=1.29×1) (-12→22=1.28×2) |
| 280091 | 54 | 1.57 | 1 | 0.70~1.30 | (2→19=0.70×1) (4→23=1.30×1) (-13→-5=1.30×1) (-22→-22=0.71×1) (21→8=1.29×1) |
| 280101 | 50 | 1.58 | 2 | 0.70~1.30 | (2→19=0.70×1) (4→23=1.30×1) (-13→-5=1.30×1) (-22→-22=0.71×1) (21→8=1.28×2) |
| 280112 | 50 | 1.20 | 2 | 0.70~1.30 | (2→19=0.70×1) (4→23=1.30×1) (7→11=1.29×1) (-22→-22=0.71×1) (21→8=1.28×2) |
| 280122 | 52 | 1.10 | 2 | 0.70~1.30 | (2→19=0.70×1) (4→23=1.30×1) (7→11=1.29×1) (-22→-22=0.71×1) (21→8=1.28×2) |
| 280132 | 49 | 1.00 | 1 | 0.71~1.30 | (4→23=1.30×1) (7→11=1.29×1) (-22→-22=0.71×1) (21→8=1.28×2) (22→-5=0.73×1) |
| 280143 | 54 | 0.98 | 1 | 0.71~1.30 | (4→23=1.30×1) (7→11=1.29×1) (-22→-22=0.71×1) (21→8=1.28×2) (22→-5=0.73×1) |
| 280153 | 56 | 1.14 | 1 | 0.71~1.30 | (4→23=1.30×1) (7→11=1.29×1) (-22→-22=0.71×1) (21→8=1.28×2) (10→3=0.72×1) |
| 280163 | 56 | 0.93 | 1 | 0.71~1.30 | (4→23=1.30×1) (7→11=1.29×1) (-22→-22=0.71×1) (21→8=1.29×1) (10→3=0.72×1) |
| 280174 | 53 | 0.96 | 1 | 0.71~1.30 | (4→23=1.30×1) (7→11=1.29×1) (-22→-22=0.71×1) (10→3=0.72×1) (22→-5=0.73×1) |
| 280184 | 52 | 0.98 | 1 | 0.71~1.30 | (4→23=1.30×1) (7→11=1.29×1) (-22→-22=0.71×1) (10→3=0.72×1) (22→-5=0.73×1) |
| 280194 | 52 | 0.87 | 1 | 0.71~1.30 | (4→23=1.30×1) (7→11=1.29×1) (-22→-22=0.71×1) (10→3=0.72×1) (22→-5=0.73×1) |
| 280205 | 54 | 0.85 | 1 | 0.72~1.29 | (7→11=1.29×1) (10→3=0.72×1) (22→-5=0.73×1) (5→-3=1.26×1) (-11→20=0.74×1) |
| 280215 | 53 | 0.70 | 1 | 0.72~1.29 | (7→11=1.29×1) (10→3=0.72×1) (22→-5=0.73×1) (-11→20=0.74×1) (-17→2=1.25×1) |
| 280225 | 52 | 0.65 | 1 | 0.71~1.29 | (-10→-15=0.71×1) (2→-7=1.29×1) (10→3=0.72×1) (19→-4=1.27×1) (-11→20=0.74×1) |
| 280236 | 54 | 0.80 | 1 | 0.71~1.29 | (-10→-15=0.72×2) (10→3=0.72×1) (19→-4=1.27×2) (-11→20=0.74×1) (-1→21=0.75×1) |
| 280246 | 53 | 0.81 | 1 | 0.71~1.29 | (-10→-15=0.72×2) (10→3=0.72×1) (19→-4=1.27×2) (-11→20=0.74×1) (-1→21=0.75×1) |
| 280256 | 51 | 0.88 | 1 | 0.71~1.29 | (-10→-15=0.72×3) (19→-4=1.27×3) (-11→20=0.74×1) (-1→21=0.75×1) (2→-7=1.24×3) |
| 280267 | 56 | 1.02 | 1 | 0.71~1.29 | (-10→-15=0.72×3) (19→-4=1.27×3) (-11→20=0.74×1) (-1→21=0.75×1) (2→-7=1.24×3) |
| 280277 | 57 | 1.28 | 2 | 0.71~1.37 | (-10→-15=0.72×4) (12→-1=0.73×1) (21→-30=1.27×1) (19→-4=1.27×4) (22→-8=1.26×3) |
| 280287 | 54 | 1.15 | 2 | 0.71~1.37 | (22→-8=1.37×1) (-7→-22=1.29×1) (-10→-15=0.72×4) (2→21=0.73×1) (12→-1=0.73×1) |
| 280298 | 54 | 1.26 | 2 | 0.71~1.37 | (22→-8=1.37×1) (-7→-22=1.29×1) (-10→-15=0.72×5) (2→21=0.73×1) (12→-1=0.73×1) |
| 280308 | 52 | 1.19 | 2 | 0.71~1.29 | (-7→-22=1.29×1) (-10→-15=0.72×5) (2→21=0.73×1) (12→-1=0.73×1) (21→-30=1.27×1) |
| 280318 | 53 | 1.34 | 2 | 0.71~1.29 | (-7→-22=1.29×1) (-10→-15=0.72×7) (2→21=0.73×1) (12→-1=0.73×1) (21→-30=1.27×1) |
| 280329 | 49 | 1.33 | 2 | 0.71~1.29 | (-7→-22=1.29×1) (-10→-15=0.72×5) (2→21=0.73×1) (12→-1=0.73×1) (21→-30=1.27×1) |
| 280339 | 53 | 0.96 | 2 | 0.71~1.29 | (-7→-22=1.29×1) (-10→-15=0.72×4) (2→21=0.73×1) (19→-4=1.26×4) (-16→-9=0.74×1) |
| 280349 | 55 | 1.00 | 2 | 0.71~1.29 | (-7→-22=1.29×1) (-10→-15=0.72×4) (8→1=1.28×1) (2→21=0.73×1) (19→-4=1.26×4) |
| 280360 | 55 | 0.85 | 2 | 0.71~1.29 | (-7→-22=1.29×1) (-10→-15=0.72×3) (8→1=1.28×1) (2→21=0.73×1) (19→-4=1.27×3) |
| 280370 | 58 | 0.93 | 2 | 0.71~1.29 | (-21→-1=0.71×1) (-7→-22=1.29×1) (-10→-15=0.72×4) (8→1=1.28×1) (2→21=0.73×1) |
| 280380 | 58 | 1.09 | 2 | 0.71~1.29 | (-21→-1=0.71×1) (-7→-22=1.29×1) (-10→-15=0.72×5) (-23→24=1.28×1) (8→1=1.28×1) |
| 280391 | 56 | 1.12 | 2 | 0.66~1.29 | (19→24=1.29×1) (-10→-15=0.71×6) (14→7=0.72×1) (-23→24=1.28×1) (8→1=1.28×1) |
| 280401 | 53 | 1.25 | 2 | 0.66~1.29 | (-10→-15=0.70×6) (19→24=1.29×2) (-23→24=1.28×1) (14→7=0.72×2) (8→1=1.28×1) |
| 280411 | 50 | 0.90 | 2 | 0.66~1.29 | (-10→-15=0.69×4) (19→24=1.29×2) (-23→24=1.28×1) (14→7=0.72×2) (19→-4=1.26×4) |
| 280422 | 50 | 0.86 | 2 | 0.66~1.29 | (-10→-15=0.69×3) (19→24=1.29×1) (14→7=0.72×1) (-23→24=1.28×1) (2→-7=1.28×3) |
| 280432 | 50 | 0.82 | 2 | 0.66~1.29 | (-10→-15=0.69×3) (19→24=1.29×1) (14→7=0.72×1) (-23→24=1.28×1) (2→-7=1.28×3) |
| 280442 | 53 | 0.98 | 2 | 0.66~1.29 | (-10→-15=0.69×3) (19→24=1.29×1) (14→7=0.72×1) (2→-7=1.28×3) (20→-8=0.73×1) |
| 280453 | 48 | 1.06 | 2 | 0.66~1.29 | (-10→-15=0.69×3) (19→24=1.29×1) (14→7=0.72×1) (2→-7=1.28×3) (20→-8=0.73×1) |
| 280463 | 54 | 1.28 | 2 | 0.66~1.29 | (-10→-15=0.69×3) (19→24=1.29×1) (14→7=0.72×1) (15→-24=0.72×1) (2→-7=1.28×3) |
| 280473 | 56 | 1.23 | 2 | 0.66~1.29 | (-10→-15=0.69×3) (19→24=1.29×1) (14→7=0.72×1) (15→-24=0.72×1) (2→-7=1.28×3) |
| 280484 | 60 | 1.20 | 2 | 0.66~1.29 | (-10→-15=0.69×3) (19→24=1.29×1) (14→7=0.72×1) (15→-24=0.72×1) (2→-7=1.28×3) |
| 280494 | 56 | 0.84 | 1 | 0.71~1.29 | (-10→-15=0.71×1) (2→-7=1.29×1) (15→-24=0.72×1) (22→-19=1.28×1) (15→14=0.72×1) |
| 280504 | 56 | 0.93 | 1 | 0.71~1.29 | (-10→-15=0.71×1) (2→-7=1.29×1) (15→-24=0.72×1) (22→-19=1.28×1) (15→14=0.72×1) |
| 280515 | 54 | 0.74 | 1 | 0.71~1.29 | (-10→-15=0.71×1) (2→-7=1.29×1) (15→-24=0.72×1) (22→-19=1.28×1) (15→14=0.72×1) |
| 280525 | 54 | 0.72 | 1 | 0.71~1.29 | (-10→-15=0.71×1) (2→-7=1.29×1) (15→-24=0.72×1) (19→-4=1.27×1) (17→16=0.75×1) |
| 280535 | 55 | 0.76 | 1 | 0.71~1.29 | (-10→-15=0.71×1) (2→-7=1.29×1) (3→15=0.71×1) (15→-24=0.72×1) (19→-4=1.27×1) |
| 280546 | 54 | 0.87 | 1 | 0.71~1.29 | (-10→-15=0.71×1) (2→-7=1.29×1) (15→-24=0.72×1) (3→15=0.72×2) (12→-12=0.72×1) |
| 280556 | 54 | 0.98 | 1 | 0.71~1.39 | (-3→-4=1.35×3) (-1→-2=1.29×2) (-10→-15=0.71×1) (2→-7=1.29×1) (3→-7=1.29×1) |
| 280566 | 54 | 1.13 | 1 | 0.71~1.39 | (-3→-4=1.35×3) (3→-7=1.30×2) (-1→-2=1.29×2) (-10→-15=0.71×1) (2→-7=1.29×1) |
| 280577 | 57 | 1.19 | 1 | 0.71~1.39 | (-3→-4=1.32×3) (-1→-2=1.30×1) (3→-7=1.29×3) (-10→-15=0.71×1) (-13→-28=1.29×1) |
| 280587 | 59 | 1.29 | 1 | 0.71~1.39 | (-3→-4=1.32×3) (-1→-2=1.30×1) (-10→-15=0.71×1) (-13→-28=1.29×1) (2→-7=1.29×1) |
| 280597 | 54 | 1.20 | 1 | 0.71~1.31 | (-10→-15=0.71×1) (-13→-28=1.29×1) (2→-7=1.29×1) (3→-7=1.29×3) (-3→-4=1.28×2) |
| 280608 | 50 | 1.22 | 1 | 0.71~1.31 | (3→-7=1.29×2) (-10→-15=0.71×1) (-13→-28=1.29×1) (2→-7=1.29×1) (-3→-4=1.28×2) |
| 280618 | 56 | 1.09 | 1 | 0.71~1.29 | (-10→-15=0.71×1) (-3→-4=1.29×1) (-13→-28=1.29×1) (2→-7=1.29×1) (3→15=0.72×2) |
| 280628 | 50 | 0.76 | 1 | 0.71~1.28 | (3→15=0.71×1) (-23→-15=1.28×1) (-15→-22=0.73×1) (-19→-24=1.26×1) (-17→29=0.75×1) |
| 280639 | 52 | 0.79 | 1 | 0.71~1.28 | (3→15=0.71×1) (-23→-15=1.28×1) (-15→-22=0.73×1) (-17→29=0.75×1) (17→16=0.75×1) |
| 280649 | 52 | 0.75 | 1 | 0.71~1.30 | (-19→-4=1.30×1) (3→15=0.71×1) (-15→-22=0.73×1) (-17→29=0.75×1) (1→-4=0.75×1) |
| 280659 | 54 | 0.87 | 1 | 0.71~1.30 | (-19→-4=1.30×1) (3→15=0.71×1) (-17→29=0.75×1) (1→-4=0.75×1) (-3→30=0.76×1) |
| 280670 | 56 | 0.95 | 1 | 0.71~1.30 | (-19→-4=1.30×1) (3→15=0.71×1) (13→-4=1.26×1) (14→29=0.74×1) (-17→29=0.75×1) |
| 280680 | 55 | 0.98 | 1 | 0.71~1.30 | (-19→-4=1.30×1) (3→15=0.71×1) (13→-4=1.26×1) (24→-4=0.74×1) (14→29=0.74×1) |
| 280690 | 51 | 1.10 | 1 | 0.70~1.30 | (-19→-4=1.30×1) (8→19=0.71×2) (13→-4=1.26×1) (14→29=0.74×1) (1→-4=0.75×1) |
| 280701 | 50 | 1.04 | 1 | 0.73~1.41 | (18→12=1.33×2) (-19→-4=1.30×1) (8→19=0.73×1) (13→-4=1.26×1) (21→29=1.26×2) |
| 280711 | 54 | 1.17 | 1 | 0.73~1.41 | (18→12=1.33×2) (-19→-4=1.30×1) (13→-4=1.26×1) (8→19=0.74×2) (5→-24=0.74×1) |
| 280721 | 54 | 1.04 | 1 | 0.73~1.41 | (18→12=1.41×1) (-19→-4=1.30×1) (8→19=0.73×1) (13→-4=1.26×1) (5→-24=0.74×1) |
| 280732 | 51 | 1.00 | 1 | 0.73~1.41 | (18→12=1.41×1) (-19→-4=1.30×1) (8→19=0.73×1) (13→-4=1.26×1) (5→-24=0.74×1) |
| 280742 | 51 | 0.90 | 1 | 0.71~1.30 | (-19→-4=1.30×1) (22→-22=0.71×1) (3→29=1.29×1) (22→8=0.73×1) (8→19=0.73×1) |
| 280752 | 52 | 0.85 | 1 | 0.71~1.30 | (-19→-4=1.30×1) (22→-22=0.71×1) (3→29=1.29×1) (22→8=0.73×1) (8→19=0.73×1) |
| 280763 | 51 | 1.00 | 1 | 0.71~1.30 | (-19→-4=1.30×1) (22→-22=0.71×1) (3→29=1.29×1) (22→8=0.73×1) (8→19=0.73×1) |
| 280773 | 52 | 1.06 | 1 | 0.71~1.30 | (-19→-4=1.30×1) (22→-22=0.71×1) (3→29=1.29×1) (22→8=0.73×1) (13→-4=1.26×1) |
| 280783 | 55 | 1.00 | 1 | 0.71~1.30 | (-19→-4=1.30×1) (14→-14=0.71×1) (22→-22=0.71×1) (3→29=1.29×1) (22→8=0.73×1) |
| 280794 | 57 | 1.02 | 1 | 0.71~1.30 | (-19→-4=1.30×1) (14→-14=0.71×1) (22→-22=0.71×1) (3→29=1.29×1) (22→8=0.73×1) |
| 280804 | 51 | 0.96 | 1 | 0.71~1.30 | (-19→-4=1.30×1) (14→-14=0.71×1) (22→-22=0.71×1) (3→29=1.29×1) (22→8=0.73×1) |
| 280814 | 52 | 0.90 | 1 | 0.71~1.30 | (-19→-4=1.30×1) (14→-14=0.71×1) (3→29=1.29×1) (22→8=0.73×1) (-11→-30=0.74×1) |
| 280825 | 49 | 0.90 | 1 | 0.71~1.30 | (-19→-4=1.30×1) (14→-14=0.71×1) (3→29=1.29×1) (22→8=0.73×1) (-11→-30=0.74×1) |
| 280835 | 51 | 0.90 | 1 | 0.71~1.30 | (-19→-4=1.30×1) (14→-14=0.71×1) (3→29=1.29×1) (22→8=0.73×1) (-11→-30=0.74×1) |
| 280845 | 52 | 0.88 | 1 | 0.70~1.30 | (-5→-15=0.70×1) (-19→-4=1.30×1) (14→-14=0.71×1) (1→-2=0.71×1) (3→29=1.29×1) |
| 280856 | 51 | 1.00 | 1 | 0.70~1.30 | (-5→-15=0.70×1) (-19→-4=1.30×1) (14→-14=0.71×1) (1→-2=0.71×1) (3→29=1.29×1) |
| 280866 | 52 | 1.02 | 1 | 0.70~1.30 | (-5→-15=0.70×1) (-19→-4=1.30×1) (14→-14=0.71×1) (1→-2=0.71×1) (3→29=1.29×1) |
| 280876 | 50 | 0.92 | 1 | 0.70~1.29 | (-5→-15=0.70×1) (1→-2=0.71×1) (3→29=1.29×1) (-1→23=0.71×1) (20→-8=1.28×1) |
| 280887 | 53 | 0.89 | 1 | 0.70~1.29 | (-5→-15=0.70×1) (1→-2=0.71×1) (3→29=1.29×1) (-1→23=0.71×1) (20→-8=1.28×1) |
| 280897 | 52 | 0.88 | 1 | 0.70~1.29 | (-5→-15=0.70×1) (3→29=1.29×1) (-1→23=0.71×1) (20→-8=1.28×1) (-20→-12=0.72×1) |
| 280907 | 51 | 0.80 | 1 | 0.70~1.28 | (-5→-15=0.70×1) (-1→23=0.71×1) (20→-8=1.28×1) (-20→-12=0.72×1) (-11→-30=0.74×1) |
| 280918 | 53 | 0.92 | 1 | 0.70~1.28 | (-5→-15=0.70×1) (-1→23=0.71×1) (20→-8=1.28×1) (-23→25=0.72×1) (-20→-12=0.72×1) |
| 280928 | 52 | 1.00 | 1 | 0.70~1.28 | (-5→-15=0.70×1) (-1→23=0.71×1) (20→-8=1.28×1) (-23→25=0.72×1) (-20→-12=0.72×1) |
| 280938 | 51 | 0.86 | 1 | 0.70~1.28 | (-5→-15=0.70×1) (-16→-15=0.70×1) (-1→23=0.71×1) (20→-8=1.28×1) (-23→25=0.72×1) |
| 280949 | 51 | 0.86 | 1 | 0.70~1.28 | (-5→-15=0.70×1) (-16→-15=0.70×1) (-1→23=0.71×1) (20→-8=1.28×1) (-23→25=0.72×1) |
| 280959 | 51 | 0.86 | 1 | 0.70~1.28 | (-5→-15=0.70×1) (11→21=0.70×1) (-16→-15=0.70×1) (-1→23=0.71×1) (20→-8=1.28×1) |
| 280969 | 50 | 0.80 | 1 | 0.70~1.28 | (-5→-15=0.70×1) (11→21=0.70×1) (-16→-15=0.70×1) (-1→23=0.71×1) (20→-8=1.28×1) |
| 280980 | 50 | 0.82 | 1 | 0.70~1.28 | (-5→-15=0.70×1) (-16→-15=0.70×1) (-23→25=0.72×1) (-20→-12=0.72×1) (-4→-5=1.26×1) |
| 280990 | 52 | 0.85 | 1 | 0.70~1.28 | (-5→-15=0.70×1) (2→23=0.70×1) (-16→-15=0.70×1) (-23→25=0.72×1) (-20→-12=0.72×1) |
| 281000 | 51 | 0.73 | 1 | 0.70~1.28 | (-5→-15=0.70×1) (2→23=0.70×1) (-16→-15=0.70×1) (-20→-12=0.72×1) (-4→-5=1.26×1) |
| 281011 | 48 | 0.75 | 1 | 0.70~1.28 | (-5→-15=0.70×1) (2→23=0.70×1) (-16→-15=0.70×1) (19→-24=1.28×1) (-20→-12=0.72×1) |
| 281021 | 52 | 0.67 | 1 | 0.70~1.28 | (-5→-15=0.70×1) (2→23=0.70×1) (-16→-15=0.70×1) (9→-7=0.72×1) (19→-24=1.28×1) |
| 281031 | 50 | 0.64 | 1 | 0.70~1.28 | (-5→-15=0.70×1) (2→23=0.70×1) (-16→-15=0.70×1) (9→-7=0.72×1) (19→-24=1.28×1) |
| 281042 | 53 | 0.70 | 1 | 0.70~1.28 | (2→23=0.70×1) (-16→-15=0.70×1) (9→-7=0.72×1) (11→21=1.28×1) (19→-24=1.28×1) |
| 281052 | 52 | 0.60 | 1 | 0.70~1.28 | (2→23=0.70×1) (-16→-15=0.70×1) (9→-7=0.72×1) (11→21=1.28×1) (19→-24=1.28×1) |
| 281062 | 56 | 0.71 | 1 | 0.70~1.28 | (2→23=0.70×1) (-16→-15=0.70×1) (1→-30=0.71×1) (9→-7=0.72×1) (11→-3=0.72×1) |
| 281073 | 57 | 0.65 | 1 | 0.70~1.28 | (2→23=0.70×1) (-16→-15=0.70×1) (1→-30=0.71×1) (11→-3=0.72×1) (1→-22=1.28×1) |
| 281083 | 56 | 0.62 | 1 | 0.70~1.28 | (2→23=0.70×1) (1→-30=0.71×1) (11→-3=0.72×1) (1→-22=1.28×1) (19→-24=1.28×1) |
| 281093 | 56 | 0.48 | 1 | 0.70~1.28 | (2→23=0.70×1) (1→-30=0.71×1) (19→-24=1.28×1) (-24→6=1.25×1) (-23→-27=0.76×1) |
| 281104 | 60 | 0.63 | 1 | 0.70~1.28 | (2→23=0.70×1) (1→-30=0.71×1) (19→-24=1.28×1) (-24→6=1.25×1) (-5→-2=0.77×1) |
| 281114 | 61 | 0.69 | 1 | 0.70~1.28 | (2→23=0.70×1) (1→-30=0.71×1) (19→-24=1.28×1) (-21→-5=0.74×1) (-24→6=1.25×1) |
| 281124 | 60 | 0.67 | 1 | 0.71~1.28 | (1→-30=0.71×1) (19→-24=1.28×1) (-21→-5=0.74×1) (-24→6=1.25×1) (-5→-2=0.77×1) |
| 281135 | 62 | 0.84 | 1 | 0.71~1.29 | (1→-30=0.71×1) (23→23=1.28×2) (-14→-29=0.72×1) (19→-24=1.28×1) (-21→-5=0.74×1) |
| 281145 | 61 | 0.84 | 1 | 0.71~1.29 | (1→-30=0.71×1) (23→23=1.28×2) (-14→-29=0.72×1) (19→-24=1.28×1) (-21→-5=0.74×1) |
| 281155 | 54 | 0.83 | 1 | 0.71~1.29 | (1→-30=0.71×1) (23→23=1.29×1) (-14→-29=0.72×1) (19→-24=1.28×1) (-21→-5=0.74×1) |
| 281166 | 51 | 0.82 | 1 | 0.70~1.29 | (-24→8=0.70×1) (1→-30=0.71×1) (23→23=1.29×1) (19→-24=1.28×1) (-12→-31=1.26×1) |
| 281176 | 52 | 0.88 | 1 | 0.70~1.29 | (-24→8=0.70×1) (1→-30=0.71×1) (23→23=1.29×1) (19→-24=1.28×1) (-12→-31=1.26×1) |
| 281186 | 52 | 1.06 | 2 | 0.70~1.29 | (1→-30=0.71×1) (-24→8=0.71×2) (23→23=1.29×1) (19→-24=1.28×1) (-12→-31=1.26×1) |
| 281197 | 51 | 1.06 | 2 | 0.70~1.29 | (-24→8=0.71×2) (23→23=1.29×1) (19→-24=1.28×1) (3→27=1.28×1) (-12→-31=1.26×1) |
| 281207 | 53 | 1.17 | 2 | 0.70~1.30 | (-9→22=1.30×1) (-24→8=0.71×2) (23→23=1.29×1) (19→-24=1.28×1) (3→27=1.28×1) |
| 281217 | 52 | 0.94 | 1 | 0.70~1.30 | (-9→22=1.30×1) (-24→8=0.70×1) (23→23=1.29×1) (3→27=1.28×1) (-12→-31=1.26×1) |
| 281228 | 50 | 0.60 | 1 | 0.74~1.30 | (-9→22=1.30×1) (-12→-31=1.26×1) (-21→-5=0.74×1) (-7→-17=0.78×1) (3→-24=0.79×1) |
| 281238 | 50 | 0.50 | 1 | 0.74~1.26 | (-12→-31=1.26×1) (-21→-5=0.74×1) (-8→-12=0.76×1) (-12→17=0.77×1) (-7→-17=0.78×1) |
| 281248 | 56 | 0.80 | 1 | 0.71~1.28 | (-2→-24=0.71×1) (14→7=1.28×1) (5→-23=1.28×1) (-12→-31=1.26×1) (-3→-1=1.26×1) |
| 281259 | 54 | 0.74 | 1 | 0.71~1.28 | (-2→-24=0.71×1) (14→7=1.28×1) (5→-23=1.28×1) (-12→-31=1.26×1) (-3→-1=1.26×1) |
| 281269 | 54 | 0.59 | 1 | 0.71~1.28 | (-2→-24=0.71×1) (14→7=1.28×1) (-12→-31=1.26×1) (-8→-12=0.76×1) (5→9=1.24×1) |
| 281279 | 52 | 0.60 | 1 | 0.71~1.28 | (-2→-24=0.71×1) (14→7=1.28×1) (-12→-31=1.26×1) (-8→-12=0.76×1) (17→26=1.24×1) |
| 281290 | 55 | 0.67 | 1 | 0.71~1.28 | (-2→-24=0.71×1) (14→7=1.28×1) (-12→-31=1.26×1) (-8→-12=0.76×1) (17→26=1.24×1) |
| 281300 | 54 | 0.59 | 1 | 0.71~1.27 | (-2→-24=0.71×1) (8→13=1.27×1) (-9→-11=0.74×1) (-12→-31=1.26×1) (-8→-12=0.76×1) |
| 281310 | 58 | 0.67 | 1 | 0.71~1.27 | (-2→-24=0.71×1) (5→-4=0.72×1) (8→13=1.27×1) (-9→-11=0.74×1) (-12→-31=1.26×1) |
| 281321 | 56 | 0.66 | 1 | 0.71~1.27 | (-2→-24=0.71×1) (5→-4=0.72×1) (8→13=1.27×1) (-9→-11=0.74×1) (-12→-31=1.26×1) |
| 281331 | 56 | 0.68 | 1 | 0.71~1.27 | (-2→-24=0.71×1) (5→-4=0.72×1) (8→13=1.27×1) (-9→-11=0.74×1) (-11→5=0.74×1) |
| 281341 | 57 | 0.77 | 1 | 0.72~1.27 | (5→-4=0.72×1) (-9→-11=0.74×1) (-11→5=0.74×1) (-12→-31=1.26×1) (11→-29=0.74×1) |
| 281352 | 53 | 0.72 | 1 | 0.74~1.27 | (-9→-11=0.74×1) (-11→5=0.74×1) (-12→-31=1.26×1) (-8→-12=0.76×1) (17→26=1.24×1) |
| 281362 | 50 | 0.66 | 1 | 0.74~1.27 | (-9→-11=0.74×1) (-11→5=0.74×1) (-12→-31=1.26×1) (-23→23=1.22×1) (12→17=0.79×1) |
| 281372 | 50 | 0.74 | 1 | 0.74~1.27 | (-9→-11=0.74×1) (-11→5=0.74×1) (-12→-31=1.26×1) (-19→30=0.77×1) (-24→9=1.23×1) |
| 281383 | 50 | 0.70 | 1 | 0.74~1.27 | (-15→-17=1.27×1) (-11→5=0.74×1) (20→3=1.23×1) (-19→30=0.77×1) (-24→9=1.23×1) |
| 281393 | 55 | 1.00 | 2 | 0.71~1.28 | (-23→-8=0.71×1) (16→-23=1.28×2) (16→-3=1.27×1) (-15→-17=1.27×1) (14→-25=1.26×2) |
| 281403 | 55 | 0.96 | 2 | 0.71~1.28 | (-23→-8=0.71×1) (16→-23=1.28×2) (16→-3=1.27×1) (-15→-17=1.27×1) (14→-25=1.26×2) |
| 281414 | 53 | 0.89 | 1 | 0.71~1.28 | (-23→-8=0.71×1) (16→-23=1.28×2) (-15→-17=1.27×1) (14→-25=1.26×2) (-11→5=0.74×1) |
| 281424 | 57 | 0.89 | 1 | 0.71~1.30 | (-9→-22=1.30×1) (-23→-8=0.71×1) (16→-23=1.28×1) (-15→-17=1.27×1) (14→-25=1.27×1) |
| 281434 | 58 | 0.91 | 1 | 0.71~1.31 | (-9→-22=1.30×1) (-23→-8=0.71×1) (16→-23=1.28×1) (-15→-17=1.27×1) (14→-25=1.27×1) |
| 281445 | 60 | 0.93 | 1 | 0.71~1.31 | (-9→-22=1.30×1) (-23→-8=0.71×1) (16→-23=1.28×1) (-15→-17=1.27×1) (14→-25=1.27×1) |
| 281455 | 63 | 0.97 | 1 | 0.71~1.42 | (-21→1=1.30×2) (-9→-22=1.30×1) (-23→-8=0.71×1) (16→-23=1.28×1) (13→-24=0.73×1) |
| 281465 | 60 | 0.98 | 1 | 0.71~1.42 | (-21→1=1.30×2) (-9→-22=1.30×1) (-12→17=1.29×1) (-23→-8=0.71×1) (13→-24=0.73×1) |
| 281476 | 61 | 0.93 | 1 | 0.70~1.30 | (13→2=0.70×1) (-9→-22=1.30×1) (-12→17=1.29×1) (-23→-8=0.71×1) (13→-24=0.73×1) |
| 281486 | 58 | 0.91 | 1 | 0.70~1.30 | (13→2=0.70×1) (-9→-22=1.30×1) (-23→-8=0.71×1) (-1→-4=1.29×1) (24→-31=1.28×1) |
| 281496 | 56 | 0.86 | 1 | 0.70~1.30 | (13→2=0.70×1) (-9→-22=1.30×1) (-23→-8=0.71×1) (-12→-18=0.71×2) (-1→-4=1.29×1) |
| 281507 | 56 | 0.89 | 1 | 0.70~1.30 | (13→2=0.70×1) (-9→-22=1.30×1) (-23→-8=0.71×1) (-12→-18=0.71×2) (-9→28=0.71×1) |
| 281517 | 53 | 0.87 | 1 | 0.70~1.30 | (13→2=0.70×1) (-9→-22=1.30×1) (-23→-8=0.71×1) (-12→-18=0.71×2) (-9→28=0.71×1) |
| 281527 | 50 | 0.70 | 1 | 0.70~1.30 | (13→2=0.70×1) (-9→-22=1.30×1) (-12→-18=0.71×1) (-16→-10=1.28×1) (-19→27=0.72×1) |
| 281538 | 53 | 0.81 | 1 | 0.70~1.30 | (13→2=0.70×1) (-9→-22=1.30×1) (-12→-18=0.71×1) (-16→-10=1.28×1) (-19→27=0.72×1) |
| 281548 | 52 | 0.85 | 1 | 0.70~1.30 | (13→2=0.70×1) (-9→-22=1.30×1) (-12→-18=0.71×1) (-16→-10=1.28×1) (-19→27=0.72×1) |
| 281558 | 58 | 1.07 | 2 | 0.70~1.30 | (13→2=0.70×1) (-9→-22=1.30×1) (-9→-11=0.71×1) (-16→-10=1.28×1) (13→-24=0.73×1) |
| 281569 | 50 | 1.14 | 2 | 0.70~1.30 | (13→2=0.70×1) (-9→-22=1.30×1) (-9→-11=0.71×1) (13→-24=0.73×1) (-7→9=0.73×1) |
| 281579 | 52 | 1.15 | 2 | 0.71~1.30 | (-9→-22=1.30×1) (21→22=0.71×1) (-9→-11=0.71×1) (-20→-25=0.72×1) (13→-24=0.73×1) |
| 281589 | 49 | 1.00 | 1 | 0.71~1.26 | (21→22=0.71×1) (-9→-11=0.71×1) (-20→-25=0.72×2) (13→-24=0.73×1) (-8→14=0.74×1) |
| 281600 | 52 | 0.98 | 1 | 0.71~1.26 | (21→22=0.71×1) (-20→-25=0.72×1) (8→17=1.26×1) (-8→14=0.74×1) (17→11=1.26×1) |
| 281610 | 53 | 1.06 | 1 | 0.71~1.26 | (21→22=0.71×1) (-20→-25=0.72×1) (18→-18=0.74×1) (-8→14=0.74×1) (8→17=1.26×2) |
| 281620 | 51 | 0.96 | 1 | 0.71~1.26 | (21→22=0.71×1) (-20→-25=0.72×1) (8→17=1.26×1) (-8→14=0.74×1) (17→11=1.26×1) |
| 281631 | 52 | 0.98 | 1 | 0.71~1.28 | (21→22=0.71×1) (7→-22=1.28×1) (-20→-25=0.72×1) (8→17=1.26×1) (-8→14=0.74×1) |
| 281641 | 51 | 1.04 | 2 | 0.71~1.30 | (14→22=1.30×1) (21→22=0.71×1) (7→-22=1.28×1) (-20→-25=0.72×1) (8→17=1.26×1) |
| 281651 | 50 | 0.98 | 2 | 0.71~1.28 | (21→22=0.71×1) (7→-22=1.28×1) (-20→-25=0.72×1) (-16→23=1.26×1) (17→20=1.25×1) |
| 281662 | 50 | 0.84 | 2 | 0.72~1.29 | (10→-28=1.29×1) (-20→-25=0.72×1) (17→20=1.25×1) (23→21=1.22×1) (12→20=1.22×1) |
| 281672 | 53 | 0.87 | 2 | 0.78~1.29 | (10→-28=1.29×1) (23→-27=1.27×1) (-21→3=1.26×1) (17→20=1.25×1) (23→21=1.22×1) |
| 281682 | 56 | 1.09 | 2 | 0.71~1.29 | (10→-28=1.29×1) (-8→8=0.71×1) (24→16=1.29×2) (23→-27=1.27×1) (-21→3=1.26×1) |
| 281693 | 58 | 1.03 | 1 | 0.76~1.30 | (-6→18=1.30×1) (10→-28=1.29×1) (24→16=1.29×2) (23→-27=1.27×1) (-21→3=1.26×1) |
| 281703 | 61 | 1.26 | 1 | 0.74~1.30 | (-6→18=1.30×1) (10→-28=1.29×1) (24→16=1.29×2) (23→-27=1.27×1) (-21→3=1.26×1) |
| 281713 | 63 | 1.14 | 1 | 0.75~1.30 | (-6→18=1.30×1) (10→-28=1.29×1) (24→16=1.29×1) (23→-27=1.27×1) (17→-21=1.26×1) |
| 281724 | 67 | 1.33 | 1 | 0.74~1.30 | (22→-20=1.30×1) (10→-28=1.29×1) (24→16=1.29×1) (-6→18=1.29×2) (18→-31=1.28×1) |
| 281734 | 65 | 1.22 | 1 | 0.74~1.30 | (22→-20=1.30×1) (24→16=1.29×1) (-6→18=1.29×2) (18→-31=1.28×1) (23→-27=1.27×1) |
| 281744 | 68 | 1.43 | 1 | 0.70~1.30 | (-7→-24=0.70×1) (22→-20=1.30×1) (24→16=1.29×1) (-6→18=1.29×3) (18→-31=1.28×1) |
| 281755 | 70 | 1.40 | 1 | 0.70~1.30 | (-7→-24=0.70×1) (22→-20=1.30×1) (24→16=1.29×1) (-6→18=1.29×3) (18→-31=1.28×1) |
| 281765 | 68 | 1.40 | 1 | 0.70~1.30 | (-7→-24=0.70×1) (22→-20=1.30×1) (-6→18=1.29×4) (18→-31=1.28×1) (23→-27=1.27×1) |
| 281775 | 67 | 1.34 | 1 | 0.70~1.30 | (-7→-24=0.70×1) (22→-20=1.30×1) (-6→18=1.29×4) (18→-31=1.28×1) (23→-27=1.27×1) |
| 281786 | 67 | 1.36 | 1 | 0.70~1.30 | (-7→-24=0.70×1) (22→-20=1.30×1) (-6→18=1.29×5) (23→-27=1.27×1) (19→3=0.73×1) |
| 281796 | 66 | 1.36 | 1 | 0.70~1.30 | (-7→-24=0.70×1) (22→-20=1.30×1) (-6→18=1.29×5) (13→27=0.73×1) (23→-27=1.27×1) |
| 281806 | 60 | 1.37 | 1 | 0.70~1.30 | (-7→-24=0.70×1) (22→-20=1.30×1) (-6→18=1.29×5) (13→27=0.73×1) (23→-27=1.27×1) |
| 281817 | 57 | 1.47 | 2 | 0.70~1.53 | (-6→18=1.33×6) (-7→-24=0.70×1) (-12→-13=0.70×1) (22→-20=1.30×1) (13→27=0.73×1) |
| 281827 | 53 | 1.32 | 2 | 0.70~1.53 | (-6→18=1.33×6) (-7→-24=0.70×1) (22→-20=1.30×1) (23→-27=1.27×1) (19→3=0.73×1) |
| 281837 | 50 | 1.34 | 2 | 0.70~1.53 | (-6→18=1.33×6) (-7→-24=0.70×1) (22→-20=1.30×1) (23→-27=1.27×1) (19→3=0.73×1) |
| 281848 | 51 | 1.53 | 2 | 0.70~1.53 | (-6→18=1.33×6) (-7→-24=0.70×1) (22→-20=1.30×1) (19→3=0.73×1) (-5→13=0.74×1) |
| 281858 | 52 | 1.56 | 2 | 0.70~1.53 | (-6→18=1.33×6) (-7→-24=0.70×1) (22→-20=1.30×1) (19→3=0.73×1) (-5→13=0.74×1) |
| 281868 | 54 | 1.56 | 2 | 0.70~1.53 | (-6→18=1.33×5) (-7→-24=0.70×1) (22→-20=1.30×1) (17→13=0.71×1) (-18→4=1.27×1) |
| 281879 | 56 | 1.64 | 2 | 0.70~1.53 | (-6→18=1.33×5) (-7→-24=0.70×1) (22→-20=1.30×1) (17→13=0.71×1) (3→-22=0.71×1) |
| 281889 | 57 | 1.60 | 2 | 0.70~1.53 | (-6→18=1.33×5) (-4→17=0.70×1) (-7→-24=0.70×1) (22→-20=1.30×1) (17→13=0.71×1) |
| 281899 | 56 | 1.45 | 2 | 0.70~1.53 | (-6→18=1.33×5) (-4→17=0.70×1) (-7→-24=0.70×1) (22→-20=1.30×1) (17→13=0.71×1) |
| 281910 | 55 | 1.38 | 2 | 0.70~1.53 | (-6→18=1.33×5) (-4→17=0.70×1) (22→-20=1.30×1) (17→13=0.71×1) (3→-22=0.71×1) |
| 281920 | 52 | 1.19 | 2 | 0.70~1.53 | (-6→18=1.37×3) (-4→17=0.70×1) (22→-20=1.30×1) (17→13=0.71×1) (3→-22=0.71×1) |
| 281930 | 51 | 0.98 | 2 | 0.71~1.53 | (-6→18=1.41×2) (17→13=0.71×1) (3→-22=0.71×1) (-18→4=1.27×1) (3→11=1.25×1) |
| 281941 | 51 | 1.04 | 2 | 0.71~1.53 | (-6→18=1.41×2) (4→16=1.29×1) (17→13=0.71×1) (3→-22=0.71×1) (-18→4=1.27×1) |
| 281951 | 55 | 1.33 | 2 | 0.71~1.53 | (-6→18=1.41×2) (4→16=1.29×1) (17→13=0.71×1) (-12→25=1.29×1) (3→-22=0.71×1) |
| 281961 | 57 | 1.26 | 2 | 0.70~1.53 | (-6→18=1.41×2) (-19→-28=0.70×1) (4→16=1.29×1) (17→13=0.71×1) (-21→2=1.29×1) |
| 281972 | 61 | 1.46 | 2 | 0.70~1.53 | (-6→18=1.41×2) (-19→-28=0.70×1) (4→16=1.29×1) (17→13=0.71×1) (-21→2=1.29×1) |
| 281982 | 60 | 1.32 | 1 | 0.70~1.34 | (-6→18=1.30×1) (2→-4=1.30×1) (-19→-28=0.70×1) (4→16=1.29×1) (17→13=0.71×1) |
| 281992 | 56 | 1.20 | 1 | 0.70~1.34 | (-15→-2=1.34×1) (-6→18=1.30×1) (2→-4=1.30×1) (-19→-28=0.70×1) (4→16=1.29×1) |
| 282003 | 51 | 1.00 | 1 | 0.71~1.30 | (-6→18=1.30×1) (2→-4=1.30×1) (17→13=0.71×1) (-21→2=1.29×1) (3→-22=0.71×1) |
| 282013 | 50 | 0.90 | 1 | 0.71~1.30 | (-6→18=1.30×1) (17→13=0.71×1) (-21→2=1.29×1) (3→-22=0.71×1) (17→-27=0.73×1) |
| 282023 | 52 | 0.87 | 1 | 0.71~1.30 | (-6→18=1.30×1) (17→13=0.71×1) (-21→2=1.29×1) (-21→16=1.26×2) (21→11=1.25×1) |
| 282034 | 52 | 0.67 | 1 | 0.71~1.30 | (-6→18=1.30×1) (17→13=0.71×1) (-21→2=1.29×1) (15→3=1.29×1) (21→11=1.25×1) |
| 282044 | 51 | 0.65 | 1 | 0.71~1.30 | (-6→18=1.30×1) (17→13=0.71×1) (-21→2=1.29×1) (15→3=1.29×1) (13→-15=0.74×1) |
| 282054 | 51 | 0.67 | 1 | 0.71~1.30 | (-6→18=1.30×1) (17→13=0.71×1) (-21→2=1.29×1) (15→3=1.29×1) (13→-15=0.74×1) |
| 282065 | 50 | 0.54 | 1 | 0.71~1.30 | (-6→18=1.30×1) (17→13=0.71×1) (15→3=1.29×1) (13→-15=0.74×1) (17→17=0.77×1) |
| 282075 | 51 | 0.59 | 1 | 0.70~1.30 | (-6→18=1.30×1) (-16→-30=0.70×1) (15→3=1.29×1) (3→-21=0.73×1) (13→-15=0.74×1) |
| 282085 | 53 | 0.58 | 1 | 0.65~1.29 | (-16→-30=0.70×1) (15→-3=0.71×2) (15→3=1.29×1) (3→-21=0.73×1) (13→-15=0.74×1) |
| 282096 | 50 | 0.60 | 1 | 0.65~1.24 | (-16→-30=0.70×1) (15→-3=0.71×2) (3→-21=0.73×1) (13→-15=0.74×1) (13→11=1.24×1) |
| 282106 | 49 | 0.55 | 1 | 0.65~1.24 | (-16→-30=0.70×1) (15→-3=0.71×2) (3→-21=0.73×1) (13→-15=0.74×1) (13→11=1.24×1) |
| 282116 | 53 | 0.62 | 1 | 0.65~1.30 | (-23→26=1.30×1) (-16→-30=0.70×1) (15→-3=0.71×2) (3→-21=0.73×1) (13→-15=0.74×1) |
| 282127 | 53 | 0.62 | 1 | 0.65~1.30 | (-23→26=1.30×1) (-16→-30=0.70×1) (15→-3=0.71×2) (3→-21=0.73×1) (13→-15=0.74×1) |
| 282137 | 50 | 0.58 | 1 | 0.65~1.30 | (-23→26=1.30×1) (-16→-30=0.70×1) (15→-3=0.71×2) (4→-4=0.75×1) (-10→14=1.24×1) |
| 282147 | 52 | 0.50 | 1 | 0.65~1.29 | (-16→-30=0.70×1) (22→-2=1.29×1) (15→-3=0.71×2) (4→-4=0.75×1) (-10→14=1.24×1) |
| 282158 | 51 | 0.75 | 2 | 0.65~1.29 | (-16→-30=0.70×1) (22→-2=1.29×1) (15→-3=0.71×2) (22→19=0.73×2) (14→-12=1.25×2) |
| 282168 | 50 | 0.72 | 1 | 0.65~1.29 | (15→-3=0.65×1) (-16→-30=0.70×1) (22→-2=1.29×1) (22→19=0.73×1) (14→-12=1.26×1) |
| 282178 | 52 | 0.63 | 1 | 0.65~1.29 | (15→-3=0.65×1) (-16→-30=0.70×1) (22→-2=1.29×1) (22→19=0.73×1) (14→-12=1.26×1) |
| 282189 | 53 | 0.89 | 1 | 0.65~1.29 | (15→-3=0.65×1) (-16→-30=0.70×1) (22→-2=1.29×1) (-23→-16=0.72×1) (22→19=0.73×1) |
| 282199 | 51 | 0.86 | 1 | 0.70~1.29 | (-16→-30=0.70×1) (22→-2=1.29×1) (-2→22=1.29×1) (-23→-16=0.72×1) (9→-22=0.73×1) |
| 282209 | 52 | 0.92 | 1 | 0.70~1.29 | (-16→-30=0.70×1) (22→-2=1.29×1) (-2→22=1.29×1) (-23→-16=0.72×1) (9→-22=0.73×1) |
| 282220 | 51 | 1.02 | 1 | 0.70~1.29 | (-16→-30=0.70×1) (22→-2=1.29×1) (9→-13=0.71×1) (-2→22=1.29×1) (7→-17=0.71×1) |
| 282230 | 52 | 0.88 | 1 | 0.70~1.29 | (-16→-30=0.70×1) (22→-2=1.29×1) (9→-13=0.71×1) (-2→22=1.29×1) (7→-17=0.71×1) |
| 282240 | 53 | 0.74 | 1 | 0.70~1.29 | (-16→-30=0.70×1) (22→-2=1.29×1) (9→-13=0.71×1) (11→-23=1.29×1) (7→-17=0.71×1) |
| 282251 | 51 | 0.63 | 1 | 0.71~1.29 | (22→-2=1.29×1) (9→-13=0.71×1) (11→-23=1.29×1) (7→-17=0.71×1) (-23→-16=0.72×1) |
| 282261 | 52 | 0.73 | 1 | 0.71~1.29 | (9→-13=0.71×1) (11→-23=1.29×1) (7→-17=0.71×1) (-23→-16=0.72×1) (22→-29=1.27×1) |
| 282271 | 51 | 0.61 | 1 | 0.71~1.29 | (9→-13=0.71×1) (11→-23=1.29×1) (7→-17=0.71×1) (-23→-16=0.72×1) (22→-29=1.27×1) |
| 282282 | 52 | 0.62 | 1 | 0.71~1.29 | (9→-13=0.71×1) (11→-23=1.29×1) (7→-17=0.71×1) (-23→-16=0.72×1) (22→-29=1.27×1) |
| 282292 | 50 | 0.64 | 1 | 0.71~1.29 | (9→-13=0.71×1) (11→-23=1.29×1) (7→-17=0.71×1) (-23→-16=0.72×1) (22→-29=1.27×1) |
| 282302 | 52 | 0.71 | 1 | 0.71~1.29 | (9→-13=0.71×1) (11→-23=1.29×1) (7→-17=0.71×1) (-23→-16=0.72×1) (-13→26=1.27×1) |
| 282313 | 53 | 0.72 | 1 | 0.71~1.27 | (9→-13=0.71×1) (-23→-16=0.72×1) (-13→26=1.27×1) (22→-29=1.27×1) (2→-15=1.26×1) |
| 282323 | 54 | 0.72 | 1 | 0.72~1.27 | (-23→-16=0.72×1) (9→-1=0.73×1) (-13→26=1.27×1) (2→-15=1.26×1) (-6→-23=1.25×1) |
| 282333 | 59 | 0.85 | 1 | 0.72~1.27 | (-23→-16=0.72×1) (9→-1=0.73×2) (-13→26=1.27×1) (2→-15=1.26×1) (-17→25=0.75×1) |
| 282344 | 54 | 0.85 | 1 | 0.72~1.27 | (-23→-16=0.72×1) (9→-1=0.73×2) (-13→26=1.27×1) (2→-15=1.26×1) (-5→11=0.75×1) |
| 282354 | 52 | 0.71 | 1 | 0.70~1.26 | (-6→23=0.70×1) (9→-1=0.73×2) (-23→18=0.73×1) (2→-15=1.26×1) (-5→11=0.75×1) |
| 282364 | 53 | 0.72 | 1 | 0.70~1.26 | (-6→23=0.70×1) (9→-1=0.73×2) (-23→18=0.73×1) (2→-15=1.26×1) (-5→11=0.75×1) |
| 282375 | 57 | 1.02 | 2 | 0.70~1.26 | (-6→23=0.70×1) (-12→-13=0.72×3) (9→-1=0.73×2) (-23→18=0.73×1) (2→-15=1.26×1) |
| 282385 | 55 | 1.24 | 2 | 0.70~1.29 | (-6→23=0.70×1) (-12→-13=0.72×3) (2→-15=1.27×2) (9→-1=0.73×2) (-23→18=0.73×1) |
| 282395 | 53 | 1.34 | 2 | 0.70~1.29 | (-6→23=0.70×1) (-12→-13=0.72×3) (2→-15=1.27×2) (9→-1=0.73×2) (-23→18=0.73×1) |
| 282406 | 52 | 1.17 | 2 | 0.72~1.29 | (-12→-13=0.72×2) (2→-15=1.27×2) (-23→18=0.73×1) (9→-1=0.74×1) (-5→11=0.75×1) |
| 282416 | 50 | 0.90 | 2 | 0.72~1.26 | (-12→-13=0.72×1) (9→-1=0.74×1) (2→-15=1.26×1) (-5→11=0.75×1) (-4→25=1.23×1) |
| 282426 | 52 | 0.73 | 2 | 0.74~1.26 | (9→-1=0.74×1) (2→-15=1.26×1) (-5→11=0.75×1) (-4→25=1.23×1) (-22→-15=0.77×1) |
| 282437 | 52 | 0.75 | 2 | 0.74~1.26 | (2→-15=1.26×1) (21→13=0.74×1) (-5→11=0.75×1) (-5→31=1.25×1) (-4→25=1.23×1) |
| 282447 | 52 | 0.85 | 1 | 0.74~1.26 | (-24→20=1.26×1) (21→13=0.74×1) (-5→11=0.75×1) (2→-15=1.25×2) (-5→31=1.25×1) |
| 282457 | 55 | 0.91 | 1 | 0.74~1.28 | (-12→-19=1.28×1) (-24→20=1.26×1) (21→13=0.74×1) (2→-15=1.25×2) (-5→31=1.25×1) |
| 282468 | 50 | 0.90 | 1 | 0.74~1.28 | (-12→-19=1.28×1) (-24→20=1.26×1) (21→13=0.74×1) (2→-15=1.25×1) (-5→31=1.25×1) |
| 282478 | 50 | 0.90 | 1 | 0.74~1.28 | (-12→-19=1.28×1) (-24→20=1.26×1) (21→13=0.74×1) (2→-15=1.25×1) (-5→31=1.25×1) |
| 282488 | 52 | 0.92 | 1 | 0.74~1.28 | (-12→-19=1.28×1) (-24→20=1.26×1) (21→13=0.74×1) (2→-15=1.25×1) (-5→31=1.25×1) |
| 282499 | 52 | 0.87 | 1 | 0.74~1.28 | (-12→-19=1.28×1) (10→-22=1.27×1) (-24→20=1.26×1) (21→13=0.74×1) (2→-15=1.25×1) |
| 282509 | 52 | 0.90 | 1 | 0.74~1.28 | (-12→-19=1.28×1) (10→-22=1.27×1) (24→-28=1.27×1) (-24→20=1.26×1) (21→13=0.74×1) |
| 282519 | 50 | 0.78 | 1 | 0.74~1.28 | (-12→-19=1.28×1) (10→-22=1.27×1) (24→-28=1.27×1) (-24→20=1.26×1) (21→13=0.74×1) |
| 282530 | 53 | 0.91 | 1 | 0.71~1.29 | (-17→11=1.29×1) (-3→-5=0.71×1) (-19→-13=0.72×1) (-12→-19=1.28×1) (10→-22=1.27×1) |
| 282540 | 54 | 0.96 | 1 | 0.71~1.29 | (-17→11=1.29×1) (-3→-5=0.71×1) (-19→-13=0.72×1) (-12→-19=1.28×1) (10→-22=1.27×1) |
| 282550 | 51 | 0.94 | 1 | 0.71~1.29 | (-17→11=1.29×1) (-3→-5=0.71×1) (-19→-13=0.72×1) (-12→-19=1.28×1) (24→-28=1.27×1) |
| 282561 | 52 | 0.88 | 1 | 0.71~1.27 | (-3→-5=0.71×1) (-19→-13=0.72×1) (24→-28=1.27×1) (-24→20=1.26×1) (21→13=0.74×1) |
| 282571 | 52 | 0.67 | 1 | 0.71~1.27 | (-3→-5=0.71×1) (-19→-13=0.72×1) (24→-28=1.27×1) (-5→31=1.25×1) (21→-20=0.76×1) |
| 282581 | 57 | 0.75 | 1 | 0.70~1.27 | (-11→6=0.70×2) (-3→-5=0.71×1) (-19→-13=0.72×1) (24→-28=1.27×1) (-5→31=1.25×1) |
| 282592 | 56 | 0.77 | 1 | 0.71~1.27 | (-11→6=0.71×1) (-3→-5=0.71×1) (24→-28=1.27×1) (21→-20=0.76×1) (-11→-15=0.76×1) |
| 282602 | 55 | 0.64 | 1 | 0.71~1.23 | (-11→6=0.71×1) (-3→-5=0.71×1) (21→-20=0.76×1) (-11→-15=0.76×1) (10→-16=0.77×1) |
| 282612 | 55 | 0.64 | 1 | 0.71~1.27 | (-11→6=0.71×1) (-3→-5=0.71×1) (16→15=1.27×1) (21→-20=0.76×1) (-11→-15=0.76×1) |
| 282623 | 53 | 0.62 | 1 | 0.71~1.27 | (-11→6=0.71×1) (-3→-5=0.71×1) (19→9=0.73×1) (16→15=1.27×1) (11→-30=1.26×1) |
| 282633 | 52 | 0.60 | 1 | 0.71~1.27 | (-3→-5=0.71×1) (19→9=0.73×1) (16→15=1.27×1) (11→-30=1.26×1) (21→-20=0.76×1) |
| 282643 | 54 | 0.67 | 1 | 0.71~1.27 | (-3→-5=0.71×1) (19→9=0.73×1) (16→15=1.27×1) (11→-30=1.26×1) (-11→21=1.26×1) |
| 282654 | 53 | 0.60 | 1 | 0.71~1.27 | (-3→-5=0.71×1) (19→9=0.73×1) (16→15=1.27×1) (11→-30=1.26×1) (-11→21=1.26×1) |
| 282664 | 53 | 0.57 | 1 | 0.71~1.27 | (-3→-5=0.71×1) (19→9=0.73×1) (16→15=1.27×1) (11→-30=1.26×1) (-11→21=1.26×1) |
| 282674 | 51 | 0.55 | 1 | 0.71~1.27 | (-3→-5=0.71×1) (19→9=0.73×1) (16→15=1.27×1) (11→-30=1.26×1) (-11→21=1.26×1) |
| 282685 | 54 | 0.65 | 1 | 0.71~1.30 | (24→29=1.30×1) (-10→-16=0.71×1) (19→9=0.73×1) (-11→21=1.26×1) (-6→5=1.25×2) |
| 282695 | 52 | 0.65 | 1 | 0.73~1.30 | (24→29=1.30×1) (20→-3=1.27×1) (19→9=0.73×1) (-5→18=1.27×1) (-11→21=1.26×1) |
| 282705 | 53 | 0.62 | 1 | 0.70~1.30 | (24→29=1.30×1) (12→-27=0.70×1) (5→-5=1.28×1) (20→-3=1.27×1) (19→9=0.73×1) |
| 282716 | 50 | 0.54 | 1 | 0.70~1.30 | (24→29=1.30×1) (12→-27=0.70×1) (5→-5=1.28×1) (20→-3=1.27×1) (-5→18=1.27×1) |
| 282726 | 54 | 0.76 | 2 | 0.74~1.30 | (24→29=1.30×1) (-16→5=1.27×1) (20→-3=1.27×1) (-5→18=1.27×1) (10→-2=0.74×1) |
| 282736 | 50 | 0.76 | 2 | 0.74~1.30 | (24→29=1.30×1) (-16→5=1.27×1) (20→-3=1.27×1) (-5→18=1.27×1) (10→-2=0.74×1) |
| 282747 | 52 | 0.83 | 2 | 0.74~1.30 | (24→29=1.30×1) (-16→5=1.27×1) (20→-3=1.27×1) (-5→18=1.27×1) (10→-2=0.74×1) |
| 282757 | 51 | 0.73 | 1 | 0.75~1.28 | (17→21=1.28×1) (-16→5=1.27×1) (20→-3=1.27×1) (-5→18=1.27×1) (-11→-4=1.25×1) |
| 282767 | 50 | 0.80 | 1 | 0.75~1.28 | (17→21=1.28×1) (-16→5=1.27×1) (20→-3=1.27×1) (-5→18=1.27×1) (-11→-4=1.25×1) |
| 282778 | 55 | 1.07 | 1 | 0.75~1.28 | (17→21=1.28×1) (-16→5=1.27×1) (20→-3=1.27×1) (-5→18=1.27×1) (-11→-4=1.25×1) |
| 282788 | 53 | 1.11 | 1 | 0.70~1.28 | (9→17=0.70×1) (17→21=1.28×1) (-16→5=1.27×1) (-11→-4=1.25×1) (7→-1=1.25×1) |
| 282798 | 54 | 1.09 | 1 | 0.69~1.28 | (9→17=0.70×1) (17→21=1.28×1) (-12→-20=0.74×2) (-19→27=0.75×1) (-11→-4=1.25×1) |
| 282809 | 51 | 0.96 | 1 | 0.69~1.25 | (9→17=0.70×1) (-12→-20=0.74×2) (-19→27=0.75×1) (-11→-4=1.25×1) (7→-1=1.25×1) |
| 282819 | 54 | 1.02 | 1 | 0.69~1.38 | (-12→-20=0.69×1) (9→17=0.70×1) (-24→-15=1.29×2) (1→15=0.72×2) (-19→27=0.75×1) |
| 282829 | 55 | 1.18 | 1 | 0.70~1.38 | (9→17=0.70×1) (-24→-15=1.29×2) (-22→-8=0.72×1) (1→15=0.72×2) (15→25=0.72×1) |
| 282840 | 50 | 1.04 | 1 | 0.70~1.38 | (9→17=0.70×1) (-24→-15=1.29×2) (-22→-8=0.72×1) (1→15=0.72×2) (15→25=0.72×1) |
| 282850 | 51 | 0.90 | 1 | 0.70~1.30 | (-24→-15=1.30×1) (9→17=0.70×1) (2→-10=0.71×1) (1→15=0.71×1) (-22→-8=0.72×1) |
| 282860 | 50 | 0.84 | 1 | 0.70~1.28 | (9→17=0.70×1) (2→-10=0.71×1) (-22→-8=0.72×1) (15→-17=1.28×1) (15→25=0.72×1) |
| 282871 | 57 | 1.04 | 2 | 0.70~1.28 | (9→17=0.70×1) (2→-10=0.71×1) (-22→-8=0.72×1) (15→-17=1.28×1) (15→25=0.72×1) |
| 282881 | 59 | 1.32 | 2 | 0.70~1.29 | (9→17=0.70×1) (-22→-8=0.72×1) (-1→-12=1.28×1) (15→25=0.72×1) (-17→28=1.27×3) |
| 282891 | 57 | 1.35 | 2 | 0.70~1.29 | (9→17=0.70×1) (-22→-8=0.72×1) (-1→-12=1.28×1) (-17→28=1.27×3) (10→-28=0.73×1) |
| 282902 | 53 | 1.09 | 2 | 0.74~1.29 | (-1→-12=1.28×1) (-17→28=1.27×3) (14→22=0.74×1) (-16→22=0.74×1) (-21→20=0.75×3) |
| 282912 | 53 | 1.17 | 2 | 0.74~1.29 | (-1→-12=1.28×1) (-17→28=1.27×3) (5→12=1.27×1) (14→22=0.74×1) (-16→22=0.74×1) |
| 282922 | 51 | 0.86 | 2 | 0.74~1.29 | (-17→28=1.29×1) (5→12=1.27×1) (-21→20=0.74×1) (-16→22=0.74×1) (-3→-5=1.26×1) |
| 282933 | 50 | 0.82 | 2 | 0.70~1.29 | (-6→15=0.70×1) (-17→28=1.29×1) (-21→20=0.74×1) (-3→-5=1.26×1) (9→-10=1.24×1) |
| 282943 | 51 | 0.69 | 2 | 0.70~1.29 | (-6→15=0.70×1) (-17→28=1.29×1) (-21→20=0.74×1) (-3→-5=1.26×1) (9→-10=1.24×1) |
| 282953 | 52 | 0.75 | 1 | 0.70~1.29 | (-6→15=0.70×1) (-17→28=1.29×1) (-21→20=0.74×1) (-3→-5=1.26×1) (-21→2=1.25×2) |
| 282964 | 54 | 0.78 | 1 | 0.70~1.26 | (-6→15=0.70×1) (-3→-5=1.26×1) (-21→2=1.25×2) (-24→-22=1.23×1) (-18→10=0.77×1) |
| 282974 | 57 | 0.79 | 1 | 0.70~1.26 | (-6→15=0.71×2) (-3→-5=1.26×1) (-21→2=1.25×1) (-24→-22=1.23×1) (-18→10=0.77×1) |
| 282984 | 61 | 0.92 | 2 | 0.70~1.28 | (-6→15=0.71×3) (17→22=1.28×1) (-12→-27=1.27×1) (-3→-5=1.26×1) (-21→2=1.25×1) |
| 282995 | 63 | 0.98 | 1 | 0.70~1.28 | (-6→15=0.71×2) (17→22=1.28×1) (-23→16=0.73×2) (-12→-27=1.27×1) (23→14=0.74×1) |
| 283005 | 64 | 1.09 | 2 | 0.70~1.28 | (-6→15=0.70×3) (17→22=1.28×1) (-23→16=0.73×2) (-12→-27=1.27×1) (23→14=0.74×1) |
| 283015 | 65 | 1.06 | 1 | 0.70~1.28 | (-6→15=0.71×2) (-12→-5=0.72×1) (17→22=1.28×1) (-23→16=0.73×3) (-12→-27=1.27×1) |
| 283026 | 62 | 1.21 | 1 | 0.70~1.30 | (-3→-21=1.30×1) (-6→15=0.71×2) (-12→-5=0.72×1) (17→22=1.28×1) (1→11=0.73×1) |
| 283036 | 60 | 1.25 | 2 | 0.70~1.35 | (-21→2=1.30×2) (10→24=0.70×1) (-3→-21=1.30×1) (-6→15=0.71×2) (-12→-5=0.72×1) |
| 283046 | 53 | 1.36 | 2 | 0.70~1.35 | (-21→2=1.30×2) (10→24=0.70×1) (-6→15=0.71×1) (-3→-21=1.29×2) (-12→-5=0.72×1) |
| 283057 | 51 | 1.16 | 2 | 0.70~1.35 | (-21→2=1.30×2) (10→24=0.70×1) (-3→-21=1.30×1) (-6→15=0.71×1) (-12→-5=0.72×1) |
| 283067 | 51 | 1.16 | 2 | 0.71~1.35 | (-21→2=1.30×3) (2→-12=1.30×1) (-6→15=0.71×1) (-12→-5=0.72×1) (17→22=1.28×1) |
| 283077 | 51 | 1.02 | 2 | 0.72~1.35 | (-21→2=1.30×3) (2→-12=1.30×1) (-12→-5=0.72×1) (17→22=1.28×1) (-5→27=0.73×1) |
| 283088 | 52 | 1.23 | 2 | 0.67~1.30 | (2→-12=1.30×1) (-12→-5=0.72×1) (17→22=1.28×1) (18→-22=0.72×1) (-5→27=0.73×1) |
| 283098 | 52 | 1.27 | 2 | 0.67~1.30 | (2→-12=1.30×1) (-12→-5=0.72×1) (-9→-30=1.28×1) (17→22=1.28×1) (18→-22=0.72×1) |
| 283108 | 52 | 1.13 | 2 | 0.67~1.30 | (2→-12=1.30×1) (-9→-30=1.28×1) (17→22=1.28×1) (12→19=1.28×1) (-5→27=0.73×1) |
| 283119 | 51 | 0.94 | 2 | 0.67~1.30 | (2→-12=1.30×1) (3→22=0.71×1) (-9→-30=1.28×1) (12→19=1.28×1) (-5→27=0.73×1) |
| 283129 | 52 | 0.92 | 2 | 0.67~1.30 | (2→-12=1.30×1) (3→22=0.71×1) (-9→-30=1.28×1) (12→19=1.28×1) (-5→27=0.73×1) |
| 283139 | 50 | 0.96 | 2 | 0.71~1.30 | (2→-12=1.30×1) (3→22=0.71×1) (-9→-30=1.28×1) (12→19=1.28×1) (-5→27=0.73×1) |
| 283150 | 55 | 0.98 | 2 | 0.71~1.30 | (2→-12=1.30×1) (3→22=0.71×1) (-9→-30=1.28×1) (21→30=0.73×1) (-21→2=1.27×3) |
| 283160 | 52 | 0.75 | 2 | 0.71~1.28 | (3→22=0.71×1) (-9→-30=1.28×1) (21→30=0.73×1) (23→-31=1.27×1) (18→-7=1.27×1) |
| 283170 | 56 | 1.12 | 2 | 0.71~1.28 | (3→22=0.71×1) (-12→-10=0.71×1) (-9→-30=1.28×1) (21→30=0.73×1) (23→-31=1.27×1) |
| 283181 | 58 | 1.19 | 2 | 0.71~1.28 | (3→22=0.71×1) (-12→-10=0.71×1) (-9→-30=1.28×1) (21→30=0.73×1) (23→-31=1.27×1) |
| 283191 | 51 | 0.86 | 1 | 0.71~1.28 | (3→22=0.71×1) (-12→-10=0.71×1) (-9→-30=1.28×1) (21→30=0.73×1) (23→-31=1.27×1) |
| 283201 | 51 | 1.08 | 2 | 0.70~1.28 | (3→22=0.71×1) (-12→-10=0.71×1) (23→-1=0.71×1) (-12→-11=0.72×2) (-9→-30=1.28×1) |
| 283212 | 49 | 0.90 | 2 | 0.71~1.27 | (3→22=0.71×1) (-12→-10=0.71×1) (23→-1=0.71×1) (18→-7=1.27×1) (-12→-11=0.73×1) |
| 283222 | 55 | 1.15 | 2 | 0.71~1.27 | (3→22=0.71×1) (23→-1=0.71×2) (-17→4=0.73×1) (18→-7=1.27×1) (-12→-11=0.73×1) |
| 283232 | 54 | 0.96 | 2 | 0.72~1.25 | (23→-1=0.72×1) (-17→4=0.73×1) (-12→-11=0.73×1) (1→5=1.25×1) (-12→-15=0.76×1) |
| 283243 | 53 | 0.81 | 2 | 0.73~1.25 | (-17→4=0.73×1) (-12→-11=0.73×1) (1→5=1.25×1) (-12→-15=0.76×1) (15→2=1.22×1) |
| 283253 | 56 | 0.88 | 2 | 0.73~1.25 | (-17→4=0.73×1) (-12→-11=0.73×1) (1→5=1.25×1) (16→-16=1.25×1) (-12→-15=0.76×1) |
| 283263 | 53 | 0.77 | 1 | 0.73~1.28 | (16→-27=1.28×1) (-17→4=0.73×1) (1→5=1.25×1) (-12→-15=0.76×1) (15→2=1.22×1) |
| 283274 | 54 | 0.85 | 1 | 0.73~1.28 | (16→-27=1.28×1) (-17→4=0.73×1) (13→24=1.27×1) (-12→-15=0.76×1) (15→2=1.22×1) |
| 283284 | 53 | 0.68 | 1 | 0.73~1.28 | (16→-27=1.28×1) (-17→4=0.73×1) (13→24=1.27×1) (-12→-15=0.76×1) (15→2=1.22×1) |
| 283294 | 52 | 0.60 | 1 | 0.73~1.27 | (-17→4=0.73×1) (13→24=1.27×1) (-12→-15=0.76×1) (15→2=1.22×1) (-2→3=1.21×1) |
| 283305 | 52 | 0.58 | 1 | 0.73~1.27 | (-9→-18=0.73×1) (-17→4=0.73×1) (13→24=1.27×1) (-12→-15=0.76×1) (15→2=1.22×1) |
| 283315 | 54 | 0.59 | 1 | 0.73~1.27 | (-9→-18=0.73×1) (-17→4=0.73×1) (13→24=1.27×1) (-12→-15=0.76×1) (15→2=1.22×1) |
| 283325 | 52 | 0.63 | 1 | 0.73~1.29 | (5→26=1.29×1) (-9→-18=0.73×1) (-17→4=0.73×1) (13→24=1.27×1) (-6→-11=1.25×1) |
| 283336 | 50 | 0.58 | 1 | 0.73~1.29 | (5→26=1.29×1) (-9→-18=0.73×1) (13→24=1.27×1) (-6→-11=1.25×1) (15→2=1.22×1) |
| 283346 | 51 | 0.55 | 1 | 0.73~1.29 | (5→26=1.29×1) (-9→-18=0.73×1) (13→24=1.27×1) (-6→-11=1.25×1) (-3→9=0.76×1) |
| 283356 | 53 | 0.74 | 1 | 0.73~1.29 | (5→26=1.29×1) (-9→-18=0.73×1) (13→24=1.27×1) (-23→4=0.75×1) (-6→-11=1.25×1) |
| 283367 | 54 | 0.69 | 1 | 0.73~1.29 | (5→26=1.29×1) (-9→-18=0.73×1) (13→24=1.27×1) (-23→4=0.75×1) (-6→-11=1.25×1) |
| 283377 | 58 | 0.79 | 1 | 0.72~1.29 | (5→26=1.29×1) (3→-20=0.72×1) (-9→-18=0.73×1) (13→24=1.27×1) (-23→4=0.75×1) |
| 283387 | 57 | 0.75 | 1 | 0.70~1.35 | (-6→-11=1.35×1) (24→8=0.70×1) (-23→13=0.71×1) (3→-20=0.72×1) (5→26=1.28×1) |
| 283398 | 57 | 0.63 | 1 | 0.70~1.35 | (-6→-11=1.35×1) (24→8=0.70×1) (-23→13=0.71×1) (3→-20=0.72×1) (5→26=1.28×1) |
| 283408 | 52 | 0.67 | 1 | 0.70~1.21 | (24→8=0.70×1) (-23→13=0.71×1) (3→-20=0.72×1) (-9→-18=0.73×1) (7→-17=0.75×1) |
| 283418 | 54 | 0.69 | 1 | 0.70~1.21 | (24→8=0.70×1) (-23→13=0.71×1) (3→-20=0.72×1) (-9→-18=0.73×1) (7→-17=0.75×1) |
| 283429 | 53 | 0.66 | 1 | 0.70~1.21 | (24→8=0.70×1) (-23→13=0.71×1) (3→-20=0.72×1) (-9→-18=0.73×1) (7→-17=0.75×1) |
| 283439 | 48 | 0.48 | 1 | 0.75~1.21 | (7→-17=0.75×1) (-2→12=1.21×1) (-7→-23=0.81×1) (17→-1=1.19×1) (12→-16=1.18×1) |
| 283449 | 52 | 0.52 | 1 | 0.72~1.22 | (12→-9=0.72×1) (20→-9=0.73×1) (7→-17=0.75×1) (18→15=1.22×1) (-2→12=1.21×1) |
| 283460 | 53 | 0.53 | 1 | 0.72~1.23 | (12→-9=0.72×1) (20→-9=0.73×1) (7→-17=0.75×1) (2→-21=1.23×1) (18→15=1.22×1) |
| 283470 | 52 | 0.67 | 1 | 0.72~1.26 | (12→-9=0.72×1) (-14→17=0.72×1) (-22→-18=1.26×2) (13→-20=1.24×1) (2→-21=1.23×1) |
| 283480 | 50 | 0.64 | 1 | 0.72~1.25 | (12→-9=0.72×1) (-22→-18=1.25×1) (13→-20=1.24×1) (2→-21=1.23×1) (-2→-15=1.21×1) |
| 283491 | 50 | 0.70 | 1 | 0.71~1.25 | (16→5=0.71×1) (-14→-21=0.72×1) (12→-9=0.72×1) (-7→27=0.73×1) (-22→-18=1.25×1) |
| 283501 | 53 | 0.81 | 1 | 0.71~1.28 | (3→30=1.28×1) (12→-9=0.72×1) (-14→-21=0.72×2) (24→8=1.26×1) (-7→27=0.74×2) |
| 283511 | 51 | 0.82 | 1 | 0.71~1.28 | (18→27=1.28×1) (24→8=1.26×1) (13→3=0.74×1) (-6→26=0.74×1) (-17→11=1.25×1) |
| 283522 | 51 | 0.84 | 1 | 0.71~1.28 | (18→27=1.28×1) (24→8=1.26×1) (13→3=0.74×1) (-6→26=0.74×1) (-2→-20=1.25×1) |
| 283532 | 52 | 0.87 | 1 | 0.71~1.28 | (18→27=1.28×1) (24→8=1.26×1) (13→3=0.74×1) (-6→26=0.74×1) (-2→-20=1.25×1) |
| 283542 | 55 | 1.11 | 1 | 0.71~1.29 | (5→11=1.29×1) (18→27=1.28×1) (24→8=1.26×1) (-10→28=1.26×3) (13→3=0.74×1) |
| 283553 | 54 | 1.35 | 1 | 0.71~1.29 | (-3→-11=1.29×1) (5→11=1.29×1) (18→27=1.28×1) (24→8=1.26×1) (-10→28=1.26×3) |
| 283563 | 55 | 1.38 | 1 | 0.71~1.43 | (4→13=1.30×4) (-3→-11=1.29×1) (5→11=1.29×1) (18→27=1.28×1) (24→8=1.26×1) |
| 283573 | 55 | 1.25 | 1 | 0.71~1.43 | (4→13=1.31×3) (-3→-11=1.29×1) (5→11=1.29×1) (18→27=1.28×1) (-10→28=1.27×3) |
| 283584 | 51 | 1.25 | 1 | 0.71~1.43 | (4→13=1.34×2) (-3→-11=1.29×1) (5→11=1.29×1) (18→27=1.28×1) (-15→9=1.27×1) |
| 283594 | 52 | 1.21 | 1 | 0.74~1.29 | (-3→-11=1.29×1) (5→11=1.29×1) (-8→-27=1.28×1) (18→27=1.28×1) (-15→9=1.27×1) |
| 283604 | 50 | 1.24 | 1 | 0.73~1.29 | (5→11=1.29×1) (18→27=1.28×1) (-8→-27=1.27×2) (-15→9=1.27×1) (-9→9=0.73×1) |
| 283615 | 55 | 1.33 | 1 | 0.73~1.29 | (5→11=1.29×1) (18→27=1.28×1) (-15→9=1.27×1) (-8→-27=1.27×3) (-9→9=0.73×1) |
| 283625 | 57 | 1.39 | 1 | 0.73~1.29 | (18→27=1.28×1) (-8→-27=1.27×3) (-9→9=0.73×1) (24→8=1.26×1) (-10→28=1.26×1) |
| 283635 | 56 | 1.23 | 1 | 0.73~1.28 | (-8→-27=1.27×3) (-9→9=0.73×1) (24→8=1.26×1) (-20→-1=0.74×1) (10→11=0.74×1) |
| 283646 | 55 | 1.20 | 1 | 0.73~1.28 | (-8→-27=1.27×3) (-9→9=0.73×1) (24→8=1.26×1) (-1→-17=0.74×1) (-20→-1=0.74×1) |
| 283656 | 53 | 1.21 | 1 | 0.73~1.28 | (-8→-27=1.27×3) (-9→9=0.73×1) (24→8=1.26×1) (-1→-17=0.74×1) (-20→-1=0.74×1) |
| 283666 | 54 | 1.35 | 1 | 0.73~1.28 | (-8→-27=1.27×3) (-9→9=0.73×1) (-3→13=1.27×1) (24→8=1.26×1) (-1→-17=0.74×1) |
| 283677 | 50 | 1.34 | 1 | 0.73~1.28 | (-8→-27=1.27×3) (-9→9=0.73×1) (-3→13=1.27×1) (-1→-17=0.74×1) (-20→-1=0.74×1) |
| 283687 | 52 | 1.10 | 1 | 0.71~1.28 | (7→-29=0.71×1) (-8→-27=1.27×2) (-9→9=0.73×1) (-3→13=1.27×1) (-20→-1=0.74×1) |
| 283697 | 50 | 0.92 | 1 | 0.71~1.28 | (7→-29=0.71×1) (-8→-27=1.27×2) (-3→13=1.27×1) (-20→-1=0.74×1) (10→11=0.74×1) |
| 283708 | 52 | 0.98 | 1 | 0.71~1.28 | (8→-1=0.71×1) (7→-29=0.71×1) (-8→-27=1.27×2) (-3→13=1.27×1) (10→11=0.74×1) |
| 283718 | 50 | 0.84 | 1 | 0.71~1.28 | (8→-1=0.71×1) (7→-29=0.71×1) (-8→-27=1.28×1) (-3→13=1.27×1) (10→11=0.74×1) |
| 283728 | 51 | 0.90 | 1 | 0.71~1.28 | (8→-1=0.71×1) (7→-29=0.71×1) (-8→-27=1.28×1) (-3→13=1.27×1) (10→11=0.74×1) |
| 283739 | 53 | 1.09 | 1 | 0.71~1.29 | (8→-1=0.71×1) (7→-29=0.71×1) (-8→-27=1.28×1) (-3→13=1.27×1) (10→11=0.74×1) |
| 283749 | 54 | 1.02 | 1 | 0.71~1.29 | (8→-1=0.71×1) (7→-29=0.71×1) (-3→13=1.27×1) (20→-10=1.27×1) (10→11=0.74×1) |
| 283759 | 54 | 0.89 | 1 | 0.71~1.27 | (8→-1=0.71×1) (7→-29=0.71×1) (-20→3=0.72×1) (-3→13=1.27×1) (20→-10=1.27×1) |
| 283770 | 53 | 0.94 | 1 | 0.71~1.27 | (8→-1=0.71×1) (7→-29=0.71×1) (-20→3=0.72×1) (10→18=0.73×2) (-3→13=1.27×1) |
| 283780 | 51 | 0.94 | 1 | 0.71~1.27 | (7→-29=0.71×1) (-20→3=0.72×1) (10→18=0.73×2) (-3→13=1.27×1) (20→-10=1.27×1) |
| 283790 | 51 | 0.92 | 1 | 0.71~1.27 | (7→-29=0.71×1) (-20→3=0.72×1) (10→18=0.73×2) (20→-10=1.27×1) (-15→31=1.27×1) |
| 283801 | 52 | 0.90 | 1 | 0.71~1.27 | (7→-29=0.71×1) (-20→3=0.72×1) (10→18=0.73×2) (20→-10=1.27×1) (-15→31=1.27×1) |
| 283811 | 50 | 0.62 | 1 | 0.71~1.27 | (7→-29=0.71×1) (-20→3=0.72×1) (10→18=0.73×2) (20→-10=1.27×1) (-15→31=1.27×1) |
| 283821 | 50 | 0.52 | 1 | 0.71~1.27 | (7→-29=0.71×1) (-20→3=0.72×1) (20→-10=1.27×1) (-15→31=1.27×1) (10→18=0.73×1) |
| 283832 | 50 | 0.56 | 1 | 0.70~1.28 | (7→-4=0.70×1) (7→-29=0.71×1) (-18→16=1.28×1) (-20→3=0.72×1) (20→-10=1.27×1) |
| 283842 | 50 | 0.60 | 1 | 0.70~1.30 | (7→-4=0.70×1) (24→-19=1.30×1) (-18→16=1.28×1) (-20→3=0.72×1) (20→-10=1.27×1) |
| 283852 | 53 | 0.43 | 1 | 0.70~1.30 | (7→-4=0.70×1) (24→-19=1.30×1) (-18→16=1.28×1) (-20→3=0.72×1) (20→-10=1.27×1) |
| 283863 | 54 | 0.44 | 1 | 0.70~1.30 | (7→-4=0.70×1) (24→-19=1.30×1) (-18→16=1.28×1) (-20→3=0.72×1) (20→-10=1.27×1) |
| 283873 | 54 | 0.41 | 1 | 0.72~1.30 | (24→-19=1.30×1) (-20→3=0.72×1) (20→-10=1.27×1) (-15→31=1.27×1) (19→-22=0.75×1) |
| 283883 | 59 | 0.56 | 1 | 0.70~1.30 | (24→-19=1.30×1) (-18→-21=0.70×1) (-1→-6=1.29×1) (-20→3=0.72×1) (20→-10=1.27×1) |
| 283894 | 57 | 0.63 | 1 | 0.70~1.30 | (24→-19=1.30×1) (-18→-21=0.70×1) (-1→-6=1.29×1) (-9→1=0.71×1) (-12→18=0.72×1) |
| 283904 | 55 | 0.60 | 1 | 0.70~1.30 | (24→-19=1.30×1) (-18→-21=0.70×1) (-1→-6=1.29×1) (-9→1=0.71×1) (-12→18=0.72×1) |
| 283914 | 51 | 0.63 | 1 | 0.70~1.30 | (24→-19=1.30×1) (-18→-21=0.70×1) (-1→-6=1.29×1) (-12→18=0.72×1) (-9→1=0.72×2) |
| 283925 | 53 | 0.77 | 1 | 0.70~1.29 | (-3→25=0.70×1) (-18→-21=0.70×1) (-1→-6=1.29×1) (-12→18=0.72×1) (-9→1=0.72×3) |
| 283935 | 52 | 0.83 | 1 | 0.70~1.29 | (-3→25=0.70×1) (-18→-21=0.70×1) (-1→-6=1.29×1) (-12→18=0.72×1) (13→-18=0.72×1) |
| 283945 | 54 | 0.87 | 1 | 0.70~1.29 | (-3→25=0.70×1) (-18→-21=0.70×1) (-1→-6=1.29×1) (-12→18=0.72×1) (13→-18=0.72×1) |
| 283956 | 51 | 0.71 | 1 | 0.70~1.29 | (-3→25=0.70×1) (-18→-21=0.70×1) (-1→-6=1.29×1) (-9→1=0.71×1) (-12→18=0.72×1) |
| 283966 | 50 | 0.68 | 1 | 0.70~1.29 | (-3→25=0.70×1) (-18→-21=0.70×1) (-1→-6=1.29×1) (-9→1=0.71×1) (-12→18=0.72×1) |
| 283976 | 53 | 0.79 | 1 | 0.70~1.29 | (-3→25=0.70×1) (-18→-21=0.70×1) (-1→-6=1.29×1) (-9→1=0.71×1) (-12→18=0.72×1) |
| 283987 | 54 | 1.00 | 1 | 0.70~1.29 | (-3→25=0.70×1) (-18→-21=0.70×1) (-1→-6=1.29×1) (-12→18=0.72×1) (13→-18=0.72×1) |
| 283997 | 54 | 1.04 | 1 | 0.70~1.29 | (-3→25=0.70×1) (-18→-21=0.70×1) (-1→-6=1.29×1) (-12→18=0.72×1) (13→-18=0.72×1) |
| 284007 | 55 | 1.13 | 1 | 0.70~1.29 | (-18→-21=0.70×1) (-1→-6=1.29×1) (-12→18=0.72×1) (13→-18=0.72×1) (-18→13=1.28×1) |
| 284018 | 50 | 1.04 | 1 | 0.70~1.29 | (-18→-21=0.70×1) (-1→-6=1.29×1) (-18→13=1.28×1) (16→-21=0.73×1) (-13→23=0.76×1) |
| 284028 | 56 | 0.95 | 1 | 0.70~1.29 | (-18→-21=0.70×1) (-1→-6=1.29×1) (16→-21=0.73×1) (19→6=0.74×1) (1→11=0.74×1) |
| 284038 | 56 | 1.11 | 1 | 0.70~1.29 | (-18→-21=0.70×1) (-1→-6=1.29×1) (-9→16=1.29×1) (16→-21=0.73×1) (19→6=0.74×1) |
| 284049 | 57 | 1.09 | 1 | 0.70~1.29 | (-18→-21=0.70×1) (-1→-6=1.29×1) (-9→16=1.29×1) (-8→3=0.71×1) (16→-21=0.73×1) |
| 284059 | 50 | 1.04 | 1 | 0.70~1.29 | (-18→-21=0.70×1) (-1→-6=1.29×1) (-9→16=1.29×1) (-8→3=0.71×1) (16→-21=0.73×1) |
| 284069 | 55 | 1.00 | 1 | 0.67~1.29 | (-6→-13=0.70×3) (-18→-21=0.70×1) (-1→-6=1.29×1) (-8→3=0.71×1) (-11→4=1.27×2) |
| 284080 | 50 | 0.88 | 1 | 0.67~1.29 | (-6→-13=0.70×2) (-18→-21=0.70×1) (-1→-6=1.29×1) (-8→3=0.71×1) (-11→4=1.28×1) |
| 284090 | 51 | 0.76 | 1 | 0.67~1.30 | (-6→-13=0.70×2) (12→22=1.30×1) (-18→-21=0.70×1) (-1→-6=1.29×1) (-8→3=0.71×1) |
| 284100 | 53 | 0.75 | 1 | 0.67~1.30 | (12→22=1.30×1) (-18→-21=0.70×1) (-1→-6=1.29×1) (-11→4=1.28×1) (-6→-13=0.72×4) |
| 284111 | 49 | 0.59 | 1 | 0.67~1.29 | (-18→-21=0.70×1) (-1→-6=1.29×1) (-6→-13=0.72×3) (-11→4=1.28×1) (7→29=1.27×1) |
| 284121 | 50 | 0.54 | 1 | 0.67~1.29 | (-18→-21=0.70×1) (-1→-6=1.29×1) (-6→-13=0.71×2) (-11→4=1.28×1) (7→29=1.27×1) |
| 284131 | 50 | 0.52 | 1 | 0.70~1.29 | (-18→-21=0.70×1) (-1→-6=1.29×1) (7→29=1.27×1) (19→6=0.74×1) (-6→-13=0.75×1) |
| 284142 | 51 | 0.61 | 1 | 0.70~1.29 | (-18→-21=0.70×1) (-1→-6=1.29×1) (7→29=1.27×1) (1→-1=0.73×1) (19→6=0.74×1) |
| 284152 | 54 | 0.78 | 1 | 0.70~1.29 | (-18→-21=0.70×1) (-1→-6=1.29×1) (7→29=1.27×1) (-5→27=0.73×1) (19→6=0.74×1) |
| 284162 | 57 | 0.74 | 1 | 0.70~1.29 | (-18→-21=0.70×1) (-1→-6=1.29×1) (-5→27=0.73×1) (19→6=0.74×1) (1→-1=0.74×2) |
| 284173 | 59 | 0.85 | 1 | 0.70~1.29 | (-18→-21=0.70×1) (-1→-6=1.29×1) (5→-6=1.27×1) (-5→27=0.73×1) (1→-1=0.74×2) |
| 284183 | 56 | 0.79 | 1 | 0.73~1.27 | (5→-6=1.27×1) (-5→27=0.73×1) (1→-1=0.74×2) (19→6=0.74×2) (-7→-1=1.26×1) |
| 284193 | 53 | 0.66 | 1 | 0.73~1.27 | (5→-6=1.27×1) (1→-1=0.73×1) (19→6=0.74×2) (-7→-1=1.26×1) (-3→12=0.78×1) |
| 284204 | 51 | 0.67 | 1 | 0.74~1.29 | (20→-24=1.29×1) (-10→-12=1.29×1) (5→-6=1.27×1) (-16→3=1.27×1) (19→6=0.74×2) |
| 284214 | 53 | 0.70 | 1 | 0.74~1.29 | (20→-24=1.29×1) (-10→-12=1.29×1) (5→-6=1.27×1) (-4→-17=1.27×1) (-16→3=1.27×1) |
| 284224 | 56 | 0.88 | 1 | 0.70~1.29 | (20→9=0.70×1) (-24→-21=0.70×1) (20→-24=1.29×1) (5→-6=1.27×1) (-16→3=1.27×1) |
| 284235 | 57 | 0.96 | 1 | 0.70~1.29 | (-24→-21=0.70×1) (20→9=0.71×2) (20→-24=1.29×1) (5→-6=1.27×1) (-16→3=1.27×1) |
| 284245 | 56 | 0.86 | 1 | 0.70~1.29 | (20→9=0.70×1) (20→-24=1.29×1) (5→-6=1.27×1) (-16→3=1.27×1) (19→6=0.74×2) |
| 284255 | 52 | 0.81 | 1 | 0.70~1.29 | (20→9=0.70×1) (20→-24=1.29×1) (5→-6=1.27×1) (-16→3=1.27×1) (19→6=0.74×2) |
| 284266 | 55 | 0.89 | 1 | 0.70~1.29 | (20→9=0.70×1) (20→-24=1.29×1) (4→22=0.72×1) (5→-6=1.27×1) (-16→3=1.27×1) |
| 284276 | 54 | 1.00 | 1 | 0.70~1.29 | (20→9=0.70×1) (20→-24=1.29×1) (4→22=0.72×1) (5→-6=1.27×1) (-16→3=1.27×1) |
| 284286 | 54 | 0.83 | 1 | 0.70~1.29 | (20→9=0.70×1) (20→-24=1.29×1) (4→22=0.72×1) (5→-6=1.27×1) (-16→3=1.27×1) |
| 284297 | 52 | 0.73 | 1 | 0.70~1.29 | (20→9=0.70×1) (20→-24=1.29×1) (4→22=0.72×1) (5→-6=1.27×1) (-16→3=1.27×1) |
| 284307 | 51 | 0.80 | 1 | 0.70~1.29 | (20→9=0.70×1) (20→-24=1.29×1) (4→22=0.72×1) (5→-6=1.27×1) (-16→3=1.27×1) |
| 284317 | 53 | 0.64 | 1 | 0.72~1.30 | (-21→-29=1.30×1) (20→-24=1.29×1) (14→6=0.72×1) (5→-6=1.27×1) (-16→3=1.27×1) |
| 284328 | 52 | 0.65 | 1 | 0.72~1.33 | (-21→-29=1.30×1) (20→-24=1.29×1) (14→6=0.72×1) (5→-6=1.27×1) (-22→-9=1.27×1) |
| 284338 | 53 | 0.74 | 2 | 0.72~1.33 | (-21→-29=1.30×1) (20→-24=1.29×1) (14→6=0.72×1) (-12→-16=1.27×1) (-22→-9=1.27×1) |
| 284348 | 52 | 0.67 | 2 | 0.70~1.33 | (-21→-29=1.30×1) (12→8=0.70×1) (14→6=0.72×1) (-12→-16=1.27×1) (19→6=0.74×1) |
| 284359 | 50 | 0.54 | 1 | 0.70~1.30 | (-21→-29=1.30×1) (12→8=0.70×1) (14→6=0.72×1) (19→6=0.74×1) (16→-27=0.74×1) |
| 284369 | 50 | 0.50 | 1 | 0.70~1.30 | (-21→-29=1.30×1) (12→8=0.70×1) (14→6=0.72×1) (16→-27=0.74×1) (-6→-31=0.75×1) |
| 284379 | 50 | 0.56 | 2 | 0.70~1.30 | (-21→-29=1.30×1) (12→8=0.70×1) (14→6=0.72×1) (16→-27=0.74×1) (-4→23=1.22×1) |
| 284390 | 51 | 0.55 | 2 | 0.70~1.30 | (-8→24=0.70×1) (-21→-29=1.30×1) (12→8=0.70×1) (13→18=1.28×1) (14→6=0.72×1) |
| 284400 | 50 | 0.52 | 2 | 0.70~1.30 | (-8→24=0.70×1) (-21→-29=1.30×1) (12→8=0.70×1) (13→18=1.28×1) (14→6=0.72×1) |
| 284410 | 52 | 0.65 | 2 | 0.70~1.28 | (12→8=0.70×1) (13→18=1.28×2) (14→6=0.72×1) (-15→22=1.27×1) (-6→10=1.26×1) |
| 284421 | 50 | 0.50 | 1 | 0.70~1.28 | (12→8=0.70×1) (13→18=1.28×2) (-15→22=1.27×1) (-6→10=1.26×1) (-8→24=0.75×2) |
| 284431 | 49 | 0.39 | 1 | 0.70~1.28 | (-8→24=0.70×1) (-24→-16=0.71×1) (13→18=1.28×1) (15→-10=1.28×1) (-15→22=1.27×1) |
| 284441 | 56 | 0.66 | 1 | 0.70~1.28 | (-8→24=0.70×1) (-24→-16=0.71×1) (13→18=1.28×1) (15→-10=1.28×1) (5→27=0.73×2) |
| 284452 | 54 | 0.57 | 1 | 0.70~1.28 | (-8→24=0.70×1) (-24→-16=0.71×1) (13→18=1.28×1) (15→-10=1.28×1) (5→27=0.72×1) |
| 284462 | 50 | 0.54 | 1 | 0.64~1.27 | (5→27=0.68×2) (-5→-19=0.73×1) (-15→22=1.27×1) (-6→10=1.26×1) (6→11=0.74×1) |
| 284472 | 52 | 0.81 | 1 | 0.64~1.29 | (5→27=0.68×2) (1→14=1.29×1) (1→-26=1.28×1) (-15→22=1.27×1) (-6→10=1.26×1) |
| 284483 | 50 | 1.12 | 1 | 0.72~1.30 | (1→14=1.29×1) (-14→6=1.29×2) (24→28=1.28×2) (5→27=0.72×1) (1→-26=1.28×2) |
| 284493 | 54 | 1.09 | 1 | 0.72~1.30 | (-14→6=1.29×2) (24→28=1.28×2) (5→27=0.72×1) (1→-26=1.28×2) (7→-22=1.28×2) |
| 284503 | 56 | 1.25 | 1 | 0.74~1.30 | (-14→6=1.29×2) (24→28=1.28×2) (1→-26=1.28×2) (7→-22=1.28×2) (19→7=1.27×2) |
| 284514 | 59 | 1.24 | 1 | 0.71~1.30 | (4→28=0.71×1) (-14→6=1.29×2) (1→-26=1.28×1) (24→28=1.28×2) (7→-22=1.28×2) |
| 284524 | 57 | 1.28 | 1 | 0.71~1.30 | (4→28=0.71×1) (-14→6=1.29×2) (1→-26=1.28×1) (24→28=1.28×2) (7→-22=1.28×2) |
| 284534 | 61 | 1.28 | 1 | 0.71~1.30 | (4→28=0.71×1) (-14→6=1.29×2) (24→28=1.28×2) (7→-22=1.28×2) (19→7=1.27×1) |
| 284545 | 54 | 1.09 | 1 | 0.71~1.30 | (-14→6=1.30×1) (4→28=0.71×1) (24→28=1.29×1) (7→-22=1.28×1) (19→7=1.27×1) |
| 284555 | 53 | 1.13 | 1 | 0.71~1.30 | (-14→6=1.30×1) (19→20=1.30×1) (4→28=0.71×1) (24→28=1.29×1) (7→-22=1.28×1) |
| 284565 | 54 | 1.06 | 1 | 0.71~1.30 | (19→20=1.30×1) (4→28=0.71×1) (19→7=1.27×1) (-15→22=1.27×1) (-23→-18=0.74×1) |
| 284576 | 52 | 0.87 | 1 | 0.71~1.30 | (19→20=1.30×1) (-16→-23=0.71×1) (13→25=0.72×1) (-23→-18=0.74×1) (-24→-10=0.74×1) |
| 284586 | 50 | 0.76 | 1 | 0.71~1.23 | (-16→-23=0.71×1) (20→9=0.72×1) (13→25=0.72×1) (-23→-18=0.74×1) (17→-18=0.76×1) |
| 284596 | 53 | 0.89 | 1 | 0.71~1.25 | (-16→-23=0.71×1) (20→9=0.72×1) (13→25=0.72×1) (-17→1=1.25×1) (17→-18=0.76×1) |
| 284607 | 53 | 1.23 | 1 | 0.71~1.30 | (-2→5=1.30×1) (-16→-23=0.71×1) (20→9=0.72×1) (13→25=0.72×1) (-12→-15=0.74×1) |
| 284617 | 56 | 1.29 | 1 | 0.71~1.30 | (-2→5=1.30×1) (-16→-23=0.71×1) (-21→-6=1.29×1) (8→5=1.29×1) (5→25=1.28×1) |
| 284627 | 57 | 1.25 | 1 | 0.71~1.30 | (-2→5=1.30×1) (-16→-23=0.71×1) (-21→-6=1.29×1) (8→5=1.29×1) (9→-22=1.28×1) |
| 284638 | 58 | 1.26 | 1 | 0.71~1.29 | (-16→-23=0.71×1) (-21→-6=1.29×1) (8→5=1.29×1) (9→-22=1.28×1) (5→25=1.28×1) |
| 284648 | 55 | 1.16 | 1 | 0.71~1.29 | (-16→-23=0.71×1) (-21→-6=1.29×1) (8→5=1.29×1) (9→-22=1.28×1) (5→25=1.28×1) |
| 284658 | 55 | 1.11 | 1 | 0.71~1.29 | (-16→-23=0.71×1) (-21→-6=1.29×1) (8→5=1.29×1) (9→-22=1.28×1) (5→25=1.28×1) |
| 284669 | 51 | 1.02 | 1 | 0.71~1.29 | (-16→-23=0.71×1) (8→5=1.29×1) (9→-22=1.28×1) (13→25=0.72×1) (8→-7=0.73×1) |
| 284679 | 50 | 1.04 | 1 | 0.71~1.29 | (-16→-23=0.71×1) (8→5=1.29×1) (9→-22=1.28×1) (13→25=0.72×1) (8→-7=0.73×1) |
| 284689 | 51 | 0.96 | 1 | 0.71~1.29 | (-16→-23=0.71×1) (8→5=1.29×1) (-24→-6=1.28×1) (13→25=0.72×1) (13→-25=0.75×1) |
| 284700 | 55 | 1.05 | 1 | 0.71~1.28 | (-16→-23=0.71×1) (-24→-6=1.28×1) (13→25=0.72×1) (-18→25=1.27×2) (9→20=1.25×1) |
| 284710 | 54 | 0.94 | 1 | 0.71~1.28 | (-16→-23=0.71×1) (-24→-6=1.28×1) (13→25=0.72×1) (-18→25=1.27×2) (9→20=1.25×1) |
| 284720 | 56 | 1.11 | 1 | 0.71~1.28 | (-16→-23=0.71×1) (-21→-9=0.72×1) (-24→-6=1.28×1) (18→27=1.28×1) (-18→25=1.27×3) |
| 284731 | 57 | 1.18 | 1 | 0.71~1.28 | (-16→-23=0.71×1) (-24→-6=1.28×1) (-1→-31=1.28×1) (18→27=1.28×1) (-18→25=1.27×2) |
| 284741 | 59 | 1.14 | 1 | 0.71~1.29 | (-16→-23=0.71×1) (-4→28=1.29×1) (-24→-6=1.28×1) (-1→-31=1.28×1) (-18→25=1.28×1) |
| 284751 | 57 | 1.14 | 2 | 0.71~1.29 | (-16→-23=0.71×1) (-4→28=1.29×1) (-24→-6=1.28×1) (-1→-31=1.28×1) (18→27=1.28×1) |
| 284762 | 56 | 1.18 | 2 | 0.71~1.29 | (-16→-23=0.71×1) (-4→28=1.29×1) (-24→-6=1.28×1) (-1→-31=1.28×1) (18→27=1.28×1) |
| 284772 | 52 | 0.98 | 2 | 0.73~1.29 | (-4→28=1.29×1) (-24→-6=1.28×1) (-1→-31=1.28×1) (18→27=1.28×1) (-20→20=0.73×1) |
| 284782 | 52 | 1.19 | 2 | 0.73~1.29 | (-4→28=1.29×1) (-24→-6=1.28×1) (-1→-31=1.28×1) (18→27=1.28×1) (-20→20=0.73×1) |
| 284793 | 51 | 1.14 | 2 | 0.70~1.29 | (-22→-13=0.70×1) (-4→28=1.29×1) (-24→-6=1.28×1) (-1→-31=1.28×1) (-20→20=0.73×1) |
| 284803 | 50 | 1.22 | 2 | 0.70~1.29 | (-22→-13=0.70×1) (-4→28=1.29×1) (-24→-6=1.28×1) (-1→-31=1.28×1) (-20→20=0.73×1) |
| 284813 | 54 | 1.09 | 1 | 0.70~1.29 | (-22→-13=0.70×1) (20→-3=0.71×1) (-4→28=1.29×1) (-24→-6=1.28×1) (-1→-31=1.28×1) |
| 284824 | 55 | 0.95 | 1 | 0.70~1.29 | (-22→-13=0.70×1) (20→-3=0.71×1) (-4→28=1.29×1) (15→7=1.29×1) (-24→-6=1.28×1) |
| 284834 | 55 | 1.11 | 1 | 0.70~1.29 | (-22→-13=0.70×1) (20→-3=0.71×2) (-4→28=1.29×1) (15→7=1.29×1) (-24→-6=1.28×1) |
| 284844 | 54 | 1.13 | 1 | 0.70~1.29 | (-22→-13=0.70×1) (20→-3=0.71×2) (-4→28=1.29×1) (15→7=1.29×1) (-24→-6=1.28×1) |
| 284855 | 51 | 0.84 | 1 | 0.70~1.29 | (-22→-13=0.70×1) (20→-3=0.71×2) (-4→28=1.29×1) (15→7=1.29×1) (-23→-2=1.27×1) |
| 284865 | 50 | 0.74 | 1 | 0.70~1.29 | (-22→-13=0.70×1) (20→-3=0.71×2) (-4→28=1.29×1) (15→7=1.29×1) (-11→15=1.24×1) |
| 284875 | 50 | 0.76 | 1 | 0.70~1.29 | (-22→-13=0.70×1) (20→-3=0.71×2) (-4→28=1.29×1) (15→7=1.29×1) (12→-23=0.75×1) |
| 284886 | 51 | 0.73 | 1 | 0.70~1.24 | (20→-3=0.71×2) (12→-23=0.75×1) (-11→15=1.24×1) (-13→-15=1.23×1) (-1→15=1.22×1) |
| 284896 | 53 | 1.06 | 1 | 0.70~1.27 | (20→-3=0.71×2) (17→24=0.71×1) (-22→28=0.73×1) (12→-23=0.75×1) (11→1=0.77×1) |
| 284906 | 55 | 1.22 | 1 | 0.70~1.28 | (20→-3=0.71×2) (-22→28=0.72×2) (12→-30=1.26×2) (12→-23=0.75×1) (12→29=1.23×1) |
| 284917 | 55 | 1.13 | 1 | 0.71~1.28 | (20→-3=0.71×1) (-22→28=0.72×2) (21→27=1.28×1) (12→-30=1.26×2) (2→-12=1.25×1) |
| 284927 | 59 | 1.27 | 2 | 0.71~1.28 | (20→-3=0.71×1) (-22→28=0.72×2) (21→27=1.28×1) (12→-30=1.26×2) (2→-12=1.25×1) |
| 284937 | 55 | 1.22 | 2 | 0.71~1.28 | (-22→28=0.72×2) (21→27=1.28×1) (12→-30=1.26×2) (2→-12=1.25×1) (-2→-20=1.25×1) |
| 284948 | 53 | 1.34 | 2 | 0.71~1.37 | (-22→28=0.71×1) (7→12=0.72×1) (-2→-20=1.25×1) (12→-30=1.24×1) (20→29=0.76×1) |
| 284958 | 50 | 1.60 | 2 | 0.71~1.37 | (-22→28=0.71×1) (7→12=0.72×1) (-2→-20=1.25×1) (11→4=0.75×1) (18→-16=0.76×1) |
| 284968 | 50 | 1.42 | 2 | 0.71~1.46 | (-7→18=1.30×3) (-22→28=0.71×1) (7→12=0.72×1) (1→10=1.25×4) (11→4=0.76×2) |
| 284979 | 55 | 1.11 | 2 | 0.71~1.46 | (-22→28=0.71×1) (7→12=0.72×1) (-7→18=1.28×4) (-21→-9=0.75×1) (11→4=0.76×2) |
| 284989 | 54 | 1.00 | 2 | 0.72~1.46 | (7→12=0.72×1) (-7→18=1.28×4) (-21→-9=0.75×1) (11→4=0.76×2) (20→29=0.76×1) |
| 284999 | 55 | 0.95 | 1 | 0.72~1.23 | (7→12=0.72×1) (22→-31=0.72×1) (-21→-9=0.75×1) (11→4=0.75×1) (20→29=0.76×1) |
| 285010 | 57 | 0.84 | 1 | 0.72~1.23 | (7→12=0.72×1) (22→-31=0.72×1) (-21→-9=0.75×1) (20→29=0.76×1) (-17→6=0.77×1) |
| 285020 | 53 | 0.92 | 1 | 0.72~1.28 | (7→12=0.72×1) (13→13=1.28×1) (-21→-9=0.75×1) (20→29=0.76×1) (11→1=0.77×1) |
| 285030 | 51 | 0.90 | 1 | 0.72~1.28 | (7→12=0.72×1) (13→13=1.28×1) (20→29=0.76×1) (-24→-25=0.77×1) (11→1=0.77×1) |
| 285041 | 53 | 0.81 | 1 | 0.72~1.23 | (7→12=0.72×1) (16→15=0.75×1) (-8→-1=0.76×1) (-19→3=0.76×1) (20→29=0.76×1) |
| 285051 | 53 | 0.94 | 2 | 0.72~1.23 | (7→12=0.72×1) (-2→-19=0.72×2) (16→15=0.75×1) (-8→-1=0.76×1) (-19→3=0.76×1) |
| 285061 | 54 | 0.94 | 2 | 0.72~1.23 | (7→12=0.72×1) (-2→-19=0.72×2) (16→15=0.75×1) (-8→-1=0.76×1) (-19→3=0.76×1) |
| 285072 | 52 | 0.92 | 2 | 0.72~1.23 | (-2→-19=0.72×3) (16→15=0.75×1) (-8→-1=0.76×1) (-19→3=0.76×1) (23→2=1.23×1) |
| 285082 | 51 | 0.86 | 2 | 0.73~1.30 | (-17→-30=1.30×1) (-3→19=1.28×1) (-2→-19=0.73×2) (16→15=0.75×1) (-19→3=0.76×1) |
| 285092 | 50 | 0.74 | 2 | 0.73~1.30 | (-17→-30=1.30×1) (-3→19=1.28×1) (-2→-19=0.73×2) (16→15=0.75×1) (-12→-9=0.76×2) |
| 285103 | 53 | 0.85 | 2 | 0.73~1.30 | (-17→-30=1.30×1) (-13→-16=1.29×1) (-3→19=1.28×1) (-23→8=0.73×1) (-2→-19=0.73×2) |
| 285113 | 52 | 0.77 | 1 | 0.73~1.30 | (-17→-30=1.30×1) (17→18=1.29×1) (-13→-16=1.29×1) (-23→8=0.73×1) (-2→-19=0.73×1) |
| 285123 | 53 | 0.75 | 1 | 0.73~1.30 | (-17→-30=1.30×1) (-13→-16=1.29×1) (17→18=1.29×2) (-23→8=0.73×1) (-2→-19=0.73×1) |
| 285134 | 53 | 0.89 | 1 | 0.73~1.30 | (-17→-30=1.30×1) (-13→-16=1.29×1) (17→18=1.28×3) (-23→8=0.73×1) (-2→-19=0.73×1) |
| 285144 | 51 | 0.67 | 1 | 0.75~1.29 | (17→18=1.28×3) (16→15=0.75×1) (11→-20=1.23×1) (5→-28=1.23×1) (7→27=0.77×1) |
| 285154 | 51 | 0.73 | 1 | 0.75~1.29 | (17→18=1.28×3) (16→15=0.75×1) (11→-20=1.23×1) (5→-28=1.23×1) (7→27=0.77×1) |
| 285165 | 52 | 0.63 | 1 | 0.75~1.29 | (17→18=1.28×2) (16→15=0.75×1) (11→-20=1.23×1) (5→-28=1.23×1) (7→27=0.77×1) |
| 285175 | 49 | 0.55 | 1 | 0.77~1.29 | (17→18=1.28×2) (11→-20=1.23×1) (7→27=0.77×1) (-9→-2=1.21×1) (-3→11=0.81×1) |
| 285185 | 49 | 0.57 | 1 | 0.77~1.29 | (17→18=1.28×2) (11→-20=1.23×1) (7→27=0.77×1) (-21→-26=0.79×1) (-9→-2=1.21×1) |
| 285196 | 52 | 0.52 | 1 | 0.77~1.27 | (17→18=1.27×1) (-10→-25=1.26×1) (11→-20=1.23×1) (7→27=0.77×1) (-21→-26=0.79×1) |
| 285206 | 51 | 0.57 | 1 | 0.77~1.27 | (17→18=1.27×1) (-10→-25=1.26×1) (11→-20=1.23×1) (7→27=0.77×1) (6→7=0.77×1) |
| 285216 | 56 | 0.88 | 1 | 0.71~1.27 | (-15→-14=0.71×1) (17→18=1.27×1) (-10→-25=1.26×1) (11→-20=1.23×1) (7→27=0.77×1) |
| 285227 | 58 | 0.90 | 1 | 0.71~1.27 | (-15→-14=0.71×1) (-6→-25=0.72×1) (17→18=1.27×1) (-10→-25=1.26×1) (11→-20=1.23×1) |
| 285237 | 57 | 0.86 | 1 | 0.71~1.27 | (-15→-14=0.71×1) (-6→-25=0.72×1) (17→18=1.27×1) (-10→-25=1.26×1) (11→-20=1.23×1) |
| 285247 | 52 | 0.60 | 1 | 0.71~1.26 | (-15→-14=0.71×1) (-6→-25=0.72×1) (-10→-25=1.26×1) (7→27=0.77×1) (6→7=0.77×1) |
| 285258 | 50 | 0.64 | 1 | 0.71~1.21 | (-15→-14=0.71×1) (-6→-25=0.72×1) (7→27=0.77×1) (6→7=0.77×1) (17→19=0.78×1) |
| 285268 | 50 | 0.70 | 1 | 0.71~1.21 | (12→-27=0.71×1) (-15→-14=0.71×1) (-6→-25=0.72×1) (7→27=0.77×1) (6→7=0.77×1) |
| 285278 | 54 | 0.94 | 1 | 0.71~1.21 | (12→-27=0.71×1) (-15→-14=0.71×1) (-6→-25=0.72×1) (7→27=0.77×1) (6→7=0.77×1) |
| 285289 | 55 | 0.89 | 1 | 0.71~1.27 | (12→-27=0.71×1) (-15→-14=0.71×1) (-6→-25=0.72×1) (-20→9=1.27×1) (7→27=0.77×1) |
| 285299 | 52 | 0.88 | 1 | 0.71~1.27 | (-15→-14=0.71×1) (-6→-25=0.72×1) (-20→9=1.27×1) (-3→4=1.23×1) (6→7=0.77×1) |
| 285309 | 52 | 0.83 | 1 | 0.71~1.27 | (-15→-14=0.71×1) (-6→-25=0.72×1) (5→19=0.73×1) (-20→9=1.27×1) (-3→4=1.23×1) |
| 285320 | 51 | 0.61 | 1 | 0.72~1.27 | (-6→-25=0.72×1) (5→19=0.73×1) (-20→9=1.27×1) (-3→4=1.23×1) (4→-27=1.23×1) |
| 285330 | 54 | 0.70 | 1 | 0.72~1.27 | (-6→-25=0.72×1) (5→19=0.73×1) (-20→9=1.27×1) (-5→-24=1.26×1) (-12→-11=1.24×1) |
| 285340 | 52 | 0.73 | 1 | 0.72~1.27 | (-6→-25=0.72×1) (5→19=0.73×1) (-20→9=1.27×1) (-5→-24=1.26×1) (-12→-11=1.24×1) |
| 285351 | 51 | 0.73 | 1 | 0.72~1.27 | (-6→-25=0.72×1) (5→19=0.73×1) (-20→9=1.27×1) (-22→23=0.73×1) (-5→-24=1.26×1) |
| 285361 | 51 | 0.67 | 1 | 0.72~1.27 | (-6→-25=0.72×1) (5→19=0.73×1) (-20→9=1.27×1) (-22→23=0.73×1) (-5→-24=1.26×1) |
| 285371 | 53 | 0.74 | 1 | 0.72~1.27 | (-6→-25=0.72×1) (-20→9=1.27×1) (-22→23=0.73×1) (-5→-24=1.26×1) (20→26=1.25×1) |
| 285382 | 53 | 0.77 | 1 | 0.72~1.28 | (-6→-25=0.72×1) (-19→4=1.28×1) (-20→9=1.27×1) (-22→23=0.73×1) (-5→-24=1.26×1) |
| 285392 | 54 | 0.85 | 1 | 0.72~1.29 | (21→-20=1.29×1) (-6→-25=0.72×1) (10→-13=0.72×1) (-19→4=1.28×1) (-22→23=0.73×1) |
| 285402 | 50 | 0.72 | 1 | 0.72~1.29 | (21→-20=1.29×1) (-19→4=1.28×1) (10→-13=0.72×2) (-22→23=0.73×1) (-5→-24=1.26×1) |
| 285413 | 50 | 0.78 | 1 | 0.62~1.29 | (10→-13=0.69×3) (21→-20=1.29×1) (-19→4=1.28×1) (-22→23=0.73×1) (-5→-24=1.26×1) |
| 285423 | 50 | 0.72 | 1 | 0.62~1.29 | (10→-13=0.67×2) (21→-20=1.29×1) (-19→4=1.28×1) (-13→-13=0.73×1) (-5→-24=1.26×1) |
| 285433 | 52 | 1.06 | 2 | 0.62~1.30 | (10→-13=0.62×1) (21→-20=1.29×1) (2→-22=0.72×1) (-12→-31=1.28×4) (5→-14=1.28×3) |
| 285444 | 50 | 1.22 | 2 | 0.62~1.30 | (10→-13=0.62×1) (5→-14=1.29×2) (-12→-31=1.29×3) (21→-20=1.29×1) (2→-22=0.72×1) |
| 285454 | 52 | 1.23 | 2 | 0.62~1.30 | (10→-13=0.62×1) (5→-14=1.29×1) (-12→-31=1.29×3) (21→-20=1.29×1) (2→-22=0.72×1) |
| 285464 | 51 | 1.35 | 2 | 0.71~1.30 | (5→-14=1.29×1) (-12→-31=1.29×3) (21→-20=1.29×1) (2→-22=0.72×1) (17→-23=1.28×1) |
| 285475 | 51 | 1.37 | 2 | 0.71~1.30 | (5→-14=1.29×1) (-14→-26=1.29×1) (-12→-31=1.29×3) (2→-22=0.72×1) (17→-23=1.28×1) |
| 285485 | 53 | 1.23 | 2 | 0.71~1.30 | (-14→-26=1.29×1) (-12→-31=1.29×2) (2→-22=0.72×1) (17→-23=1.28×1) (-15→-22=1.28×3) |
| 285495 | 49 | 1.02 | 2 | 0.72~1.30 | (-14→-26=1.29×1) (-12→-31=1.29×2) (2→-22=0.72×1) (17→-23=1.28×1) (-13→-13=0.73×1) |
| 285506 | 50 | 0.96 | 2 | 0.72~1.30 | (-16→-5=1.30×1) (-14→-26=1.29×1) (-12→-31=1.29×1) (2→-22=0.72×1) (17→-23=1.28×1) |
| 285516 | 50 | 0.92 | 2 | 0.72~1.30 | (-16→-5=1.30×1) (-14→-26=1.29×1) (-12→-31=1.29×1) (2→-22=0.72×1) (17→-23=1.28×1) |
| 285526 | 52 | 0.90 | 1 | 0.71~1.30 | (-16→-5=1.29×2) (-14→-26=1.29×1) (-15→13=0.71×1) (-12→-31=1.29×1) (2→-22=0.72×1) |
| 285537 | 53 | 1.00 | 1 | 0.71~1.30 | (-16→-5=1.29×2) (-14→-26=1.29×1) (-15→13=0.71×1) (-12→-31=1.29×1) (2→-22=0.72×1) |
| 285547 | 56 | 1.04 | 1 | 0.71~1.30 | (-14→-26=1.29×1) (-16→-5=1.29×3) (-15→13=0.71×1) (-12→-31=1.29×1) (2→-22=0.72×1) |
| 285557 | 56 | 1.11 | 2 | 0.71~1.30 | (-14→-26=1.29×1) (-16→-5=1.29×3) (-15→13=0.71×1) (-12→-31=1.29×1) (-2→-26=0.72×1) |
| 285568 | 58 | 1.09 | 2 | 0.71~1.30 | (-14→-26=1.29×1) (-16→-5=1.29×3) (-15→13=0.71×1) (-12→-31=1.29×1) (-2→-26=0.72×1) |
| 285578 | 60 | 1.05 | 2 | 0.71~1.29 | (-14→-26=1.29×1) (14→2=1.29×1) (-15→13=0.71×1) (-16→-5=1.29×2) (-12→-31=1.29×1) |
| 285588 | 63 | 1.16 | 2 | 0.71~1.29 | (14→2=1.29×1) (22→-31=0.71×1) (-15→13=0.71×1) (-16→-5=1.29×2) (3→31=1.29×2) |
| 285599 | 67 | 1.19 | 2 | 0.65~1.29 | (14→2=1.29×1) (-24→7=0.71×2) (22→-31=0.71×1) (-15→13=0.71×1) (-16→-5=1.29×2) |
| 285609 | 65 | 0.89 | 1 | 0.65~1.29 | (3→31=1.29×1) (-24→7=0.71×2) (-15→13=0.71×1) (-16→-5=1.29×2) (-12→-31=1.29×1) |
| 285619 | 64 | 0.83 | 1 | 0.65~1.29 | (3→31=1.29×1) (-24→7=0.71×2) (-15→13=0.71×1) (-16→-5=1.29×1) (-12→-31=1.29×1) |
| 285630 | 58 | 0.72 | 1 | 0.71~1.29 | (3→31=1.29×1) (-15→13=0.71×1) (-12→-31=1.29×1) (-2→-26=0.72×1) (13→-21=0.72×1) |
| 285640 | 53 | 0.53 | 1 | 0.71~1.29 | (3→31=1.29×1) (-15→13=0.71×1) (-12→-31=1.29×1) (-6→-30=1.28×1) (22→14=0.74×2) |
| 285650 | 50 | 0.48 | 1 | 0.71~1.29 | (3→31=1.29×1) (-15→13=0.71×1) (-12→-31=1.29×1) (-6→-30=1.28×1) (22→14=0.74×2) |
| 285661 | 52 | 0.62 | 1 | 0.63~1.29 | (22→14=0.70×3) (3→31=1.29×1) (-12→-31=1.29×1) (-6→-30=1.28×1) (11→-10=0.72×1) |
| 285671 | 52 | 0.58 | 1 | 0.73~1.29 | (3→31=1.29×1) (-12→-31=1.29×1) (-6→-30=1.28×1) (-24→-27=0.73×1) (22→14=0.73×1) |
| 285681 | 52 | 0.60 | 1 | 0.73~1.29 | (-12→-31=1.29×1) (-6→-30=1.28×1) (-24→-27=0.73×1) (22→14=0.73×1) (-10→-3=0.74×1) |
| 285692 | 53 | 0.57 | 1 | 0.73~1.29 | (-12→-31=1.29×1) (-6→-30=1.28×1) (-24→-27=0.73×1) (-10→-3=0.74×1) (-14→8=0.75×1) |
| 285702 | 49 | 0.53 | 1 | 0.73~1.29 | (-12→-31=1.29×1) (-6→-30=1.28×1) (-24→-27=0.73×1) (-10→-3=0.74×1) (-14→8=0.75×1) |
| 285712 | 52 | 0.63 | 1 | 0.73~1.29 | (-12→-31=1.29×1) (-24→-27=0.73×1) (-10→-3=0.74×1) (-14→8=0.75×1) (3→6=1.25×1) |
| 285723 | 50 | 0.64 | 1 | 0.73~1.29 | (-12→-31=1.29×1) (-24→-27=0.73×1) (-10→-3=0.74×1) (-14→8=0.75×1) (3→6=1.25×1) |
| 285733 | 53 | 0.74 | 1 | 0.73~1.29 | (-12→-31=1.29×1) (-24→-27=0.73×1) (-10→-3=0.74×1) (22→24=1.26×1) (-14→8=0.75×1) |
| 285743 | 56 | 0.75 | 1 | 0.73~1.29 | (-12→-31=1.29×1) (2→5=1.28×1) (-24→-27=0.73×1) (-10→-3=0.74×1) (22→24=1.26×1) |
| 285754 | 57 | 0.81 | 1 | 0.73~1.29 | (3→-16=1.29×1) (-12→-31=1.29×1) (2→5=1.28×1) (-24→-27=0.73×1) (20→-22=0.73×1) |
| 285764 | 51 | 0.71 | 1 | 0.73~1.29 | (-12→-31=1.29×1) (2→5=1.28×1) (-24→-27=0.73×1) (-10→-3=0.74×1) (22→24=1.26×1) |
| 285774 | 52 | 0.54 | 1 | 0.73~1.29 | (-12→-31=1.29×1) (2→5=1.28×1) (-24→-27=0.73×1) (-10→-3=0.74×1) (22→24=1.26×1) |
| 285785 | 54 | 0.59 | 1 | 0.73~1.29 | (-22→2=1.29×1) (-12→-31=1.29×1) (2→5=1.28×1) (-24→-27=0.73×1) (-10→-3=0.74×1) |
| 285795 | 53 | 0.57 | 1 | 0.76~1.29 | (-22→2=1.29×1) (-12→-31=1.29×1) (2→5=1.28×1) (9→20=1.28×1) (22→24=1.26×1) |
| 285805 | 54 | 0.54 | 1 | 0.76~1.29 | (-22→2=1.29×1) (-12→-31=1.29×1) (2→5=1.28×1) (9→20=1.28×1) (22→24=1.26×1) |
| 285816 | 52 | 0.42 | 1 | 0.76~1.29 | (-22→2=1.29×1) (-12→-31=1.29×1) (2→5=1.28×1) (9→20=1.28×1) (22→24=1.26×1) |
| 285826 | 56 | 0.71 | 1 | 0.71~1.29 | (-22→2=1.29×1) (-8→-3=0.71×1) (-6→-8=0.71×2) (-12→-31=1.29×1) (2→5=1.28×1) |
| 285836 | 56 | 0.68 | 1 | 0.71~1.29 | (-22→2=1.29×1) (-8→-3=0.71×1) (-6→-8=0.71×2) (-12→-31=1.29×1) (2→5=1.28×1) |
| 285847 | 57 | 0.77 | 2 | 0.71~1.29 | (-22→2=1.29×1) (-8→-3=0.71×1) (-12→-31=1.29×1) (2→5=1.28×1) (-6→-8=0.72×3) |
| 285857 | 53 | 0.57 | 2 | 0.71~1.29 | (-22→2=1.29×1) (-8→-3=0.71×1) (-6→-8=0.71×2) (-12→-31=1.29×1) (2→5=1.28×1) |
| 285867 | 54 | 0.74 | 2 | 0.71~1.29 | (-22→2=1.29×1) (-8→-3=0.71×1) (-6→-8=0.71×2) (-12→-31=1.29×1) (2→5=1.28×1) |
| 285878 | 53 | 0.83 | 2 | 0.71~1.29 | (4→28=0.71×1) (-22→2=1.29×1) (-8→-3=0.71×1) (6→29=0.71×1) (-6→-8=0.71×2) |
| 285888 | 50 | 0.90 | 2 | 0.71~1.29 | (4→28=0.71×1) (-22→2=1.29×1) (-8→-3=0.71×1) (6→29=0.71×1) (-6→-8=0.71×2) |
| 285898 | 52 | 0.92 | 1 | 0.71~1.29 | (4→28=0.71×1) (-22→2=1.29×1) (-8→-3=0.71×1) (6→29=0.71×1) (21→29=0.72×2) |
| 285909 | 52 | 0.92 | 1 | 0.71~1.29 | (4→28=0.71×1) (-22→2=1.29×1) (-8→-3=0.71×1) (6→29=0.71×1) (21→29=0.72×2) |
| 285919 | 53 | 0.77 | 1 | 0.71~1.29 | (-22→2=1.29×1) (-8→-3=0.71×1) (21→29=0.71×1) (7→-3=1.28×1) (-6→-30=0.75×1) |
| 285929 | 50 | 0.62 | 1 | 0.75~1.29 | (-22→2=1.29×1) (7→-3=1.28×1) (-6→-30=0.75×1) (21→13=0.76×1) (12→2=0.76×1) |
| 285940 | 54 | 0.83 | 1 | 0.75~1.29 | (-22→2=1.29×1) (7→-3=1.28×1) (-5→-7=0.75×1) (-6→-30=0.75×1) (21→13=0.76×1) |
| 285950 | 56 | 0.82 | 1 | 0.75~1.29 | (-22→2=1.29×1) (7→-3=1.28×1) (-5→-7=0.75×1) (-6→-30=0.75×1) (21→13=0.76×1) |
| 285960 | 53 | 0.72 | 1 | 0.75~1.29 | (-22→2=1.29×1) (-5→-7=0.75×1) (-6→-30=0.75×1) (-12→13=1.25×1) (21→13=0.76×1) |
| 285971 | 55 | 0.71 | 1 | 0.71~1.29 | (-22→2=1.29×1) (-6→25=0.71×1) (-5→-7=0.75×1) (-6→-30=0.75×1) (20→-31=1.25×1) |
| 285981 | 50 | 0.48 | 1 | 0.71~1.25 | (-6→25=0.71×1) (-5→-7=0.75×1) (-6→-30=0.75×1) (20→-31=1.25×1) (-12→13=1.25×1) |
| 285991 | 51 | 0.67 | 1 | 0.71~1.29 | (-1→17=1.29×1) (-6→25=0.71×1) (-5→-7=0.75×1) (-6→-30=0.75×1) (20→-31=1.25×1) |
| 286002 | 52 | 0.62 | 1 | 0.71~1.25 | (-6→25=0.71×1) (-5→-7=0.75×1) (-6→-30=0.75×1) (20→-31=1.25×1) (-20→-16=0.75×1) |
| 286012 | 49 | 0.69 | 1 | 0.75~1.25 | (-5→-7=0.75×1) (-6→-30=0.75×1) (20→-31=1.25×1) (-20→-16=0.75×1) (-12→13=1.25×1) |
| 286022 | 55 | 0.84 | 1 | 0.72~1.27 | (3→22=0.72×1) (-13→11=1.27×1) (-15→18=0.74×1) (-5→-7=0.75×1) (-6→-30=0.75×1) |
| 286033 | 55 | 0.85 | 1 | 0.72~1.27 | (3→22=0.72×1) (-13→11=1.27×1) (-15→18=0.74×1) (-5→-7=0.75×1) (-6→-30=0.75×1) |
| 286043 | 53 | 0.91 | 1 | 0.72~1.27 | (3→22=0.72×1) (-13→11=1.27×1) (-15→18=0.74×1) (-5→-7=0.75×1) (-6→-30=0.75×1) |
| 286053 | 51 | 0.80 | 1 | 0.72~1.27 | (3→22=0.72×1) (-13→11=1.27×1) (-15→18=0.74×1) (-5→-7=0.75×1) (-6→-30=0.75×1) |
| 286064 | 53 | 0.55 | 1 | 0.72~1.27 | (3→22=0.72×1) (-13→11=1.27×1) (-15→18=0.74×1) (5→-29=0.76×1) (12→20=0.77×1) |
| 286074 | 52 | 0.60 | 1 | 0.72~1.27 | (3→22=0.72×1) (-13→11=1.27×1) (-15→18=0.74×1) (5→-29=0.76×1) (-22→28=1.24×1) |
| 286084 | 50 | 0.70 | 1 | 0.72~1.27 | (3→22=0.72×1) (-13→11=1.27×1) (-15→18=0.74×1) (-6→25=0.75×1) (5→-29=0.76×1) |
| 286095 | 51 | 0.71 | 1 | 0.72~1.27 | (3→22=0.72×1) (-13→11=1.27×1) (-15→18=0.74×1) (-6→25=0.75×1) (5→-29=0.76×1) |
| 286105 | 54 | 1.06 | 2 | 0.70~1.30 | (2→8=1.30×1) (20→28=0.70×1) (20→14=0.70×1) (-18→-2=1.29×1) (20→17=1.28×1) |
| 286115 | 54 | 1.06 | 2 | 0.70~1.30 | (2→8=1.30×1) (20→28=0.70×1) (20→14=0.70×1) (-18→-2=1.29×1) (20→17=1.28×1) |
| 286126 | 55 | 1.04 | 2 | 0.70~1.30 | (2→8=1.30×1) (20→28=0.70×1) (20→14=0.70×1) (-18→-2=1.29×1) (20→17=1.28×1) |
| 286136 | 55 | 1.00 | 2 | 0.70~1.30 | (2→8=1.30×1) (20→28=0.70×1) (20→14=0.70×1) (-18→-2=1.29×1) (20→17=1.28×1) |
| 286146 | 54 | 0.93 | 2 | 0.70~1.30 | (2→8=1.30×1) (20→28=0.70×1) (20→14=0.70×1) (-18→-2=1.29×1) (20→17=1.28×1) |
| 286157 | 50 | 0.78 | 1 | 0.70~1.30 | (2→8=1.30×1) (20→28=0.70×1) (20→14=0.70×1) (20→17=1.28×1) (-19→-2=1.26×2) |
| 286167 | 50 | 0.64 | 1 | 0.70~1.29 | (20→28=0.70×1) (20→17=1.28×1) (-19→-2=1.26×2) (-6→25=0.75×1) (-22→28=1.24×1) |
| 286177 | 50 | 0.68 | 2 | 0.75~1.29 | (-19→-2=1.29×1) (20→17=1.28×1) (8→15=1.27×1) (-6→25=0.75×1) (-22→28=1.24×1) |
| 286188 | 52 | 0.60 | 2 | 0.75~1.30 | (8→-2=1.30×1) (20→17=1.28×1) (8→15=1.27×1) (-6→25=0.75×1) (-15→7=0.76×1) |
| 286198 | 52 | 0.65 | 2 | 0.75~1.30 | (8→-2=1.30×1) (20→17=1.28×1) (8→15=1.27×1) (-6→25=0.75×1) (23→30=0.76×2) |
| 286208 | 49 | 0.57 | 2 | 0.75~1.30 | (8→-2=1.30×1) (20→17=1.28×1) (8→15=1.27×1) (-6→25=0.75×1) (23→30=0.76×2) |
| 286219 | 50 | 0.40 | 1 | 0.70~1.30 | (24→-28=0.70×1) (8→-2=1.30×1) (-6→25=0.75×1) (23→30=0.76×2) (-15→7=0.76×1) |
| 286229 | 52 | 0.38 | 1 | 0.70~1.30 | (24→-28=0.70×1) (8→-2=1.30×1) (14→31=0.74×1) (-6→25=0.75×1) (23→30=0.76×1) |
| 286239 | 54 | 0.50 | 1 | 0.70~1.30 | (24→-28=0.70×1) (8→-2=1.30×1) (-23→-22=1.29×1) (-9→-6=1.29×1) (5→24=1.27×1) |
| 286250 | 58 | 0.66 | 1 | 0.70~1.30 | (24→-28=0.70×1) (8→-2=1.30×1) (-23→-22=1.29×1) (-9→-6=1.29×1) (5→24=1.27×1) |
| 286260 | 59 | 0.69 | 1 | 0.70~1.30 | (24→-28=0.70×1) (8→-2=1.30×1) (-23→-22=1.29×1) (-9→-6=1.29×1) (5→24=1.26×2) |
| 286270 | 57 | 0.77 | 1 | 0.70~1.30 | (24→-28=0.70×1) (8→-2=1.30×1) (-23→-22=1.29×1) (5→24=1.26×2) (14→31=0.74×1) |
| 286281 | 54 | 0.76 | 1 | 0.70~1.30 | (24→-28=0.70×1) (8→-2=1.30×1) (-23→-22=1.29×1) (-8→5=1.26×1) (5→24=1.26×2) |
| 286291 | 54 | 0.69 | 1 | 0.74~1.30 | (8→-2=1.30×1) (-23→-22=1.29×1) (-8→5=1.26×1) (5→24=1.26×2) (14→31=0.74×1) |
| 286301 | 50 | 0.62 | 1 | 0.74~1.30 | (8→-2=1.30×1) (-8→5=1.26×1) (5→24=1.26×1) (14→31=0.74×1) (-15→6=0.76×1) |
| 286312 | 50 | 0.58 | 1 | 0.74~1.30 | (8→-2=1.30×1) (-8→5=1.26×1) (5→24=1.26×1) (14→31=0.74×1) (-13→17=1.25×1) |
| 286322 | 51 | 0.57 | 1 | 0.74~1.30 | (8→-2=1.30×1) (-16→8=1.28×1) (-8→5=1.26×1) (14→31=0.74×1) (-13→17=1.25×1) |
| 286332 | 51 | 0.49 | 1 | 0.74~1.28 | (-16→8=1.28×1) (-8→5=1.26×1) (14→31=0.74×1) (-13→17=1.25×1) (-15→6=0.76×1) |
| 286343 | 54 | 0.65 | 1 | 0.75~1.28 | (-16→8=1.28×1) (-8→5=1.26×1) (-13→17=1.25×1) (-15→6=0.76×1) (-21→-23=1.23×1) |
| 286353 | 54 | 0.59 | 1 | 0.75~1.28 | (-16→8=1.28×1) (-8→5=1.26×1) (-13→17=1.25×1) (-15→6=0.76×1) (-21→-23=1.23×1) |
| 286363 | 53 | 0.26 | 1 | 0.78~1.28 | (-16→8=1.28×1) (-8→5=1.26×1) (-13→17=1.25×1) (-21→-23=1.23×1) (-18→-19=0.78×1) |
| 286374 | 54 | 0.31 | 1 | 0.78~1.28 | (-16→8=1.28×1) (-8→5=1.26×1) (-13→17=1.25×1) (-21→-23=1.23×1) (-18→-19=0.78×1) |
| 286384 | 58 | 0.52 | 1 | 0.73~1.28 | (-16→8=1.28×1) (-12→-30=1.27×1) (4→-3=0.74×2) (-8→5=1.26×1) (-13→17=1.25×1) |
| 286394 | 57 | 0.61 | 1 | 0.73~1.28 | (-16→8=1.28×1) (-12→-30=1.27×1) (4→-3=0.74×2) (-8→5=1.26×1) (-13→17=1.25×1) |
| 286405 | 57 | 0.70 | 1 | 0.73~1.28 | (-16→8=1.28×1) (-12→-30=1.27×1) (4→-3=0.74×2) (-8→5=1.26×1) (-13→17=1.25×1) |
| 286415 | 53 | 0.68 | 1 | 0.73~1.28 | (-16→8=1.28×1) (-12→-30=1.27×1) (4→-3=0.74×2) (-8→5=1.26×1) (-13→17=1.25×1) |
| 286425 | 52 | 0.75 | 1 | 0.73~1.28 | (-16→8=1.28×1) (4→-3=0.73×1) (-8→5=1.26×1) (-5→-16=1.26×1) (-13→17=1.25×1) |
| 286436 | 55 | 0.80 | 1 | 0.70~1.29 | (-3→22=0.70×1) (12→-3=1.29×1) (-16→8=1.28×1) (-17→19=0.72×1) (4→-3=0.73×1) |
| 286446 | 56 | 0.88 | 1 | 0.70~1.29 | (-3→22=0.70×1) (12→-3=1.29×1) (-6→-11=1.29×1) (-16→8=1.28×1) (-17→19=0.72×1) |
| 286456 | 52 | 0.75 | 1 | 0.70~1.29 | (-3→22=0.70×1) (12→-3=1.29×1) (-8→9=1.29×1) (-6→-11=1.29×1) (-17→19=0.72×1) |
| 286467 | 52 | 0.73 | 1 | 0.70~1.29 | (-3→22=0.70×1) (12→-3=1.29×1) (-8→9=1.29×1) (-6→-11=1.29×1) (-17→19=0.72×1) |
| 286477 | 54 | 0.56 | 1 | 0.70~1.29 | (-3→22=0.70×1) (12→-3=1.29×1) (-8→9=1.29×1) (-17→19=0.72×1) (4→-3=0.73×1) |
| 286487 | 51 | 0.45 | 1 | 0.70~1.29 | (-3→22=0.70×1) (-8→9=1.29×1) (-8→5=1.26×1) (7→19=0.74×1) (23→14=0.77×1) |
| 286498 | 53 | 0.45 | 1 | 0.70~1.22 | (-22→-9=0.70×1) (-3→22=0.70×1) (7→19=0.74×1) (3→-27=0.77×1) (23→14=0.77×1) |
| 286508 | 51 | 0.47 | 1 | 0.70~1.22 | (-22→-9=0.70×1) (-3→22=0.70×1) (7→19=0.74×1) (3→-27=0.77×1) (23→14=0.77×1) |
| 286518 | 49 | 0.39 | 1 | 0.70~1.22 | (-22→-9=0.70×1) (-3→22=0.70×1) (5→-3=0.71×1) (3→-27=0.77×1) (23→14=0.77×1) |
| 286529 | 51 | 0.35 | 1 | 0.70~1.25 | (-22→-9=0.70×1) (-3→22=0.70×1) (5→-3=0.71×1) (23→-15=0.72×1) (-7→-14=0.72×1) |
| 286539 | 53 | 0.38 | 1 | 0.70~1.25 | (-22→-9=0.70×1) (-3→22=0.70×1) (5→-3=0.71×1) (23→-15=0.72×1) (-7→-14=0.72×1) |
| 286549 | 58 | 0.59 | 1 | 0.70~1.29 | (-22→-9=0.70×1) (-3→22=0.70×1) (5→-3=0.71×1) (-22→-5=1.29×1) (23→-15=0.72×1) |
| 286560 | 59 | 0.59 | 1 | 0.70~1.29 | (-22→-9=0.70×1) (-3→22=0.70×1) (5→-3=0.71×1) (-22→-5=1.29×1) (23→-15=0.72×1) |
| 286570 | 60 | 0.70 | 1 | 0.70~1.28 | (-22→-9=0.70×1) (-3→22=0.70×1) (5→-3=0.71×1) (23→-15=0.72×1) (-7→-14=0.72×1) |
| 286580 | 61 | 0.70 | 1 | 0.70~1.28 | (-22→-9=0.70×1) (-3→22=0.70×1) (5→-3=0.71×1) (23→-15=0.72×1) (-7→-14=0.72×1) |
| 286591 | 61 | 0.74 | 1 | 0.70~1.28 | (-22→-9=0.70×1) (-3→22=0.70×1) (5→-3=0.71×1) (15→8=1.27×2) (-12→-10=0.73×1) |
| 286601 | 56 | 0.75 | 1 | 0.73~1.28 | (3→21=1.27×1) (15→8=1.27×2) (-12→-10=0.73×1) (19→3=0.75×1) (-24→29=1.25×1) |
| 286611 | 59 | 1.05 | 1 | 0.73~1.42 | (15→8=1.32×3) (3→21=1.27×1) (-12→-10=0.73×1) (5→-26=1.25×2) (-24→29=1.25×1) |
| 286622 | 55 | 1.07 | 1 | 0.73~1.42 | (15→8=1.32×3) (3→21=1.27×1) (-12→-10=0.73×1) (5→-26=1.25×2) (-24→29=1.25×1) |
| 286632 | 55 | 1.25 | 1 | 0.71~1.42 | (15→8=1.33×4) (8→6=1.29×1) (-14→-23=0.71×1) (3→21=1.27×1) (-12→-12=1.27×1) |
| 286642 | 52 | 1.25 | 1 | 0.71~1.42 | (15→8=1.33×4) (8→6=1.29×1) (-14→-23=0.71×1) (-12→-12=1.27×1) (-12→-10=0.73×1) |
| 286653 | 57 | 1.40 | 1 | 0.71~1.42 | (15→8=1.32×5) (8→6=1.29×1) (-14→-23=0.71×1) (23→-25=0.72×1) (23→-31=1.27×1) |
| 286663 | 51 | 1.37 | 1 | 0.71~1.42 | (15→8=1.32×5) (8→6=1.29×1) (-14→-23=0.71×1) (23→-31=1.27×1) (-12→-12=1.27×1) |
| 286673 | 53 | 1.42 | 2 | 0.70~1.42 | (15→8=1.32×5) (1→-10=0.71×3) (-2→-18=0.72×1) (23→-31=1.27×1) (-12→-12=1.27×1) |
| 286684 | 50 | 1.30 | 2 | 0.70~1.42 | (15→8=1.33×4) (1→-10=0.71×3) (-2→-18=0.72×1) (23→-31=1.27×1) (-12→-12=1.27×1) |
| 286694 | 55 | 1.45 | 2 | 0.70~1.42 | (15→8=1.33×4) (1→-10=0.71×4) (-12→-16=0.72×1) (-2→-18=0.72×1) (23→-31=1.27×1) |
| 286704 | 52 | 1.88 | 2 | 0.70~1.42 | (15→8=1.32×5) (1→-10=0.72×4) (-12→-16=0.72×1) (4→-14=0.72×1) (-4→8=0.72×1) |
| 286715 | 58 | 2.00 | 2 | 0.70~1.42 | (15→8=1.32×5) (1→-10=0.71×3) (-12→-16=0.72×1) (-2→29=0.72×4) (4→-14=0.72×1) |
| 286725 | 54 | 1.94 | 2 | 0.70~1.42 | (15→8=1.30×4) (1→-10=0.71×3) (-12→-16=0.72×1) (-2→29=0.72×4) (4→-14=0.72×1) |
| 286735 | 56 | 1.71 | 2 | 0.71~1.29 | (5→26=0.71×1) (-23→8=1.29×1) (1→-10=0.71×1) (-12→-16=0.72×1) (-14→-12=1.28×1) |
| 286746 | 54 | 1.63 | 2 | 0.71~1.29 | (5→26=0.71×1) (-23→8=1.29×1) (1→-10=0.71×1) (-12→-16=0.72×1) (-14→-12=1.28×1) |
| 286756 | 54 | 1.65 | 2 | 0.71~1.29 | (5→26=0.71×1) (-23→8=1.29×1) (1→-10=0.71×1) (-12→-16=0.72×1) (-14→-12=1.28×1) |
| 286766 | 52 | 1.71 | 2 | 0.71~1.29 | (5→26=0.71×1) (-23→8=1.29×1) (1→-10=0.71×1) (-12→-16=0.72×1) (-14→-12=1.28×1) |
| 286777 | 52 | 1.77 | 2 | 0.71~1.29 | (5→26=0.71×1) (-23→8=1.29×1) (1→-10=0.71×1) (-14→-12=1.28×1) (-2→29=0.72×1) |
| 286787 | 52 | 1.67 | 2 | 0.71~1.29 | (-23→8=1.29×1) (1→-10=0.71×1) (-14→-12=1.28×1) (-2→29=0.72×1) (4→-14=0.72×1) |
| 286797 | 50 | 1.62 | 2 | 0.71~1.28 | (1→-10=0.71×1) (-2→29=0.72×1) (4→-14=0.72×1) (-10→2=0.72×1) (23→-31=1.27×2) |
| 286808 | 55 | 2.45 | 2 | 0.65~1.28 | (-23→-31=0.71×5) (-2→14=0.71×1) (1→-10=0.71×1) (3→-20=0.72×1) (10→-23=1.28×1) |
| 286818 | 55 | 2.45 | 2 | 0.65~1.28 | (-23→-31=0.71×5) (-2→14=0.71×1) (1→-10=0.71×1) (3→-20=0.72×1) (10→-23=1.28×1) |
| 286828 | 62 | 2.82 | 2 | 0.65~1.28 | (-2→14=0.69×2) (-23→-31=0.71×8) (1→-10=0.71×1) (3→-20=0.72×1) (-2→29=0.72×1) |
| 286839 | 53 | 2.79 | 2 | 0.65~1.28 | (-2→14=0.69×2) (-23→-31=0.71×7) (1→-10=0.71×1) (3→-20=0.72×1) (-2→29=0.72×1) |
| 286849 | 54 | 2.89 | 2 | 0.65~1.27 | (-2→14=0.67×1) (1→-10=0.71×1) (3→-20=0.72×1) (-2→29=0.72×1) (-10→2=0.72×1) |
| 286859 | 53 | 2.55 | 2 | 0.65~1.27 | (1→-10=0.71×1) (3→-20=0.72×1) (-2→29=0.72×1) (-10→2=0.72×1) (3→28=0.73×1) |
| 286870 | 55 | 2.82 | 2 | 0.64~1.27 | (1→-10=0.71×1) (3→-20=0.72×1) (-2→29=0.72×1) (-10→2=0.72×1) (3→28=0.73×1) |
| 286880 | 51 | 2.73 | 2 | 0.64~1.26 | (1→-10=0.71×1) (3→-20=0.72×1) (-2→29=0.72×1) (-10→2=0.72×1) (3→28=0.73×1) |
| 286890 | 52 | 2.58 | 2 | 0.66~1.26 | (1→-10=0.71×1) (3→-20=0.72×1) (-2→29=0.72×1) (-10→2=0.72×1) (3→28=0.73×1) |
| 286901 | 51 | 2.55 | 2 | 0.66~1.26 | (1→-10=0.71×1) (3→-20=0.72×1) (-2→29=0.72×1) (3→28=0.73×1) (7→27=0.75×1) |
| 286911 | 51 | 2.37 | 2 | 0.71~1.26 | (1→-10=0.71×1) (3→-20=0.72×1) (-2→29=0.72×1) (3→28=0.73×1) (7→27=0.75×1) |
| 286921 | 51 | 1.82 | 2 | 0.71~1.26 | (1→-10=0.71×1) (3→-20=0.72×1) (-2→29=0.72×1) (7→27=0.75×1) (-12→20=1.25×4) |
| 286932 | 50 | 1.56 | 2 | 0.71~1.26 | (1→-10=0.71×1) (3→-20=0.72×1) (-2→29=0.72×1) (7→27=0.75×1) (-12→20=1.25×4) |
| 286942 | 48 | 1.04 | 2 | 0.71~1.25 | (1→-10=0.71×1) (3→-20=0.72×1) (-2→29=0.72×1) (-16→12=0.74×1) (18→24=1.25×1) |
| 286952 | 52 | 1.06 | 2 | 0.71~1.29 | (1→-10=0.71×1) (-11→24=1.29×1) (3→-20=0.72×1) (-2→29=0.72×1) (-16→12=0.74×1) |
| 286963 | 54 | 1.04 | 2 | 0.71~1.29 | (1→-10=0.71×1) (-11→24=1.29×1) (3→-20=0.72×1) (-2→29=0.72×1) (-16→12=0.74×1) |
| 286973 | 53 | 1.08 | 2 | 0.72~1.29 | (3→-20=0.72×1) (-11→24=1.28×2) (24→-16=1.26×1) (-16→12=0.74×1) (18→24=1.25×1) |
| 286983 | 54 | 1.15 | 2 | 0.72~1.29 | (18→-25=1.29×1) (3→-20=0.72×1) (-11→24=1.28×2) (24→-16=1.26×1) (-16→12=0.74×1) |
| 286994 | 53 | 1.25 | 2 | 0.71~1.29 | (21→-14=0.71×1) (18→-25=1.29×1) (3→-20=0.72×1) (-11→24=1.28×2) (24→-16=1.26×1) |
| 287004 | 53 | 1.32 | 2 | 0.67~1.29 | (21→-14=0.69×3) (18→-25=1.29×1) (3→-20=0.72×1) (-11→24=1.28×2) (18→-6=1.27×2) |
| 287014 | 52 | 0.79 | 2 | 0.71~1.29 | (21→-14=0.71×1) (18→-25=1.29×1) (-11→24=1.28×2) (24→-16=1.26×1) (15→-16=0.75×1) |
| 287025 | 58 | 1.02 | 2 | 0.70~1.29 | (-16→-5=0.70×1) (18→-25=1.29×1) (21→-14=0.71×2) (-11→24=1.28×2) (24→-16=1.26×1) |
| 287035 | 59 | 1.02 | 2 | 0.70~1.29 | (-16→-5=0.70×1) (18→-25=1.29×1) (-11→24=1.29×1) (21→-14=0.71×2) (-24→-19=1.26×1) |
| 287045 | 57 | 0.86 | 1 | 0.70~1.29 | (-16→-5=0.70×1) (14→5=0.71×1) (18→-25=1.29×1) (-24→-19=1.26×1) (10→18=0.75×1) |
| 287056 | 55 | 0.87 | 1 | 0.70~1.29 | (-16→-5=0.70×1) (14→5=0.71×1) (18→-25=1.29×1) (17→12=0.72×1) (-24→-19=1.26×1) |
| 287066 | 53 | 0.79 | 1 | 0.71~1.29 | (14→5=0.71×1) (18→-25=1.29×1) (-11→-18=0.72×1) (17→12=0.72×1) (10→18=0.75×1) |
| 287076 | 54 | 0.76 | 1 | 0.71~1.29 | (14→5=0.71×1) (18→-25=1.29×1) (-11→28=1.29×1) (-11→-18=0.72×1) (17→12=0.72×1) |
| 287087 | 55 | 0.67 | 1 | 0.71~1.29 | (14→5=0.71×1) (18→-25=1.29×1) (-11→28=1.29×1) (-11→-18=0.72×1) (10→18=0.75×1) |
| 287097 | 54 | 0.63 | 1 | 0.71~1.29 | (14→5=0.71×1) (18→-25=1.29×1) (-11→28=1.29×1) (-11→-18=0.72×1) (10→18=0.75×1) |
| 287107 | 55 | 0.73 | 1 | 0.71~1.29 | (14→5=0.71×1) (18→-25=1.29×1) (-11→28=1.29×1) (-11→-18=0.72×1) (10→18=0.75×1) |
| 287118 | 55 | 0.64 | 1 | 0.72~1.29 | (18→-25=1.29×1) (-11→28=1.29×1) (-11→-18=0.72×1) (-15→-19=0.74×1) (10→18=0.75×1) |
| 287128 | 54 | 0.61 | 1 | 0.72~1.29 | (18→-25=1.29×1) (-11→28=1.29×1) (-11→-18=0.72×1) (-15→-19=0.74×1) (10→18=0.75×1) |
| 287138 | 54 | 0.59 | 1 | 0.74~1.29 | (18→-25=1.29×1) (-11→28=1.29×1) (-15→-19=0.74×1) (7→1=0.74×1) (10→18=0.75×1) |
| 287149 | 54 | 0.63 | 1 | 0.73~1.29 | (18→-25=1.29×1) (-11→28=1.29×1) (13→5=0.73×1) (-15→-19=0.74×1) (7→1=0.74×1) |
| 287159 | 54 | 0.72 | 1 | 0.73~1.29 | (18→-25=1.29×1) (-11→28=1.29×1) (13→5=0.73×1) (-15→-19=0.74×1) (7→1=0.74×1) |
| 287169 | 51 | 0.75 | 1 | 0.73~1.29 | (18→-25=1.29×1) (-11→28=1.29×1) (13→5=0.73×1) (7→1=0.74×1) (11→22=1.26×1) |
| 287180 | 50 | 0.66 | 1 | 0.73~1.29 | (-11→28=1.29×1) (13→5=0.73×1) (11→22=1.26×1) (23→-26=0.75×1) (15→27=1.24×1) |
| 287190 | 50 | 0.72 | 1 | 0.73~1.29 | (-11→28=1.29×1) (13→5=0.73×1) (-14→14=0.77×1) (2→25=1.23×1) (17→23=1.21×1) |
| 287200 | 51 | 0.73 | 1 | 0.73~1.26 | (13→5=0.73×1) (-5→-23=1.26×1) (13→-8=1.24×1) (-14→14=0.77×1) (10→22=1.23×1) |
| 287211 | 53 | 0.79 | 1 | 0.71~1.26 | (-10→-3=0.71×1) (13→5=0.73×1) (-5→-23=1.26×1) (22→-2=1.25×1) (13→-8=1.24×1) |
| 287221 | 50 | 0.76 | 1 | 0.71~1.26 | (-10→-3=0.71×1) (13→5=0.73×1) (-5→-23=1.26×1) (21→-25=0.75×1) (22→-2=1.25×1) |
| 287231 | 52 | 0.71 | 2 | 0.71~1.26 | (-10→-3=0.71×1) (-15→-8=0.73×1) (-5→-23=1.26×1) (21→-25=0.75×1) (22→-2=1.25×2) |
| 287242 | 50 | 0.78 | 1 | 0.71~1.28 | (-10→-3=0.71×1) (16→29=1.28×1) (-15→-8=0.73×1) (-5→-23=1.26×1) (21→-25=0.75×2) |
| 287252 | 51 | 0.76 | 1 | 0.71~1.28 | (-10→-3=0.71×1) (16→29=1.28×1) (-15→-8=0.73×1) (-5→-23=1.26×1) (21→-25=0.75×2) |
| 287262 | 52 | 0.73 | 1 | 0.71~1.28 | (-10→-3=0.71×1) (16→29=1.28×1) (-15→-8=0.73×1) (-5→-23=1.26×1) (13→-8=1.24×1) |
| 287273 | 52 | 0.87 | 2 | 0.71~1.30 | (-18→-27=1.30×1) (-10→-3=0.71×1) (16→29=1.28×1) (-15→-8=0.74×2) (-5→-23=1.26×1) |
| 287283 | 50 | 0.64 | 1 | 0.70~1.28 | (16→29=1.28×1) (-5→-23=1.26×1) (-13→-10=0.75×1) (13→-8=1.24×1) (12→29=0.76×1) |
| 287293 | 51 | 0.59 | 1 | 0.70~1.28 | (16→29=1.28×1) (-5→-23=1.26×1) (-13→-10=0.75×1) (13→-8=1.24×1) (12→29=0.76×1) |
| 287304 | 52 | 0.54 | 1 | 0.70~1.28 | (-23→-28=0.70×1) (16→29=1.28×1) (-15→12=1.26×1) (-13→-10=0.75×1) (12→29=0.76×1) |
| 287314 | 53 | 0.58 | 1 | 0.70~1.28 | (-23→-28=0.70×1) (16→29=1.28×1) (-15→12=1.26×1) (-13→-10=0.75×1) (12→29=0.76×1) |
| 287324 | 52 | 0.65 | 1 | 0.70~1.28 | (-23→-28=0.70×1) (16→29=1.28×1) (-2→3=0.74×1) (-15→12=1.26×1) (-13→-10=0.75×1) |
| 287335 | 54 | 0.91 | 1 | 0.70~1.28 | (-23→-28=0.70×1) (3→16=0.71×1) (16→29=1.28×1) (-2→3=0.74×1) (-15→12=1.26×1) |
| 287345 | 52 | 0.88 | 1 | 0.70~1.28 | (-23→-28=0.70×1) (3→16=0.71×1) (16→29=1.28×1) (-2→3=0.74×1) (-15→12=1.25×2) |
| 287355 | 53 | 0.87 | 1 | 0.70~1.26 | (-23→-28=0.70×1) (3→16=0.71×1) (-8→7=0.72×1) (-2→3=0.74×1) (-15→12=1.25×2) |
| 287366 | 53 | 0.91 | 1 | 0.70~1.26 | (-23→-28=0.70×1) (3→16=0.71×1) (-17→-3=0.71×1) (-8→7=0.72×1) (-2→3=0.74×1) |
| 287376 | 55 | 1.13 | 2 | 0.70~1.26 | (-23→-28=0.70×1) (-4→-20=0.71×1) (3→16=0.71×1) (-17→-3=0.72×2) (-8→7=0.72×1) |
| 287386 | 51 | 1.04 | 1 | 0.70~1.30 | (-23→-28=0.70×1) (5→20=1.30×1) (-4→-20=0.71×1) (3→16=0.71×1) (-17→-3=0.72×2) |
| 287397 | 54 | 1.28 | 1 | 0.70~1.30 | (-23→-28=0.70×1) (5→20=1.30×1) (3→16=0.71×1) (-6→1=1.29×1) (-17→-3=0.72×3) |
| 287407 | 54 | 1.15 | 1 | 0.70~1.30 | (-23→-28=0.70×1) (5→20=1.30×1) (3→16=0.71×1) (-6→1=1.29×1) (-17→-3=0.72×3) |
| 287417 | 55 | 1.15 | 1 | 0.70~1.30 | (21→15=1.30×1) (16→-28=1.30×1) (-23→-28=0.70×1) (5→20=1.30×1) (3→16=0.71×1) |
| 287428 | 52 | 1.15 | 1 | 0.70~1.30 | (21→15=1.30×1) (16→-28=1.30×1) (-23→-28=0.70×1) (5→20=1.30×1) (3→16=0.71×1) |
| 287438 | 50 | 1.18 | 1 | 0.70~1.30 | (21→15=1.30×1) (16→-28=1.30×1) (-23→-28=0.70×1) (5→20=1.30×1) (3→16=0.71×1) |
| 287448 | 50 | 0.94 | 1 | 0.70~1.30 | (21→15=1.30×1) (16→-28=1.30×1) (-23→-28=0.70×1) (5→20=1.30×1) (3→16=0.71×1) |
| 287459 | 52 | 0.75 | 1 | 0.70~1.30 | (21→15=1.30×1) (16→-28=1.30×1) (-23→-28=0.70×1) (5→20=1.30×1) (3→16=0.71×1) |
| 287469 | 50 | 0.70 | 1 | 0.71~1.30 | (21→15=1.30×1) (16→-28=1.30×1) (5→20=1.30×1) (-17→-3=0.71×1) (-5→-11=0.74×1) |
| 287479 | 55 | 0.78 | 1 | 0.70~1.30 | (21→15=1.30×1) (16→-28=1.30×1) (5→20=1.30×1) (12→-13=0.70×1) (-17→-3=0.71×1) |
| 287490 | 50 | 0.60 | 1 | 0.70~1.30 | (21→15=1.30×1) (16→-28=1.30×1) (12→-13=0.70×1) (22→-24=0.71×1) (-18→27=1.27×1) |
| 287500 | 50 | 0.68 | 1 | 0.70~1.30 | (21→15=1.30×1) (16→-28=1.30×1) (-1→-12=0.70×1) (12→-13=0.70×1) (22→-24=0.71×1) |
| 287510 | 51 | 0.80 | 1 | 0.70~1.27 | (-1→-12=0.70×1) (12→-13=0.70×1) (-18→27=1.27×1) (11→27=0.74×1) (18→-14=0.74×2) |
| 287521 | 52 | 0.87 | 1 | 0.70~1.27 | (-1→-12=0.70×1) (12→-13=0.70×1) (-18→27=1.27×1) (11→27=0.74×1) (18→-14=0.75×3) |
| 287531 | 52 | 0.83 | 1 | 0.70~1.26 | (-1→-12=0.70×1) (12→-13=0.70×1) (17→-9=0.73×1) (11→27=0.74×1) (-15→12=1.25×2) |
| 287541 | 50 | 0.76 | 1 | 0.70~1.26 | (-1→-12=0.70×1) (12→-13=0.70×1) (17→-9=0.73×1) (11→27=0.74×1) (-15→12=1.25×2) |
| 287552 | 53 | 0.81 | 1 | 0.70~1.25 | (-1→-12=0.70×1) (12→-13=0.70×1) (17→-9=0.73×1) (11→27=0.74×1) (18→-14=0.75×1) |
| 287562 | 53 | 0.72 | 1 | 0.70~1.24 | (-1→-12=0.70×1) (12→-13=0.70×1) (17→-9=0.73×1) (11→27=0.74×1) (18→-14=0.75×1) |
| 287572 | 54 | 0.74 | 1 | 0.70~1.24 | (-1→-12=0.70×1) (12→-13=0.70×1) (8→-12=0.70×1) (17→-9=0.73×1) (11→27=0.74×1) |
| 287583 | 54 | 0.69 | 1 | 0.70~1.29 | (-1→-12=0.70×1) (8→-12=0.71×2) (-7→-16=1.29×1) (17→-9=0.73×1) (11→27=0.74×1) |
| 287593 | 49 | 0.61 | 1 | 0.70~1.21 | (-1→-12=0.70×1) (8→-12=0.70×1) (17→-9=0.73×1) (11→27=0.74×1) (14→-25=0.78×1) |
| 287603 | 54 | 0.72 | 1 | 0.70~1.21 | (-1→-12=0.70×1) (8→-12=0.70×1) (17→-9=0.73×1) (-9→-16=0.74×1) (11→27=0.74×1) |
| 287614 | 54 | 0.83 | 2 | 0.70~1.23 | (-1→-12=0.70×1) (8→-12=0.70×1) (17→-9=0.73×1) (-9→-16=0.74×1) (11→27=0.74×1) |
| 287624 | 54 | 0.87 | 2 | 0.70~1.23 | (-1→-12=0.70×1) (8→-12=0.70×1) (17→-9=0.73×1) (-9→-16=0.74×1) (11→27=0.74×1) |
| 287634 | 53 | 0.81 | 2 | 0.73~1.23 | (17→-9=0.73×1) (-9→-16=0.74×1) (18→26=0.75×1) (-13→-24=0.76×1) (23→12=1.23×1) |
| 287645 | 53 | 0.87 | 1 | 0.73~1.28 | (-10→23=1.28×1) (17→-9=0.73×1) (-9→-16=0.74×1) (18→26=0.75×1) (-5→-15=0.76×1) |
| 287655 | 51 | 0.90 | 1 | 0.73~1.28 | (-10→23=1.28×1) (17→-9=0.73×1) (-9→-16=0.74×1) (18→26=0.75×1) (-5→-15=0.76×1) |
| 287665 | 51 | 0.78 | 1 | 0.74~1.27 | (-4→9=1.27×1) (-9→-16=0.74×1) (18→26=0.75×1) (-5→-15=0.76×1) (-10→20=1.24×1) |
| 287676 | 50 | 0.74 | 1 | 0.74~1.27 | (-4→9=1.27×1) (-9→-16=0.74×1) (18→26=0.75×1) (-10→20=1.24×1) (-5→-27=0.79×1) |
| 287686 | 51 | 0.65 | 1 | 0.74~1.27 | (-4→9=1.27×1) (-9→-16=0.74×1) (10→11=0.74×1) (18→26=0.75×1) (-10→20=1.24×1) |
| 287696 | 50 | 0.62 | 1 | 0.74~1.27 | (-4→9=1.27×1) (-9→-16=0.74×1) (10→11=0.74×1) (18→26=0.75×1) (-10→20=1.24×1) |
| 287707 | 52 | 0.60 | 1 | 0.74~1.27 | (-4→9=1.27×1) (-9→-16=0.74×1) (10→11=0.74×1) (18→26=0.75×1) (-10→20=1.24×1) |
| 287717 | 52 | 0.60 | 1 | 0.74~1.27 | (-4→9=1.27×1) (-12→10=1.26×1) (10→11=0.74×1) (18→26=0.75×1) (-10→20=1.24×1) |
| 287727 | 54 | 0.69 | 1 | 0.74~1.29 | (11→-14=1.29×1) (-4→9=1.27×1) (-12→10=1.26×1) (10→11=0.74×1) (-10→20=1.24×1) |
| 287738 | 51 | 0.53 | 1 | 0.74~1.29 | (11→-14=1.29×1) (-4→9=1.27×1) (-12→10=1.26×1) (10→11=0.74×1) (1→-3=0.77×1) |
| 287748 | 50 | 0.48 | 1 | 0.74~1.29 | (11→-14=1.29×1) (-4→9=1.27×1) (-12→10=1.26×1) (10→11=0.74×1) (1→-3=0.77×1) |
| 287758 | 51 | 0.55 | 1 | 0.74~1.29 | (11→-14=1.29×1) (-4→9=1.27×1) (-16→-23=1.27×1) (-12→10=1.26×1) (10→11=0.74×1) |
| 287769 | 51 | 0.55 | 1 | 0.74~1.29 | (11→-14=1.29×1) (-4→9=1.27×1) (-16→-23=1.27×1) (-12→10=1.26×1) (10→11=0.74×1) |
| 287779 | 51 | 0.67 | 1 | 0.74~1.29 | (11→-14=1.29×1) (-4→9=1.27×1) (-16→-23=1.27×1) (-12→10=1.26×1) (10→11=0.74×1) |
| 287789 | 53 | 0.70 | 1 | 0.74~1.29 | (11→-14=1.29×1) (-4→9=1.27×1) (-16→-23=1.27×1) (-12→10=1.26×1) (10→11=0.74×1) |
| 287800 | 55 | 0.64 | 1 | 0.74~1.29 | (11→-14=1.29×1) (-16→-23=1.27×1) (-12→10=1.26×1) (10→11=0.74×1) (-4→-27=0.75×1) |
| 287810 | 57 | 0.63 | 1 | 0.74~1.29 | (11→-14=1.29×1) (-16→-23=1.27×1) (-12→10=1.26×1) (10→11=0.74×1) (17→30=0.75×2) |
| 287820 | 56 | 0.68 | 1 | 0.73~1.29 | (11→-14=1.29×1) (-16→-23=1.27×1) (-7→-17=0.73×1) (-12→10=1.26×1) (10→11=0.74×1) |
| 287831 | 58 | 0.76 | 1 | 0.73~1.30 | (-1→-7=1.30×1) (11→-14=1.29×1) (-16→-23=1.27×1) (-7→-17=0.73×1) (-12→10=1.26×1) |
| 287841 | 56 | 0.77 | 1 | 0.73~1.30 | (-1→-7=1.30×1) (11→-14=1.29×1) (-16→-23=1.27×1) (-7→-17=0.73×1) (-12→10=1.26×1) |
| 287851 | 55 | 0.58 | 1 | 0.70~1.29 | (13→-21=0.70×1) (11→-14=1.29×1) (-16→-23=1.27×1) (-7→-17=0.73×1) (10→11=0.74×1) |
| 287862 | 55 | 0.65 | 1 | 0.70~1.29 | (13→-21=0.70×1) (11→-14=1.29×1) (-16→-23=1.27×1) (-7→-17=0.73×1) (10→11=0.74×1) |
| 287872 | 52 | 0.79 | 1 | 0.68~1.29 | (13→-21=0.70×1) (11→-14=1.29×1) (-16→-23=1.27×1) (-8→-8=0.73×1) (-7→-17=0.73×1) |
| 287882 | 54 | 0.78 | 1 | 0.68~1.29 | (13→-21=0.70×1) (11→-14=1.29×1) (-16→-23=1.27×1) (-8→-8=0.73×1) (-7→-17=0.73×1) |
| 287893 | 51 | 0.96 | 2 | 0.68~1.29 | (13→-21=0.70×1) (11→-14=1.29×1) (-16→-23=1.27×1) (-8→-8=0.73×1) (13→12=1.25×1) |
| 287903 | 51 | 1.00 | 2 | 0.68~1.29 | (13→-21=0.70×1) (11→-14=1.29×1) (-16→-23=1.27×1) (-8→-8=0.73×1) (-11→-24=0.74×1) |
| 287913 | 51 | 0.90 | 2 | 0.68~1.27 | (13→-21=0.70×1) (-16→-23=1.27×1) (-8→-8=0.73×1) (-11→-24=0.74×1) (13→12=1.25×1) |
| 287924 | 51 | 1.04 | 2 | 0.68~1.25 | (13→-21=0.70×1) (-1→-9=0.72×1) (-8→-8=0.73×1) (-11→-24=0.74×1) (13→12=1.25×1) |
| 287934 | 53 | 0.83 | 1 | 0.70~1.24 | (13→-21=0.70×1) (-1→-9=0.72×1) (-11→-24=0.74×1) (17→30=0.75×1) (18→9=1.24×1) |
| 287944 | 55 | 0.91 | 1 | 0.72~1.24 | (-1→-9=0.72×1) (-11→-24=0.74×1) (17→30=0.75×1) (18→9=1.24×1) (14→-21=0.78×1) |
| 287955 | 60 | 1.30 | 2 | 0.71~1.36 | (10→30=1.32×2) (-5→15=0.71×1) (-1→-9=0.72×1) (-11→-24=0.74×1) (4→13=0.75×1) |
| 287965 | 61 | 1.66 | 2 | 0.71~1.29 | (21→26=1.29×1) (-9→-5=1.29×1) (-5→15=0.71×1) (-1→-9=0.72×1) (8→5=0.72×1) |
| 287975 | 61 | 1.82 | 2 | 0.71~1.29 | (21→26=1.29×1) (-9→-5=1.29×1) (-5→15=0.71×1) (7→19=1.29×1) (-1→-9=0.72×1) |
| 287986 | 64 | 1.98 | 2 | 0.71~1.34 | (-9→-5=1.29×1) (-5→15=0.71×1) (7→19=1.29×1) (21→26=1.29×2) (-1→-9=0.72×1) |
| 287996 | 63 | 2.14 | 2 | 0.70~1.34 | (-19→-6=0.70×1) (-9→-5=1.29×1) (-5→15=0.71×1) (7→19=1.29×1) (21→26=1.29×2) |
| 288006 | 58 | 2.16 | 2 | 0.70~1.34 | (-19→-6=0.70×1) (-9→-5=1.29×1) (21→26=1.29×2) (-1→-9=0.72×1) (8→5=0.72×1) |
| 288017 | 59 | 2.29 | 3 | 0.70~1.29 | (-19→-6=0.70×1) (-9→-5=1.29×1) (7→30=1.29×1) (21→26=1.29×2) (-1→-9=0.72×1) |
| 288027 | 61 | 2.34 | 3 | 0.70~1.29 | (-19→-6=0.70×1) (15→19=0.71×2) (7→30=1.29×1) (21→26=1.29×2) (-1→-9=0.72×1) |
| 288037 | 58 | 2.09 | 2 | 0.71~1.29 | (21→26=1.29×1) (15→19=0.71×2) (7→30=1.29×1) (-1→-9=0.72×1) (8→5=0.72×1) |
| 288048 | 51 | 1.94 | 2 | 0.71~1.29 | (21→26=1.29×1) (15→19=0.71×3) (8→5=0.72×1) (13→23=0.72×1) (-16→6=0.72×1) |
| 288058 | 52 | 1.94 | 2 | 0.70~1.29 | (1→-24=0.70×1) (21→26=1.29×1) (15→19=0.71×2) (8→5=0.72×1) (-19→-5=1.28×1) |
| 288068 | 53 | 1.96 | 2 | 0.70~1.29 | (1→-24=0.70×1) (21→26=1.29×1) (15→19=0.71×3) (8→5=0.72×1) (-19→-5=1.28×1) |
| 288079 | 53 | 1.81 | 2 | 0.70~1.30 | (1→-24=0.70×1) (4→-31=1.30×1) (21→26=1.29×1) (15→19=0.71×2) (8→5=0.72×1) |
| 288089 | 51 | 1.67 | 2 | 0.71~1.31 | (4→-31=1.30×1) (21→26=1.29×1) (15→19=0.71×2) (-10→24=1.28×1) (13→23=0.72×1) |
| 288099 | 50 | 1.64 | 2 | 0.70~1.31 | (4→-31=1.30×1) (-14→22=0.70×1) (15→19=0.71×1) (-10→24=1.28×1) (21→22=1.28×1) |
| 288110 | 50 | 1.12 | 2 | 0.70~1.31 | (-14→22=0.70×1) (15→19=0.71×1) (-3→15=0.71×1) (-10→24=1.28×1) (21→22=1.28×1) |
| 288120 | 51 | 1.06 | 2 | 0.70~1.28 | (-14→22=0.70×1) (15→19=0.71×1) (-3→15=0.71×1) (-10→24=1.28×1) (21→22=1.28×1) |
| 288130 | 51 | 1.02 | 2 | 0.70~1.28 | (-14→22=0.70×1) (15→19=0.71×1) (-3→15=0.71×1) (-10→24=1.28×1) (21→22=1.28×1) |
| 288141 | 49 | 0.84 | 1 | 0.70~1.28 | (-14→22=0.70×1) (-3→15=0.71×1) (-10→24=1.28×1) (6→-26=0.72×1) (21→22=1.28×1) |
| 288151 | 57 | 0.75 | 1 | 0.70~1.30 | (-14→22=0.70×1) (12→15=1.30×1) (-3→15=0.71×1) (13→5=0.71×2) (-10→24=1.28×1) |
| 288161 | 54 | 0.74 | 1 | 0.70~1.30 | (-14→22=0.70×1) (12→15=1.30×1) (-3→15=0.71×1) (13→5=0.71×2) (-10→24=1.28×1) |
| 288172 | 53 | 0.77 | 1 | 0.70~1.28 | (-3→15=0.71×1) (13→5=0.71×3) (-10→24=1.28×1) (6→-26=0.72×1) (21→22=1.28×1) |
| 288182 | 58 | 0.88 | 1 | 0.70~1.28 | (-3→15=0.71×1) (13→5=0.71×2) (-10→24=1.28×1) (6→-26=0.72×1) (21→22=1.28×1) |
| 288192 | 53 | 0.98 | 1 | 0.70~1.33 | (13→5=0.71×2) (-21→21=1.29×2) (6→-26=0.72×1) (21→22=1.28×1) (-12→21=1.27×1) |
| 288203 | 50 | 0.94 | 1 | 0.70~1.33 | (13→5=0.71×2) (-21→21=1.29×2) (6→-26=0.72×1) (-15→-14=0.73×1) (15→-9=0.74×2) |
| 288213 | 53 | 0.92 | 1 | 0.70~1.31 | (13→5=0.70×1) (-21→21=1.28×2) (6→-26=0.72×1) (15→-9=0.73×1) (-15→-14=0.73×1) |
| 288223 | 53 | 0.96 | 2 | 0.70~1.30 | (3→-21=0.70×1) (13→5=0.70×1) (6→31=1.29×1) (15→-9=0.73×1) (-14→17=0.74×1) |
| 288234 | 54 | 1.15 | 2 | 0.70~1.30 | (3→-21=0.70×1) (13→5=0.70×1) (6→31=1.29×1) (4→16=1.28×1) (-24→21=1.27×2) |
| 288244 | 54 | 1.50 | 2 | 0.65~1.29 | (6→13=0.69×3) (13→5=0.70×1) (8→-4=1.29×1) (3→-21=0.72×3) (4→16=1.28×1) |
| 288254 | 53 | 1.38 | 2 | 0.65~1.28 | (6→13=0.65×1) (13→5=0.70×1) (3→-21=0.72×1) (11→-8=1.28×1) (4→16=1.28×1) |
| 288265 | 53 | 1.30 | 2 | 0.65~1.28 | (6→13=0.65×1) (13→5=0.70×1) (-2→8=0.71×1) (3→-21=0.72×1) (11→-8=1.28×1) |
| 288275 | 53 | 1.30 | 2 | 0.65~1.28 | (6→13=0.65×1) (-2→8=0.71×1) (3→-21=0.72×1) (16→25=0.72×1) (4→16=1.28×1) |
| 288285 | 54 | 1.31 | 2 | 0.65~1.28 | (6→13=0.65×1) (-2→8=0.71×1) (3→-21=0.72×1) (-4→20=0.72×1) (16→25=0.72×1) |
| 288296 | 55 | 1.45 | 2 | 0.65~1.28 | (6→13=0.65×1) (-2→8=0.71×1) (3→-21=0.72×1) (-4→20=0.72×1) (16→25=0.72×1) |
| 288306 | 55 | 1.55 | 2 | 0.65~1.30 | (6→13=0.65×1) (19→16=1.30×1) (-2→8=0.71×1) (3→-21=0.72×1) (-4→20=0.72×1) |
| 288316 | 60 | 1.62 | 2 | 0.65~1.30 | (6→13=0.65×1) (19→16=1.30×1) (-6→-26=0.71×1) (-2→8=0.71×1) (3→-21=0.72×1) |
| 288327 | 58 | 1.40 | 2 | 0.65~1.30 | (6→13=0.65×1) (19→16=1.30×1) (-6→-26=0.71×1) (-2→8=0.71×1) (-17→-20=0.71×1) |
| 288337 | 59 | 1.27 | 2 | 0.65~1.30 | (6→13=0.65×1) (19→16=1.30×1) (-6→-26=0.71×1) (-2→8=0.71×1) (-17→-20=0.71×1) |
| 288347 | 56 | 1.32 | 2 | 0.71~1.28 | (-2→8=0.71×1) (-17→-20=0.71×1) (16→25=0.72×1) (6→17=0.72×2) (19→-31=1.28×1) |
| 288358 | 56 | 1.39 | 2 | 0.71~1.28 | (-2→8=0.71×1) (-17→-20=0.71×1) (16→25=0.72×1) (6→17=0.72×2) (19→-31=1.28×1) |
| 288368 | 54 | 1.11 | 2 | 0.71~1.29 | (-11→-31=1.29×1) (-2→8=0.71×1) (-17→-20=0.71×1) (6→17=0.72×1) (16→25=0.72×1) |
| 288378 | 54 | 1.24 | 2 | 0.71~1.29 | (-15→-12=0.71×1) (-11→-31=1.29×1) (-2→8=0.71×1) (-17→-20=0.71×1) (22→30=0.71×1) |
| 288389 | 54 | 1.11 | 2 | 0.71~1.29 | (-15→-12=0.71×1) (-11→-31=1.29×1) (-2→8=0.71×1) (-17→-20=0.71×1) (22→30=0.71×1) |
| 288399 | 53 | 1.28 | 2 | 0.71~1.29 | (-15→-12=0.71×1) (-11→-31=1.29×1) (-17→-20=0.71×1) (22→30=0.71×1) (6→17=0.72×1) |
| 288409 | 52 | 1.54 | 2 | 0.71~1.32 | (-15→-12=0.71×1) (-11→-31=1.29×1) (-17→-20=0.71×1) (22→30=0.71×1) (6→17=0.72×1) |
| 288420 | 53 | 1.64 | 2 | 0.71~1.32 | (-15→-12=0.71×1) (22→30=0.71×1) (6→17=0.72×1) (16→25=0.72×1) (11→-8=1.27×2) |
| 288430 | 53 | 1.66 | 2 | 0.71~1.41 | (-15→-12=0.71×1) (-13→19=1.29×6) (11→-8=1.27×2) (-2→14=0.73×1) (-19→-1=1.27×1) |
| 288440 | 49 | 1.49 | 2 | 0.71~1.41 | (-13→19=1.30×5) (-15→-12=0.71×1) (11→-8=1.28×1) (-2→14=0.73×1) (-19→-1=1.27×1) |
| 288451 | 52 | 1.60 | 1 | 0.71~1.41 | (-15→-12=0.71×1) (-18→-14=1.29×1) (11→-8=1.28×1) (-13→19=1.27×6) (-2→14=0.73×1) |
| 288461 | 49 | 1.35 | 1 | 0.71~1.29 | (-15→-12=0.71×1) (-18→-14=1.29×1) (11→-8=1.28×1) (-2→14=0.73×1) (-4→-21=1.27×1) |
| 288471 | 51 | 1.35 | 1 | 0.71~1.28 | (-15→-12=0.71×1) (11→-8=1.28×1) (-2→14=0.73×1) (-4→-21=1.27×1) (21→-4=1.26×2) |
| 288482 | 52 | 1.42 | 1 | 0.71~1.28 | (-15→-12=0.71×1) (-19→15=1.28×1) (5→-11=1.28×1) (11→-8=1.28×1) (-2→14=0.73×1) |
| 288492 | 51 | 1.53 | 1 | 0.73~1.28 | (-19→15=1.28×1) (5→-11=1.28×1) (-4→-21=1.27×1) (21→-4=1.26×2) (-13→19=1.25×2) |
| 288502 | 50 | 1.42 | 1 | 0.73~1.28 | (-19→15=1.28×1) (5→-11=1.28×1) (17→18=1.28×1) (21→-4=1.26×2) (-22→-5=0.75×2) |
| 288513 | 54 | 1.43 | 1 | 0.72~1.29 | (14→-2=1.29×1) (-12→20=0.72×1) (-12→-3=1.28×1) (-19→15=1.28×1) (5→-11=1.28×1) |
| 288523 | 51 | 1.20 | 1 | 0.72~1.29 | (14→-2=1.29×1) (-12→20=0.72×1) (-12→-3=1.28×1) (-19→15=1.28×1) (5→-11=1.28×1) |
| 288533 | 58 | 1.36 | 2 | 0.71~1.29 | (-6→21=0.71×1) (14→-2=1.29×1) (-12→20=0.72×1) (-12→-3=1.28×1) (-19→15=1.28×1) |
| 288544 | 62 | 1.56 | 2 | 0.71~1.30 | (-6→21=0.71×1) (14→-2=1.29×1) (17→16=1.29×3) (-12→20=0.72×1) (-12→-3=1.28×1) |
| 288554 | 63 | 1.41 | 2 | 0.71~1.30 | (-6→21=0.71×1) (14→-2=1.29×1) (17→16=1.29×3) (-12→20=0.72×1) (-12→-3=1.28×1) |
| 288564 | 61 | 1.44 | 2 | 0.70~1.30 | (8→26=0.70×1) (-6→21=0.71×1) (14→-2=1.29×1) (17→16=1.29×3) (-12→-3=1.28×1) |
| 288575 | 61 | 1.51 | 2 | 0.70~1.30 | (8→26=0.70×1) (-6→21=0.71×1) (17→16=1.29×2) (14→-2=1.29×1) (-12→-3=1.28×1) |
| 288585 | 58 | 1.55 | 2 | 0.70~1.30 | (8→26=0.70×1) (17→16=1.30×1) (14→-2=1.29×1) (-12→-3=1.28×1) (-19→15=1.28×1) |
| 288595 | 55 | 1.47 | 2 | 0.70~1.30 | (8→26=0.70×1) (17→16=1.30×1) (14→-2=1.29×1) (-12→-3=1.28×1) (-19→15=1.28×1) |
| 288606 | 55 | 1.36 | 2 | 0.70~1.29 | (8→26=0.70×1) (14→-2=1.29×1) (-12→-3=1.28×1) (-19→15=1.28×1) (5→-11=1.28×1) |
| 288616 | 56 | 1.29 | 2 | 0.70~1.29 | (8→26=0.70×1) (14→-2=1.29×1) (12→13=1.28×1) (-12→-3=1.28×1) (17→18=1.28×1) |
| 288626 | 54 | 1.24 | 1 | 0.70~1.28 | (8→26=0.70×1) (12→13=1.28×1) (24→20=0.72×1) (18→18=1.26×1) (-18→-17=1.26×1) |
| 288637 | 56 | 1.30 | 1 | 0.70~1.28 | (8→26=0.70×1) (12→13=1.28×1) (24→20=0.72×1) (18→18=1.26×1) (-18→-17=1.26×1) |
| 288647 | 55 | 1.16 | 1 | 0.70~1.28 | (8→26=0.70×1) (-22→-1=0.72×1) (12→13=1.28×1) (24→20=0.72×1) (18→18=1.26×1) |
| 288657 | 51 | 1.12 | 1 | 0.70~1.28 | (8→26=0.70×1) (-22→-1=0.72×1) (12→13=1.28×1) (18→18=1.26×1) (4→2=0.74×2) |
| 288668 | 53 | 1.32 | 1 | 0.71~1.28 | (9→24=0.71×1) (-22→-1=0.72×1) (12→13=1.28×1) (5→-17=0.72×1) (-8→-11=1.27×1) |
| 288678 | 50 | 1.14 | 1 | 0.71~1.28 | (9→24=0.71×1) (-22→-1=0.72×1) (12→13=1.28×1) (5→-17=0.72×1) (-8→-11=1.27×1) |
| 288688 | 54 | 1.52 | 2 | 0.71~1.28 | (9→24=0.71×1) (-22→-1=0.72×1) (12→13=1.28×1) (5→-17=0.72×1) (-3→30=1.27×1) |
| 288699 | 51 | 1.10 | 1 | 0.71~1.28 | (9→24=0.71×1) (-22→-1=0.72×1) (12→13=1.28×1) (5→-17=0.72×1) (-8→-11=1.27×1) |
| 288709 | 53 | 1.32 | 1 | 0.71~1.29 | (9→24=0.71×1) (17→-27=1.29×1) (-22→-1=0.72×1) (12→13=1.28×1) (5→-17=0.72×1) |
| 288719 | 50 | 1.24 | 1 | 0.71~1.29 | (9→24=0.71×1) (17→-27=1.29×1) (-22→-1=0.72×1) (12→13=1.28×1) (5→-17=0.72×1) |
| 288730 | 53 | 1.19 | 1 | 0.71~1.30 | (19→21=1.30×1) (9→24=0.71×1) (17→-27=1.29×1) (5→-17=0.72×1) (-8→-11=1.27×1) |
| 288740 | 52 | 1.12 | 1 | 0.75~1.30 | (19→21=1.30×1) (17→-27=1.29×1) (-8→-11=1.27×1) (21→-4=1.26×1) (4→19=1.26×1) |
| 288750 | 51 | 1.14 | 1 | 0.75~1.30 | (19→21=1.30×1) (17→-27=1.29×1) (-8→-11=1.27×1) (21→-4=1.26×1) (4→19=1.26×1) |
| 288761 | 51 | 1.24 | 1 | 0.75~1.30 | (19→21=1.30×1) (17→-27=1.29×1) (-8→-11=1.27×1) (21→-4=1.26×1) (4→19=1.26×1) |
| 288771 | 53 | 1.19 | 1 | 0.75~1.30 | (19→21=1.30×1) (17→-27=1.29×1) (-8→-11=1.27×1) (21→-4=1.26×1) (4→19=1.26×1) |
| 288781 | 52 | 1.08 | 1 | 0.75~1.30 | (21→2=1.30×1) (19→21=1.30×1) (-8→-11=1.27×1) (21→-4=1.26×1) (4→19=1.26×1) |
| 288792 | 51 | 1.16 | 1 | 0.75~1.30 | (21→2=1.30×1) (19→21=1.30×1) (-8→-11=1.27×1) (21→-4=1.26×1) (4→19=1.26×1) |
| 288802 | 54 | 1.26 | 1 | 0.75~1.30 | (21→2=1.30×1) (19→21=1.30×1) (-8→-11=1.27×1) (21→-4=1.26×1) (4→19=1.26×1) |
| 288812 | 53 | 1.43 | 1 | 0.75~1.30 | (21→2=1.30×1) (19→21=1.30×1) (-14→-10=1.27×1) (-8→-11=1.27×1) (21→-4=1.26×1) |
| 288823 | 51 | 1.41 | 1 | 0.75~1.30 | (21→2=1.30×1) (19→21=1.30×1) (-14→-10=1.27×1) (-8→-11=1.27×1) (14→-31=1.27×1) |
| 288833 | 51 | 1.53 | 1 | 0.75~1.30 | (21→2=1.30×1) (-14→19=1.27×2) (-14→-10=1.27×1) (-8→-11=1.27×1) (14→-31=1.27×1) |
| 288843 | 51 | 1.33 | 1 | 0.75~1.28 | (-14→19=1.27×2) (-14→-10=1.27×1) (20→28=1.27×1) (14→-31=1.27×1) (21→-4=1.26×1) |
| 288854 | 51 | 1.08 | 1 | 0.75~1.28 | (-14→19=1.28×1) (-14→-10=1.27×1) (20→28=1.27×1) (14→-31=1.27×1) (21→-4=1.26×1) |
| 288864 | 51 | 0.90 | 1 | 0.75~1.28 | (-14→19=1.28×1) (-6→-24=1.27×1) (14→-31=1.27×1) (21→-4=1.26×1) (-12→-18=0.75×1) |
| 288874 | 54 | 0.78 | 1 | 0.74~1.27 | (-6→-24=1.27×1) (14→-31=1.27×1) (21→-4=1.26×1) (-6→30=0.74×1) (-12→-18=0.75×1) |
| 288885 | 52 | 0.56 | 1 | 0.74~1.27 | (-6→-24=1.27×1) (14→-31=1.27×1) (-6→30=0.74×1) (-12→-18=0.75×1) (-24→-12=0.78×1) |
| 288895 | 52 | 0.69 | 1 | 0.68~1.27 | (-6→-24=1.27×1) (-6→30=0.74×1) (-6→-27=0.75×1) (10→-14=0.77×3) (-1→-26=1.23×2) |
| 288905 | 50 | 0.66 | 1 | 0.68~1.27 | (-6→-24=1.27×1) (-6→-27=0.75×1) (10→-14=0.77×3) (-1→-26=1.23×2) (-24→-12=0.78×1) |
| 288916 | 53 | 0.72 | 1 | 0.68~1.27 | (-6→-24=1.27×1) (17→-25=0.74×1) (-6→-27=0.75×1) (-14→24=1.25×1) (10→-14=0.77×3) |
| 288926 | 53 | 0.79 | 1 | 0.68~1.27 | (-6→-24=1.27×1) (17→-25=0.74×1) (-6→-27=0.75×1) (-14→24=1.25×1) (10→-14=0.77×3) |
| 288936 | 53 | 0.66 | 1 | 0.68~1.27 | (-11→21=0.71×1) (-6→-24=1.27×1) (17→-25=0.74×1) (10→-14=0.74×2) (-6→-27=0.75×1) |
| 288947 | 51 | 0.67 | 1 | 0.68~1.25 | (-11→21=0.71×1) (13→-30=0.74×1) (17→-25=0.74×1) (10→-14=0.74×2) (-6→-27=0.75×1) |
| 288957 | 56 | 0.88 | 1 | 0.68~1.30 | (-18→13=1.30×1) (-6→2=1.29×1) (6→-21=1.29×1) (-11→21=0.71×1) (-12→10=0.73×1) |
| 288967 | 52 | 0.71 | 1 | 0.71~1.30 | (-18→13=1.30×1) (-6→2=1.29×1) (6→-21=1.29×1) (-11→21=0.71×1) (-12→10=0.73×1) |
| 288978 | 55 | 0.73 | 1 | 0.71~1.30 | (-18→13=1.30×1) (6→-21=1.29×1) (23→24=1.29×1) (-11→21=0.71×1) (-22→4=1.27×1) |
| 288988 | 52 | 0.75 | 1 | 0.73~1.30 | (-18→13=1.30×1) (6→-21=1.29×1) (23→24=1.29×1) (-22→4=1.27×1) (-12→10=0.73×1) |
| 288998 | 51 | 0.63 | 1 | 0.74~1.29 | (23→24=1.29×1) (-22→4=1.27×1) (-22→-19=1.27×1) (13→-30=0.74×1) (17→-25=0.74×1) |
| 289009 | 51 | 0.59 | 1 | 0.74~1.29 | (23→24=1.29×1) (-22→4=1.27×1) (-22→-19=1.27×1) (17→-25=0.74×1) (-14→24=1.25×1) |
| 289019 | 52 | 0.65 | 1 | 0.74~1.29 | (23→24=1.29×1) (11→-2=1.28×1) (-22→4=1.27×1) (-22→-19=1.27×1) (17→-25=0.74×1) |
| 289029 | 51 | 0.73 | 1 | 0.74~1.28 | (11→-2=1.28×1) (-22→-19=1.27×1) (17→-25=0.74×1) (17→-14=0.74×1) (-14→24=1.25×1) |
| 289040 | 51 | 0.75 | 1 | 0.70~1.27 | (18→-8=0.70×1) (-22→-19=1.27×1) (17→-25=0.74×1) (17→-14=0.74×1) (-14→24=1.25×1) |
| 289050 | 50 | 0.74 | 1 | 0.70~1.30 | (18→-8=0.70×1) (-13→-12=1.30×1) (5→4=1.28×1) (-22→-19=1.27×1) (17→-25=0.74×1) |
| 289060 | 52 | 0.73 | 1 | 0.74~1.30 | (-13→-12=1.30×1) (17→-1=1.28×1) (5→4=1.28×2) (-22→-19=1.27×1) (22→26=0.74×1) |
| 289071 | 52 | 0.69 | 1 | 0.74~1.30 | (-13→-12=1.30×1) (5→4=1.28×1) (17→-1=1.28×1) (14→17=0.74×1) (17→-25=0.74×1) |
| 289081 | 53 | 0.75 | 1 | 0.74~1.30 | (-13→-12=1.30×1) (5→4=1.28×1) (17→-1=1.28×1) (14→17=0.74×1) (17→-25=0.74×1) |
| 289091 | 52 | 0.60 | 1 | 0.74~1.30 | (-13→-12=1.30×1) (5→4=1.28×1) (17→-1=1.28×1) (14→17=0.74×1) (-23→10=1.26×1) |
| 289102 | 50 | 0.62 | 1 | 0.72~1.30 | (-13→-12=1.30×1) (-21→25=1.29×1) (5→4=1.28×1) (20→21=0.72×1) (14→17=0.74×1) |
| 289112 | 53 | 0.66 | 1 | 0.72~1.29 | (-21→25=1.29×1) (20→21=0.72×1) (14→17=0.74×1) (-23→10=1.26×1) (16→-9=1.25×1) |
| 289122 | 50 | 0.48 | 1 | 0.78~1.26 | (-23→10=1.26×1) (16→-9=1.25×1) (23→18=1.24×1) (-2→9=1.23×1) (-16→10=1.23×1) |
| 289133 | 53 | 0.60 | 1 | 0.78~1.26 | (-23→10=1.26×1) (16→-9=1.25×1) (23→18=1.24×1) (-16→10=1.23×1) (18→3=0.78×1) |
| 289143 | 52 | 0.62 | 1 | 0.81~1.26 | (-23→10=1.26×1) (16→-9=1.25×1) (23→18=1.24×1) (-16→10=1.23×1) (9→23=1.22×1) |
| 289153 | 52 | 0.63 | 1 | 0.81~1.26 | (-23→10=1.26×1) (16→-9=1.25×1) (23→18=1.24×1) (-16→10=1.23×1) (9→23=1.22×1) |
| 289164 | 56 | 0.77 | 1 | 0.71~1.27 | (-20→-3=0.71×1) (10→-9=1.27×1) (-23→10=1.26×1) (16→-9=1.25×1) (23→18=1.24×1) |
| 289174 | 54 | 0.65 | 1 | 0.71~1.27 | (-20→-3=0.71×1) (10→-9=1.27×1) (-23→10=1.26×1) (16→-9=1.25×1) (-16→10=1.23×1) |
| 289184 | 56 | 0.70 | 1 | 0.71~1.27 | (-20→-3=0.71×1) (10→-9=1.27×1) (-5→18=1.27×1) (23→14=0.73×1) (-23→10=1.26×1) |
| 289195 | 54 | 0.63 | 1 | 0.71~1.27 | (-20→-3=0.71×1) (10→-9=1.27×1) (-5→18=1.27×1) (23→14=0.73×1) (16→30=0.74×1) |
| 289205 | 56 | 0.70 | 1 | 0.71~1.27 | (-20→-3=0.71×1) (10→-9=1.27×1) (-5→18=1.27×1) (23→14=0.73×1) (13→28=0.74×1) |
| 289215 | 56 | 0.77 | 1 | 0.71~1.27 | (-20→-3=0.71×1) (10→-9=1.27×1) (9→10=0.73×1) (-5→18=1.27×1) (13→28=0.74×1) |
| 289226 | 55 | 0.95 | 1 | 0.71~1.27 | (-20→-3=0.71×1) (10→-9=1.27×1) (9→10=0.73×1) (-5→18=1.27×1) (13→28=0.74×1) |
| 289236 | 53 | 0.98 | 1 | 0.71~1.27 | (-20→-3=0.71×1) (10→-9=1.27×1) (9→10=0.73×1) (-5→18=1.27×1) (13→28=0.74×1) |
| 289246 | 54 | 1.09 | 1 | 0.71~1.28 | (-20→-3=0.71×1) (16→-5=1.27×1) (10→-9=1.27×1) (9→10=0.73×1) (-5→18=1.27×1) |
| 289257 | 51 | 1.10 | 1 | 0.73~1.28 | (16→-5=1.27×1) (10→-9=1.27×1) (9→10=0.73×1) (-5→18=1.27×1) (13→28=0.74×1) |
| 289267 | 52 | 0.87 | 1 | 0.73~1.28 | (16→-5=1.27×1) (9→10=0.73×1) (-5→18=1.27×1) (13→28=0.74×1) (16→30=0.74×1) |
| 289277 | 52 | 0.88 | 1 | 0.73~1.28 | (-21→26=1.28×1) (16→-5=1.27×1) (9→10=0.73×1) (13→28=0.74×1) (16→30=0.74×1) |
| 289288 | 51 | 0.98 | 2 | 0.73~1.28 | (-21→26=1.28×1) (16→-5=1.27×1) (9→10=0.73×1) (16→30=0.74×1) (-6→-22=0.74×1) |
| 289298 | 53 | 0.98 | 2 | 0.74~1.28 | (-21→26=1.28×1) (16→-5=1.27×1) (16→30=0.74×1) (-12→-25=0.75×2) (13→28=0.75×1) |
| 289308 | 50 | 0.84 | 2 | 0.74~1.28 | (-21→26=1.28×1) (-23→-13=1.28×1) (16→-5=1.27×1) (-12→-25=0.75×2) (13→28=0.75×1) |
| 289319 | 53 | 0.81 | 2 | 0.72~1.29 | (17→5=1.29×1) (-4→-13=0.72×1) (-21→26=1.28×1) (-23→-13=1.28×1) (16→-5=1.27×1) |
| 289329 | 53 | 0.81 | 2 | 0.72~1.29 | (17→5=1.29×1) (-4→-13=0.72×1) (-21→26=1.28×1) (-23→-13=1.28×1) (16→-5=1.27×1) |
| 289339 | 56 | 0.95 | 2 | 0.72~1.30 | (8→4=1.29×2) (17→5=1.29×1) (-4→-13=0.72×1) (-21→26=1.28×1) (-2→15=0.72×1) |
| 289350 | 56 | 0.98 | 2 | 0.70~1.30 | (-12→-13=0.70×1) (8→4=1.29×2) (17→5=1.29×1) (-4→-13=0.72×1) (-21→26=1.28×1) |
| 289360 | 55 | 0.93 | 2 | 0.70~1.30 | (-12→-13=0.70×1) (8→4=1.29×2) (20→21=1.28×1) (-4→-13=0.72×1) (-21→26=1.28×1) |
| 289370 | 53 | 0.94 | 2 | 0.70~1.30 | (8→4=1.30×1) (-12→-13=0.70×1) (20→21=1.28×1) (-4→-13=0.72×1) (-21→26=1.28×1) |
| 289381 | 51 | 0.73 | 1 | 0.70~1.30 | (8→4=1.30×1) (-12→-13=0.70×1) (-4→-13=0.72×1) (-2→15=0.72×1) (-11→31=0.73×1) |
| 289391 | 53 | 1.02 | 1 | 0.66~1.25 | (-12→-13=0.70×1) (-4→-13=0.72×1) (-2→15=0.72×1) (-8→8=0.72×1) (23→11=0.72×2) |
| 289401 | 53 | 1.06 | 1 | 0.66~1.29 | (19→29=1.29×1) (-12→-13=0.71×2) (-4→-13=0.72×1) (-2→15=0.72×1) (-8→8=0.72×1) |
| 289412 | 51 | 0.96 | 1 | 0.66~1.29 | (19→29=1.29×1) (-12→-13=0.71×2) (-4→-13=0.72×1) (-2→15=0.72×1) (-8→8=0.72×1) |
| 289422 | 52 | 1.38 | 2 | 0.66~1.42 | (23→11=0.66×1) (6→-24=1.29×2) (-12→-13=0.71×3) (-4→-13=0.72×1) (-2→15=0.72×1) |
| 289432 | 50 | 1.10 | 2 | 0.66~1.42 | (23→11=0.66×1) (6→-24=1.29×2) (8→-28=1.29×1) (-12→-13=0.71×3) (-4→-13=0.72×1) |
| 289443 | 52 | 1.29 | 2 | 0.66~1.42 | (23→11=0.66×1) (6→-24=1.29×2) (21→-13=1.29×1) (8→-28=1.29×1) (-12→-13=0.71×3) |
| 289453 | 50 | 1.20 | 2 | 0.66~1.42 | (21→-17=1.36×1) (23→11=0.66×1) (6→-24=1.29×2) (21→-13=1.29×1) (8→-28=1.29×1) |
| 289463 | 53 | 1.49 | 2 | 0.66~1.42 | (21→-17=1.36×1) (23→11=0.66×1) (6→-24=1.29×2) (21→-13=1.29×1) (8→-28=1.29×1) |
| 289474 | 52 | 1.60 | 2 | 0.66~1.42 | (21→-17=1.36×1) (23→11=0.66×1) (20→-10=1.30×1) (6→-24=1.29×2) (21→-13=1.29×1) |
| 289484 | 50 | 0.92 | 1 | 0.66~1.30 | (23→11=0.66×1) (20→-10=1.30×1) (19→29=1.29×1) (-12→-13=0.71×3) (-6→-9=1.29×1) |
| 289494 | 52 | 0.48 | 1 | 0.66~1.29 | (23→11=0.66×1) (19→29=1.29×1) (-12→-13=0.71×3) (-12→-25=0.74×1) (3→-22=1.25×1) |
| 289505 | 54 | 0.57 | 1 | 0.70~1.29 | (19→29=1.29×1) (-12→-13=0.71×2) (-8→28=0.74×1) (-12→-25=0.74×1) (11→-12=0.74×1) |
| 289515 | 53 | 0.70 | 2 | 0.70~1.29 | (-12→-13=0.70×1) (19→29=1.29×1) (-12→-25=0.74×1) (-8→28=0.74×2) (11→-12=0.74×1) |
| 289525 | 56 | 0.86 | 2 | 0.70~1.29 | (-12→-13=0.70×1) (19→29=1.29×1) (-12→-25=0.74×1) (11→-12=0.74×1) (-8→28=0.75×3) |
| 289536 | 58 | 1.05 | 2 | 0.70~1.29 | (-12→-13=0.70×1) (19→29=1.29×1) (-12→-25=0.74×1) (-8→28=0.74×5) (11→-12=0.74×1) |
| 289546 | 61 | 1.49 | 3 | 0.70~1.30 | (-12→-13=0.70×1) (-10→7=1.30×1) (23→-6=0.72×1) (-12→-25=0.74×1) (11→-12=0.74×1) |
| 289556 | 60 | 1.12 | 2 | 0.70~1.28 | (-12→-13=0.70×1) (4→17=1.28×1) (23→2=1.27×1) (-12→-25=0.74×1) (-8→28=0.75×6) |
| 289567 | 65 | 1.37 | 2 | 0.70~1.28 | (-12→-13=0.70×1) (4→17=1.28×1) (23→2=1.27×1) (-14→12=1.27×1) (20→7=1.26×1) |
| 289577 | 61 | 1.79 | 2 | 0.70~1.28 | (-12→-13=0.70×1) (4→17=1.28×1) (23→2=1.27×1) (-14→12=1.27×1) (20→7=1.26×1) |
| 289587 | 61 | 1.66 | 2 | 0.70~1.28 | (-12→-13=0.70×1) (4→17=1.28×1) (23→2=1.27×1) (-14→12=1.27×1) (20→7=1.26×1) |
| 289598 | 62 | 1.68 | 2 | 0.70~1.28 | (-12→-13=0.70×1) (8→-17=0.70×1) (4→17=1.28×1) (23→2=1.27×1) (-14→12=1.27×1) |
| 289608 | 63 | 1.81 | 2 | 0.70~1.28 | (-12→-13=0.70×1) (8→-17=0.70×1) (4→17=1.28×1) (23→2=1.27×1) (-14→12=1.27×1) |
| 289618 | 61 | 1.31 | 2 | 0.70~1.27 | (-12→-13=0.70×1) (8→-17=0.70×1) (7→17=0.73×1) (-14→12=1.27×1) (-12→-20=0.73×1) |
| 289629 | 61 | 1.43 | 2 | 0.70~1.27 | (-12→-13=0.70×1) (-5→21=0.70×1) (7→17=0.73×1) (-14→12=1.27×1) (-12→-20=0.73×1) |
| 289639 | 60 | 1.40 | 2 | 0.70~1.28 | (-12→-13=0.70×1) (-5→21=0.70×1) (-3→-6=1.28×1) (-14→12=1.27×1) (-12→-20=0.73×1) |
| 289649 | 56 | 1.32 | 2 | 0.70~1.30 | (-12→-13=0.70×1) (-5→21=0.70×1) (12→-11=1.30×1) (-3→-6=1.28×1) (8→14=1.28×1) |
| 289660 | 54 | 1.46 | 2 | 0.70~1.30 | (3→7=1.30×1) (-12→-13=0.70×1) (-5→21=0.70×1) (12→-11=1.29×2) (-24→5=0.71×1) |
| 289670 | 57 | 1.35 | 2 | 0.70~1.30 | (3→7=1.30×1) (-12→-13=0.70×1) (-5→21=0.70×1) (12→-11=1.29×2) (-24→5=0.71×1) |
| 289680 | 55 | 1.05 | 2 | 0.70~1.30 | (-12→-13=0.70×1) (-5→21=0.70×1) (12→-11=1.30×1) (-24→5=0.71×1) (-3→-6=1.28×1) |
| 289691 | 59 | 1.25 | 2 | 0.70~1.30 | (-12→-13=0.70×1) (-5→21=0.70×1) (12→-11=1.30×1) (-24→5=0.71×1) (-20→-19=0.72×1) |
| 289701 | 56 | 1.05 | 2 | 0.70~1.30 | (-12→-13=0.70×1) (-5→21=0.70×1) (12→-11=1.30×1) (-24→5=0.71×1) (-3→-6=1.28×1) |
| 289711 | 50 | 1.04 | 2 | 0.70~1.30 | (-12→-13=0.70×1) (-5→21=0.70×1) (12→-11=1.30×1) (-24→5=0.71×1) (8→14=1.28×1) |
| 289722 | 50 | 1.12 | 2 | 0.70~1.30 | (-12→-13=0.70×1) (12→-11=1.30×1) (-24→5=0.71×1) (8→14=1.28×1) (14→19=0.72×1) |
| 289732 | 51 | 0.92 | 2 | 0.70~1.27 | (-12→-13=0.70×1) (-15→16=0.71×1) (15→11=0.72×2) (6→4=0.72×1) (14→19=0.72×1) |
| 289742 | 51 | 0.88 | 2 | 0.71~1.27 | (15→11=0.72×2) (6→4=0.72×1) (14→19=0.72×1) (4→31=0.72×1) (9→-7=0.73×1) |
| 289753 | 52 | 1.08 | 2 | 0.71~1.27 | (15→11=0.72×2) (6→4=0.72×1) (14→19=0.72×1) (4→31=0.72×1) (9→-7=0.73×1) |
| 289763 | 52 | 1.10 | 2 | 0.71~1.27 | (15→11=0.72×2) (6→4=0.72×1) (14→19=0.72×1) (4→31=0.72×1) (9→-7=0.73×1) |
| 289773 | 54 | 1.13 | 2 | 0.71~1.27 | (15→11=0.72×2) (6→4=0.72×1) (14→19=0.72×1) (4→31=0.72×1) (9→-7=0.73×1) |
| 289784 | 51 | 1.04 | 2 | 0.71~1.27 | (15→11=0.72×2) (14→19=0.72×1) (-14→12=1.27×1) (15→-2=1.24×1) (-8→28=0.76×1) |
| 289794 | 52 | 1.02 | 2 | 0.71~1.43 | (15→11=0.71×1) (14→19=0.72×1) (-14→12=1.27×1) (15→-2=1.24×1) (-8→28=0.76×1) |
| 289804 | 54 | 1.09 | 2 | 0.71~1.43 | (15→11=0.71×1) (21→-5=0.72×2) (14→19=0.72×1) (-22→-21=1.26×2) (15→-2=1.24×1) |
| 289815 | 52 | 0.85 | 1 | 0.71~1.26 | (15→11=0.71×1) (21→-5=0.72×2) (14→19=0.72×1) (-14→5=0.74×1) (-22→-21=1.26×2) |
| 289825 | 49 | 0.53 | 1 | 0.71~1.26 | (15→11=0.71×1) (21→-5=0.72×2) (-14→5=0.74×1) (-22→-21=1.26×2) (-24→29=0.76×1) |
| 289835 | 53 | 0.74 | 1 | 0.72~1.26 | (21→-5=0.72×2) (-14→5=0.74×1) (-22→-21=1.26×2) (-16→12=1.25×1) (-24→29=0.76×1) |
| 289846 | 54 | 0.81 | 1 | 0.72~1.28 | (-12→-16=1.28×1) (21→-5=0.72×2) (8→23=0.73×1) (-14→5=0.74×1) (-22→-21=1.26×2) |
| 289856 | 55 | 0.85 | 2 | 0.72~1.28 | (21→-5=0.72×1) (-12→-16=1.28×1) (-21→21=1.28×2) (8→23=0.73×1) (-22→-21=1.26×1) |
| 289866 | 57 | 0.89 | 2 | 0.72~1.28 | (21→-5=0.72×1) (-12→-16=1.28×1) (-21→21=1.28×2) (8→23=0.73×1) (-22→-21=1.26×1) |
| 289877 | 54 | 0.91 | 2 | 0.72~1.28 | (21→-5=0.72×1) (-21→21=1.28×2) (-22→-21=1.26×1) (-14→5=0.74×1) (-16→12=1.25×1) |
| 289887 | 52 | 0.87 | 2 | 0.74~1.28 | (-21→21=1.28×2) (-14→5=0.74×1) (-16→12=1.25×1) (-16→-30=0.76×1) (-6→-28=1.24×2) |
| 289897 | 49 | 0.78 | 1 | 0.74~1.28 | (-21→21=1.28×1) (-14→5=0.74×1) (-16→12=1.25×1) (-16→-30=0.76×1) (-6→-28=1.24×2) |
| 289908 | 49 | 0.53 | 1 | 0.80~1.29 | (-8→17=1.29×1) (-16→12=1.25×1) (8→17=1.22×1) (-6→-28=1.21×1) (-1→1=1.21×1) |
| 289918 | 51 | 0.61 | 1 | 0.77~1.29 | (-8→17=1.29×1) (21→-7=0.77×1) (8→17=1.22×1) (-1→1=1.21×1) (19→-19=1.21×1) |
| 289928 | 49 | 0.76 | 1 | 0.76~1.29 | (-8→17=1.29×1) (-20→-21=1.25×2) (3→20=0.76×2) (21→-7=0.77×1) (8→17=1.22×1) |
| 289939 | 50 | 0.76 | 1 | 0.76~1.29 | (-8→17=1.29×1) (-20→-21=1.25×2) (3→20=0.76×2) (21→-7=0.77×1) (8→17=1.22×1) |
| 289949 | 52 | 0.98 | 2 | 0.76~1.46 | (3→-25=1.37×2) (-8→17=1.29×1) (21→28=1.27×1) (-20→-21=1.25×2) (5→-4=1.24×1) |
| 289959 | 51 | 0.92 | 1 | 0.76~1.29 | (-8→17=1.29×1) (3→-25=1.28×1) (-20→-21=1.25×2) (3→20=0.76×2) (21→-7=0.77×1) |
| 289970 | 50 | 0.82 | 1 | 0.74~1.29 | (-8→17=1.29×1) (3→-25=1.28×1) (-15→10=0.74×1) (-20→-21=1.25×1) (3→20=0.76×1) |
| 289980 | 51 | 0.82 | 1 | 0.74~1.29 | (-8→17=1.29×1) (-17→7=1.29×1) (3→-25=1.28×1) (-15→10=0.74×1) (-20→-21=1.25×1) |
| 289990 | 53 | 0.75 | 1 | 0.74~1.29 | (-17→7=1.29×1) (21→-1=1.28×1) (3→-25=1.28×1) (-15→10=0.74×1) (-20→-21=1.25×1) |
| 290001 | 51 | 0.67 | 1 | 0.72~1.29 | (-17→7=1.29×1) (21→-1=1.28×1) (10→6=0.72×1) (3→-25=1.28×1) (-15→10=0.74×1) |
| 290011 | 48 | 0.48 | 1 | 0.72~1.29 | (-17→7=1.29×1) (21→-1=1.28×1) (10→6=0.72×1) (-15→10=0.74×1) (21→-7=0.77×1) |
| 290021 | 51 | 0.45 | 1 | 0.72~1.29 | (-17→7=1.29×1) (21→-1=1.28×1) (10→6=0.72×1) (-3→-6=0.74×1) (-15→10=0.74×1) |
| 290032 | 52 | 0.50 | 1 | 0.72~1.29 | (-17→7=1.29×1) (21→-1=1.28×1) (10→6=0.72×1) (20→7=1.27×1) (-3→-6=0.74×1) |
| 290042 | 50 | 0.48 | 1 | 0.72~1.29 | (-17→7=1.29×1) (21→-1=1.28×1) (10→6=0.72×1) (20→7=1.27×1) (-3→-6=0.74×1) |
| 290052 | 51 | 0.47 | 1 | 0.72~1.29 | (-17→7=1.29×1) (21→-1=1.28×1) (10→6=0.72×1) (20→7=1.27×1) (-3→-6=0.74×1) |
| 290063 | 51 | 0.55 | 1 | 0.71~1.29 | (-2→29=0.71×1) (12→6=1.29×1) (21→-1=1.28×1) (10→6=0.72×1) (20→7=1.27×1) |
| 290073 | 53 | 0.55 | 1 | 0.71~1.29 | (-2→29=0.71×1) (12→6=1.29×1) (10→6=0.72×1) (20→7=1.27×1) (-7→25=1.26×1) |
| 290083 | 52 | 0.56 | 1 | 0.71~1.29 | (-2→29=0.71×1) (12→6=1.29×1) (10→6=0.72×1) (2→-12=0.73×1) (20→7=1.27×1) |
| 290094 | 50 | 0.58 | 1 | 0.71~1.29 | (-2→29=0.71×1) (12→6=1.29×1) (10→6=0.72×1) (2→-12=0.73×1) (20→7=1.27×1) |
| 290104 | 52 | 0.58 | 1 | 0.71~1.29 | (-2→29=0.71×1) (12→6=1.29×1) (10→6=0.72×1) (2→-12=0.73×1) (20→7=1.27×1) |
| 290114 | 55 | 0.67 | 1 | 0.71~1.29 | (-2→29=0.71×1) (12→6=1.29×1) (10→6=0.72×1) (2→-12=0.73×1) (20→7=1.27×1) |
| 290125 | 56 | 0.77 | 1 | 0.71~1.29 | (-2→29=0.71×1) (12→6=1.29×1) (10→6=0.72×1) (2→-12=0.73×1) (-7→25=1.26×1) |
| 290135 | 54 | 0.93 | 1 | 0.71~1.29 | (-2→29=0.71×1) (12→6=1.29×1) (10→6=0.72×1) (-7→25=1.26×1) (13→-31=0.75×3) |
| 290145 | 57 | 1.04 | 1 | 0.71~1.29 | (-2→29=0.71×1) (12→6=1.29×1) (10→6=0.72×1) (-15→-7=1.26×1) (-7→25=1.26×1) |
| 290156 | 56 | 0.88 | 1 | 0.72~1.29 | (1→18=1.29×1) (10→6=0.72×1) (15→27=0.72×1) (-15→-7=1.26×1) (13→-31=0.75×3) |
| 290166 | 56 | 0.80 | 1 | 0.72~1.29 | (1→18=1.29×1) (10→6=0.72×1) (-15→-7=1.26×1) (13→-31=0.75×3) (-22→-21=1.25×1) |
| 290176 | 56 | 0.89 | 1 | 0.72~1.29 | (1→18=1.29×1) (-9→14=1.29×1) (-1→13=0.72×1) (10→6=0.72×1) (-15→-7=1.26×1) |
| 290187 | 50 | 0.88 | 1 | 0.72~1.29 | (1→18=1.29×1) (-9→14=1.28×2) (-1→13=0.72×2) (10→6=0.72×1) (13→-31=0.73×2) |
| 290197 | 55 | 0.93 | 1 | 0.72~1.29 | (-9→14=1.28×3) (10→6=0.72×1) (-1→13=0.72×3) (-6→-14=0.72×1) (-9→-29=0.73×1) |
| 290207 | 53 | 0.85 | 2 | 0.72~1.29 | (-9→14=1.28×4) (-6→-14=0.72×1) (-1→13=0.73×4) (-15→-12=0.73×1) (-9→-29=0.76×2) |
| 290218 | 54 | 0.78 | 2 | 0.72~1.29 | (-9→14=1.28×3) (-6→-14=0.72×1) (-1→13=0.73×3) (-15→-12=0.73×1) (-9→-29=0.76×2) |
| 290228 | 52 | 0.79 | 2 | 0.72~1.29 | (-9→14=1.28×3) (-6→-14=0.72×1) (-1→13=0.73×3) (-15→-12=0.73×1) (-9→-29=0.76×2) |
| 290238 | 55 | 0.78 | 1 | 0.72~1.29 | (-9→14=1.29×1) (-1→13=0.72×1) (-6→-14=0.72×1) (-9→-29=0.73×1) (-11→-23=1.23×1) |
| 290249 | 52 | 0.56 | 1 | 0.72~1.27 | (-6→-14=0.72×1) (9→-20=1.27×1) (-9→-29=0.73×1) (-11→-23=1.23×1) (7→15=1.23×1) |
| 290259 | 55 | 0.71 | 1 | 0.71~1.28 | (21→28=0.71×1) (2→31=1.28×1) (-6→-14=0.72×1) (9→-20=1.27×1) (-9→-29=0.73×1) |
| 290269 | 53 | 0.58 | 1 | 0.71~1.28 | (21→28=0.71×1) (2→31=1.28×1) (-6→-14=0.72×1) (9→-20=1.27×1) (-9→-29=0.73×1) |
| 290280 | 56 | 0.71 | 1 | 0.71~1.28 | (21→28=0.71×1) (-14→29=0.71×1) (2→31=1.28×1) (-6→-20=1.28×1) (10→-4=0.72×1) |
| 290290 | 51 | 0.57 | 1 | 0.71~1.28 | (21→28=0.71×1) (-14→29=0.71×1) (2→31=1.28×1) (-6→-20=1.28×1) (10→-4=0.72×1) |
| 290300 | 54 | 0.67 | 1 | 0.71~1.28 | (21→28=0.71×1) (-14→29=0.71×1) (2→31=1.28×1) (-6→-20=1.28×1) (10→-4=0.72×1) |
| 290311 | 51 | 0.51 | 1 | 0.71~1.28 | (21→28=0.71×1) (2→31=1.28×1) (-6→-14=0.72×1) (-9→-29=0.73×1) (16→31=0.74×1) |
| 290321 | 50 | 0.58 | 1 | 0.71~1.28 | (21→28=0.71×1) (2→31=1.28×1) (-6→-14=0.72×1) (21→27=1.27×1) (-9→-29=0.73×1) |
| 290331 | 51 | 0.57 | 1 | 0.71~1.27 | (-19→-17=0.71×1) (-6→-14=0.72×1) (21→27=1.27×1) (-9→-29=0.73×1) (16→31=0.74×1) |
| 290342 | 50 | 0.36 | 1 | 0.71~1.27 | (-19→-17=0.71×1) (-6→-14=0.72×1) (21→27=1.27×1) (21→4=1.25×1) (23→23=1.24×1) |
| 290352 | 51 | 0.41 | 1 | 0.71~1.30 | (17→29=1.30×1) (-19→-17=0.71×1) (21→27=1.27×1) (21→4=1.25×1) (23→23=1.24×1) |
| 290362 | 51 | 0.47 | 1 | 0.71~1.30 | (17→29=1.30×1) (-19→-17=0.71×1) (21→27=1.27×1) (-15→9=0.74×1) (21→4=1.25×1) |
| 290373 | 50 | 0.52 | 1 | 0.71~1.30 | (17→29=1.30×1) (-19→-17=0.71×1) (21→27=1.27×1) (-15→9=0.74×1) (21→4=1.25×1) |
| 290383 | 50 | 0.50 | 1 | 0.71~1.30 | (17→29=1.30×1) (-19→-17=0.71×1) (21→27=1.27×1) (-15→9=0.74×1) (24→24=0.78×1) |
| 290393 | 51 | 0.49 | 1 | 0.71~1.30 | (17→29=1.30×1) (-19→-17=0.71×1) (-15→9=0.74×1) (24→24=0.78×1) (-12→-21=1.22×1) |
| 290404 | 51 | 0.43 | 1 | 0.70~1.26 | (-6→-12=0.70×1) (-19→-17=0.71×1) (1→-19=1.26×1) (-15→9=0.74×1) (19→26=0.77×1) |
| 290414 | 51 | 0.57 | 1 | 0.70~1.26 | (-6→-12=0.70×1) (-19→-17=0.71×1) (-11→1=0.71×1) (-24→22=0.72×1) (24→-4=0.72×1) |
| 290424 | 50 | 0.48 | 1 | 0.70~1.26 | (-6→-12=0.70×1) (-11→1=0.71×1) (-24→22=0.72×1) (24→-4=0.72×1) (-24→-7=1.26×1) |
| 290435 | 55 | 0.55 | 1 | 0.70~1.26 | (-6→-12=0.70×1) (14→15=0.71×1) (-11→1=0.71×1) (-24→22=0.72×1) (24→-4=0.72×1) |
| 290445 | 56 | 0.57 | 1 | 0.70~1.26 | (-6→-12=0.70×1) (14→15=0.71×1) (-11→1=0.71×1) (-24→22=0.72×1) (24→-4=0.72×1) |
| 290455 | 57 | 0.60 | 1 | 0.70~1.26 | (-6→-12=0.70×1) (14→15=0.71×1) (-11→1=0.71×1) (-24→22=0.72×1) (24→-4=0.72×1) |
| 290466 | 57 | 0.60 | 1 | 0.70~1.28 | (-6→-12=0.70×1) (14→15=0.71×1) (-11→1=0.71×1) (-5→-10=1.28×1) (-24→22=0.72×1) |
| 290476 | 56 | 0.55 | 1 | 0.70~1.28 | (-6→-12=0.70×1) (14→15=0.71×1) (-11→1=0.71×1) (-5→-10=1.28×1) (-24→22=0.72×1) |
| 290486 | 57 | 0.60 | 1 | 0.70~1.28 | (-6→-12=0.70×1) (24→-9=0.71×1) (14→15=0.71×1) (-11→1=0.71×1) (-5→-10=1.28×1) |
| 290497 | 57 | 0.65 | 1 | 0.70~1.28 | (-6→-12=0.70×1) (24→-9=0.71×1) (14→15=0.71×1) (-11→1=0.71×1) (-5→-10=1.28×1) |
| 290507 | 56 | 0.75 | 1 | 0.70~1.28 | (-6→-12=0.70×1) (24→-9=0.71×1) (-11→1=0.71×1) (-5→-10=1.28×1) (-24→22=0.72×1) |
| 290517 | 57 | 0.70 | 1 | 0.70~1.28 | (-6→-12=0.70×1) (24→-9=0.71×1) (-5→-10=1.28×1) (-24→22=0.72×1) (24→-4=0.72×1) |
| 290528 | 61 | 0.74 | 1 | 0.70~1.28 | (-6→-12=0.70×1) (24→-9=0.71×1) (-5→-10=1.28×1) (-24→22=0.72×1) (24→-4=0.72×1) |
| 290538 | 59 | 0.64 | 1 | 0.70~1.28 | (-6→-12=0.70×1) (24→-9=0.71×1) (-5→-10=1.28×1) (-24→22=0.72×1) (24→-4=0.72×1) |
| 290548 | 55 | 0.64 | 1 | 0.70~1.28 | (-6→-12=0.70×1) (24→-9=0.71×1) (-5→-10=1.28×1) (-24→22=0.72×1) (24→-4=0.72×1) |
| 290559 | 52 | 0.67 | 1 | 0.70~1.28 | (-6→-12=0.70×1) (24→-9=0.71×1) (-5→-10=1.28×1) (-15→-11=0.72×1) (-17→24=0.73×1) |
| 290569 | 51 | 0.65 | 1 | 0.70~1.28 | (-6→-12=0.70×1) (24→-9=0.71×1) (-5→-10=1.28×1) (-15→-11=0.72×1) (-17→24=0.73×1) |
| 290579 | 50 | 0.68 | 1 | 0.70~1.26 | (-6→-12=0.70×1) (24→-9=0.71×1) (-15→-11=0.72×1) (-17→24=0.73×1) (-8→-7=0.73×1) |
| 290590 | 51 | 0.71 | 1 | 0.70~1.26 | (-6→-12=0.70×1) (24→-9=0.71×1) (-15→-11=0.72×1) (-17→24=0.73×1) (-8→-7=0.73×1) |
| 290600 | 50 | 0.60 | 1 | 0.71~1.26 | (24→-9=0.71×1) (-15→-11=0.72×1) (-17→24=0.73×1) (-8→-7=0.73×1) (12→-3=0.73×1) |
| 290610 | 50 | 0.54 | 1 | 0.71~1.26 | (24→-9=0.71×1) (-15→-11=0.72×1) (-17→24=0.73×1) (-8→-7=0.73×1) (12→-3=0.73×1) |
| 290621 | 55 | 0.69 | 1 | 0.71~1.28 | (24→-9=0.71×1) (-8→-26=1.28×1) (-15→-11=0.72×1) (-17→24=0.73×1) (-8→-7=0.73×1) |
| 290631 | 56 | 0.77 | 1 | 0.71~1.28 | (24→-9=0.71×1) (-5→-8=1.28×1) (-8→-26=1.28×1) (-15→-11=0.72×1) (-17→24=0.73×1) |
| 290641 | 55 | 0.85 | 2 | 0.71~1.28 | (24→-9=0.71×1) (-5→-8=1.28×1) (-8→-26=1.28×1) (-15→-11=0.72×1) (-16→14=1.27×1) |
| 290652 | 51 | 0.69 | 2 | 0.71~1.28 | (24→-9=0.71×1) (-8→-26=1.28×1) (-15→-11=0.72×1) (-5→-8=1.28×2) (-8→-7=0.73×1) |
| 290662 | 54 | 0.78 | 2 | 0.71~1.28 | (24→-9=0.71×1) (-8→-26=1.28×1) (-15→-11=0.72×1) (-5→-8=1.28×2) (-8→-7=0.73×1) |
| 290672 | 51 | 0.73 | 2 | 0.71~1.28 | (24→-9=0.71×1) (-15→-11=0.72×1) (-5→-8=1.28×2) (-8→-7=0.73×1) (21→-3=1.24×1) |
| 290683 | 54 | 1.22 | 2 | 0.70~1.28 | (19→2=0.70×1) (24→-9=0.71×1) (-15→-11=0.72×1) (11→-23=1.27×1) (-8→-7=0.73×1) |
| 290693 | 53 | 1.23 | 2 | 0.70~1.28 | (19→2=0.70×1) (24→-9=0.71×1) (-15→-11=0.72×1) (11→-23=1.27×1) (-5→-8=1.26×4) |
| 290703 | 56 | 1.34 | 2 | 0.70~1.29 | (19→2=0.70×1) (24→-9=0.71×1) (-9→-31=0.71×1) (-8→30=1.29×1) (-15→-11=0.72×1) |
| 290714 | 55 | 1.09 | 2 | 0.70~1.29 | (19→2=0.70×1) (24→-9=0.71×1) (-9→-31=0.71×1) (-8→30=1.29×1) (-15→-11=0.72×1) |
| 290724 | 50 | 0.78 | 2 | 0.71~1.28 | (24→-9=0.71×1) (-5→-8=1.28×1) (-15→-11=0.72×1) (11→-23=1.27×1) (-17→1=1.26×1) |
| 290734 | 53 | 0.72 | 1 | 0.71~1.28 | (24→-9=0.71×1) (-5→-8=1.28×1) (-15→-11=0.72×1) (8→-12=1.28×1) (11→-23=1.27×1) |
| 290745 | 50 | 0.66 | 1 | 0.71~1.28 | (24→-9=0.71×1) (-5→-8=1.28×1) (-15→-11=0.72×1) (8→-12=1.28×1) (11→-23=1.27×1) |
| 290755 | 51 | 0.71 | 1 | 0.71~1.28 | (24→-9=0.71×1) (-5→-8=1.28×1) (-15→-11=0.72×1) (8→-12=1.28×1) (-1→-12=0.72×1) |
| 290765 | 51 | 0.73 | 1 | 0.71~1.30 | (-24→-14=1.30×1) (24→-9=0.71×1) (-5→-8=1.28×1) (-15→-11=0.72×1) (8→-12=1.28×1) |
| 290776 | 54 | 0.74 | 1 | 0.71~1.28 | (24→-9=0.71×1) (15→-16=0.72×1) (-15→-11=0.72×1) (8→-12=1.28×1) (-1→-12=0.72×1) |
| 290786 | 55 | 0.96 | 2 | 0.71~1.28 | (24→-9=0.71×1) (-15→-11=0.72×1) (8→-12=1.28×1) (15→-16=0.72×2) (-1→-12=0.72×1) |
| 290796 | 56 | 1.21 | 2 | 0.71~1.28 | (24→-9=0.71×1) (4→8=1.28×1) (-15→-11=0.72×1) (8→-12=1.28×1) (15→-16=0.72×2) |
| 290807 | 61 | 1.34 | 2 | 0.71~1.29 | (24→-9=0.71×1) (17→18=1.28×2) (-19→-7=0.72×1) (4→8=1.28×2) (-15→-11=0.72×1) |
| 290817 | 62 | 1.39 | 2 | 0.71~1.29 | (24→-9=0.71×1) (17→18=1.28×2) (-19→-7=0.72×1) (4→8=1.28×2) (-15→-11=0.72×1) |
| 290827 | 59 | 1.32 | 2 | 0.71~1.29 | (24→-9=0.71×1) (17→18=1.28×2) (-19→-7=0.72×1) (-15→-11=0.72×1) (8→-12=1.28×1) |
| 290838 | 63 | 1.30 | 2 | 0.70~1.29 | (-7→-30=0.70×1) (24→-9=0.71×1) (1→13=1.28×2) (15→-16=0.72×1) (-19→-7=0.72×1) |
| 290848 | 62 | 1.16 | 1 | 0.70~1.29 | (-7→-30=0.70×1) (24→-9=0.71×1) (1→13=1.28×2) (15→-16=0.72×1) (-19→-7=0.72×1) |
| 290858 | 63 | 1.17 | 1 | 0.70~1.42 | (1→13=1.33×3) (-7→-30=0.70×1) (24→-9=0.71×1) (15→-16=0.72×1) (-19→-7=0.72×1) |
| 290869 | 57 | 1.02 | 1 | 0.70~1.42 | (1→13=1.33×3) (-7→-30=0.70×1) (24→-9=0.71×1) (15→-16=0.72×1) (17→18=1.28×4) |
| 290879 | 54 | 0.83 | 1 | 0.70~1.42 | (1→13=1.33×3) (-7→-30=0.70×1) (24→-9=0.71×1) (15→-16=0.72×1) (17→18=1.28×4) |
| 290889 | 55 | 1.05 | 1 | 0.71~1.42 | (1→13=1.33×3) (24→-9=0.71×1) (15→-16=0.72×1) (17→18=1.28×4) (-15→-11=0.72×1) |
| 290900 | 52 | 0.92 | 1 | 0.71~1.42 | (1→13=1.33×3) (24→-9=0.71×1) (17→18=1.28×4) (-15→-11=0.72×1) (23→10=0.72×1) |
| 290910 | 52 | 0.92 | 1 | 0.71~1.29 | (-18→5=1.29×1) (17→18=1.29×1) (24→-9=0.71×1) (-15→-11=0.72×1) (23→10=0.72×1) |
| 290920 | 52 | 0.92 | 1 | 0.71~1.29 | (-18→5=1.29×1) (17→18=1.29×1) (24→-9=0.71×1) (-15→-11=0.72×1) (23→10=0.72×1) |
| 290931 | 52 | 0.96 | 1 | 0.71~1.30 | (12→5=1.30×1) (-18→5=1.29×1) (24→-9=0.71×1) (-15→-11=0.72×1) (23→10=0.72×1) |
| 290941 | 52 | 0.65 | 1 | 0.71~1.30 | (12→5=1.30×1) (-18→5=1.29×1) (24→-9=0.71×1) (-15→-11=0.72×1) (20→1=0.76×1) |
| 290951 | 56 | 1.09 | 2 | 0.71~1.30 | (12→5=1.30×1) (-18→5=1.29×1) (24→-9=0.71×1) (-15→-11=0.72×1) (-8→19=0.72×3) |
| 290962 | 56 | 0.96 | 2 | 0.71~1.30 | (12→5=1.30×1) (24→-9=0.71×1) (-15→-11=0.72×1) (-8→19=0.72×3) (-22→-25=0.73×1) |
| 290972 | 62 | 1.35 | 2 | 0.70~1.27 | (-22→18=0.70×1) (24→-9=0.71×1) (-15→-11=0.72×1) (-8→19=0.72×3) (-22→12=1.27×1) |
| 290982 | 61 | 1.26 | 1 | 0.70~1.27 | (-22→18=0.70×1) (-8→19=0.72×2) (-22→12=1.27×1) (-22→-25=0.73×2) (19→25=1.26×3) |
| 290993 | 60 | 0.98 | 1 | 0.70~1.27 | (-22→18=0.70×1) (-22→-25=0.73×2) (24→27=1.27×2) (19→25=1.26×1) (21→-21=0.75×1) |
| 291003 | 57 | 0.93 | 1 | 0.70~1.27 | (-22→18=0.70×1) (-22→-25=0.73×2) (24→27=1.27×2) (21→-21=0.75×1) (-17→-21=1.25×1) |
| 291013 | 53 | 0.92 | 2 | 0.70~1.30 | (-21→-9=1.30×1) (-22→18=0.70×1) (-22→-25=0.73×1) (24→27=1.27×2) (-17→-21=1.25×1) |
| 291024 | 52 | 0.85 | 2 | 0.70~1.30 | (-21→-9=1.30×1) (-22→18=0.70×1) (-22→-25=0.73×1) (24→27=1.26×1) (-17→-21=1.25×1) |
| 291034 | 56 | 0.86 | 2 | 0.70~1.30 | (-21→-9=1.30×1) (-22→18=0.70×1) (-22→-25=0.73×1) (24→27=1.26×1) (-17→-21=1.25×1) |
| 291044 | 56 | 0.84 | 2 | 0.70~1.30 | (-21→-9=1.30×1) (-22→18=0.70×1) (-22→-25=0.73×1) (-6→-26=1.26×1) (-17→-21=1.25×1) |
| 291055 | 57 | 0.79 | 2 | 0.76~1.30 | (-21→-9=1.30×1) (-6→-26=1.26×1) (21→-5=1.26×1) (16→20=1.26×1) (2→-10=0.77×1) |
| 291065 | 53 | 0.64 | 2 | 0.76~1.30 | (-21→-9=1.30×1) (-6→-26=1.26×1) (16→20=1.26×1) (-19→-4=0.76×1) (2→-10=0.77×1) |
| 291075 | 54 | 0.67 | 2 | 0.77~1.30 | (-21→-9=1.30×1) (-14→-7=1.26×1) (-6→-26=1.26×1) (16→20=1.26×1) (2→-10=0.77×1) |
| 291086 | 56 | 0.64 | 1 | 0.77~1.27 | (4→31=1.27×1) (-14→-7=1.26×1) (-6→-26=1.26×1) (16→20=1.26×1) (2→-10=0.77×1) |
| 291096 | 55 | 0.85 | 1 | 0.70~1.29 | (-21→-17=0.70×1) (24→-31=1.29×1) (-14→-7=1.26×1) (4→31=1.26×2) (-6→-26=1.26×1) |
| 291106 | 59 | 1.02 | 1 | 0.70~1.29 | (-21→-17=0.70×1) (24→-31=1.29×1) (4→13=0.73×3) (-14→-7=1.26×1) (4→31=1.26×2) |
| 291117 | 55 | 0.78 | 1 | 0.72~1.29 | (24→-31=1.29×1) (4→13=0.73×3) (-14→-7=1.26×1) (16→20=1.26×1) (-3→31=1.24×1) |
| 291127 | 53 | 1.08 | 2 | 0.72~1.29 | (24→-31=1.29×1) (4→13=0.73×6) (-14→-7=1.26×1) (16→20=1.26×1) (-3→31=1.24×1) |
| 291137 | 54 | 1.19 | 2 | 0.72~1.29 | (24→-31=1.29×1) (-8→-15=1.29×1) (4→13=0.73×5) (-14→-7=1.26×1) (-16→-15=1.25×1) |
| 291148 | 57 | 1.05 | 2 | 0.72~1.29 | (24→-31=1.29×1) (-8→-15=1.29×1) (4→13=0.73×5) (-14→-7=1.26×1) (-16→-15=1.25×1) |
| 291158 | 50 | 0.84 | 2 | 0.72~1.28 | (-6→-6=1.28×1) (4→13=0.72×2) (-4→-13=0.73×1) (7→3=0.74×1) (-14→-7=1.26×1) |
| 291168 | 53 | 0.77 | 1 | 0.73~1.30 | (-11→-21=1.30×1) (-6→-6=1.28×1) (-4→-13=0.73×1) (7→3=0.74×1) (-14→-7=1.26×1) |
| 291179 | 50 | 0.70 | 1 | 0.74~1.30 | (-11→-21=1.30×1) (-6→-6=1.28×1) (-21→-25=1.27×1) (-14→-16=0.74×1) (-16→-15=1.25×1) |
| 291189 | 54 | 1.02 | 1 | 0.74~1.30 | (-11→-21=1.30×1) (24→-21=1.29×1) (-6→-6=1.28×1) (-21→-25=1.27×1) (22→-18=1.27×1) |
| 291199 | 58 | 1.22 | 1 | 0.74~1.30 | (-11→-21=1.30×1) (24→-21=1.29×1) (-6→-6=1.28×1) (-21→-25=1.27×1) (-14→-16=0.74×1) |
| 291210 | 60 | 1.32 | 1 | 0.74~1.30 | (-11→-21=1.30×1) (24→-21=1.29×1) (-6→-6=1.28×1) (-21→-25=1.27×1) (-14→-16=0.74×1) |
| 291220 | 62 | 1.39 | 1 | 0.72~1.30 | (-11→-21=1.30×1) (24→-21=1.29×1) (-6→-6=1.28×1) (18→1=0.72×1) (-21→-25=1.27×1) |
| 291230 | 61 | 1.18 | 1 | 0.72~1.30 | (-11→-21=1.30×1) (-6→-6=1.28×1) (18→1=0.72×1) (-21→-25=1.27×1) (-7→-21=1.27×1) |
| 291241 | 61 | 1.30 | 2 | 0.72~1.30 | (9→23=1.30×1) (-11→-21=1.30×1) (18→1=0.72×1) (-7→-21=1.28×2) (13→-23=1.28×1) |
| 291251 | 63 | 1.30 | 2 | 0.72~1.30 | (9→23=1.30×1) (-11→-21=1.30×1) (18→1=0.72×1) (-7→-21=1.28×2) (13→-23=1.28×1) |
| 291261 | 61 | 1.25 | 2 | 0.72~1.30 | (9→23=1.30×1) (18→1=0.72×1) (-7→-21=1.28×2) (13→-23=1.28×1) (-21→-25=1.27×1) |
| 291272 | 61 | 1.23 | 2 | 0.72~1.30 | (9→23=1.30×1) (18→1=0.72×1) (-7→-21=1.28×2) (13→-23=1.28×1) (-21→-25=1.27×1) |
| 291282 | 61 | 1.26 | 2 | 0.72~1.30 | (9→23=1.30×1) (18→1=0.72×1) (-7→-21=1.28×2) (13→-23=1.28×1) (-21→-25=1.27×1) |
| 291292 | 59 | 1.34 | 2 | 0.71~1.30 | (9→23=1.30×1) (21→29=1.29×1) (7→-4=0.71×1) (18→1=0.72×1) (-7→-21=1.28×2) |
| 291303 | 58 | 1.33 | 2 | 0.71~1.30 | (9→23=1.30×1) (21→29=1.29×1) (7→-4=0.71×1) (18→1=0.72×1) (-7→-21=1.28×2) |
| 291313 | 57 | 1.33 | 2 | 0.71~1.30 | (9→23=1.30×1) (7→-4=0.71×1) (18→1=0.72×1) (-7→-21=1.28×2) (13→-23=1.28×1) |
| 291323 | 53 | 1.28 | 2 | 0.71~1.30 | (9→23=1.30×1) (7→-4=0.71×1) (18→1=0.72×1) (13→-23=1.28×1) (-14→-16=0.74×1) |
| 291334 | 52 | 1.48 | 1 | 0.70~1.30 | (9→23=1.30×1) (1→28=0.71×2) (7→-4=0.71×1) (13→-23=1.28×1) (-14→-16=0.74×1) |
| 291344 | 55 | 1.47 | 1 | 0.70~1.30 | (9→23=1.30×1) (22→-5=1.30×1) (1→28=0.71×2) (7→-4=0.71×1) (13→-23=1.28×1) |
| 291354 | 55 | 1.91 | 2 | 0.70~1.30 | (9→23=1.30×1) (1→28=0.71×2) (7→-4=0.71×1) (13→-23=1.28×1) (-12→21=1.27×2) |
| 291365 | 55 | 1.89 | 2 | 0.70~1.30 | (9→23=1.30×1) (1→28=0.71×2) (7→-4=0.71×1) (13→-23=1.28×1) (-12→21=1.27×2) |
| 291375 | 55 | 2.04 | 2 | 0.70~1.30 | (9→23=1.30×1) (1→28=0.71×2) (-15→9=0.72×1) (-9→-16=1.28×1) (13→-23=1.28×1) |
| 291385 | 57 | 2.12 | 2 | 0.70~1.30 | (9→23=1.30×1) (1→28=0.71×2) (-15→9=0.72×1) (-9→-16=1.28×1) (13→-23=1.28×1) |
| 291396 | 59 | 1.42 | 2 | 0.72~1.30 | (9→23=1.30×1) (-15→9=0.72×1) (-9→-16=1.28×1) (13→-23=1.28×1) (6→7=0.74×1) |
| 291406 | 59 | 1.41 | 2 | 0.72~1.30 | (9→23=1.30×1) (-15→-20=1.29×1) (-12→2=0.72×1) (13→-23=1.28×1) (2→-15=0.74×1) |
| 291416 | 59 | 1.34 | 2 | 0.72~1.30 | (9→23=1.30×1) (-15→-20=1.29×1) (-12→2=0.72×1) (13→-23=1.28×1) (-18→-2=0.73×1) |
| 291427 | 55 | 1.24 | 1 | 0.72~1.30 | (9→23=1.30×1) (-15→-20=1.29×1) (-12→2=0.72×1) (13→-23=1.28×1) (-18→-2=0.73×1) |
| 291437 | 51 | 1.06 | 1 | 0.71~1.30 | (9→23=1.30×1) (-15→-20=1.29×1) (-12→2=0.72×1) (13→-23=1.28×1) (-18→-2=0.73×1) |
| 291447 | 52 | 0.98 | 1 | 0.70~1.30 | (-24→-13=0.70×1) (-15→-20=1.29×1) (-12→2=0.72×1) (-18→-2=0.73×1) (24→2=0.73×1) |
| 291458 | 51 | 1.08 | 1 | 0.70~1.30 | (-15→-20=1.29×1) (-24→-13=0.71×2) (-12→2=0.72×1) (24→2=0.73×1) (3→15=0.74×1) |
| 291468 | 51 | 0.88 | 1 | 0.70~1.30 | (-24→-13=0.70×1) (-2→17=1.29×2) (-15→-20=1.29×1) (-13→-1=0.71×1) (-12→2=0.72×1) |
| 291478 | 51 | 0.92 | 1 | 0.70~1.30 | (-24→-13=0.70×1) (-2→17=1.29×2) (-15→-20=1.29×1) (-13→-1=0.71×1) (-12→2=0.72×1) |
| 291489 | 50 | 0.92 | 1 | 0.70~1.30 | (-2→17=1.30×1) (-24→-13=0.70×1) (-15→-20=1.29×1) (-14→-22=0.71×1) (-12→2=0.72×1) |
| 291499 | 50 | 0.78 | 1 | 0.72~1.30 | (-2→17=1.30×1) (-15→-20=1.29×1) (-12→2=0.72×1) (3→15=0.74×1) (20→7=0.75×1) |
| 291509 | 51 | 0.78 | 1 | 0.74~1.30 | (-2→17=1.30×1) (-15→-20=1.29×1) (3→15=0.74×1) (11→-4=0.75×1) (20→7=0.75×1) |
| 291520 | 50 | 0.72 | 1 | 0.74~1.30 | (-2→17=1.30×1) (-15→-20=1.29×1) (3→15=0.74×1) (11→-4=0.75×1) (-23→-8=1.24×1) |
| 291530 | 55 | 0.75 | 1 | 0.72~1.30 | (-2→17=1.30×1) (-11→-16=0.72×1) (-16→31=0.72×1) (-16→-18=1.26×1) (11→-4=0.75×1) |
| 291540 | 55 | 0.80 | 2 | 0.71~1.26 | (-19→21=0.71×1) (-11→-16=0.72×1) (-16→31=0.72×1) (-16→-18=1.26×1) (11→-4=0.75×1) |
| 291551 | 57 | 0.75 | 2 | 0.71~1.28 | (-19→21=0.71×1) (-16→20=0.72×1) (-16→31=0.72×1) (-11→-16=0.72×3) (10→3=1.28×1) |
| 291561 | 56 | 0.82 | 2 | 0.71~1.28 | (-19→21=0.71×1) (-16→20=0.72×1) (-16→31=0.72×1) (-11→-16=0.72×3) (10→3=1.28×1) |
| 291571 | 53 | 0.81 | 2 | 0.71~1.28 | (-19→21=0.71×1) (-11→-16=0.72×2) (-16→31=0.72×1) (10→3=1.28×1) (11→-4=0.75×1) |
| 291582 | 50 | 0.74 | 2 | 0.71~1.28 | (-19→21=0.71×1) (-11→-16=0.72×2) (5→1=1.28×1) (-16→31=0.72×1) (10→3=1.28×1) |
| 291592 | 50 | 0.58 | 1 | 0.72~1.28 | (-11→-16=0.72×2) (5→1=1.28×1) (-16→31=0.72×1) (10→3=1.28×1) (11→-4=0.75×1) |
| 291602 | 50 | 0.48 | 1 | 0.72~1.28 | (-11→-16=0.72×2) (5→1=1.28×1) (-16→31=0.72×1) (11→-4=0.75×1) (19→24=1.23×1) |
| 291613 | 51 | 0.55 | 1 | 0.72~1.28 | (-11→-16=0.72×1) (-14→21=0.72×1) (5→1=1.28×1) (11→-4=0.75×1) (19→24=1.23×1) |
| 291623 | 50 | 0.52 | 1 | 0.72~1.28 | (-14→21=0.72×1) (5→1=1.28×1) (11→-4=0.75×1) (15→-19=0.78×1) (14→-4=0.78×1) |
| 291633 | 55 | 0.53 | 1 | 0.72~1.28 | (-14→21=0.72×1) (5→1=1.28×1) (19→20=1.27×1) (11→-4=0.75×1) (15→-19=0.78×1) |
| 291644 | 54 | 0.54 | 1 | 0.72~1.28 | (-14→21=0.72×1) (5→1=1.28×1) (19→20=1.27×1) (11→-4=0.75×1) (-3→19=0.76×1) |
| 291654 | 58 | 0.62 | 1 | 0.72~1.30 | (2→30=1.30×1) (-14→21=0.72×1) (5→1=1.28×1) (19→20=1.27×1) (11→-4=0.75×1) |
| 291664 | 61 | 0.66 | 1 | 0.72~1.28 | (-14→21=0.72×1) (5→1=1.28×1) (19→20=1.27×1) (11→-4=0.75×1) (-3→19=0.76×1) |
| 291675 | 55 | 0.58 | 1 | 0.72~1.28 | (-14→21=0.72×1) (5→1=1.28×1) (19→20=1.27×1) (-3→19=0.76×1) (5→-25=0.76×1) |
| 291685 | 58 | 0.69 | 1 | 0.72~1.28 | (-14→21=0.72×1) (-12→-10=0.72×1) (5→1=1.28×1) (19→20=1.27×1) (-3→19=0.76×1) |
| 291695 | 56 | 0.61 | 1 | 0.71~1.28 | (22→-17=0.71×1) (-14→21=0.72×1) (-12→-10=0.72×1) (5→1=1.28×1) (19→20=1.27×1) |
| 291706 | 52 | 0.60 | 1 | 0.71~1.28 | (22→-17=0.71×1) (-14→21=0.72×1) (-12→-10=0.72×1) (5→1=1.28×1) (-3→19=0.76×1) |
| 291716 | 52 | 0.50 | 1 | 0.71~1.29 | (22→-17=0.71×1) (-16→31=1.29×1) (-12→-10=0.72×1) (5→1=1.28×1) (-3→19=0.76×1) |
| 291726 | 50 | 0.52 | 1 | 0.71~1.29 | (22→-17=0.71×1) (-16→31=1.29×1) (-12→-10=0.72×1) (5→1=1.28×1) (-3→19=0.76×1) |
| 291737 | 51 | 0.51 | 1 | 0.71~1.29 | (22→-17=0.71×1) (-16→31=1.29×1) (-12→-10=0.72×1) (-3→19=0.76×1) (-9→16=1.24×1) |
| 291747 | 49 | 0.57 | 1 | 0.71~1.29 | (22→-17=0.71×1) (-16→31=1.29×1) (-12→-10=0.72×1) (12→20=0.74×1) (-3→19=0.76×1) |
| 291757 | 51 | 0.55 | 1 | 0.71~1.29 | (22→-17=0.71×1) (-16→31=1.29×1) (-12→-10=0.72×1) (12→20=0.74×1) (-3→19=0.76×1) |
| 291768 | 50 | 0.50 | 1 | 0.71~1.24 | (22→-17=0.71×1) (-12→-10=0.72×1) (12→20=0.74×1) (-9→16=1.24×1) (10→-31=0.77×1) |
| 291778 | 50 | 0.36 | 1 | 0.72~1.24 | (-12→-10=0.72×1) (12→20=0.74×1) (-9→16=1.24×1) (-12→19=1.23×1) (22→-22=0.77×1) |
| 291788 | 52 | 0.56 | 1 | 0.72~1.24 | (-12→-10=0.72×1) (12→20=0.74×1) (-9→16=1.24×1) (-12→19=1.23×1) (-24→-9=1.23×1) |
| 291799 | 55 | 0.67 | 2 | 0.72~1.25 | (-12→-10=0.72×1) (12→20=0.74×1) (11→6=1.25×2) (-9→16=1.24×1) (-12→19=1.23×1) |
| 291809 | 60 | 0.82 | 2 | 0.71~1.25 | (-3→-6=0.71×1) (-12→-10=0.72×1) (12→20=0.74×1) (11→6=1.24×3) (-9→16=1.24×1) |
| 291819 | 60 | 0.93 | 2 | 0.71~1.25 | (-3→-6=0.71×1) (-12→-10=0.72×1) (12→20=0.74×1) (11→6=1.24×3) (20→-12=0.77×2) |
| 291830 | 57 | 0.93 | 2 | 0.70~1.25 | (22→2=0.70×1) (-18→29=0.71×1) (-3→-6=0.72×2) (-12→-10=0.72×1) (-24→-19=0.72×1) |
| 291840 | 55 | 0.84 | 2 | 0.70~1.30 | (22→2=0.70×1) (-17→24=1.30×1) (-18→29=0.71×1) (-3→-6=0.72×2) (-12→-10=0.72×1) |
| 291850 | 54 | 0.80 | 1 | 0.70~1.30 | (22→2=0.70×1) (-17→24=1.30×1) (-18→29=0.71×1) (-3→-6=0.72×2) (-12→-10=0.72×1) |
| 291861 | 51 | 0.69 | 1 | 0.70~1.30 | (22→2=0.70×1) (-17→24=1.30×1) (-21→28=1.28×1) (-24→-19=0.72×1) (16→29=0.72×1) |
| 291871 | 51 | 0.43 | 1 | 0.72~1.30 | (-17→24=1.30×1) (-21→28=1.28×1) (-24→-19=0.72×1) (16→29=0.72×1) (-22→-8=0.73×1) |
| 291881 | 52 | 0.38 | 1 | 0.75~1.30 | (-17→24=1.30×1) (-21→28=1.28×1) (23→-23=0.75×1) (-8→21=1.23×1) (22→-22=0.77×1) |
| 291892 | 50 | 0.40 | 1 | 0.75~1.30 | (-17→24=1.30×1) (-21→28=1.28×1) (23→-23=0.75×1) (-8→21=1.23×1) (22→-22=0.77×1) |
| 291902 | 53 | 0.40 | 1 | 0.75~1.30 | (-17→24=1.30×1) (-21→28=1.28×1) (23→-23=0.75×1) (17→23=0.77×1) (-8→21=1.23×1) |
| 291912 | 51 | 0.51 | 1 | 0.75~1.30 | (9→27=1.30×1) (-17→24=1.30×1) (-21→28=1.28×1) (24→-9=1.28×1) (23→-23=0.75×1) |
| 291923 | 53 | 0.58 | 1 | 0.75~1.30 | (9→27=1.30×1) (-17→24=1.30×1) (-21→28=1.28×1) (24→-9=1.28×1) (23→-23=0.75×1) |
| 291933 | 51 | 0.65 | 1 | 0.75~1.30 | (9→27=1.30×1) (-17→24=1.30×1) (-21→28=1.28×1) (24→-9=1.28×1) (23→-23=0.75×1) |
| 291943 | 51 | 0.65 | 1 | 0.75~1.30 | (9→27=1.30×1) (-21→28=1.28×1) (24→-9=1.28×1) (23→-23=0.75×1) (2→-17=0.75×1) |
| 291954 | 52 | 0.67 | 1 | 0.75~1.30 | (9→27=1.30×1) (-21→28=1.28×1) (24→-9=1.28×1) (23→-23=0.75×1) (2→-17=0.75×1) |
| 291964 | 52 | 0.71 | 1 | 0.72~1.30 | (9→27=1.30×1) (-21→28=1.28×1) (5→-20=0.72×1) (24→-9=1.28×1) (-10→-16=0.73×1) |
| 291974 | 50 | 0.70 | 1 | 0.72~1.30 | (9→27=1.30×1) (-21→28=1.28×1) (5→-20=0.72×1) (24→-9=1.28×1) (-10→-16=0.73×1) |
| 291985 | 56 | 0.79 | 1 | 0.72~1.30 | (9→27=1.30×1) (16→-5=1.29×1) (-21→28=1.28×1) (5→-20=0.72×1) (24→-9=1.28×1) |
| 291995 | 54 | 0.78 | 1 | 0.72~1.30 | (9→27=1.30×1) (16→-5=1.29×1) (5→-20=0.72×1) (24→-9=1.28×1) (-10→-16=0.73×1) |
| 292005 | 59 | 0.80 | 1 | 0.70~1.30 | (9→27=1.30×1) (-11→-10=0.70×1) (16→-5=1.29×1) (5→-20=0.72×1) (24→-9=1.28×1) |
| 292016 | 53 | 0.74 | 1 | 0.70~1.30 | (9→27=1.30×1) (-11→-10=0.70×1) (16→-5=1.29×1) (5→-20=0.72×1) (24→-9=1.28×1) |
| 292026 | 53 | 0.77 | 1 | 0.70~1.30 | (9→27=1.30×1) (-11→-10=0.70×1) (16→-5=1.29×1) (5→-20=0.72×1) (24→-9=1.28×1) |
| 292036 | 51 | 0.76 | 1 | 0.70~1.30 | (9→27=1.30×1) (-11→-10=0.70×1) (9→-15=1.30×1) (16→-5=1.29×1) (5→-20=0.72×1) |
| 292047 | 52 | 0.63 | 2 | 0.70~1.30 | (-11→-10=0.70×1) (9→-15=1.30×1) (16→-5=1.29×1) (21→-15=0.76×1) (-8→-17=0.76×1) |
| 292057 | 52 | 0.79 | 2 | 0.70~1.30 | (-11→-10=0.70×1) (9→-15=1.30×1) (20→-1=1.30×1) (-3→3=0.70×1) (16→-5=1.29×1) |
| 292067 | 53 | 0.83 | 2 | 0.70~1.30 | (-11→-10=0.70×1) (9→-15=1.30×1) (20→-1=1.30×1) (-3→3=0.70×1) (16→-5=1.29×1) |
| 292078 | 50 | 0.78 | 2 | 0.70~1.30 | (-11→-10=0.70×1) (9→-15=1.30×1) (20→-1=1.30×1) (-3→3=0.70×1) (16→-5=1.29×1) |
| 292088 | 53 | 0.77 | 2 | 0.70~1.30 | (-11→-10=0.70×1) (9→-15=1.30×1) (20→-1=1.30×1) (-3→3=0.70×1) (2→-4=1.27×1) |
| 292098 | 55 | 0.85 | 2 | 0.70~1.30 | (-11→-10=0.70×1) (9→-15=1.30×1) (20→-1=1.30×1) (-3→3=0.70×1) (-22→-13=0.71×1) |
| 292109 | 55 | 0.76 | 1 | 0.70~1.30 | (9→-15=1.30×1) (20→-1=1.30×1) (-3→3=0.70×1) (-22→-13=0.71×1) (-12→8=0.73×1) |
| 292119 | 51 | 0.73 | 1 | 0.64~1.30 | (9→-15=1.30×1) (20→-1=1.30×1) (-3→3=0.70×1) (-22→-13=0.72×2) (-12→8=0.73×1) |
| 292129 | 53 | 0.79 | 1 | 0.64~1.30 | (9→-15=1.30×1) (9→-29=0.71×2) (6→-28=1.29×1) (-22→-13=0.72×2) (22→-12=1.28×1) |
| 292140 | 55 | 0.78 | 1 | 0.64~1.30 | (9→-15=1.30×1) (9→-29=0.71×2) (6→-28=1.29×1) (-22→-13=0.72×2) (22→-12=1.28×1) |
| 292150 | 52 | 0.77 | 1 | 0.64~1.30 | (9→-29=0.64×1) (9→-15=1.30×1) (6→-28=1.29×1) (-22→-13=0.72×1) (22→-12=1.28×1) |
| 292160 | 49 | 0.78 | 1 | 0.64~1.30 | (9→-29=0.64×1) (9→-15=1.30×1) (16→-22=0.70×1) (6→-28=1.29×1) (-22→-13=0.72×1) |
| 292171 | 51 | 0.57 | 1 | 0.70~1.30 | (9→-15=1.30×1) (16→-22=0.70×1) (11→-7=1.27×1) (-12→8=0.73×1) (23→-19=1.26×1) |
| 292181 | 53 | 0.43 | 1 | 0.72~1.24 | (23→3=0.72×1) (-20→15=0.75×1) (-22→-11=0.76×1) (23→10=1.21×1) (-10→15=1.21×2) |
| 292191 | 56 | 0.57 | 2 | 0.72~1.25 | (23→3=0.72×1) (-18→13=0.76×1) (-10→15=1.24×1) (-22→-11=0.76×1) (23→10=1.21×1) |
| 292202 | 58 | 0.52 | 1 | 0.76~1.24 | (-18→13=0.76×1) (-10→15=1.24×1) (-22→-11=0.76×1) (-4→23=1.23×1) (10→-28=1.22×2) |
| 292212 | 56 | 0.64 | 2 | 0.75~1.29 | (19→-22=1.29×1) (-15→-9=0.75×1) (-18→13=0.76×1) (-10→15=1.24×1) (-22→-11=0.76×1) |
| 292222 | 56 | 0.64 | 2 | 0.73~1.29 | (19→-22=1.29×1) (-2→-6=0.73×1) (-15→-9=0.75×1) (-18→13=0.76×1) (-10→15=1.24×1) |
| 292233 | 52 | 0.60 | 2 | 0.73~1.29 | (19→-22=1.29×1) (-2→-6=0.73×1) (-15→-9=0.75×1) (-18→13=0.76×1) (-10→15=1.24×1) |
| 292243 | 52 | 0.54 | 2 | 0.73~1.29 | (19→-22=1.29×1) (-2→-6=0.73×1) (-15→-9=0.75×1) (-18→13=0.76×1) (-22→-11=0.76×1) |
| 292253 | 51 | 0.43 | 2 | 0.73~1.29 | (19→-22=1.29×1) (-2→-6=0.73×1) (-15→-9=0.75×1) (-18→13=0.76×1) (-22→-11=0.76×1) |
| 292264 | 53 | 0.43 | 2 | 0.73~1.29 | (19→-22=1.29×1) (-2→-6=0.73×1) (-15→-9=0.75×1) (-18→13=0.76×1) (-22→-11=0.76×1) |
| 292274 | 50 | 0.46 | 2 | 0.75~1.30 | (-15→12=1.30×1) (19→-22=1.29×1) (-15→-9=0.75×1) (-18→13=0.76×1) (-22→-11=0.76×1) |
| 292284 | 53 | 0.42 | 2 | 0.75~1.30 | (-15→12=1.30×1) (19→-22=1.29×1) (-15→-9=0.75×1) (-18→13=0.76×1) (15→-29=1.21×1) |
| 292295 | 53 | 0.32 | 1 | 0.76~1.30 | (-15→12=1.30×1) (-18→13=0.76×1) (-1→-3=0.82×2) (-17→24=0.82×2) (12→3=0.83×1) |
| 292305 | 52 | 0.33 | 1 | 0.76~1.30 | (-15→12=1.30×1) (-18→13=0.76×1) (-1→-3=0.82×2) (-17→24=0.82×2) (12→3=0.83×1) |
| 292315 | 54 | 0.37 | 1 | 0.76~1.30 | (-15→12=1.30×1) (-18→13=0.76×1) (-1→-3=0.82×2) (-17→24=0.82×2) (12→3=0.83×1) |
| 292326 | 54 | 0.37 | 1 | 0.76~1.30 | (-15→12=1.30×1) (-18→13=0.76×1) (-1→-3=0.82×2) (-17→24=0.82×2) (12→3=0.83×1) |
| 292336 | 53 | 0.30 | 1 | 0.77~1.19 | (15→-28=0.77×1) (3→12=1.19×1) (-1→-3=0.82×2) (-17→24=0.82×2) (12→3=0.83×1) |
| 292346 | 52 | 0.29 | 1 | 0.77~1.17 | (15→-28=0.77×1) (-1→-3=0.82×2) (-17→24=0.82×2) (12→3=0.83×1) (-5→-11=1.17×1) |
| 292357 | 54 | 0.46 | 1 | 0.70~1.29 | (-9→11=0.70×1) (-9→-12=1.29×1) (17→19=0.75×1) (16→-3=0.76×1) (22→-2=1.24×1) |
| 292367 | 53 | 0.60 | 1 | 0.70~1.29 | (-9→11=0.70×1) (-9→-12=1.29×1) (17→19=0.76×2) (16→-3=0.76×1) (22→-2=1.24×1) |
| 292377 | 54 | 0.78 | 1 | 0.70~1.31 | (-11→3=0.71×1) (-9→11=0.71×3) (-9→-12=1.29×1) (3→7=1.26×1) (22→-2=1.26×3) |
| 292388 | 53 | 1.04 | 1 | 0.70~1.31 | (-24→-4=1.30×1) (-11→3=0.71×1) (-9→11=0.71×3) (-9→-12=1.29×1) (18→-25=0.73×2) |
| 292398 | 57 | 1.09 | 1 | 0.70~1.35 | (-24→-4=1.30×1) (-11→3=0.71×1) (-9→-12=1.29×1) (-9→11=0.71×4) (22→-2=1.28×4) |
| 292408 | 53 | 0.89 | 1 | 0.70~1.35 | (-24→-4=1.30×1) (17→16=1.29×1) (-11→3=0.71×1) (-9→-12=1.29×1) (-9→11=0.71×4) |
| 292419 | 53 | 0.91 | 1 | 0.70~1.35 | (-24→-4=1.30×1) (-11→3=0.71×1) (-9→-12=1.29×1) (-9→11=0.71×4) (22→-2=1.28×4) |
| 292429 | 51 | 0.69 | 1 | 0.70~1.31 | (-24→-4=1.30×1) (-9→11=0.71×2) (-11→3=0.71×1) (-9→-12=1.29×1) (18→-25=0.72×1) |
| 292439 | 51 | 0.75 | 1 | 0.70~1.31 | (-24→-4=1.30×1) (2→-21=0.70×1) (-9→11=0.71×2) (-11→3=0.71×1) (-9→-12=1.29×1) |
| 292450 | 50 | 0.60 | 1 | 0.70~1.31 | (22→-2=1.31×1) (-24→-4=1.30×1) (2→-21=0.70×1) (-11→3=0.71×1) (-9→-12=1.29×1) |
| 292460 | 51 | 0.61 | 1 | 0.70~1.31 | (22→-2=1.31×1) (-24→-4=1.30×1) (2→-21=0.70×1) (22→11=0.71×1) (-9→11=0.72×1) |
| 292470 | 51 | 0.43 | 1 | 0.70~1.30 | (-24→-4=1.30×1) (2→-21=0.70×1) (22→11=0.71×1) (-14→21=0.75×2) (-20→-22=1.23×1) |
| 292481 | 52 | 0.40 | 1 | 0.70~1.20 | (22→11=0.71×1) (-14→21=0.75×2) (6→-30=0.78×1) (9→-4=0.78×1) (14→-27=1.20×1) |
| 292491 | 53 | 0.51 | 1 | 0.70~1.20 | (22→11=0.71×1) (-14→21=0.75×2) (-10→-31=0.78×1) (6→-30=0.78×1) (9→-4=0.78×1) |
| 292501 | 51 | 0.45 | 1 | 0.70~1.17 | (22→11=0.71×1) (-14→21=0.75×2) (-10→-31=0.78×1) (6→-30=0.78×1) (-15→30=0.81×1) |
| 292512 | 51 | 0.57 | 1 | 0.70~1.28 | (22→11=0.71×1) (16→-18=1.28×1) (-14→21=0.75×2) (-14→-6=1.23×1) (-10→-31=0.78×1) |
| 292522 | 51 | 0.49 | 1 | 0.72~1.28 | (3→-3=0.72×1) (16→-18=1.28×1) (-14→-6=1.23×1) (6→-30=0.78×1) (21→-25=1.20×1) |
| 292532 | 49 | 0.39 | 1 | 0.72~1.28 | (3→-3=0.72×1) (16→-18=1.28×1) (-14→-6=1.23×1) (21→-25=1.20×1) (-14→21=0.80×1) |
| 292543 | 51 | 0.47 | 1 | 0.72~1.28 | (3→-3=0.72×1) (16→-18=1.28×1) (-9→4=1.27×1) (-14→-6=1.23×1) (16→30=0.80×1) |
| 292553 | 50 | 0.52 | 1 | 0.72~1.28 | (3→-3=0.72×1) (16→-18=1.28×1) (-9→4=1.27×1) (-10→24=0.77×1) (-23→-6=0.78×1) |
| 292563 | 52 | 0.58 | 1 | 0.72~1.28 | (3→-3=0.72×1) (4→-9=0.72×1) (16→-18=1.28×1) (-9→4=1.27×1) (-10→24=0.77×1) |
| 292574 | 52 | 0.65 | 1 | 0.72~1.28 | (3→-3=0.72×1) (4→-9=0.72×1) (16→-18=1.28×1) (-9→4=1.27×1) (-10→24=0.77×1) |
| 292584 | 54 | 0.80 | 1 | 0.72~1.28 | (3→-3=0.72×1) (16→-18=1.28×1) (4→-9=0.72×2) (-9→4=1.27×1) (24→23=0.77×1) |
| 292594 | 53 | 0.85 | 1 | 0.71~1.29 | (9→-30=1.29×1) (-8→-31=0.71×1) (3→-3=0.72×1) (16→-18=1.28×1) (4→-9=0.72×2) |
| 292605 | 52 | 0.77 | 1 | 0.71~1.29 | (9→-30=1.29×1) (-8→-31=0.71×1) (5→28=0.71×1) (3→-3=0.72×1) (4→-9=0.72×1) |
| 292615 | 50 | 0.76 | 1 | 0.71~1.29 | (9→-30=1.29×1) (-8→-31=0.71×1) (5→28=0.71×1) (3→-3=0.72×1) (4→-9=0.72×1) |
| 292625 | 52 | 0.88 | 1 | 0.71~1.29 | (9→-30=1.29×1) (-8→-31=0.71×1) (5→28=0.71×1) (3→-3=0.72×1) (4→-9=0.72×1) |
| 292636 | 51 | 0.86 | 1 | 0.71~1.28 | (5→28=0.71×1) (3→-3=0.72×1) (4→-9=0.72×1) (16→-18=1.28×1) (-9→4=1.27×1) |
| 292646 | 52 | 0.98 | 1 | 0.71~1.28 | (5→28=0.71×1) (3→-3=0.72×1) (4→-9=0.72×1) (16→-18=1.28×1) (-9→4=1.27×1) |
| 292656 | 50 | 1.00 | 1 | 0.70~1.25 | (-18→28=0.70×1) (3→-3=0.72×1) (4→-9=0.72×1) (7→-25=0.73×1) (-23→-1=0.73×1) |
| 292667 | 51 | 0.90 | 1 | 0.70~1.25 | (-18→28=0.70×1) (3→-3=0.72×1) (4→-9=0.72×1) (-24→-14=0.72×1) (-17→31=0.73×1) |
| 292677 | 52 | 1.00 | 2 | 0.70~1.25 | (-18→28=0.70×1) (3→-3=0.72×1) (4→-9=0.72×1) (-24→-14=0.72×1) (-17→31=0.73×1) |
| 292687 | 51 | 0.84 | 2 | 0.72~1.25 | (-24→-14=0.72×1) (-17→31=0.73×1) (-23→-1=0.73×1) (4→20=0.75×1) (-17→-10=1.25×1) |
| 292698 | 51 | 0.78 | 2 | 0.72~1.25 | (-24→-14=0.72×1) (-17→31=0.73×1) (-23→-1=0.73×1) (4→20=0.75×1) (-17→-10=1.25×1) |
| 292708 | 50 | 0.66 | 1 | 0.71~1.25 | (-11→24=0.71×1) (-24→-14=0.72×1) (-17→31=0.73×1) (-23→-1=0.73×1) (-17→-10=1.25×1) |
| 292718 | 53 | 0.62 | 1 | 0.71~1.29 | (7→20=1.29×1) (-11→24=0.71×1) (22→23=0.72×1) (-24→-14=0.72×1) (-17→31=0.73×1) |
| 292729 | 52 | 0.71 | 1 | 0.71~1.30 | (2→-25=1.30×1) (7→20=1.29×1) (24→15=0.71×1) (-11→24=0.71×1) (22→23=0.72×1) |
| 292739 | 52 | 0.69 | 1 | 0.71~1.30 | (2→-25=1.30×1) (7→20=1.29×1) (24→15=0.71×1) (-11→24=0.71×1) (22→23=0.72×1) |
| 292749 | 53 | 0.74 | 1 | 0.71~1.30 | (2→-25=1.30×1) (4→-7=1.29×1) (7→20=1.29×1) (24→15=0.71×1) (-11→24=0.71×1) |
| 292760 | 52 | 0.71 | 1 | 0.71~1.30 | (2→-25=1.30×1) (4→-7=1.29×1) (7→20=1.29×1) (24→15=0.71×1) (-11→24=0.71×1) |
| 292770 | 51 | 0.73 | 1 | 0.71~1.30 | (2→-25=1.30×1) (4→-7=1.29×1) (7→20=1.29×1) (24→15=0.71×1) (-11→24=0.71×1) |
| 292780 | 50 | 0.64 | 1 | 0.71~1.30 | (2→-25=1.30×1) (4→-7=1.29×1) (7→20=1.29×1) (24→15=0.71×1) (-3→-27=1.29×2) |
| 292791 | 53 | 0.74 | 1 | 0.71~1.33 | (2→-25=1.30×1) (4→-7=1.29×1) (7→20=1.29×1) (24→15=0.71×1) (-3→-27=1.29×2) |
| 292801 | 56 | 0.80 | 1 | 0.71~1.33 | (2→-25=1.30×1) (4→-7=1.29×1) (7→20=1.29×1) (24→15=0.71×1) (-3→-27=1.29×2) |
| 292811 | 55 | 0.64 | 1 | 0.62~1.30 | (9→-16=0.67×2) (2→-25=1.30×1) (4→-7=1.29×1) (7→20=1.29×1) (24→15=0.71×1) |
| 292822 | 55 | 0.65 | 1 | 0.71~1.30 | (2→-25=1.30×1) (4→-7=1.29×1) (7→20=1.29×1) (24→15=0.71×1) (-3→-27=1.29×2) |
| 292832 | 51 | 0.69 | 1 | 0.71~1.30 | (2→-25=1.30×1) (24→15=0.71×1) (-3→-27=1.29×2) (22→23=0.72×1) (9→-16=0.72×1) |
| 292842 | 53 | 0.98 | 2 | 0.71~1.30 | (2→-25=1.30×1) (24→15=0.71×1) (-3→-27=1.29×2) (22→23=0.72×1) (9→-16=0.72×1) |
| 292853 | 55 | 0.78 | 1 | 0.71~1.30 | (2→-25=1.30×1) (-3→-27=1.29×1) (24→15=0.71×1) (-17→-20=1.28×1) (22→23=0.72×1) |
| 292863 | 58 | 1.10 | 1 | 0.72~1.29 | (-3→-27=1.29×1) (-17→-20=1.28×1) (-5→1=0.72×1) (24→-26=1.28×2) (21→-20=0.72×1) |
| 292873 | 60 | 1.08 | 2 | 0.74~1.29 | (24→-26=1.29×1) (-17→-20=1.28×1) (-6→24=1.27×1) (-3→24=1.26×1) (21→-4=0.74×1) |
| 292884 | 58 | 1.19 | 2 | 0.74~1.29 | (24→-26=1.29×1) (-6→24=1.27×1) (21→-4=0.74×1) (-16→26=1.25×1) (-1→31=1.25×1) |
| 292894 | 57 | 1.26 | 2 | 0.73~1.29 | (24→-26=1.29×1) (-8→6=0.73×1) (-6→24=1.27×1) (21→-4=0.74×1) (-16→26=1.25×1) |
| 292904 | 55 | 1.13 | 2 | 0.74~1.27 | (-6→24=1.27×1) (21→-4=0.74×1) (-16→26=1.25×1) (20→21=1.24×1) (-21→17=1.24×1) |
| 292915 | 55 | 1.09 | 1 | 0.74~1.27 | (-6→24=1.27×1) (21→-4=0.74×1) (-16→26=1.25×1) (20→21=1.24×1) (-21→17=1.24×1) |
| 292925 | 51 | 0.90 | 1 | 0.74~1.27 | (-6→24=1.27×1) (21→-4=0.74×1) (-16→26=1.25×1) (20→21=1.24×1) (-21→17=1.24×1) |
| 292935 | 52 | 0.77 | 1 | 0.74~1.27 | (-6→24=1.27×1) (21→-4=0.74×1) (-16→26=1.25×1) (-13→-13=0.75×1) (20→21=1.24×1) |
| 292946 | 51 | 0.69 | 1 | 0.74~1.27 | (-6→24=1.27×1) (21→-4=0.74×1) (-16→26=1.25×1) (-13→-13=0.75×1) (20→21=1.24×1) |
| 292956 | 51 | 0.67 | 1 | 0.70~1.27 | (18→-29=0.70×1) (-6→24=1.27×1) (21→-4=0.74×1) (-16→26=1.25×1) (-13→-13=0.75×1) |
| 292966 | 52 | 0.48 | 1 | 0.70~1.27 | (18→-29=0.70×1) (-6→24=1.27×1) (-16→26=1.25×1) (-21→17=1.24×1) (-24→-8=0.76×1) |
| 292977 | 50 | 0.46 | 1 | 0.70~1.27 | (18→-29=0.70×1) (-6→24=1.27×1) (-16→26=1.25×1) (-21→17=1.24×1) (-24→-8=0.76×1) |
| 292987 | 50 | 0.54 | 1 | 0.70~1.27 | (18→-29=0.70×1) (22→-14=1.27×1) (-6→24=1.27×1) (-16→26=1.25×1) (-21→17=1.24×1) |
| 292997 | 52 | 0.58 | 1 | 0.70~1.27 | (18→-29=0.70×1) (9→30=0.71×1) (22→-14=1.27×1) (-6→24=1.27×1) (-15→31=0.75×1) |
| 293008 | 51 | 0.57 | 1 | 0.70~1.27 | (18→-29=0.70×1) (9→30=0.71×1) (22→-14=1.27×1) (-6→24=1.27×1) (-15→31=0.75×1) |
| 293018 | 53 | 0.64 | 1 | 0.70~1.27 | (18→-29=0.70×1) (9→30=0.71×1) (22→-14=1.27×1) (-17→1=0.74×2) (-15→31=0.75×1) |
| 293028 | 50 | 0.50 | 1 | 0.70~1.27 | (18→-29=0.70×1) (22→-14=1.27×1) (-17→1=0.73×1) (-16→26=1.25×1) (-20→8=0.76×1) |
| 293039 | 50 | 0.44 | 1 | 0.70~1.27 | (18→-29=0.70×1) (22→-14=1.27×1) (-17→1=0.73×1) (-16→26=1.25×1) (-20→8=0.76×1) |
| 293049 | 51 | 0.41 | 1 | 0.70~1.27 | (18→-29=0.70×1) (22→-14=1.27×1) (-17→1=0.73×1) (-16→26=1.25×1) (7→19=0.76×1) |
| 293059 | 50 | 0.62 | 1 | 0.70~1.27 | (18→-29=0.70×1) (21→1=0.72×1) (24→-29=0.72×1) (22→-14=1.27×1) (12→-14=1.27×1) |
| 293070 | 49 | 0.57 | 1 | 0.70~1.27 | (18→-29=0.70×1) (21→1=0.72×1) (24→-29=0.72×1) (22→-14=1.27×1) (12→-14=1.27×1) |
| 293080 | 50 | 0.54 | 1 | 0.71~1.27 | (1→26=0.71×1) (21→1=0.72×1) (24→-29=0.72×1) (12→-14=1.27×1) (-17→1=0.73×1) |
| 293090 | 52 | 0.56 | 1 | 0.71~1.30 | (19→-9=1.30×1) (1→26=0.71×1) (21→1=0.72×1) (24→-29=0.72×1) (12→-14=1.27×1) |
| 293101 | 52 | 0.56 | 1 | 0.71~1.30 | (19→-9=1.30×1) (1→26=0.71×1) (21→1=0.72×1) (24→-29=0.72×1) (12→-14=1.27×1) |
| 293111 | 52 | 0.65 | 1 | 0.71~1.30 | (19→-9=1.30×1) (-22→4=0.71×1) (1→26=0.71×1) (21→1=0.72×1) (-9→29=1.28×1) |
| 293121 | 50 | 0.72 | 1 | 0.71~1.30 | (19→-9=1.30×1) (-22→4=0.71×1) (1→26=0.71×1) (21→1=0.72×1) (-9→29=1.28×1) |
| 293132 | 51 | 0.65 | 1 | 0.71~1.30 | (19→-9=1.30×1) (-22→4=0.71×1) (1→26=0.71×1) (-7→22=1.28×1) (-9→29=1.27×2) |
| 293142 | 51 | 0.67 | 1 | 0.71~1.30 | (19→-9=1.30×1) (-22→4=0.71×1) (1→26=0.71×1) (-7→22=1.28×1) (-9→29=1.27×2) |
| 293152 | 51 | 0.69 | 1 | 0.71~1.30 | (19→-9=1.30×1) (-22→4=0.71×1) (1→26=0.71×1) (-7→22=1.28×1) (-9→29=1.27×2) |
| 293163 | 52 | 0.69 | 1 | 0.71~1.30 | (19→-9=1.30×1) (-22→4=0.71×1) (-5→-21=0.71×1) (1→26=0.71×1) (-7→22=1.28×1) |
| 293173 | 52 | 0.65 | 1 | 0.71~1.30 | (19→-9=1.30×1) (-22→4=0.71×1) (-5→-21=0.71×1) (1→26=0.71×1) (7→5=1.28×1) |
| 293183 | 56 | 0.86 | 1 | 0.71~1.30 | (19→-9=1.30×1) (-5→-21=0.71×1) (7→5=1.28×1) (-7→22=1.28×1) (-18→26=0.73×3) |
| 293194 | 57 | 0.84 | 1 | 0.71~1.30 | (-12→-24=1.30×1) (-5→-21=0.71×1) (7→5=1.28×1) (-7→22=1.28×1) (-18→26=0.73×3) |
| 293204 | 55 | 0.78 | 1 | 0.71~1.30 | (-12→-24=1.30×1) (-5→-21=0.71×1) (-18→26=0.72×1) (7→5=1.28×1) (-7→22=1.28×1) |
| 293214 | 57 | 0.88 | 1 | 0.71~1.30 | (-12→-24=1.30×1) (-5→-21=0.71×1) (7→5=1.28×1) (-7→22=1.28×1) (-18→26=0.72×2) |
| 293225 | 57 | 0.95 | 1 | 0.71~1.30 | (-12→-24=1.30×1) (-5→-21=0.71×1) (7→5=1.28×1) (-7→22=1.28×1) (-18→26=0.73×3) |
| 293235 | 59 | 0.98 | 1 | 0.71~1.30 | (-12→-24=1.30×1) (-5→-21=0.71×1) (7→5=1.28×1) (-7→22=1.28×1) (-18→26=0.73×4) |
| 293245 | 58 | 0.88 | 1 | 0.70~1.30 | (13→25=0.70×1) (-12→-24=1.30×1) (-5→-21=0.71×1) (7→5=1.28×1) (-7→22=1.28×1) |
| 293256 | 56 | 0.75 | 1 | 0.70~1.30 | (13→25=0.70×1) (-12→-24=1.30×1) (-5→-21=0.71×1) (7→5=1.28×1) (-7→22=1.28×1) |
| 293266 | 57 | 0.65 | 1 | 0.70~1.30 | (13→25=0.70×1) (-12→-24=1.30×1) (-5→-21=0.71×1) (7→5=1.28×1) (-7→22=1.28×1) |
| 293276 | 53 | 0.64 | 1 | 0.70~1.30 | (13→25=0.70×1) (-12→-24=1.30×1) (-5→-21=0.71×1) (7→5=1.28×1) (-7→22=1.28×1) |
| 293287 | 51 | 0.55 | 1 | 0.70~1.30 | (-24→23=1.30×1) (13→25=0.70×1) (-5→-21=0.71×1) (7→5=1.28×1) (-7→22=1.28×1) |
| 293297 | 51 | 0.53 | 1 | 0.70~1.30 | (-24→23=1.30×1) (13→25=0.70×1) (-5→-21=0.71×1) (7→5=1.28×1) (22→20=0.74×1) |
| 293307 | 53 | 0.62 | 1 | 0.70~1.30 | (-24→23=1.30×1) (13→25=0.70×1) (-5→-21=0.71×1) (20→16=0.73×1) (22→20=0.74×1) |
| 293318 | 53 | 0.89 | 1 | 0.70~1.47 | (-7→25=1.36×2) (-24→23=1.30×1) (13→25=0.70×1) (-17→-8=1.28×1) (20→16=0.73×1) |
| 293328 | 53 | 1.06 | 1 | 0.70~1.47 | (-7→25=1.36×2) (-24→23=1.30×1) (-3→-2=1.30×1) (13→25=0.70×1) (-17→-8=1.28×1) |
| 293338 | 54 | 0.98 | 1 | 0.70~1.47 | (-7→25=1.36×2) (-24→23=1.30×1) (-3→-2=1.30×1) (13→25=0.70×1) (-17→-8=1.28×1) |
| 293349 | 53 | 0.94 | 1 | 0.70~1.47 | (-7→25=1.36×2) (-24→23=1.30×1) (-3→-2=1.30×1) (13→25=0.70×1) (-17→-8=1.28×1) |
| 293359 | 49 | 0.84 | 1 | 0.73~1.47 | (-7→25=1.47×1) (-3→-2=1.30×1) (-17→-8=1.28×1) (20→16=0.73×1) (16→28=0.75×1) |
| 293369 | 51 | 0.73 | 1 | 0.73~1.47 | (-7→25=1.47×1) (-3→-2=1.30×1) (-17→-8=1.28×1) (9→-27=1.28×1) (20→16=0.73×1) |
| 293380 | 52 | 0.81 | 1 | 0.73~1.47 | (-7→25=1.47×1) (-3→-2=1.30×1) (-17→-8=1.28×1) (9→-27=1.28×1) (20→16=0.73×1) |
| 293390 | 53 | 0.94 | 2 | 0.71~1.47 | (-7→25=1.47×1) (-3→-2=1.30×1) (2→26=0.71×1) (-17→-8=1.28×1) (9→-27=1.28×1) |
| 293400 | 54 | 0.98 | 2 | 0.71~1.47 | (-7→25=1.47×1) (-3→-2=1.30×1) (2→26=0.71×1) (-17→-8=1.28×1) (9→-27=1.28×1) |
| 293411 | 51 | 0.86 | 2 | 0.71~1.28 | (2→26=0.71×1) (-17→-8=1.28×1) (9→-27=1.28×1) (20→16=0.74×2) (-19→4=0.75×1) |
| 293421 | 57 | 1.16 | 2 | 0.71~1.28 | (2→26=0.71×1) (14→-27=0.72×1) (-17→-8=1.28×1) (16→-3=1.28×1) (2→5=1.28×1) |
| 293431 | 57 | 1.28 | 2 | 0.72~1.30 | (-4→6=1.30×1) (-17→-8=1.28×1) (16→-3=1.28×1) (2→5=1.28×1) (15→20=1.28×1) |
| 293442 | 59 | 1.22 | 2 | 0.71~1.30 | (-4→6=1.30×1) (-22→-5=1.29×1) (22→28=0.71×1) (-17→-8=1.28×1) (16→-3=1.28×1) |
| 293452 | 58 | 1.02 | 2 | 0.71~1.29 | (-22→-5=1.29×1) (22→28=0.71×1) (14→-27=0.72×1) (-17→-8=1.28×1) (16→-3=1.28×1) |
| 293462 | 60 | 0.95 | 2 | 0.71~1.29 | (-22→-5=1.29×1) (22→28=0.71×1) (14→-27=0.72×1) (16→-3=1.28×1) (2→5=1.28×1) |
| 293473 | 54 | 0.96 | 2 | 0.71~1.29 | (-22→-5=1.29×1) (22→28=0.71×1) (14→-27=0.72×1) (16→-3=1.28×1) (2→5=1.28×1) |
| 293483 | 53 | 0.77 | 2 | 0.71~1.29 | (-22→-5=1.29×1) (22→28=0.71×1) (16→-3=1.28×1) (2→5=1.28×1) (-20→18=0.73×1) |
| 293493 | 53 | 0.77 | 2 | 0.71~1.29 | (-22→-5=1.29×1) (22→28=0.71×1) (16→-3=1.28×1) (2→5=1.28×1) (-20→18=0.73×1) |
| 293504 | 52 | 0.77 | 2 | 0.71~1.29 | (-22→-5=1.29×1) (22→28=0.71×1) (16→-3=1.28×1) (2→5=1.28×1) (-1→31=0.74×1) |
| 293514 | 52 | 0.71 | 2 | 0.71~1.28 | (-16→-18=0.71×1) (22→28=0.71×1) (2→5=1.28×1) (20→16=0.74×1) (-20→3=1.25×1) |
| 293524 | 54 | 0.76 | 2 | 0.71~1.28 | (-16→-18=0.71×1) (22→28=0.71×1) (-12→-7=0.71×1) (2→5=1.28×1) (20→16=0.74×1) |
| 293535 | 58 | 0.84 | 2 | 0.71~1.28 | (-16→-18=0.71×1) (22→28=0.71×1) (-12→-7=0.71×1) (2→5=1.28×1) (22→20=1.26×1) |
| 293545 | 59 | 0.90 | 2 | 0.71~1.30 | (-19→-3=1.30×1) (-16→-18=0.71×1) (22→28=0.71×1) (-12→-7=0.71×1) (2→5=1.28×1) |
| 293555 | 60 | 0.90 | 2 | 0.71~1.30 | (-19→-3=1.30×1) (-16→-18=0.71×1) (22→28=0.71×1) (-12→-7=0.71×1) (2→5=1.28×1) |
| 293566 | 57 | 0.74 | 2 | 0.71~1.30 | (-19→-3=1.30×1) (-16→-18=0.71×1) (22→28=0.71×1) (2→5=1.28×1) (22→20=1.26×1) |
| 293576 | 56 | 0.80 | 2 | 0.71~1.30 | (-19→-3=1.30×1) (-16→-18=0.71×1) (22→28=0.71×1) (2→5=1.28×1) (22→20=1.26×1) |
| 293586 | 54 | 0.80 | 1 | 0.71~1.30 | (-19→-3=1.30×1) (-16→-18=0.71×1) (22→28=0.71×1) (2→5=1.28×1) (-16→6=1.27×1) |
| 293597 | 54 | 0.89 | 2 | 0.71~1.30 | (-13→17=1.30×1) (-19→-3=1.30×1) (-16→-18=0.71×1) (22→28=0.71×1) (2→5=1.28×1) |
| 293607 | 52 | 0.65 | 2 | 0.71~1.30 | (-13→17=1.30×1) (22→28=0.71×1) (2→5=1.28×1) (21→10=1.28×1) (-16→6=1.27×1) |
| 293617 | 51 | 0.73 | 2 | 0.71~1.30 | (-13→17=1.30×1) (22→28=0.71×1) (2→5=1.28×1) (21→10=1.28×1) (-16→6=1.27×1) |
| 293628 | 50 | 0.78 | 2 | 0.75~1.30 | (-13→17=1.30×1) (2→5=1.28×1) (-16→6=1.27×1) (19→9=1.25×1) (14→-9=0.75×1) |
| 293638 | 51 | 1.04 | 2 | 0.71~1.30 | (-13→17=1.30×1) (2→5=1.28×1) (-24→5=0.72×1) (-20→1=0.72×3) (-16→6=1.27×1) |
| 293648 | 57 | 1.12 | 2 | 0.64~1.30 | (18→-15=0.69×2) (-13→17=1.30×1) (-17→-31=0.72×1) (2→5=1.28×1) (-24→5=0.72×1) |
| 293659 | 60 | 1.23 | 2 | 0.64~1.30 | (18→-15=0.69×2) (-13→17=1.30×1) (-23→6=1.28×1) (-17→-31=0.72×1) (2→5=1.28×1) |
| 293669 | 65 | 1.49 | 2 | 0.63~1.30 | (18→-15=0.67×3) (-13→17=1.30×1) (-23→6=1.28×1) (-17→-31=0.72×1) (2→5=1.28×1) |
| 293679 | 63 | 1.44 | 2 | 0.63~1.30 | (18→-15=0.67×3) (-13→17=1.30×1) (-23→6=1.28×1) (2→5=1.28×1) (-24→5=0.72×1) |
| 293690 | 66 | 1.70 | 2 | 0.63~1.30 | (-13→17=1.30×1) (18→-15=0.70×3) (-8→-9=1.28×1) (-23→6=1.28×1) (2→5=1.28×1) |
| 293700 | 66 | 1.85 | 2 | 0.63~1.30 | (-13→17=1.30×1) (18→-15=0.70×3) (-23→6=1.28×1) (2→5=1.28×1) (-24→5=0.72×1) |
| 293710 | 73 | 2.25 | 2 | 0.63~1.49 | (-24→4=1.32×3) (-13→17=1.30×1) (-15→-1=0.71×1) (-20→19=0.71×1) (18→-15=0.71×4) |
| 293721 | 74 | 2.42 | 2 | 0.63~1.49 | (-24→4=1.32×3) (-13→17=1.30×1) (-15→-1=0.71×1) (-20→19=0.71×1) (18→-15=0.71×4) |
| 293731 | 80 | 2.50 | 2 | 0.63~1.49 | (8→19=0.71×1) (-15→-1=0.71×1) (-20→19=0.71×1) (13→-28=0.71×1) (18→-15=0.71×4) |
| 293741 | 70 | 2.47 | 2 | 0.63~1.28 | (18→-15=0.68×2) (8→19=0.71×1) (-20→19=0.71×1) (13→-28=0.71×1) (-23→6=1.28×1) |
| 293752 | 71 | 2.38 | 2 | 0.63~1.28 | (18→-15=0.68×2) (8→19=0.71×1) (3→-2=0.71×1) (-20→19=0.71×1) (13→-28=0.71×1) |
| 293762 | 68 | 2.24 | 2 | 0.70~1.28 | (8→-22=0.70×1) (3→-2=0.71×1) (-20→19=0.71×1) (-8→-9=1.28×1) (-23→6=1.28×1) |
| 293772 | 70 | 2.14 | 2 | 0.70~1.29 | (8→-22=0.70×1) (-19→30=1.29×1) (3→-2=0.71×1) (-20→19=0.71×1) (-8→-9=1.28×1) |
| 293783 | 65 | 2.02 | 2 | 0.70~1.29 | (8→-22=0.70×1) (-19→30=1.29×1) (3→-2=0.71×1) (-20→19=0.71×1) (-8→-9=1.28×1) |
| 293793 | 61 | 2.03 | 2 | 0.70~1.29 | (8→-22=0.70×1) (-19→30=1.29×1) (3→-2=0.71×1) (-20→19=0.71×1) (-16→-30=0.72×1) |
| 293803 | 59 | 2.08 | 2 | 0.70~1.29 | (8→-22=0.70×1) (-19→30=1.29×1) (-20→19=0.71×1) (-16→-30=0.72×1) (15→-20=0.73×1) |
| 293814 | 55 | 2.18 | 2 | 0.70~1.29 | (8→-22=0.70×1) (-19→30=1.29×1) (-20→19=0.71×1) (8→-10=1.29×2) (-16→-30=0.72×1) |
| 293824 | 55 | 2.20 | 2 | 0.70~1.29 | (8→-22=0.70×1) (-19→30=1.29×1) (-20→19=0.71×1) (8→-10=1.29×2) (-22→20=0.71×1) |
| 293834 | 58 | 2.31 | 2 | 0.70~1.29 | (8→-22=0.70×1) (-19→30=1.29×1) (-20→19=0.71×1) (-22→20=0.71×1) (8→-10=1.28×3) |
| 293845 | 54 | 2.28 | 2 | 0.70~1.29 | (8→-22=0.70×1) (-19→30=1.29×1) (-20→19=0.71×1) (8→-10=1.29×2) (-22→20=0.71×1) |
| 293855 | 57 | 2.28 | 2 | 0.70~1.29 | (8→-22=0.70×1) (-19→30=1.29×1) (-20→19=0.71×1) (8→-10=1.29×2) (-22→20=0.71×1) |
| 293865 | 54 | 2.17 | 2 | 0.71~1.29 | (-19→30=1.29×1) (-20→19=0.71×1) (8→-10=1.29×2) (-22→20=0.71×1) (11→-11=1.28×1) |
| 293876 | 52 | 2.23 | 2 | 0.75~1.29 | (-19→30=1.29×1) (8→-10=1.29×2) (11→-11=1.28×1) (13→7=1.26×1) (5→-29=1.26×1) |
| 293886 | 54 | 2.19 | 2 | 0.73~1.29 | (8→-10=1.29×1) (11→-11=1.28×1) (-6→-27=0.73×1) (12→-21=0.73×1) (13→7=1.26×1) |
| 293896 | 52 | 2.10 | 2 | 0.73~1.28 | (11→-11=1.28×1) (-6→-27=0.73×1) (12→-21=0.73×1) (13→7=1.26×1) (18→29=1.24×1) |
| 293907 | 51 | 1.82 | 2 | 0.73~1.28 | (11→-11=1.28×1) (-6→-27=0.73×1) (13→7=1.26×1) (18→29=1.24×1) (-13→6=1.23×1) |
| 293917 | 51 | 1.43 | 2 | 0.73~1.28 | (11→-11=1.28×1) (-6→-27=0.73×1) (18→29=1.24×1) (-13→6=1.23×1) (3→28=0.77×2) |
| 293927 | 53 | 1.30 | 2 | 0.75~1.28 | (11→-11=1.28×1) (2→27=1.27×1) (18→29=1.24×1) (-13→6=1.23×1) (3→28=0.77×2) |
| 293938 | 50 | 1.20 | 2 | 0.75~1.28 | (11→-11=1.28×1) (18→29=1.24×1) (-13→6=1.23×1) (3→28=0.77×2) (22→-21=0.77×1) |
| 293948 | 51 | 1.04 | 2 | 0.75~1.25 | (3→28=0.77×2) (22→-21=0.77×1) (-24→-22=1.22×1) (-18→-19=0.78×3) (-10→4=1.22×1) |
| 293958 | 51 | 1.06 | 2 | 0.75~1.29 | (10→6=1.29×1) (-2→31=1.25×1) (3→28=0.77×2) (22→-21=0.77×1) (-24→-22=1.22×1) |
| 293969 | 50 | 1.04 | 2 | 0.75~1.29 | (10→6=1.29×1) (-2→31=1.25×1) (-24→21=1.24×2) (-7→-3=1.24×1) (3→28=0.77×2) |
| 293979 | 51 | 1.00 | 2 | 0.72~1.29 | (10→6=1.29×1) (22→3=0.72×1) (-9→-4=0.72×1) (-2→31=1.25×1) (-24→21=1.25×1) |
| 293989 | 50 | 0.82 | 2 | 0.72~1.29 | (10→6=1.29×1) (22→3=0.72×1) (-9→-4=0.72×1) (-2→31=1.25×1) (-24→21=1.25×1) |
| 294000 | 51 | 0.73 | 2 | 0.71~1.29 | (10→6=1.29×1) (-9→2=0.71×1) (22→3=0.72×1) (-9→-4=0.72×1) (-24→21=1.25×1) |
| 294010 | 53 | 0.74 | 1 | 0.71~1.39 | (16→-28=1.29×1) (10→6=1.29×1) (-9→2=0.71×1) (23→7=0.71×1) (5→14=1.28×1) |
| 294020 | 51 | 0.67 | 1 | 0.71~1.39 | (16→-28=1.29×1) (10→6=1.29×1) (-9→2=0.71×1) (23→7=0.71×1) (5→14=1.28×1) |
| 294031 | 54 | 0.80 | 1 | 0.71~1.39 | (16→-28=1.29×1) (10→6=1.29×1) (-9→2=0.71×1) (23→7=0.71×1) (5→14=1.28×1) |
| 294041 | 55 | 0.87 | 1 | 0.71~1.39 | (16→-28=1.29×1) (10→6=1.29×1) (-9→2=0.71×1) (23→7=0.71×1) (5→14=1.28×1) |
| 294051 | 60 | 0.93 | 1 | 0.71~1.39 | (16→-28=1.29×1) (10→6=1.29×1) (-9→2=0.71×1) (23→7=0.71×1) (5→14=1.28×1) |
| 294062 | 59 | 0.80 | 1 | 0.71~1.39 | (16→-28=1.29×1) (10→6=1.29×1) (-9→2=0.71×1) (23→7=0.71×1) (5→14=1.28×1) |
| 294072 | 60 | 0.77 | 1 | 0.71~1.39 | (16→-28=1.29×1) (10→6=1.29×1) (-9→2=0.71×1) (23→7=0.71×1) (5→14=1.28×1) |
| 294082 | 62 | 0.69 | 1 | 0.71~1.29 | (16→-28=1.29×1) (10→6=1.29×1) (-9→2=0.71×1) (5→14=1.28×1) (-9→-4=0.72×1) |
| 294093 | 56 | 0.68 | 1 | 0.71~1.29 | (16→-28=1.29×1) (10→6=1.29×1) (-9→2=0.71×1) (5→14=1.28×1) (15→27=0.73×1) |
| 294103 | 56 | 0.75 | 1 | 0.70~1.29 | (-12→9=0.70×1) (16→-28=1.29×1) (10→6=1.29×1) (-9→2=0.71×1) (5→14=1.28×1) |
| 294113 | 53 | 0.64 | 1 | 0.70~1.29 | (-12→9=0.70×1) (16→-28=1.29×1) (5→14=1.28×1) (15→27=0.73×1) (-13→6=1.27×1) |
| 294124 | 54 | 0.61 | 1 | 0.70~1.29 | (-12→9=0.70×1) (16→-28=1.29×1) (5→14=1.28×1) (15→27=0.73×1) (-13→6=1.27×1) |
| 294134 | 52 | 0.58 | 1 | 0.70~1.29 | (-12→9=0.70×1) (16→-28=1.29×1) (5→14=1.28×1) (15→27=0.73×1) (-13→6=1.27×1) |
| 294144 | 54 | 0.69 | 1 | 0.71~1.27 | (-19→-11=0.71×1) (6→10=0.72×1) (15→27=0.73×1) (-22→-1=0.73×1) (-18→-13=0.74×1) |
| 294155 | 57 | 0.91 | 1 | 0.71~1.28 | (-19→-11=0.71×1) (6→10=0.72×1) (-18→18=1.28×2) (15→27=0.73×1) (-22→-1=0.73×1) |
| 294165 | 57 | 1.02 | 2 | 0.71~1.28 | (8→-11=0.71×1) (-19→-11=0.71×1) (6→10=0.72×1) (-18→18=1.28×2) (15→27=0.73×1) |
| 294175 | 56 | 1.20 | 2 | 0.71~1.28 | (8→-11=0.71×1) (-19→-11=0.71×1) (6→10=0.72×1) (-18→18=1.27×3) (15→27=0.73×1) |
| 294186 | 55 | 1.09 | 2 | 0.71~1.28 | (8→-11=0.71×1) (-19→-11=0.71×1) (6→10=0.72×1) (-18→18=1.27×2) (15→27=0.73×1) |
| 294196 | 54 | 0.87 | 2 | 0.71~1.28 | (8→-11=0.71×1) (-19→-11=0.71×1) (6→10=0.72×1) (-18→18=1.28×1) (15→27=0.73×1) |
| 294206 | 49 | 0.76 | 1 | 0.71~1.28 | (-19→-11=0.71×1) (6→10=0.72×1) (-18→18=1.28×1) (-22→-1=0.73×1) (-21→-23=0.75×1) |
| 294217 | 54 | 0.78 | 1 | 0.71~1.28 | (-19→-11=0.71×1) (6→10=0.72×1) (-18→18=1.28×1) (-22→-1=0.73×1) (-21→-23=0.75×1) |
| 294227 | 52 | 0.71 | 1 | 0.71~1.27 | (-19→-11=0.71×1) (6→10=0.72×1) (-22→-1=0.73×1) (-21→-23=0.75×1) (7→2=1.24×1) |
| 294237 | 51 | 0.73 | 1 | 0.71~1.27 | (-19→-11=0.71×1) (6→10=0.72×1) (-22→-1=0.73×1) (-21→-23=0.75×1) (7→2=1.24×1) |
| 294248 | 50 | 0.62 | 1 | 0.71~1.22 | (-19→-11=0.71×1) (6→10=0.72×1) (-22→-1=0.73×1) (-21→-23=0.75×1) (-7→19=0.77×1) |
| 294258 | 50 | 0.52 | 1 | 0.71~1.27 | (-19→-11=0.71×1) (6→10=0.72×1) (-23→-21=1.27×1) (-22→-1=0.73×1) (-21→-23=0.75×1) |
| 294268 | 50 | 0.56 | 1 | 0.71~1.28 | (-19→-11=0.71×1) (6→10=0.72×1) (-17→-19=1.28×1) (-23→-21=1.27×1) (-22→-1=0.73×1) |
| 294279 | 51 | 0.53 | 1 | 0.71~1.28 | (-19→-11=0.71×1) (6→10=0.72×1) (-17→-19=1.28×1) (-23→-21=1.27×1) (-22→-1=0.73×1) |
| 294289 | 50 | 0.54 | 1 | 0.71~1.28 | (-19→-11=0.71×1) (6→10=0.72×1) (-17→-19=1.28×1) (-23→-21=1.27×1) (-22→-1=0.73×1) |
| 294299 | 49 | 0.45 | 1 | 0.71~1.28 | (-19→-11=0.71×1) (6→10=0.72×1) (-17→-19=1.28×1) (-23→-21=1.27×1) (-22→-1=0.73×1) |
| 294310 | 52 | 0.56 | 1 | 0.71~1.28 | (-19→-11=0.71×1) (6→10=0.72×1) (-3→24=0.72×1) (-17→-19=1.28×1) (-18→21=0.73×1) |
| 294320 | 53 | 0.74 | 1 | 0.72~1.28 | (-17→-19=1.28×1) (-3→24=0.73×2) (-18→21=0.73×1) (-23→-21=1.27×1) (-7→-6=1.25×1) |
| 294330 | 55 | 0.85 | 1 | 0.70~1.28 | (16→-17=0.70×1) (-17→-19=1.28×1) (-3→24=0.73×2) (-23→-21=1.27×1) (-18→21=0.73×2) |
| 294341 | 58 | 0.97 | 1 | 0.69~1.28 | (16→-17=0.71×2) (6→6=0.72×2) (-17→-19=1.28×1) (-3→24=0.73×2) (-23→-21=1.27×1) |
| 294351 | 62 | 0.95 | 1 | 0.69~1.28 | (16→-17=0.71×2) (6→6=0.72×2) (-17→-19=1.28×1) (-3→24=0.73×2) (-23→-21=1.27×1) |
| 294361 | 60 | 0.90 | 1 | 0.70~1.28 | (16→-17=0.71×2) (-17→-19=1.28×1) (-3→24=0.73×2) (-23→-21=1.27×1) (-6→13=0.74×1) |
| 294372 | 60 | 0.97 | 1 | 0.70~1.28 | (16→-17=0.70×1) (-17→-19=1.28×1) (-3→24=0.73×2) (20→-31=1.27×1) (-23→-21=1.27×1) |
| 294382 | 60 | 0.90 | 1 | 0.70~1.36 | (16→-17=0.70×1) (24→-21=1.29×3) (-3→24=0.72×1) (-17→-19=1.28×1) (-23→-21=1.27×1) |
| 294392 | 61 | 0.93 | 1 | 0.70~1.36 | (16→-17=0.70×1) (24→-21=1.29×3) (-3→24=0.72×1) (-17→-19=1.28×1) (-23→-21=1.27×1) |
| 294403 | 63 | 0.98 | 1 | 0.70~1.36 | (16→-17=0.70×1) (24→-21=1.29×3) (-3→24=0.72×1) (-17→-19=1.28×1) (-23→-21=1.27×1) |
| 294413 | 62 | 0.89 | 1 | 0.70~1.28 | (16→-17=0.70×1) (-3→24=0.72×1) (-17→-19=1.28×1) (-23→-21=1.27×1) (-18→21=0.73×3) |
| 294423 | 62 | 0.77 | 1 | 0.70~1.28 | (16→-17=0.70×1) (-6→-15=0.71×1) (-3→24=0.72×1) (-17→-19=1.28×1) (-23→-21=1.27×1) |
| 294434 | 59 | 0.64 | 1 | 0.70~1.28 | (16→-17=0.70×1) (7→-28=0.71×1) (-6→-15=0.71×1) (-17→-19=1.28×1) (-18→21=0.73×3) |
| 294444 | 56 | 0.64 | 1 | 0.70~1.28 | (16→-17=0.70×1) (7→-28=0.71×1) (-6→-15=0.71×1) (-17→-19=1.28×1) (-18→21=0.73×3) |
| 294454 | 53 | 0.66 | 1 | 0.70~1.28 | (16→-17=0.70×1) (7→-28=0.71×1) (-17→-19=1.28×1) (-18→21=0.73×3) (-10→6=0.74×1) |
| 294465 | 53 | 0.74 | 1 | 0.72~1.26 | (18→5=0.72×1) (-18→21=0.73×2) (-10→6=0.74×1) (-1→-23=1.26×1) (-24→31=0.74×1) |
| 294475 | 52 | 0.69 | 1 | 0.72~1.30 | (-18→-1=1.30×1) (18→5=0.72×1) (-18→21=0.73×2) (-10→6=0.74×1) (18→30=0.74×1) |
| 294485 | 56 | 0.88 | 2 | 0.72~1.30 | (-18→-1=1.30×1) (-20→-31=1.28×2) (18→5=0.72×1) (-18→21=0.73×2) (-10→6=0.74×1) |
| 294496 | 51 | 0.84 | 2 | 0.72~1.30 | (-18→-1=1.30×1) (-20→-31=1.28×2) (18→5=0.72×1) (-18→21=0.73×1) (18→30=0.74×1) |
| 294506 | 54 | 0.93 | 2 | 0.68~1.30 | (-18→-1=1.30×1) (18→30=0.71×2) (-19→20=0.72×1) (-20→-31=1.28×2) (18→5=0.72×1) |
| 294516 | 54 | 0.87 | 1 | 0.68~1.30 | (18→30=0.68×1) (-18→-1=1.30×1) (-20→-31=1.28×1) (-19→20=0.72×1) (18→5=0.72×1) |
| 294527 | 53 | 0.92 | 1 | 0.68~1.30 | (18→30=0.68×1) (-18→-1=1.30×1) (-20→-31=1.28×1) (-19→20=0.72×1) (18→5=0.72×1) |
| 294537 | 50 | 0.80 | 1 | 0.72~1.30 | (-18→-1=1.30×1) (-20→-31=1.28×1) (18→5=0.72×1) (8→10=0.72×1) (-16→-17=0.73×1) |
| 294547 | 55 | 0.80 | 1 | 0.72~1.30 | (-18→-1=1.30×1) (18→5=0.72×1) (8→10=0.72×1) (18→-22=0.73×1) (-16→-17=0.73×2) |
| 294558 | 55 | 0.87 | 1 | 0.72~1.30 | (-18→-1=1.30×1) (18→5=0.72×1) (8→10=0.72×1) (18→-22=0.73×1) (-16→-17=0.73×2) |
| 294568 | 51 | 0.78 | 1 | 0.72~1.30 | (-18→-1=1.30×1) (18→5=0.72×1) (8→10=0.72×1) (18→-22=0.73×1) (-16→-17=0.73×2) |
| 294578 | 49 | 0.71 | 1 | 0.72~1.27 | (18→5=0.72×1) (8→10=0.72×1) (18→-22=0.73×1) (-16→-17=0.73×2) (-16→-1=1.27×1) |
| 294589 | 56 | 0.98 | 2 | 0.72~1.27 | (18→5=0.72×1) (8→10=0.72×1) (-1→-14=0.73×1) (18→-22=0.73×1) (-16→-1=1.27×1) |
| 294599 | 52 | 1.12 | 2 | 0.72~1.27 | (18→5=0.72×1) (8→10=0.72×1) (18→-22=0.73×1) (-1→-14=0.73×2) (-16→-1=1.27×1) |
| 294609 | 59 | 1.39 | 2 | 0.70~1.29 | (8→5=0.71×2) (9→-7=0.71×2) (18→-23=1.29×1) (-15→-24=1.28×1) (18→5=0.72×1) |
| 294620 | 59 | 1.39 | 2 | 0.70~1.29 | (9→-28=1.29×1) (8→5=0.71×2) (9→-7=0.71×2) (18→-23=1.29×1) (18→5=0.72×1) |
| 294630 | 57 | 1.44 | 2 | 0.70~1.29 | (9→-28=1.29×1) (8→5=0.71×3) (9→-7=0.71×3) (18→-23=1.29×1) (18→5=0.72×1) |
| 294640 | 51 | 1.22 | 2 | 0.70~1.27 | (8→5=0.71×2) (9→-7=0.71×2) (18→5=0.72×1) (8→10=0.72×1) (23→18=0.72×1) |
| 294651 | 50 | 1.24 | 1 | 0.72~1.27 | (23→-20=0.72×1) (8→10=0.72×1) (-16→-1=1.27×1) (-1→-14=0.73×4) (-16→-17=0.74×3) |
| 294661 | 51 | 1.06 | 1 | 0.72~1.27 | (23→-20=0.72×1) (8→10=0.72×1) (-16→-1=1.27×1) (-1→-14=0.73×4) (-16→-17=0.74×2) |
| 294671 | 55 | 1.25 | 1 | 0.70~1.27 | (3→29=0.70×1) (-4→24=0.72×1) (-8→12=0.72×1) (-16→-1=1.27×1) (-1→-14=0.73×4) |
| 294682 | 54 | 1.33 | 1 | 0.70~1.27 | (3→29=0.70×1) (-8→12=0.72×1) (-16→-1=1.27×1) (-1→-14=0.73×4) (-16→-17=0.73×1) |
| 294692 | 53 | 1.28 | 1 | 0.70~1.28 | (3→29=0.70×1) (-23→13=1.28×1) (-8→12=0.72×1) (-16→-1=1.27×1) (-1→-14=0.73×4) |
| 294702 | 52 | 1.21 | 1 | 0.70~1.28 | (3→29=0.70×1) (-23→13=1.28×1) (-8→12=0.72×1) (-16→-1=1.27×1) (-1→-14=0.73×4) |
| 294713 | 53 | 1.17 | 1 | 0.70~1.29 | (3→29=0.70×1) (17→-19=0.70×1) (16→-28=1.29×2) (-23→13=1.28×1) (-8→12=0.72×1) |
| 294723 | 51 | 1.22 | 1 | 0.70~1.29 | (17→-19=0.70×1) (16→-28=1.29×2) (-23→13=1.28×1) (-8→12=0.72×1) (-1→-14=0.73×3) |
| 294733 | 55 | 1.31 | 1 | 0.70~1.29 | (17→-19=0.70×1) (16→-28=1.29×3) (-23→13=1.28×1) (-8→12=0.72×1) (-1→-14=0.73×3) |
| 294744 | 59 | 1.49 | 1 | 0.70~1.29 | (17→-19=0.70×1) (1→24=1.29×1) (16→-28=1.29×3) (-23→13=1.28×1) (-23→-15=1.27×1) |
| 294754 | 60 | 1.53 | 2 | 0.70~1.29 | (17→-19=0.70×1) (1→24=1.29×1) (16→-28=1.29×3) (20→22=0.72×1) (-23→13=1.28×1) |
| 294764 | 63 | 1.51 | 1 | 0.70~1.37 | (17→-19=0.70×1) (-12→21=1.30×1) (1→24=1.29×1) (16→-28=1.29×2) (6→25=1.29×2) |
| 294775 | 62 | 1.40 | 1 | 0.70~1.30 | (17→-19=0.70×1) (-12→21=1.30×1) (16→-28=1.29×1) (1→24=1.29×1) (-21→-5=0.72×1) |
| 294785 | 63 | 1.37 | 1 | 0.70~1.30 | (17→-19=0.70×1) (-12→21=1.30×1) (16→-28=1.29×1) (-21→-5=0.72×1) (-23→13=1.28×1) |
| 294795 | 62 | 1.39 | 1 | 0.70~1.30 | (17→-19=0.70×1) (-12→21=1.30×1) (16→-28=1.29×1) (-21→-5=0.72×1) (-23→13=1.28×1) |
| 294806 | 56 | 1.38 | 1 | 0.70~1.30 | (17→-19=0.70×1) (-12→21=1.30×1) (-21→-5=0.72×1) (-23→13=1.28×1) (-16→-17=0.73×1) |
| 294816 | 56 | 1.48 | 1 | 0.72~1.36 | (-12→21=1.30×1) (-21→-5=0.72×1) (-23→13=1.28×1) (15→11=1.28×3) (-16→-17=0.73×1) |
| 294826 | 54 | 1.52 | 1 | 0.71~1.36 | (-12→21=1.30×1) (-19→-4=0.71×1) (-21→-5=0.72×1) (-23→13=1.28×1) (15→11=1.28×3) |
| 294837 | 50 | 1.54 | 1 | 0.71~1.36 | (-12→21=1.30×1) (-19→-4=0.71×1) (-21→-5=0.72×1) (-23→13=1.28×1) (15→11=1.28×3) |
| 294847 | 52 | 1.31 | 1 | 0.75~1.36 | (15→11=1.30×2) (-12→21=1.30×1) (-23→13=1.28×1) (19→27=1.27×1) (4→-22=0.75×2) |
| 294857 | 52 | 1.35 | 1 | 0.75~1.36 | (15→11=1.30×2) (-12→21=1.30×1) (-23→13=1.28×1) (19→27=1.27×1) (4→-22=0.75×2) |
| 294868 | 53 | 1.25 | 1 | 0.70~1.36 | (15→11=1.30×2) (-9→9=0.70×1) (-12→21=1.30×1) (19→27=1.27×1) (4→-22=0.75×2) |
| 294878 | 51 | 1.12 | 1 | 0.70~1.30 | (-9→9=0.70×1) (-12→21=1.30×1) (19→27=1.27×1) (17→-18=0.75×1) (4→-22=0.75×1) |
| 294888 | 52 | 1.21 | 1 | 0.70~1.30 | (-9→9=0.70×1) (-12→21=1.30×1) (16→14=1.28×1) (19→27=1.27×1) (17→-18=0.75×1) |
| 294899 | 51 | 1.12 | 1 | 0.70~1.28 | (-9→9=0.70×1) (16→14=1.28×1) (-1→15=1.27×1) (19→27=1.27×1) (17→-18=0.75×1) |
| 294909 | 55 | 1.27 | 1 | 0.70~1.28 | (-9→9=0.70×1) (16→14=1.28×1) (-1→15=1.27×1) (19→27=1.27×1) (17→-18=0.75×1) |
| 294919 | 54 | 1.11 | 1 | 0.75~1.28 | (16→14=1.28×1) (-12→-1=1.28×1) (-1→15=1.27×1) (19→27=1.27×1) (17→-18=0.75×1) |
| 294930 | 54 | 1.41 | 1 | 0.72~1.30 | (6→3=1.30×1) (16→14=1.28×1) (-24→-11=0.72×1) (-1→15=1.27×1) (-12→-1=1.27×2) |
| 294940 | 55 | 1.44 | 1 | 0.72~1.30 | (6→3=1.30×1) (16→14=1.28×1) (-24→-11=0.72×1) (-1→15=1.27×1) (-12→-1=1.27×2) |
| 294950 | 56 | 1.30 | 1 | 0.72~1.30 | (6→3=1.30×1) (16→14=1.28×1) (-24→-11=0.72×1) (18→-11=0.72×1) (-12→-1=1.27×2) |
| 294961 | 52 | 0.92 | 1 | 0.72~1.30 | (6→3=1.30×1) (1→-15=1.29×1) (-24→-11=0.72×1) (18→-11=0.72×1) (-7→-3=0.73×1) |
| 294971 | 50 | 0.62 | 1 | 0.73~1.29 | (1→-15=1.29×1) (-12→-1=1.28×1) (-7→-3=0.73×1) (20→-28=1.27×1) (11→-31=1.26×1) |
| 294981 | 52 | 0.75 | 1 | 0.72~1.29 | (1→-15=1.29×1) (2→27=1.29×1) (-8→19=0.72×1) (-22→27=1.28×1) (-12→-1=1.28×1) |
| 294992 | 51 | 0.82 | 2 | 0.72~1.29 | (1→-15=1.29×1) (2→27=1.29×1) (-8→19=0.72×2) (-12→-1=1.28×1) (-22→27=1.28×2) |
| 295002 | 50 | 0.92 | 2 | 0.72~1.29 | (1→-15=1.29×1) (2→27=1.29×1) (-8→19=0.72×2) (-12→-1=1.28×1) (-22→27=1.28×2) |
| 295012 | 51 | 1.04 | 2 | 0.72~1.29 | (1→-15=1.29×1) (2→27=1.29×1) (-8→19=0.72×2) (-12→-1=1.28×1) (-22→27=1.28×2) |
| 295023 | 50 | 0.70 | 2 | 0.73~1.29 | (1→-15=1.29×1) (-7→-3=0.73×1) (-8→19=0.73×1) (-22→27=1.27×1) (-4→1=0.73×1) |
| 295033 | 53 | 0.72 | 1 | 0.70~1.29 | (7→20=0.70×1) (1→-15=1.29×1) (11→14=0.71×1) (-7→-3=0.73×1) (-4→1=0.73×1) |
| 295043 | 53 | 0.70 | 1 | 0.70~1.28 | (7→20=0.70×1) (11→14=0.71×1) (15→-8=1.28×1) (-4→1=0.73×1) (-16→-19=1.26×1) |
| 295054 | 52 | 0.77 | 1 | 0.70~1.29 | (7→20=0.70×1) (11→14=0.71×1) (6→-1=1.29×1) (15→-8=1.28×1) (-4→1=0.73×1) |
| 295064 | 53 | 0.75 | 1 | 0.70~1.29 | (7→20=0.70×1) (11→14=0.71×1) (6→-1=1.29×1) (15→-8=1.28×1) (-4→1=0.73×1) |
| 295074 | 55 | 0.91 | 2 | 0.70~1.37 | (-3→6=1.32×2) (7→20=0.70×1) (11→14=0.71×1) (6→-1=1.29×1) (15→-8=1.28×1) |
| 295085 | 53 | 0.89 | 1 | 0.70~1.37 | (-3→6=1.32×2) (7→20=0.70×1) (11→14=0.71×1) (6→-1=1.29×1) (15→-8=1.28×1) |
| 295095 | 55 | 0.93 | 1 | 0.70~1.37 | (-3→6=1.32×2) (7→20=0.70×1) (11→14=0.71×1) (6→-1=1.29×1) (15→-8=1.28×1) |
| 295105 | 57 | 0.91 | 2 | 0.70~1.29 | (7→20=0.70×1) (11→14=0.71×1) (6→-1=1.29×1) (15→-8=1.28×1) (-4→1=0.73×1) |
| 295116 | 56 | 1.00 | 2 | 0.70~1.29 | (7→20=0.70×1) (11→14=0.71×1) (6→-1=1.29×1) (-24→-18=1.28×1) (15→-8=1.28×1) |
| 295126 | 50 | 0.80 | 2 | 0.70~1.29 | (7→20=0.70×1) (11→14=0.71×1) (6→-1=1.29×1) (15→-8=1.28×1) (-20→1=1.27×1) |
| 295136 | 52 | 0.77 | 2 | 0.70~1.29 | (7→20=0.70×1) (11→14=0.71×1) (6→-1=1.29×1) (15→-8=1.28×1) (10→-16=0.73×1) |
| 295147 | 50 | 0.68 | 1 | 0.71~1.29 | (11→14=0.71×1) (6→-1=1.29×1) (15→-8=1.28×1) (10→-16=0.73×1) (-20→1=1.27×1) |
| 295157 | 51 | 0.63 | 1 | 0.71~1.29 | (11→14=0.71×1) (6→-1=1.29×1) (15→-8=1.28×1) (10→-16=0.73×1) (-20→1=1.27×1) |
| 295167 | 51 | 0.51 | 1 | 0.73~1.29 | (6→-1=1.29×1) (24→29=1.28×1) (15→-8=1.28×1) (10→-16=0.73×1) (-20→1=1.27×1) |
| 295178 | 52 | 0.50 | 1 | 0.73~1.29 | (6→-1=1.29×1) (24→29=1.28×1) (15→-8=1.28×1) (10→-16=0.73×1) (-20→1=1.27×1) |
| 295188 | 52 | 0.56 | 1 | 0.73~1.30 | (9→31=1.30×1) (6→-1=1.29×1) (24→29=1.28×1) (10→-16=0.73×1) (-20→1=1.27×1) |
| 295198 | 54 | 0.74 | 1 | 0.73~1.30 | (9→31=1.30×1) (6→-1=1.29×1) (24→29=1.28×1) (10→-16=0.73×1) (-20→1=1.27×1) |
| 295209 | 52 | 0.63 | 1 | 0.73~1.30 | (9→31=1.30×1) (24→29=1.28×1) (10→-16=0.73×1) (-20→1=1.27×1) (-11→-16=1.26×1) |
| 295219 | 52 | 0.75 | 1 | 0.73~1.30 | (9→31=1.30×1) (24→29=1.28×1) (10→-16=0.73×1) (-20→1=1.27×1) (-11→-16=1.26×1) |
| 295229 | 50 | 0.70 | 1 | 0.75~1.30 | (9→31=1.30×1) (24→29=1.28×1) (-20→1=1.27×1) (-11→-16=1.26×1) (4→16=0.75×1) |
| 295240 | 49 | 0.65 | 1 | 0.75~1.30 | (9→31=1.30×1) (24→29=1.28×1) (-20→1=1.27×1) (-11→-16=1.26×1) (4→16=0.75×1) |
| 295250 | 52 | 0.67 | 1 | 0.75~1.30 | (9→31=1.30×1) (24→29=1.28×1) (-20→1=1.27×1) (-11→-16=1.26×1) (-19→-22=1.26×1) |
| 295260 | 50 | 0.52 | 1 | 0.75~1.30 | (9→31=1.30×1) (24→29=1.28×1) (-19→-22=1.26×1) (-1→-24=0.75×1) (-9→-18=1.24×1) |
| 295271 | 50 | 0.48 | 1 | 0.75~1.30 | (9→31=1.30×1) (24→29=1.28×1) (-19→-22=1.26×1) (-1→-24=0.75×1) (-9→-18=1.24×1) |
| 295281 | 50 | 0.48 | 1 | 0.75~1.30 | (9→31=1.30×1) (-21→12=1.29×1) (1→-26=1.29×1) (12→27=1.28×1) (24→29=1.28×1) |
| 295291 | 51 | 0.51 | 1 | 0.75~1.30 | (9→31=1.30×1) (-21→12=1.29×1) (1→-26=1.29×1) (12→27=1.28×1) (24→29=1.28×1) |
| 295302 | 51 | 0.59 | 1 | 0.87~1.30 | (9→31=1.30×1) (-21→12=1.29×1) (1→-26=1.29×1) (-13→-30=1.28×1) (12→27=1.28×1) |
| 295312 | 53 | 0.74 | 1 | 0.87~1.30 | (9→31=1.30×1) (-21→12=1.29×1) (1→-26=1.29×1) (12→27=1.28×1) (-13→-30=1.28×2) |
| 295322 | 53 | 0.75 | 2 | 0.76~1.30 | (9→31=1.30×1) (-21→12=1.29×1) (1→-26=1.29×1) (-13→-30=1.28×1) (12→27=1.28×1) |
| 295333 | 53 | 0.81 | 2 | 0.76~1.30 | (9→31=1.30×1) (-21→12=1.29×1) (1→-26=1.29×1) (12→27=1.28×1) (-13→-30=1.28×2) |
| 295343 | 54 | 0.91 | 1 | 0.72~1.30 | (9→31=1.30×1) (-21→12=1.29×1) (1→-26=1.29×1) (12→27=1.28×1) (-13→-30=1.28×2) |
| 295353 | 54 | 0.81 | 2 | 0.72~1.29 | (-21→12=1.29×1) (1→-26=1.29×1) (-13→-30=1.28×1) (12→27=1.28×1) (5→22=0.72×1) |
| 295364 | 57 | 0.79 | 2 | 0.72~1.28 | (-13→-30=1.28×1) (5→22=0.72×1) (12→19=1.26×1) (-19→-22=1.26×1) (24→-31=1.25×1) |
| 295374 | 61 | 0.98 | 2 | 0.72~1.35 | (-13→-30=1.28×1) (-11→-24=1.28×2) (-6→-19=1.28×1) (5→22=0.72×1) (12→19=1.26×1) |
| 295384 | 63 | 1.06 | 2 | 0.72~1.35 | (-13→-30=1.28×1) (-11→-24=1.28×2) (-6→-19=1.28×1) (5→22=0.72×1) (12→19=1.26×1) |
| 295395 | 63 | 1.13 | 2 | 0.70~1.35 | (-11→-24=1.35×1) (-12→6=0.70×1) (-13→-30=1.28×1) (-6→-19=1.28×1) (12→19=1.26×1) |
| 295405 | 58 | 1.07 | 2 | 0.70~1.35 | (-11→-24=1.35×1) (-12→6=0.70×1) (-6→-19=1.28×1) (-19→-22=1.26×1) (14→28=1.25×1) |
| 295415 | 59 | 0.95 | 2 | 0.70~1.28 | (-12→6=0.70×1) (-6→-19=1.28×1) (-19→-22=1.26×1) (14→28=1.25×1) (24→-31=1.25×1) |
| 295426 | 59 | 0.92 | 2 | 0.70~1.28 | (-12→6=0.70×1) (-6→-19=1.28×1) (14→28=1.25×1) (24→-31=1.25×1) (20→14=0.75×1) |
| 295436 | 51 | 1.00 | 2 | 0.70~1.28 | (-12→6=0.70×1) (-6→-19=1.28×1) (14→28=1.25×1) (20→14=0.75×1) (-4→15=0.75×1) |
| 295446 | 55 | 0.75 | 2 | 0.75~1.25 | (20→14=0.75×1) (-5→-28=1.25×1) (-11→17=0.76×1) (-6→-14=0.77×1) (8→20=0.77×1) |
| 295457 | 55 | 0.73 | 1 | 0.73~1.30 | (5→-19=1.30×1) (8→-14=0.73×1) (20→14=0.75×1) (-5→-28=1.25×1) (-11→17=0.76×1) |
| 295467 | 54 | 0.74 | 1 | 0.73~1.30 | (5→-19=1.30×1) (8→-14=0.73×1) (20→14=0.75×1) (-5→-28=1.25×1) (-11→17=0.76×1) |
| 295477 | 53 | 0.74 | 1 | 0.75~1.30 | (5→-19=1.30×1) (20→14=0.75×1) (-5→-28=1.25×1) (-11→17=0.76×1) (8→20=0.77×1) |
| 295488 | 49 | 0.69 | 1 | 0.75~1.30 | (5→-19=1.30×1) (20→14=0.75×1) (-5→-28=1.25×1) (-11→17=0.76×1) (8→20=0.77×1) |
| 295498 | 54 | 0.70 | 1 | 0.75~1.30 | (5→-19=1.30×1) (20→14=0.75×1) (-5→-28=1.25×1) (23→6=1.24×1) (-11→17=0.76×1) |
| 295508 | 55 | 0.96 | 1 | 0.70~1.30 | (5→-19=1.30×1) (-5→-23=0.70×1) (20→14=0.75×1) (-5→-28=1.24×2) (-2→24=0.76×1) |
| 295519 | 54 | 1.00 | 1 | 0.70~1.30 | (5→-19=1.30×1) (-5→-23=0.70×1) (6→-10=0.72×1) (8→19=0.75×1) (20→14=0.75×1) |
| 295529 | 55 | 1.02 | 1 | 0.70~1.30 | (5→-19=1.30×1) (-5→-23=0.70×1) (6→-10=0.72×1) (8→19=0.75×1) (20→14=0.75×1) |
| 295539 | 55 | 1.09 | 1 | 0.70~1.30 | (18→-31=0.70×1) (5→-19=1.30×1) (-5→-23=0.70×1) (-15→17=0.71×1) (6→-10=0.72×1) |
| 295550 | 54 | 1.11 | 1 | 0.70~1.25 | (18→-31=0.70×1) (-5→-23=0.70×1) (-15→17=0.71×1) (6→-10=0.72×1) (24→16=1.25×1) |
| 295560 | 56 | 1.12 | 1 | 0.70~1.25 | (18→-31=0.70×1) (-5→-23=0.70×1) (-15→17=0.71×1) (6→-10=0.72×1) (24→16=1.25×1) |
| 295570 | 57 | 1.25 | 1 | 0.70~1.27 | (18→-31=0.70×1) (-5→-23=0.70×1) (-15→17=0.71×1) (6→-10=0.72×1) (-1→28=1.27×2) |
| 295581 | 60 | 1.17 | 1 | 0.70~1.27 | (18→-31=0.70×1) (-5→-23=0.70×1) (-15→17=0.71×1) (6→-10=0.72×1) (-1→28=1.27×2) |
| 295591 | 54 | 1.30 | 1 | 0.70~1.27 | (-5→-23=0.70×1) (-15→17=0.71×1) (6→-10=0.72×1) (-1→28=1.26×3) (8→19=0.75×1) |
| 295601 | 52 | 1.40 | 1 | 0.70~1.27 | (-5→-23=0.70×1) (-15→17=0.71×1) (-1→28=1.26×3) (20→14=0.75×1) (-18→6=1.25×1) |
| 295612 | 52 | 1.46 | 1 | 0.70~1.27 | (-5→-23=0.70×1) (-15→17=0.71×1) (-1→28=1.26×4) (10→-13=0.74×1) (-14→30=0.74×1) |
| 295622 | 50 | 1.30 | 1 | 0.70~1.26 | (-5→-23=0.70×1) (-2→2=0.71×1) (-1→28=1.26×3) (10→-13=0.74×1) (-14→30=0.74×1) |
| 295632 | 50 | 1.30 | 1 | 0.71~1.26 | (-2→2=0.71×1) (-1→28=1.26×3) (10→-13=0.75×2) (20→14=0.75×1) (-18→6=1.25×1) |
| 295643 | 55 | 1.24 | 1 | 0.72~1.27 | (10→5=0.72×1) (14→-9=1.27×1) (14→8=1.27×1) (10→-15=1.27×1) (-1→28=1.26×2) |
| 295653 | 52 | 1.19 | 1 | 0.72~1.28 | (-19→-10=1.28×1) (10→5=0.72×1) (6→-29=1.27×1) (14→-9=1.27×1) (14→8=1.27×1) |
| 295663 | 58 | 1.07 | 1 | 0.72~1.28 | (-19→-10=1.28×1) (10→5=0.72×1) (6→-29=1.27×1) (14→-9=1.27×1) (14→8=1.27×1) |
| 295674 | 55 | 0.91 | 1 | 0.72~1.28 | (-19→-10=1.28×1) (10→5=0.72×1) (6→-29=1.27×1) (14→-9=1.27×1) (14→8=1.27×1) |
| 295684 | 54 | 0.83 | 1 | 0.72~1.27 | (-24→-14=0.72×1) (10→5=0.72×1) (14→-9=1.27×1) (14→8=1.27×1) (10→-13=0.75×2) |
| 295694 | 51 | 0.76 | 1 | 0.72~1.27 | (10→5=0.72×1) (14→-9=1.27×1) (14→8=1.27×1) (10→-13=0.75×2) (20→14=0.75×1) |
| 295705 | 53 | 0.87 | 1 | 0.72~1.27 | (10→5=0.72×1) (-11→7=0.73×1) (14→-9=1.27×1) (14→8=1.27×1) (10→-13=0.75×2) |
| 295715 | 54 | 0.85 | 1 | 0.72~1.30 | (-12→-19=1.30×1) (10→5=0.72×1) (-11→7=0.73×1) (14→-9=1.27×1) (14→8=1.27×1) |
| 295725 | 51 | 0.90 | 1 | 0.72~1.30 | (-12→-19=1.30×1) (10→5=0.72×1) (-11→7=0.73×1) (14→-9=1.27×1) (14→8=1.27×1) |
| 295736 | 53 | 0.92 | 1 | 0.72~1.30 | (-12→-19=1.30×1) (10→5=0.72×1) (-11→7=0.73×1) (14→-9=1.27×1) (14→8=1.27×1) |
| 295746 | 54 | 1.02 | 1 | 0.72~1.30 | (-12→-19=1.30×1) (-16→16=0.72×1) (10→5=0.72×1) (-15→-22=1.27×1) (-11→7=0.73×1) |
| 295756 | 54 | 1.02 | 1 | 0.72~1.30 | (-12→-19=1.30×1) (-16→16=0.72×1) (10→5=0.72×1) (-15→-22=1.27×1) (14→-9=1.27×1) |
| 295767 | 52 | 1.06 | 1 | 0.72~1.30 | (-12→-19=1.30×1) (-16→16=0.72×1) (10→5=0.72×1) (-15→-22=1.27×1) (14→-9=1.27×1) |
| 295777 | 56 | 1.29 | 1 | 0.72~1.30 | (-12→-19=1.30×1) (-7→-26=1.29×1) (16→20=1.28×1) (-16→16=0.72×1) (10→5=0.72×1) |
| 295787 | 51 | 1.20 | 1 | 0.75~1.30 | (-12→-19=1.30×1) (-7→-26=1.29×1) (16→20=1.28×1) (-15→-22=1.27×1) (14→-9=1.27×1) |
| 295798 | 54 | 1.44 | 2 | 0.74~1.39 | (-12→-19=1.30×1) (-7→-26=1.29×1) (-15→-22=1.27×1) (16→20=1.27×2) (14→-9=1.27×1) |
| 295808 | 51 | 1.33 | 2 | 0.74~1.39 | (-12→-19=1.30×1) (15→1=1.29×2) (-7→-26=1.29×1) (-15→-22=1.27×1) (14→-9=1.27×1) |
| 295818 | 53 | 1.26 | 2 | 0.73~1.39 | (15→1=1.29×2) (17→29=1.29×1) (-7→-26=1.29×1) (-15→-22=1.27×1) (14→-9=1.27×1) |
| 295829 | 50 | 1.10 | 2 | 0.71~1.39 | (15→1=1.29×2) (17→29=1.29×1) (-14→-1=0.71×1) (-15→-22=1.27×1) (14→-9=1.27×1) |
| 295839 | 53 | 1.06 | 2 | 0.71~1.29 | (17→29=1.29×1) (-14→-1=0.71×1) (14→-9=1.27×1) (-17→-15=0.73×1) (20→23=0.74×1) |
| 295849 | 51 | 0.90 | 1 | 0.71~1.29 | (17→29=1.29×1) (-14→-1=0.71×1) (-3→2=0.72×1) (14→-9=1.27×1) (-17→-15=0.73×1) |
| 295860 | 55 | 1.11 | 1 | 0.71~1.29 | (17→29=1.29×1) (-14→-1=0.71×1) (-3→2=0.72×1) (-20→-27=0.73×1) (10→29=1.27×1) |
| 295870 | 55 | 0.93 | 1 | 0.71~1.29 | (17→29=1.29×1) (-14→-1=0.71×1) (-3→2=0.72×1) (-16→-15=1.27×1) (-17→-15=0.73×1) |
| 295880 | 60 | 1.07 | 2 | 0.71~1.29 | (17→29=1.29×1) (-14→-1=0.71×1) (18→-24=0.71×1) (-3→2=0.72×1) (-17→-15=0.73×1) |
| 295891 | 62 | 0.92 | 1 | 0.71~1.29 | (17→29=1.29×1) (-14→-1=0.71×1) (-14→-28=0.72×1) (-3→2=0.72×1) (-16→-15=1.27×1) |
| 295901 | 59 | 0.85 | 1 | 0.71~1.29 | (17→29=1.29×1) (-14→-1=0.71×1) (-14→-28=0.72×1) (-3→2=0.72×1) (-16→-15=1.27×1) |
| 295911 | 59 | 0.88 | 2 | 0.71~1.29 | (17→29=1.29×1) (-14→-1=0.71×1) (-14→-28=0.72×1) (-3→2=0.72×1) (-16→-15=1.27×1) |
| 295922 | 60 | 0.95 | 2 | 0.71~1.29 | (17→29=1.29×1) (-14→-1=0.71×1) (-14→-28=0.72×1) (-3→2=0.72×1) (-17→-15=0.73×1) |
| 295932 | 58 | 1.00 | 2 | 0.71~1.29 | (17→29=1.29×1) (-14→-1=0.71×1) (-14→-28=0.72×1) (-3→2=0.72×1) (-17→-15=0.73×1) |
| 295942 | 57 | 1.05 | 2 | 0.72~1.29 | (17→29=1.29×1) (-14→-28=0.72×1) (-3→2=0.72×1) (-17→-15=0.73×1) (-7→2=0.75×2) |
| 295953 | 61 | 1.15 | 2 | 0.71~1.29 | (4→-28=0.71×1) (17→29=1.29×1) (-14→-28=0.72×1) (-17→-15=0.73×1) (-4→31=1.27×1) |
| 295963 | 61 | 1.16 | 2 | 0.71~1.29 | (4→-28=0.71×1) (17→29=1.29×1) (21→-24=0.73×1) (-17→-15=0.73×1) (-4→31=1.27×1) |
| 295973 | 60 | 1.27 | 2 | 0.70~1.29 | (5→25=0.70×1) (4→-28=0.71×1) (17→29=1.29×1) (21→-24=0.73×1) (23→19=0.73×2) |
| 295984 | 59 | 1.42 | 2 | 0.70~1.29 | (5→25=0.70×1) (4→-28=0.71×1) (17→29=1.29×1) (21→-24=0.73×1) (23→19=0.73×2) |
| 295994 | 60 | 1.28 | 2 | 0.70~1.29 | (5→25=0.70×1) (4→-28=0.71×1) (17→29=1.29×1) (21→-24=0.73×1) (23→19=0.73×2) |
| 296004 | 54 | 1.41 | 2 | 0.70~1.30 | (-22→4=1.30×1) (5→25=0.70×1) (4→-28=0.71×1) (17→29=1.29×1) (21→-24=0.73×1) |
| 296015 | 53 | 1.36 | 2 | 0.70~1.30 | (2→-28=1.30×1) (-22→4=1.30×1) (5→25=0.70×1) (4→-28=0.71×1) (17→29=1.29×1) |
| 296025 | 51 | 1.35 | 2 | 0.70~1.30 | (2→-28=1.30×1) (-22→4=1.30×1) (5→25=0.70×1) (4→-28=0.71×1) (21→-24=0.73×1) |
| 296035 | 50 | 1.32 | 2 | 0.70~1.30 | (2→-28=1.30×1) (-22→4=1.30×1) (5→25=0.70×1) (4→-28=0.71×1) (14→24=0.72×2) |
| 296046 | 51 | 1.37 | 2 | 0.70~1.30 | (2→-28=1.30×1) (-22→4=1.30×1) (5→25=0.70×1) (4→-28=0.71×1) (14→24=0.72×2) |
| 296056 | 53 | 1.23 | 1 | 0.70~1.30 | (2→-28=1.30×1) (-22→4=1.30×1) (5→25=0.70×1) (4→-28=0.71×1) (14→24=0.72×2) |
| 296066 | 51 | 1.04 | 1 | 0.70~1.30 | (2→-28=1.30×1) (5→25=0.70×1) (4→-28=0.71×1) (14→24=0.72×2) (21→-24=0.73×1) |
| 296077 | 53 | 0.98 | 1 | 0.71~1.27 | (4→-28=0.71×1) (14→24=0.72×2) (21→-24=0.73×1) (-4→31=1.27×1) (-11→-23=0.75×1) |
| 296087 | 51 | 0.92 | 1 | 0.71~1.27 | (4→-28=0.71×1) (14→24=0.72×1) (-6→4=0.73×1) (21→-24=0.73×1) (-4→31=1.27×1) |
| 296097 | 53 | 1.08 | 1 | 0.71~1.27 | (4→-28=0.71×1) (14→24=0.72×1) (-6→4=0.73×1) (21→-24=0.73×1) (6→-12=0.73×1) |
| 296108 | 53 | 1.02 | 1 | 0.71~1.27 | (4→-28=0.71×1) (14→24=0.72×1) (-6→4=0.73×1) (6→-12=0.73×1) (-4→31=1.27×1) |
| 296118 | 51 | 1.06 | 1 | 0.71~1.27 | (4→-28=0.71×1) (14→24=0.72×1) (-6→4=0.73×1) (6→-12=0.73×1) (-4→31=1.27×1) |
| 296128 | 52 | 1.06 | 1 | 0.71~1.26 | (-13→-2=0.71×1) (14→24=0.72×1) (-6→4=0.73×1) (6→-12=0.73×1) (-8→12=1.26×1) |
| 296139 | 53 | 0.92 | 1 | 0.71~1.28 | (-13→-2=0.71×1) (-3→-11=0.71×2) (18→-17=1.28×1) (-6→4=0.73×1) (-8→12=1.26×1) |
| 296149 | 54 | 1.06 | 1 | 0.71~1.28 | (-13→-2=0.71×1) (-3→-11=0.71×2) (18→-17=1.28×1) (-6→4=0.73×1) (-19→13=0.74×2) |
| 296159 | 54 | 1.09 | 1 | 0.71~1.28 | (-3→-11=0.71×2) (18→-17=1.28×1) (-6→4=0.73×1) (-19→13=0.73×1) (-8→12=1.26×1) |
| 296170 | 60 | 1.20 | 1 | 0.71~1.47 | (-17→11=1.32×3) (-3→-11=0.71×2) (18→-17=1.28×1) (23→-1=1.28×1) (-6→4=0.73×1) |
| 296180 | 61 | 1.46 | 2 | 0.71~1.47 | (-17→11=1.30×4) (21→-2=0.71×1) (-3→-11=0.71×2) (18→-17=1.28×1) (-6→4=0.73×1) |
| 296190 | 65 | 1.43 | 2 | 0.71~1.47 | (-17→11=1.30×4) (20→1=1.29×1) (21→-2=0.71×1) (-3→-11=0.71×2) (18→-17=1.28×1) |
| 296201 | 59 | 1.19 | 1 | 0.72~1.47 | (-17→11=1.32×3) (20→1=1.29×2) (23→-1=1.28×1) (-19→13=0.73×1) (23→-9=0.73×1) |
| 296211 | 58 | 1.10 | 2 | 0.71~1.29 | (20→1=1.29×2) (-19→-15=0.71×1) (23→-1=1.28×1) (-8→-5=1.27×1) (23→-9=0.73×1) |
| 296221 | 56 | 1.12 | 2 | 0.67~1.29 | (23→-9=0.70×2) (20→1=1.29×2) (-19→-15=0.71×1) (23→-1=1.28×1) (-8→-5=1.27×1) |
| 296232 | 52 | 1.13 | 2 | 0.67~1.29 | (23→-9=0.70×2) (20→1=1.29×2) (-19→-15=0.71×1) (-8→-5=1.27×1) (-6→-18=1.26×1) |
| 296242 | 50 | 0.78 | 1 | 0.67~1.29 | (23→-9=0.67×1) (22→-17=1.29×1) (20→1=1.28×1) (-6→-18=1.26×1) (-8→12=1.26×1) |
| 296252 | 50 | 0.74 | 1 | 0.67~1.29 | (23→-9=0.67×1) (22→-17=1.29×1) (20→1=1.28×1) (2→-4=0.75×1) (15→24=0.75×1) |
| 296263 | 50 | 0.50 | 1 | 0.67~1.29 | (23→-9=0.67×1) (22→-17=1.29×1) (2→-4=0.75×1) (15→24=0.75×1) (-4→28=0.77×1) |
| 296273 | 52 | 0.65 | 1 | 0.67~1.29 | (23→-9=0.67×1) (22→-17=1.29×1) (-18→-16=1.28×1) (2→-4=0.75×1) (15→24=0.75×1) |
| 296283 | 56 | 0.71 | 1 | 0.67~1.29 | (23→-9=0.67×1) (22→-17=1.29×1) (-18→-16=1.28×1) (2→-4=0.75×1) (15→24=0.75×1) |
| 296294 | 58 | 0.62 | 1 | 0.67~1.29 | (23→-9=0.67×1) (22→-17=1.29×1) (-18→-16=1.28×1) (2→-4=0.75×1) (15→24=0.75×1) |
| 296304 | 55 | 0.67 | 1 | 0.75~1.28 | (-1→-9=1.28×1) (-18→-16=1.28×1) (-1→22=1.27×1) (2→-4=0.75×1) (14→7=0.76×1) |
| 296314 | 57 | 0.75 | 1 | 0.72~1.30 | (1→5=1.30×1) (-24→5=1.29×2) (-23→-26=0.72×1) (-1→-9=1.28×1) (-1→22=1.27×1) |
| 296325 | 56 | 0.64 | 1 | 0.72~1.30 | (1→5=1.30×1) (-24→5=1.29×1) (-23→-26=0.72×1) (-1→-9=1.28×1) (2→-4=0.75×1) |
| 296335 | 57 | 0.67 | 1 | 0.71~1.29 | (18→-24=0.71×1) (-24→5=1.29×1) (-7→-22=1.29×1) (-23→-26=0.72×1) (-1→-9=1.28×1) |
| 296345 | 56 | 0.66 | 1 | 0.72~1.30 | (9→-13=1.30×1) (22→-19=1.29×1) (-24→5=1.29×1) (-7→-22=1.29×1) (-23→-26=0.72×1) |
| 296356 | 52 | 0.67 | 1 | 0.72~1.30 | (9→-13=1.30×1) (22→-19=1.29×1) (-24→5=1.29×1) (-23→-26=0.72×1) (-1→-9=1.28×1) |
| 296366 | 50 | 0.60 | 1 | 0.72~1.30 | (9→-13=1.30×1) (22→-19=1.29×1) (-23→-26=0.72×1) (-1→-9=1.28×1) (-18→30=1.26×1) |
| 296376 | 51 | 0.61 | 1 | 0.72~1.30 | (9→-13=1.30×1) (22→-19=1.29×1) (-23→-26=0.72×1) (-1→-9=1.28×1) (-18→30=1.26×1) |
| 296387 | 51 | 0.59 | 1 | 0.72~1.30 | (9→-13=1.30×1) (22→-19=1.29×1) (-23→-26=0.72×1) (-18→30=1.26×1) (12→23=1.26×1) |
| 296397 | 52 | 0.48 | 1 | 0.71~1.30 | (9→-13=1.30×1) (22→-19=1.29×1) (-23→-26=0.72×1) (2→-4=0.73×2) (-7→-14=1.27×1) |
| 296407 | 50 | 0.60 | 1 | 0.71~1.30 | (9→-13=1.30×1) (22→-19=1.29×1) (-23→-26=0.72×1) (2→-4=0.73×2) (21→-31=0.73×1) |
| 296418 | 52 | 0.71 | 2 | 0.71~1.30 | (9→-13=1.30×1) (22→-19=1.29×1) (-1→-20=1.29×1) (-23→-26=0.72×1) (2→-4=0.73×2) |
| 296428 | 51 | 0.75 | 2 | 0.71~1.30 | (9→-13=1.30×1) (22→-19=1.29×1) (-1→-20=1.29×1) (-23→-26=0.72×1) (2→-4=0.73×2) |
| 296438 | 51 | 0.96 | 2 | 0.71~1.30 | (9→-13=1.30×1) (22→-19=1.29×1) (-1→-20=1.29×1) (-23→-26=0.72×1) (2→-4=0.73×2) |
| 296449 | 58 | 1.03 | 2 | 0.71~1.30 | (9→-13=1.30×1) (22→-19=1.29×1) (-1→-20=1.29×1) (2→-4=0.73×2) (21→-31=0.73×1) |
| 296459 | 56 | 0.96 | 2 | 0.71~1.30 | (9→-13=1.30×1) (22→-19=1.29×1) (-14→-28=0.73×1) (2→-4=0.73×2) (21→-31=0.73×1) |
| 296469 | 56 | 1.12 | 1 | 0.71~1.30 | (9→-13=1.30×1) (22→-19=1.29×1) (21→17=1.28×1) (-14→-28=0.73×1) (2→-4=0.73×2) |
| 296480 | 50 | 0.86 | 1 | 0.71~1.30 | (9→-13=1.30×1) (22→-19=1.29×1) (-14→-28=0.73×1) (2→-4=0.73×2) (21→-31=0.73×1) |
| 296490 | 52 | 0.98 | 1 | 0.71~1.30 | (9→-13=1.30×1) (22→-19=1.29×1) (-24→12=0.71×1) (-14→-28=0.73×1) (2→-4=0.73×2) |
| 296500 | 52 | 1.00 | 1 | 0.71~1.30 | (9→-13=1.30×1) (22→-19=1.29×1) (-24→12=0.71×1) (-14→-28=0.73×1) (2→-4=0.73×2) |
| 296511 | 53 | 0.79 | 1 | 0.71~1.30 | (9→-13=1.30×1) (22→-19=1.29×1) (-14→-28=0.73×1) (2→-4=0.73×2) (21→-31=0.73×1) |
| 296521 | 50 | 0.70 | 1 | 0.71~1.30 | (9→-13=1.30×1) (22→-19=1.29×1) (-14→-28=0.73×1) (2→-4=0.73×2) (21→-31=0.73×1) |
| 296531 | 52 | 0.71 | 1 | 0.71~1.24 | (-14→-28=0.73×1) (2→-4=0.73×2) (6→21=0.73×2) (-6→21=1.24×1) (20→16=1.24×1) |
| 296542 | 51 | 0.73 | 1 | 0.71~1.24 | (-14→-28=0.73×1) (2→-4=0.73×2) (23→-5=0.73×1) (6→21=0.73×2) (-6→21=1.24×1) |
| 296552 | 50 | 0.62 | 1 | 0.71~1.24 | (-14→-28=0.73×1) (2→-4=0.73×2) (23→-5=0.73×1) (6→21=0.73×2) (20→16=1.24×1) |
| 296562 | 52 | 0.79 | 1 | 0.71~1.26 | (-14→-28=0.73×1) (2→-4=0.73×2) (23→-5=0.73×1) (6→21=0.73×2) (10→-1=1.26×1) |
| 296573 | 50 | 0.70 | 1 | 0.71~1.26 | (-14→-28=0.73×1) (2→-4=0.73×2) (23→-5=0.73×1) (10→-1=1.26×1) (6→21=0.74×1) |
| 296583 | 53 | 0.72 | 1 | 0.71~1.23 | (-24→-3=0.71×1) (-14→-28=0.73×1) (2→-4=0.73×2) (23→-5=0.73×1) (6→21=0.74×1) |
| 296593 | 51 | 0.63 | 1 | 0.71~1.23 | (-24→-3=0.71×1) (-14→-28=0.73×1) (2→-4=0.73×2) (23→-5=0.73×1) (-6→-31=0.76×1) |
| 296604 | 51 | 0.59 | 1 | 0.71~1.23 | (-24→-3=0.71×1) (-14→-28=0.73×1) (2→-4=0.73×2) (23→-5=0.73×1) (-6→-31=0.76×1) |
| 296614 | 51 | 0.57 | 1 | 0.71~1.24 | (-24→-3=0.71×1) (-14→-28=0.73×1) (2→-4=0.73×2) (23→-5=0.73×1) (-24→9=0.75×1) |
| 296624 | 52 | 0.56 | 1 | 0.71~1.24 | (-24→-3=0.71×1) (2→-4=0.73×2) (23→-5=0.73×1) (-24→9=0.75×1) (-24→-8=1.24×1) |
| 296635 | 53 | 0.68 | 1 | 0.71~1.24 | (-24→-3=0.71×1) (2→-4=0.73×2) (23→-5=0.73×1) (11→6=0.75×1) (-24→9=0.75×1) |
| 296645 | 55 | 0.64 | 1 | 0.71~1.24 | (-24→-3=0.71×1) (2→-4=0.73×2) (23→-5=0.73×1) (11→6=0.75×1) (-24→-8=1.24×1) |
| 296655 | 55 | 0.67 | 1 | 0.71~1.27 | (-24→-3=0.71×1) (2→-4=0.73×2) (20→-20=1.27×1) (23→-27=0.74×1) (11→6=0.75×1) |
| 296666 | 55 | 0.65 | 1 | 0.71~1.27 | (-24→-3=0.71×1) (2→-4=0.73×2) (20→-20=1.27×1) (23→-27=0.74×1) (11→6=0.75×1) |
| 296676 | 52 | 0.71 | 1 | 0.71~1.29 | (7→-15=1.29×1) (-24→-3=0.71×1) (2→-4=0.73×2) (20→-20=1.27×1) (23→-27=0.74×1) |
| 296686 | 53 | 0.66 | 1 | 0.71~1.29 | (7→-15=1.29×1) (-24→-3=0.71×1) (11→12=0.74×1) (2→-4=0.74×3) (11→6=0.75×1) |
| 296697 | 53 | 0.62 | 1 | 0.71~1.29 | (7→-15=1.29×1) (-24→-3=0.71×1) (2→-4=0.74×3) (11→6=0.75×1) (19→4=1.23×1) |
| 296707 | 53 | 0.83 | 1 | 0.71~1.30 | (-23→11=1.30×1) (7→-15=1.29×1) (-24→-3=0.71×1) (2→-4=0.74×3) (23→-1=1.26×1) |
| 296717 | 55 | 0.89 | 1 | 0.71~1.29 | (-24→-3=0.71×1) (7→-15=1.28×2) (-24→-7=0.72×1) (2→-4=0.74×3) (23→-1=1.26×1) |
| 296728 | 52 | 0.75 | 1 | 0.71~1.29 | (-24→-3=0.71×1) (7→-15=1.28×2) (-24→-7=0.72×1) (2→-4=0.74×3) (11→6=0.75×1) |
| 296738 | 52 | 0.69 | 1 | 0.71~1.29 | (-24→-3=0.71×1) (8→-5=0.71×1) (7→-15=1.28×2) (-24→-7=0.72×1) (2→-4=0.74×3) |
| 296748 | 50 | 0.50 | 1 | 0.71~1.29 | (7→-15=1.29×1) (-24→-3=0.71×1) (8→-5=0.71×1) (2→-4=0.74×3) (11→6=0.75×1) |
| 296759 | 52 | 0.52 | 1 | 0.71~1.29 | (7→-15=1.29×1) (-24→-3=0.71×1) (8→-5=0.71×1) (2→-4=0.74×3) (-20→29=0.74×1) |
| 296769 | 56 | 0.66 | 1 | 0.71~1.29 | (7→-15=1.29×1) (-24→-3=0.71×1) (8→-5=0.71×1) (6→-11=1.28×1) (-16→25=1.27×1) |
| 296779 | 55 | 0.64 | 1 | 0.71~1.29 | (7→-15=1.29×1) (10→-3=1.29×1) (6→-11=1.28×1) (-16→25=1.27×1) (4→-6=1.27×1) |
| 296790 | 54 | 0.76 | 1 | 0.71~1.29 | (7→-15=1.29×1) (10→-3=1.29×1) (14→-25=0.72×1) (4→-6=1.27×1) (2→-4=0.74×3) |
| 296800 | 53 | 0.79 | 2 | 0.71~1.29 | (10→-3=1.29×1) (-23→15=0.71×1) (14→-25=0.72×2) (2→-4=0.73×2) (4→-6=1.27×1) |
| 296810 | 57 | 0.82 | 2 | 0.71~1.29 | (10→-3=1.29×1) (-23→15=0.71×1) (14→-25=0.72×2) (2→-4=0.73×2) (4→-6=1.27×1) |
| 296821 | 54 | 0.89 | 2 | 0.71~1.29 | (10→-3=1.29×1) (-23→15=0.71×1) (14→-25=0.72×2) (2→-4=0.73×2) (4→-6=1.27×1) |
| 296831 | 54 | 1.24 | 2 | 0.71~1.29 | (10→-3=1.29×1) (-23→15=0.71×1) (14→-25=0.72×2) (2→-4=0.73×2) (4→-6=1.27×1) |
| 296841 | 55 | 1.31 | 2 | 0.71~1.29 | (19→-12=1.29×1) (10→-3=1.29×1) (-23→15=0.71×1) (14→-25=0.72×1) (-16→-27=1.27×1) |
| 296852 | 57 | 1.16 | 1 | 0.71~1.29 | (19→-12=1.29×1) (10→-3=1.29×1) (-23→15=0.71×1) (14→-25=0.72×1) (-16→-27=1.27×1) |
| 296862 | 58 | 1.17 | 1 | 0.71~1.30 | (21→31=1.30×1) (19→-12=1.29×1) (10→-3=1.29×1) (-23→15=0.71×1) (14→-25=0.72×1) |
| 296872 | 57 | 1.18 | 1 | 0.71~1.30 | (21→31=1.30×1) (3→26=1.30×1) (19→-12=1.29×1) (10→-3=1.29×1) (-23→15=0.71×1) |
| 296883 | 51 | 1.02 | 1 | 0.71~1.30 | (21→31=1.30×1) (3→26=1.30×1) (10→-3=1.29×1) (-23→15=0.71×1) (14→-25=0.72×1) |
| 296893 | 52 | 1.23 | 1 | 0.71~1.40 | (11→-15=1.33×3) (21→31=1.30×1) (3→26=1.30×1) (10→-3=1.29×1) (-7→-24=0.72×1) |
| 296903 | 50 | 1.14 | 1 | 0.71~1.40 | (11→-15=1.31×2) (21→31=1.30×1) (3→26=1.30×1) (10→-3=1.29×1) (-7→-24=0.72×1) |
| 296914 | 54 | 1.33 | 1 | 0.71~1.40 | (11→-15=1.39×2) (21→31=1.30×1) (3→26=1.30×1) (10→-3=1.29×1) (8→14=0.72×2) |
| 296924 | 52 | 1.17 | 2 | 0.71~1.40 | (11→-15=1.40×1) (21→31=1.30×1) (10→-3=1.29×1) (-7→-24=0.72×1) (8→14=0.72×1) |
| 296934 | 56 | 1.48 | 2 | 0.71~1.40 | (11→-15=1.40×1) (21→31=1.30×1) (10→-3=1.29×1) (-7→-24=0.72×1) (8→14=0.72×1) |
| 296945 | 55 | 1.49 | 2 | 0.71~1.40 | (11→-15=1.40×1) (21→31=1.30×1) (10→-3=1.29×1) (-7→-24=0.72×1) (2→-4=0.73×2) |
| 296955 | 51 | 1.20 | 1 | 0.71~1.40 | (11→-15=1.40×1) (21→31=1.30×1) (2→-4=0.71×1) (10→-3=1.29×1) (4→-6=1.27×1) |
| 296965 | 51 | 1.20 | 1 | 0.71~1.30 | (21→31=1.30×1) (2→-4=0.71×1) (10→-3=1.29×1) (4→-6=1.27×1) (3→14=0.73×1) |
| 296976 | 51 | 1.12 | 1 | 0.71~1.30 | (21→31=1.30×1) (2→-4=0.71×1) (10→-3=1.29×1) (4→-6=1.27×1) (2→-25=0.74×1) |
| 296986 | 52 | 1.13 | 1 | 0.71~1.29 | (-11→11=0.71×1) (2→-4=0.71×1) (2→-28=1.29×1) (2→-25=0.74×1) (21→10=1.25×1) |
| 296996 | 50 | 0.94 | 1 | 0.71~1.29 | (-11→11=0.71×1) (2→-4=0.71×1) (2→-28=1.29×1) (2→-25=0.74×1) (21→10=1.25×1) |
| 297007 | 52 | 0.85 | 1 | 0.70~1.29 | (-23→15=0.70×1) (-11→11=0.71×1) (2→-4=0.71×1) (2→-28=1.29×1) (2→-25=0.74×1) |
| 297017 | 53 | 0.77 | 1 | 0.70~1.29 | (-23→15=0.70×1) (-11→11=0.71×1) (2→-4=0.71×1) (2→-28=1.29×1) (2→-25=0.74×1) |
| 297027 | 50 | 0.60 | 1 | 0.70~1.22 | (-23→15=0.70×1) (-11→11=0.71×1) (2→-4=0.71×1) (2→-25=0.74×1) (5→-12=0.75×1) |
| 297038 | 51 | 0.57 | 1 | 0.70~1.22 | (-23→15=0.70×1) (-11→11=0.71×1) (2→-25=0.74×1) (5→-12=0.75×1) (-20→-7=0.75×1) |
| 297048 | 51 | 0.49 | 1 | 0.70~1.23 | (-23→15=0.70×1) (-11→11=0.71×1) (12→-2=0.71×1) (2→-25=0.74×1) (5→-12=0.75×1) |
| 297058 | 50 | 0.48 | 1 | 0.70~1.23 | (-23→15=0.70×1) (-11→11=0.71×1) (12→-2=0.72×2) (2→-25=0.74×1) (5→-12=0.75×1) |
| 297069 | 51 | 0.49 | 1 | 0.70~1.28 | (-23→15=0.70×1) (-11→11=0.71×1) (12→-2=0.71×1) (19→-25=1.28×1) (-2→17=0.74×1) |
| 297079 | 50 | 0.44 | 1 | 0.70~1.28 | (-23→15=0.70×1) (-11→11=0.71×1) (12→-2=0.71×1) (19→-25=1.28×1) (-2→17=0.74×1) |
| 297089 | 52 | 0.46 | 1 | 0.70~1.28 | (-23→15=0.70×1) (-11→11=0.71×1) (12→-2=0.71×1) (19→-25=1.28×1) (-2→17=0.74×1) |
| 297100 | 54 | 0.61 | 1 | 0.71~1.28 | (-11→11=0.71×1) (12→-2=0.71×1) (19→-25=1.28×1) (-23→8=1.26×1) (-2→17=0.74×1) |
| 297110 | 55 | 0.62 | 1 | 0.71~1.28 | (-11→11=0.71×1) (12→-2=0.71×1) (-4→-7=1.28×1) (8→-8=1.28×1) (19→-25=1.28×1) |
| 297120 | 57 | 0.67 | 1 | 0.71~1.28 | (12→-2=0.71×1) (23→23=1.28×1) (-4→-7=1.28×2) (19→-25=1.28×1) (8→-8=1.27×2) |
| 297131 | 58 | 0.81 | 1 | 0.72~1.28 | (23→23=1.28×1) (-1→20=0.72×1) (-4→-7=1.28×2) (19→-25=1.28×1) (8→-8=1.27×2) |
| 297141 | 59 | 0.86 | 1 | 0.72~1.29 | (-21→7=1.29×1) (23→23=1.28×1) (-1→20=0.72×1) (-4→-7=1.28×2) (19→-25=1.28×1) |
| 297151 | 57 | 0.82 | 1 | 0.72~1.29 | (-21→7=1.29×1) (23→23=1.28×1) (-1→20=0.72×1) (-4→-7=1.28×2) (19→-25=1.28×1) |
| 297162 | 58 | 0.71 | 1 | 0.72~1.30 | (-5→27=1.30×1) (-21→7=1.29×1) (-4→-7=1.28×1) (-1→20=0.72×1) (8→-8=1.28×1) |
| 297172 | 56 | 0.59 | 1 | 0.72~1.30 | (-5→27=1.30×1) (-21→7=1.29×1) (-4→-7=1.28×1) (-1→20=0.72×1) (8→-8=1.28×1) |
| 297182 | 55 | 0.53 | 1 | 0.72~1.30 | (-5→27=1.30×1) (-21→7=1.29×1) (-4→-7=1.28×1) (-1→20=0.72×1) (8→-8=1.28×1) |
| 297193 | 50 | 0.56 | 1 | 0.72~1.29 | (-21→7=1.29×1) (-4→-7=1.28×1) (-1→20=0.72×1) (8→-8=1.28×1) (19→-25=1.28×1) |
| 297203 | 51 | 0.49 | 1 | 0.72~1.29 | (-21→7=1.29×1) (-4→-7=1.28×1) (-1→20=0.72×1) (8→-8=1.28×1) (19→-25=1.28×1) |
| 297213 | 52 | 0.46 | 1 | 0.72~1.28 | (-4→-7=1.28×1) (-1→20=0.72×1) (8→-8=1.28×1) (10→25=1.28×1) (21→26=1.25×1) |
| 297224 | 53 | 0.68 | 1 | 0.72~1.28 | (-1→20=0.72×1) (10→25=1.28×1) (6→9=0.74×2) (-17→1=1.25×1) (21→26=1.25×1) |
| 297234 | 54 | 0.80 | 1 | 0.73~1.28 | (-5→-9=1.28×1) (10→25=1.28×1) (-6→-8=1.28×1) (6→9=0.74×2) (-17→1=1.25×1) |
| 297244 | 56 | 0.93 | 1 | 0.73~1.28 | (-5→-9=1.28×1) (10→25=1.28×1) (-6→-8=1.28×1) (23→-22=0.73×1) (6→9=0.74×2) |
| 297255 | 56 | 0.96 | 1 | 0.73~1.28 | (-5→-9=1.28×1) (10→25=1.28×1) (-6→-8=1.28×1) (23→-22=0.73×1) (6→9=0.74×2) |
| 297265 | 53 | 0.91 | 1 | 0.73~1.28 | (10→25=1.28×1) (23→-22=0.73×1) (6→9=0.73×1) (-20→-3=1.26×1) (11→-3=0.75×1) |
| 297275 | 52 | 0.87 | 1 | 0.73~1.28 | (10→25=1.28×1) (6→9=0.73×1) (-20→-3=1.26×1) (11→-3=0.75×1) (21→26=1.25×1) |
| 297286 | 51 | 0.98 | 2 | 0.73~1.28 | (10→25=1.28×1) (-15→-15=1.27×1) (-22→-7=0.73×1) (12→9=1.27×1) (6→9=0.73×1) |
| 297296 | 49 | 0.86 | 2 | 0.73~1.28 | (10→25=1.28×1) (-15→-15=1.27×1) (-22→-7=0.73×1) (12→9=1.27×1) (6→9=0.73×1) |
| 297306 | 54 | 0.63 | 1 | 0.73~1.28 | (10→25=1.28×1) (-15→-15=1.27×1) (-22→-7=0.73×1) (12→9=1.27×1) (-12→-20=1.26×1) |
| 297317 | 54 | 0.54 | 1 | 0.75~1.28 | (10→25=1.28×1) (-12→-20=1.26×1) (-20→-3=1.26×1) (11→-3=0.75×1) (21→26=1.25×1) |
| 297327 | 58 | 0.64 | 1 | 0.72~1.28 | (-5→7=0.72×1) (10→25=1.28×1) (-12→-20=1.26×1) (6→3=0.74×1) (-23→30=0.74×1) |
| 297337 | 58 | 0.66 | 1 | 0.72~1.26 | (-5→7=0.72×1) (-1→19=0.73×1) (-12→-20=1.26×1) (6→3=0.74×1) (-23→30=0.74×1) |
| 297348 | 57 | 0.74 | 1 | 0.71~1.26 | (17→-26=0.71×1) (-5→7=0.72×1) (-1→19=0.73×1) (-12→-20=1.26×1) (6→3=0.74×1) |
| 297358 | 61 | 0.90 | 1 | 0.71~1.29 | (10→6=1.29×1) (17→-26=0.71×1) (-5→7=0.72×1) (-1→19=0.73×1) (-12→-20=1.26×1) |
| 297368 | 57 | 0.81 | 1 | 0.72~1.29 | (10→6=1.29×1) (-5→7=0.72×1) (-1→19=0.73×1) (-12→-20=1.26×1) (6→3=0.74×1) |
| 297379 | 58 | 0.83 | 1 | 0.71~1.29 | (20→14=1.29×1) (-9→8=0.71×1) (-5→7=0.72×1) (-1→19=0.73×1) (-12→-20=1.26×1) |
| 297389 | 54 | 0.93 | 1 | 0.71~1.29 | (20→14=1.29×1) (-9→8=0.71×1) (-5→7=0.72×1) (-6→15=1.27×1) (-1→19=0.73×1) |
| 297399 | 50 | 0.86 | 1 | 0.71~1.29 | (20→14=1.29×1) (-9→8=0.71×1) (-5→7=0.72×1) (-6→15=1.27×1) (6→3=0.74×1) |
| 297410 | 55 | 0.87 | 1 | 0.71~1.29 | (20→14=1.29×1) (-9→8=0.71×1) (-5→7=0.72×1) (1→-15=1.28×1) (-6→15=1.27×1) |
| 297420 | 57 | 0.95 | 1 | 0.71~1.29 | (20→14=1.29×1) (2→-3=0.71×1) (-9→8=0.71×1) (-5→7=0.72×1) (1→-15=1.28×1) |
| 297430 | 57 | 1.14 | 1 | 0.67~1.39 | (-15→31=1.32×2) (-2→-16=0.70×1) (2→-3=0.71×1) (1→-15=1.28×1) (-6→15=1.27×1) |
| 297441 | 60 | 1.20 | 1 | 0.67~1.39 | (-15→31=1.32×2) (-2→-16=0.70×1) (2→-3=0.71×1) (1→-15=1.28×1) (-6→15=1.27×1) |
| 297451 | 61 | 1.18 | 1 | 0.67~1.39 | (-15→31=1.32×2) (-17→10=0.70×1) (-2→-16=0.70×1) (2→-3=0.71×1) (1→-15=1.28×1) |
| 297461 | 58 | 1.21 | 1 | 0.67~1.39 | (-15→31=1.32×2) (-18→-27=1.30×1) (-17→10=0.70×1) (-2→-16=0.70×1) (2→-3=0.71×1) |
| 297472 | 58 | 1.16 | 1 | 0.70~1.30 | (-18→-27=1.30×1) (-17→10=0.70×1) (-2→-16=0.70×1) (2→-3=0.71×1) (1→-15=1.28×1) |
| 297482 | 53 | 1.06 | 1 | 0.70~1.30 | (-18→-27=1.30×1) (-17→10=0.70×1) (1→-15=1.28×1) (-1→7=1.26×2) (-1→-14=1.26×1) |
| 297492 | 49 | 0.86 | 1 | 0.70~1.30 | (-18→-27=1.30×1) (-17→10=0.70×1) (-1→7=1.26×2) (-1→-14=1.26×1) (8→23=0.81×2) |
| 297503 | 52 | 0.63 | 1 | 0.73~1.26 | (7→-6=0.73×1) (-1→-14=1.26×1) (8→23=0.80×1) (-18→-31=1.18×1) (5→23=0.83×1) |
| 297513 | 50 | 0.52 | 1 | 0.73~1.26 | (7→-6=0.73×1) (-1→-14=1.26×1) (8→23=0.80×1) (-18→-31=1.18×1) (5→23=0.83×1) |
| 297523 | 51 | 0.59 | 1 | 0.73~1.29 | (20→10=1.29×2) (7→-6=0.73×1) (-1→-14=1.26×1) (-4→24=0.80×1) (8→23=0.80×1) |
| 297534 | 53 | 0.64 | 1 | 0.73~1.29 | (20→10=1.29×2) (7→-6=0.73×1) (-1→-14=1.26×1) (6→23=0.75×1) (23→10=0.79×1) |
| 297544 | 52 | 0.62 | 1 | 0.73~1.29 | (20→10=1.29×2) (7→-6=0.73×1) (-1→-14=1.26×1) (6→23=0.75×1) (23→10=0.79×1) |
| 297554 | 52 | 0.56 | 1 | 0.73~1.29 | (20→10=1.29×2) (7→-6=0.73×1) (6→23=0.75×1) (-1→-24=0.76×1) (23→10=0.79×1) |
| 297565 | 50 | 0.52 | 1 | 0.73~1.29 | (20→10=1.29×2) (7→-6=0.73×1) (6→23=0.75×1) (-1→-24=0.76×1) (23→10=0.79×1) |
| 297575 | 52 | 0.46 | 1 | 0.73~1.29 | (20→10=1.29×2) (7→-6=0.73×1) (6→23=0.75×1) (-1→-24=0.76×1) (23→10=0.79×1) |
| 297585 | 52 | 0.42 | 1 | 0.75~1.29 | (20→10=1.29×1) (4→5=1.26×1) (6→23=0.75×1) (-1→-24=0.76×1) (7→-23=1.23×1) |
| 297596 | 53 | 0.42 | 1 | 0.75~1.29 | (20→10=1.29×1) (4→5=1.26×1) (6→23=0.75×1) (-1→-24=0.76×1) (7→-23=1.23×1) |
| 297606 | 55 | 0.42 | 1 | 0.75~1.29 | (20→10=1.29×1) (4→5=1.26×1) (6→23=0.75×1) (-1→-24=0.76×1) (7→-23=1.23×1) |
| 297616 | 54 | 0.44 | 1 | 0.72~1.29 | (20→10=1.29×1) (22→-6=0.72×1) (4→5=1.26×1) (6→23=0.75×1) (-1→-24=0.76×1) |
| 297627 | 55 | 0.55 | 1 | 0.72~1.29 | (20→10=1.29×1) (22→-6=0.72×1) (11→1=1.28×1) (4→5=1.26×1) (6→23=0.75×1) |
| 297637 | 52 | 0.58 | 1 | 0.72~1.28 | (22→-6=0.72×1) (11→1=1.28×1) (4→5=1.26×1) (6→23=0.75×1) (-1→-24=0.76×1) |
| 297647 | 51 | 0.55 | 1 | 0.72~1.28 | (22→-6=0.72×1) (11→1=1.28×1) (4→5=1.26×1) (-1→-24=0.76×1) (7→-23=1.23×1) |
| 297658 | 53 | 0.58 | 1 | 0.72~1.28 | (22→-6=0.72×1) (11→1=1.28×1) (4→17=1.27×1) (4→5=1.26×1) (-1→-9=1.26×1) |
| 297668 | 54 | 0.67 | 1 | 0.72~1.29 | (-10→31=1.29×1) (22→-6=0.72×1) (11→1=1.28×1) (4→17=1.27×1) (4→5=1.26×1) |
| 297678 | 52 | 0.52 | 1 | 0.72~1.29 | (-10→31=1.29×1) (22→-6=0.72×1) (4→5=1.26×1) (-5→26=1.25×1) (7→-23=1.23×1) |
| 297689 | 54 | 0.76 | 1 | 0.72~1.29 | (-10→31=1.28×2) (22→-6=0.72×1) (4→5=1.26×1) (20→-21=1.26×1) (-5→26=1.25×1) |
| 297699 | 54 | 0.72 | 1 | 0.72~1.29 | (-10→31=1.28×2) (22→-6=0.72×1) (4→5=1.26×1) (20→-21=1.26×1) (-5→26=1.25×1) |
| 297709 | 56 | 0.89 | 1 | 0.72~1.29 | (-2→-22=1.29×1) (-10→31=1.28×2) (22→-6=0.72×1) (20→-21=1.26×1) (-5→26=1.25×1) |
| 297720 | 56 | 0.82 | 1 | 0.72~1.29 | (-2→-22=1.29×1) (-10→31=1.28×2) (22→-6=0.72×1) (20→-21=1.26×1) (-5→26=1.25×1) |
| 297730 | 55 | 0.89 | 1 | 0.70~1.29 | (-7→-30=0.70×1) (-2→-22=1.29×1) (22→-6=0.72×1) (-19→-8=0.75×1) (22→-18=1.24×1) |
| 297740 | 53 | 0.89 | 1 | 0.70~1.29 | (-7→-30=0.70×1) (-2→-22=1.29×1) (22→-6=0.72×1) (-9→22=0.72×1) (-19→-8=0.75×1) |
| 297751 | 56 | 0.91 | 1 | 0.70~1.29 | (-7→-30=0.70×1) (-2→-22=1.29×1) (22→-6=0.72×1) (-9→22=0.72×1) (-19→-8=0.75×1) |
| 297761 | 54 | 0.85 | 1 | 0.72~1.29 | (-2→-22=1.29×1) (-9→22=0.72×1) (22→-18=1.24×1) (-4→11=0.76×1) (18→-18=1.23×1) |
| 297771 | 52 | 0.77 | 1 | 0.72~1.29 | (-2→-22=1.29×1) (-9→22=0.72×1) (22→-18=1.24×1) (-4→11=0.76×1) (18→-18=1.23×1) |
| 297782 | 55 | 0.87 | 1 | 0.72~1.29 | (-2→-22=1.29×1) (-9→22=0.72×1) (-18→-14=1.27×1) (-3→26=1.27×1) (20→-25=0.73×1) |
| 297792 | 54 | 0.83 | 1 | 0.72~1.29 | (-2→-22=1.29×1) (-9→22=0.72×1) (-18→-14=1.27×1) (-3→26=1.27×1) (20→-25=0.73×1) |
| 297802 | 52 | 0.79 | 1 | 0.72~1.29 | (-2→-22=1.29×1) (-9→22=0.72×1) (-18→-14=1.27×1) (-3→26=1.27×1) (20→-25=0.73×1) |
| 297813 | 51 | 0.65 | 1 | 0.72~1.27 | (-9→22=0.72×1) (-18→-14=1.27×1) (-3→26=1.27×1) (20→-25=0.73×1) (22→17=1.27×1) |
| 297823 | 51 | 0.63 | 1 | 0.72~1.29 | (11→19=1.29×1) (-9→22=0.72×1) (-18→-14=1.27×1) (-3→26=1.27×1) (20→-25=0.73×1) |
| 297833 | 51 | 0.78 | 1 | 0.70~1.29 | (-9→20=0.70×1) (11→19=1.29×1) (-9→22=0.72×1) (-18→-14=1.27×1) (-3→26=1.27×1) |
| 297844 | 52 | 0.75 | 1 | 0.70~1.29 | (-9→20=0.70×1) (11→19=1.29×1) (-9→22=0.72×1) (-18→-14=1.27×1) (20→-25=0.73×1) |
| 297854 | 53 | 0.77 | 1 | 0.70~1.29 | (-9→20=0.70×1) (11→19=1.29×1) (-9→22=0.72×1) (-18→-14=1.27×1) (20→-25=0.73×1) |
| 297864 | 53 | 0.89 | 1 | 0.70~1.29 | (-9→20=0.70×1) (11→19=1.29×1) (-9→22=0.72×1) (-4→-17=1.28×1) (18→20=1.28×1) |
| 297875 | 53 | 0.83 | 1 | 0.70~1.29 | (-9→20=0.70×1) (-14→-25=0.71×1) (11→19=1.29×1) (-9→22=0.72×1) (-4→-17=1.28×1) |
| 297885 | 54 | 0.89 | 1 | 0.70~1.30 | (-9→20=0.70×1) (7→-16=1.30×1) (-14→-25=0.71×1) (11→19=1.29×1) (-9→22=0.72×1) |
| 297895 | 53 | 0.85 | 1 | 0.70~1.30 | (-9→20=0.70×1) (7→-16=1.30×1) (-14→-25=0.71×1) (11→19=1.29×1) (-4→-17=1.28×1) |
| 297906 | 55 | 0.91 | 2 | 0.70~1.30 | (-9→20=0.70×1) (7→-16=1.30×1) (-14→-25=0.71×1) (11→19=1.29×1) (-4→-17=1.28×1) |
| 297916 | 53 | 0.91 | 2 | 0.70~1.30 | (-9→20=0.70×1) (7→-16=1.30×1) (-14→-25=0.71×1) (11→19=1.29×1) (-4→-17=1.28×1) |
| 297926 | 52 | 0.94 | 2 | 0.70~1.30 | (-9→20=0.70×1) (7→-16=1.30×1) (-14→-25=0.71×1) (11→19=1.29×1) (-4→-17=1.28×1) |
| 297937 | 50 | 0.78 | 1 | 0.71~1.30 | (7→-16=1.30×1) (-14→-25=0.71×1) (11→19=1.29×1) (18→20=1.28×1) (-4→-17=1.27×2) |
| 297947 | 53 | 0.83 | 1 | 0.71~1.30 | (7→-16=1.30×1) (-14→-25=0.71×1) (11→19=1.29×1) (18→20=1.28×1) (-18→9=1.28×1) |
| 297957 | 54 | 0.89 | 2 | 0.71~1.30 | (7→-16=1.30×1) (-14→-25=0.71×1) (11→19=1.29×1) (-18→9=1.28×1) (-4→-17=1.27×2) |
| 297968 | 51 | 0.96 | 2 | 0.71~1.30 | (7→-16=1.30×1) (-14→-25=0.71×1) (11→19=1.29×1) (-18→9=1.28×1) (-4→-17=1.27×2) |
| 297978 | 53 | 1.19 | 1 | 0.71~1.30 | (7→-16=1.30×1) (-14→-25=0.71×1) (-6→14=1.29×1) (-18→9=1.28×1) (-4→-17=1.27×2) |
| 297988 | 50 | 1.08 | 1 | 0.71~1.29 | (-14→-25=0.71×1) (-6→14=1.29×1) (-18→9=1.28×1) (-4→-17=1.27×2) (13→9=1.27×3) |
| 297999 | 50 | 1.12 | 1 | 0.71~1.29 | (-14→-25=0.71×1) (-6→14=1.29×1) (-4→-17=1.28×1) (-18→9=1.28×1) (17→-24=1.27×1) |
| 298009 | 51 | 0.94 | 1 | 0.71~1.29 | (-14→-25=0.71×1) (-6→14=1.29×1) (-4→-17=1.28×1) (-17→20=1.28×1) (-18→9=1.28×1) |
| 298019 | 52 | 0.79 | 1 | 0.71~1.29 | (-14→-25=0.71×1) (-6→14=1.29×1) (-4→-17=1.28×1) (-17→20=1.28×1) (-18→9=1.28×1) |
| 298030 | 54 | 0.93 | 1 | 0.71~1.29 | (-14→-25=0.71×1) (-6→14=1.29×1) (-4→-17=1.28×1) (-17→20=1.28×1) (-18→9=1.28×1) |
| 298040 | 54 | 0.83 | 1 | 0.71~1.29 | (-14→-25=0.71×1) (-21→14=0.71×1) (-6→14=1.29×1) (-4→-17=1.28×1) (-17→20=1.28×1) |
| 298050 | 55 | 0.80 | 1 | 0.71~1.29 | (-14→-25=0.71×1) (6→-18=0.71×1) (-21→14=0.71×1) (-6→14=1.29×1) (-4→-17=1.28×1) |
| 298061 | 55 | 0.84 | 1 | 0.71~1.46 | (21→14=1.38×3) (-14→-25=0.71×1) (2→-15=1.29×1) (-4→-17=1.28×1) (-17→20=1.28×1) |
| 298071 | 52 | 0.67 | 1 | 0.71~1.44 | (21→14=1.35×2) (-14→-25=0.71×1) (-4→-17=1.28×1) (-17→20=1.28×1) (5→2=0.73×2) |
| 298081 | 55 | 0.71 | 1 | 0.71~1.44 | (21→14=1.35×2) (-14→-25=0.71×1) (23→6=0.71×1) (-4→-17=1.28×1) (-17→20=1.28×1) |
| 298092 | 54 | 0.74 | 1 | 0.71~1.44 | (21→14=1.35×2) (23→6=0.71×1) (-4→-17=1.28×1) (-17→20=1.28×1) (5→2=0.73×2) |
| 298102 | 50 | 0.62 | 1 | 0.71~1.44 | (21→14=1.44×1) (23→6=0.71×1) (-4→-17=1.28×1) (-17→20=1.28×1) (17→-24=1.27×1) |
| 298112 | 50 | 0.66 | 1 | 0.71~1.28 | (23→6=0.71×1) (-4→-17=1.28×1) (-17→20=1.28×1) (17→-24=1.27×1) (7→-14=1.27×1) |
| 298123 | 50 | 0.62 | 1 | 0.71~1.28 | (23→6=0.71×1) (-4→-17=1.28×1) (-17→20=1.28×1) (17→-24=1.27×1) (7→-14=1.27×1) |
| 298133 | 51 | 0.63 | 1 | 0.71~1.28 | (23→6=0.71×1) (-4→-17=1.28×1) (-17→20=1.28×1) (17→-24=1.27×1) (7→-14=1.27×1) |
| 298143 | 51 | 0.69 | 1 | 0.71~1.28 | (23→6=0.71×1) (-4→-17=1.28×1) (-17→20=1.28×1) (17→-24=1.27×1) (7→-14=1.27×1) |
| 298154 | 51 | 0.75 | 1 | 0.71~1.28 | (23→6=0.71×1) (-4→-17=1.28×1) (-17→20=1.28×1) (17→-24=1.27×1) (7→-14=1.27×1) |
| 298164 | 50 | 0.78 | 1 | 0.71~1.28 | (23→6=0.71×1) (-4→-17=1.28×1) (17→-24=1.27×1) (7→-14=1.27×1) (17→10=0.74×1) |
| 298174 | 50 | 0.76 | 1 | 0.71~1.28 | (23→6=0.71×1) (-4→-17=1.28×1) (17→-24=1.27×1) (7→-14=1.27×1) (17→10=0.74×1) |
| 298185 | 54 | 0.96 | 1 | 0.71~1.30 | (23→6=0.71×1) (-24→7=1.28×3) (-10→-5=0.72×2) (-4→-17=1.28×1) (17→-24=1.27×1) |
| 298195 | 52 | 0.94 | 1 | 0.71~1.27 | (-19→-9=0.71×1) (-10→-5=0.72×1) (-24→7=1.27×1) (7→-14=1.27×1) (-5→-25=1.27×1) |
| 298205 | 50 | 0.84 | 1 | 0.71~1.27 | (-19→-9=0.71×1) (-10→-5=0.72×1) (-24→7=1.27×1) (-5→-25=1.27×1) (-8→-26=1.24×1) |
| 298216 | 52 | 0.88 | 1 | 0.71~1.27 | (-19→-9=0.71×1) (-20→12=0.71×1) (-10→-5=0.72×1) (-24→7=1.27×1) (-5→-25=1.27×1) |
| 298226 | 51 | 0.80 | 1 | 0.71~1.27 | (-19→-9=0.71×1) (-20→12=0.71×1) (-5→-25=1.27×1) (6→29=1.24×1) (-16→-29=1.24×1) |
| 298236 | 49 | 0.80 | 1 | 0.71~1.27 | (-19→-9=0.71×1) (-20→12=0.71×1) (-5→-25=1.27×1) (1→31=1.26×1) (6→29=1.24×1) |
| 298247 | 56 | 0.84 | 1 | 0.71~1.29 | (22→14=0.71×1) (-19→-9=0.71×1) (-2→14=1.28×2) (-5→-25=1.27×1) (1→31=1.26×1) |
| 298257 | 57 | 0.96 | 1 | 0.71~1.29 | (-19→-9=0.71×1) (22→14=0.71×2) (-2→14=1.29×1) (-5→-25=1.27×1) (9→-16=1.26×2) |
| 298267 | 57 | 1.18 | 1 | 0.71~1.29 | (-19→-9=0.71×1) (22→14=0.71×2) (-18→-1=1.29×1) (-2→14=1.29×1) (24→-9=1.27×1) |
| 298278 | 56 | 1.20 | 1 | 0.71~1.29 | (-19→-9=0.71×1) (22→14=0.71×2) (-18→-1=1.29×1) (-2→14=1.29×1) (24→-9=1.27×1) |
| 298288 | 53 | 1.00 | 1 | 0.70~1.29 | (7→14=0.70×1) (22→14=0.71×2) (-18→-1=1.29×1) (-2→14=1.29×1) (24→-9=1.27×1) |
| 298298 | 55 | 0.98 | 1 | 0.70~1.29 | (7→14=0.70×1) (22→14=0.71×2) (-2→14=1.29×1) (8→7=0.73×1) (9→-16=1.26×2) |
| 298309 | 55 | 0.96 | 1 | 0.70~1.29 | (7→14=0.70×1) (22→14=0.71×2) (-2→14=1.29×1) (8→7=0.73×1) (9→-16=1.26×2) |
| 298319 | 54 | 0.94 | 1 | 0.70~1.29 | (7→14=0.70×1) (12→5=0.71×1) (22→14=0.71×2) (-2→14=1.29×1) (-24→29=0.73×1) |
| 298329 | 55 | 1.04 | 1 | 0.70~1.29 | (7→14=0.70×1) (12→5=0.71×1) (22→14=0.71×2) (-2→14=1.29×1) (6→-6=1.28×2) |
| 298340 | 55 | 0.93 | 1 | 0.70~1.29 | (7→14=0.70×1) (12→5=0.71×1) (22→14=0.71×2) (-2→14=1.29×1) (6→-6=1.28×2) |
| 298350 | 55 | 1.05 | 1 | 0.70~1.29 | (7→14=0.70×1) (12→5=0.71×1) (22→14=0.71×2) (-2→14=1.29×1) (6→-6=1.28×2) |
| 298360 | 51 | 1.04 | 1 | 0.70~1.28 | (-23→-21=0.70×1) (-23→-5=0.71×1) (22→14=0.71×2) (6→-6=1.28×1) (3→-8=1.27×1) |
| 298371 | 51 | 0.86 | 1 | 0.70~1.28 | (-23→-21=0.70×1) (-23→-5=0.71×1) (22→14=0.71×2) (6→-6=1.28×1) (3→-8=1.27×1) |
| 298381 | 50 | 0.86 | 1 | 0.70~1.28 | (-23→-21=0.70×1) (-23→-5=0.71×1) (22→14=0.71×2) (6→-6=1.28×1) (3→-8=1.27×1) |
| 298391 | 52 | 0.88 | 1 | 0.70~1.28 | (-23→-21=0.70×1) (-23→-5=0.71×1) (22→14=0.71×2) (6→-6=1.28×1) (3→-8=1.27×1) |
| 298402 | 51 | 0.63 | 1 | 0.71~1.26 | (-23→-5=0.71×1) (22→14=0.71×2) (-15→-14=1.26×1) (5→-20=1.26×1) (4→17=1.25×1) |
| 298412 | 49 | 0.65 | 1 | 0.71~1.26 | (-23→-5=0.71×1) (22→14=0.72×1) (-15→-14=1.26×1) (5→-20=1.26×1) (4→17=1.25×1) |
| 298422 | 50 | 0.58 | 1 | 0.70~1.26 | (11→31=0.70×1) (-23→-5=0.71×1) (-15→-14=1.26×1) (5→-20=1.26×1) (4→17=1.25×1) |
| 298433 | 54 | 0.65 | 1 | 0.70~1.28 | (11→31=0.70×1) (-23→-5=0.71×1) (11→-3=1.28×1) (-5→8=1.27×1) (-15→-14=1.26×1) |
| 298443 | 51 | 0.57 | 1 | 0.70~1.28 | (11→31=0.70×1) (-23→-5=0.71×1) (11→-3=1.28×1) (-5→8=1.27×1) (-15→-14=1.26×1) |
| 298453 | 51 | 0.55 | 1 | 0.70~1.28 | (11→31=0.70×1) (-23→-5=0.71×1) (11→-3=1.28×1) (-15→-14=1.26×1) (4→17=1.25×1) |
| 298464 | 54 | 0.57 | 1 | 0.71~1.29 | (-11→-13=1.29×1) (-23→-5=0.71×1) (11→-3=1.28×1) (20→4=1.27×1) (-15→-14=1.26×1) |
| 298474 | 53 | 0.58 | 1 | 0.71~1.29 | (-11→-13=1.29×1) (-23→-5=0.71×1) (-12→13=1.28×1) (20→4=1.27×1) (-15→-14=1.26×1) |
| 298484 | 52 | 0.67 | 1 | 0.71~1.29 | (-11→-13=1.29×1) (-23→-5=0.71×1) (-12→13=1.28×1) (20→4=1.27×1) (-15→-14=1.26×1) |
| 298495 | 55 | 0.93 | 2 | 0.71~1.29 | (-11→-13=1.29×1) (-23→-5=0.71×1) (-12→13=1.28×1) (-23→-16=0.73×2) (20→4=1.27×1) |
| 298505 | 50 | 0.94 | 2 | 0.71~1.29 | (-11→-13=1.29×1) (-23→-5=0.71×1) (-12→13=1.28×1) (-23→-16=0.73×2) (20→4=1.27×1) |
| 298515 | 52 | 1.29 | 2 | 0.71~1.29 | (-11→-13=1.29×1) (-23→-5=0.71×1) (-12→13=1.28×1) (-19→4=1.28×1) (20→4=1.27×1) |
| 298526 | 55 | 1.27 | 2 | 0.71~1.28 | (-23→-5=0.71×1) (-12→13=1.28×1) (-19→4=1.28×1) (20→4=1.27×1) (-23→-16=0.73×4) |
| 298536 | 51 | 1.10 | 2 | 0.72~1.28 | (-12→13=1.28×1) (2→3=1.28×1) (-19→4=1.28×1) (20→4=1.27×1) (-23→-16=0.73×3) |
| 298546 | 53 | 0.87 | 1 | 0.75~1.28 | (-12→13=1.28×1) (2→3=1.28×1) (20→4=1.27×1) (23→27=1.25×1) (-15→19=0.75×1) |
| 298557 | 53 | 0.83 | 1 | 0.75~1.28 | (-12→13=1.28×1) (2→3=1.28×1) (20→4=1.27×1) (23→27=1.25×1) (-15→19=0.75×1) |
| 298567 | 50 | 0.88 | 1 | 0.75~1.28 | (-12→13=1.28×1) (2→3=1.28×1) (20→4=1.27×1) (23→27=1.25×1) (-15→19=0.75×1) |
| 298577 | 51 | 0.88 | 1 | 0.75~1.28 | (-12→13=1.28×1) (2→3=1.28×1) (20→4=1.27×1) (9→-2=1.26×1) (23→27=1.25×1) |
| 298588 | 52 | 0.90 | 1 | 0.75~1.28 | (-12→13=1.28×1) (2→3=1.28×1) (20→4=1.27×1) (9→-2=1.26×1) (14→17=0.75×1) |
| 298598 | 50 | 0.80 | 1 | 0.75~1.28 | (2→3=1.28×1) (20→4=1.27×1) (9→-2=1.26×1) (14→17=0.75×1) (23→27=1.25×1) |
| 298608 | 51 | 0.82 | 1 | 0.75~1.28 | (2→3=1.28×1) (20→4=1.27×1) (9→-2=1.26×1) (14→17=0.75×1) (23→27=1.25×1) |
| 298619 | 50 | 0.78 | 1 | 0.75~1.28 | (2→3=1.28×1) (20→4=1.27×1) (9→-2=1.26×1) (-6→-6=1.25×1) (14→17=0.75×1) |
| 298629 | 50 | 0.78 | 1 | 0.75~1.28 | (2→3=1.28×1) (20→4=1.27×1) (9→-2=1.26×1) (-6→-6=1.25×1) (14→17=0.75×1) |
| 298639 | 51 | 0.73 | 1 | 0.74~1.28 | (2→3=1.28×1) (12→11=0.74×1) (9→-2=1.26×1) (-18→-21=1.25×1) (19→26=0.75×1) |
| 298650 | 50 | 0.66 | 1 | 0.74~1.28 | (2→3=1.28×1) (12→11=0.74×1) (9→-2=1.26×1) (19→26=0.75×1) (23→27=1.25×1) |
| 298660 | 53 | 0.79 | 1 | 0.73~1.28 | (-18→-17=1.28×1) (2→3=1.28×1) (12→1=0.73×1) (12→11=0.74×1) (9→-2=1.26×1) |
| 298670 | 51 | 0.73 | 1 | 0.74~1.28 | (-18→-17=1.28×1) (2→3=1.28×1) (12→11=0.74×1) (9→-2=1.26×1) (19→26=0.75×1) |
| 298681 | 51 | 0.69 | 1 | 0.74~1.29 | (15→22=1.29×1) (-18→-17=1.28×1) (2→3=1.28×1) (12→11=0.74×1) (9→-2=1.26×1) |
| 298691 | 57 | 0.89 | 1 | 0.71~1.30 | (-19→18=1.30×1) (15→22=1.29×1) (17→-1=0.71×1) (-18→-17=1.28×1) (2→3=1.28×1) |
| 298701 | 61 | 1.05 | 1 | 0.71~1.30 | (-19→18=1.30×1) (15→22=1.29×1) (17→-1=0.71×1) (-16→-1=0.72×1) (-18→-17=1.28×1) |
| 298712 | 67 | 1.33 | 2 | 0.71~1.46 | (-8→-7=1.36×2) (-19→18=1.30×1) (15→22=1.29×1) (17→-1=0.71×1) (-18→-17=1.28×1) |
| 298722 | 63 | 1.29 | 2 | 0.71~1.46 | (-8→-7=1.36×2) (-19→18=1.30×1) (15→22=1.29×1) (17→-1=0.71×1) (-18→-17=1.28×1) |
| 298732 | 61 | 1.23 | 2 | 0.71~1.46 | (-8→-7=1.36×2) (6→15=1.30×1) (15→22=1.29×1) (17→-1=0.71×1) (-18→-17=1.28×1) |
| 298743 | 59 | 1.05 | 1 | 0.71~1.30 | (6→15=1.30×1) (15→22=1.29×1) (17→-1=0.71×1) (-16→-1=0.72×1) (-18→-17=1.28×1) |
| 298753 | 57 | 1.07 | 1 | 0.71~1.30 | (6→15=1.30×1) (15→22=1.29×1) (17→-1=0.71×1) (-16→-1=0.72×1) (-18→-17=1.28×1) |
| 298763 | 59 | 1.07 | 1 | 0.71~1.30 | (6→15=1.30×1) (15→22=1.29×1) (17→-1=0.71×1) (-16→-1=0.72×1) (-18→-17=1.28×1) |
| 298774 | 57 | 1.19 | 1 | 0.71~1.30 | (6→15=1.30×1) (15→22=1.29×1) (17→-1=0.71×1) (-16→-1=0.72×1) (-18→-17=1.28×1) |
| 298784 | 55 | 0.98 | 1 | 0.74~1.29 | (15→22=1.29×1) (-18→-17=1.28×1) (13→-3=1.28×1) (2→3=1.27×3) (12→11=0.74×1) |
| 298794 | 50 | 0.90 | 1 | 0.74~1.29 | (15→22=1.29×1) (13→-3=1.28×1) (2→3=1.27×3) (12→11=0.74×1) (-10→24=0.76×2) |
| 298805 | 53 | 0.92 | 1 | 0.73~1.29 | (15→22=1.29×1) (13→-3=1.28×1) (21→10=0.73×1) (2→3=1.27×3) (-10→24=0.76×2) |
| 298815 | 50 | 0.76 | 1 | 0.73~1.28 | (13→-3=1.28×1) (21→10=0.73×1) (2→3=1.27×3) (-10→24=0.76×2) (12→12=0.76×1) |
| 298825 | 53 | 0.92 | 1 | 0.72~1.30 | (-20→-21=1.30×1) (2→-27=0.72×1) (13→-3=1.28×1) (-5→16=1.27×1) (2→3=1.27×3) |
| 298836 | 51 | 0.84 | 1 | 0.72~1.30 | (-20→-21=1.30×1) (2→-27=0.72×1) (-14→9=1.28×1) (-5→16=1.27×1) (2→3=1.27×3) |
| 298846 | 52 | 0.92 | 1 | 0.72~1.30 | (-20→-21=1.30×1) (2→-27=0.72×1) (-14→9=1.28×1) (-5→16=1.27×1) (2→3=1.27×3) |
| 298856 | 52 | 1.21 | 2 | 0.72~1.30 | (-20→-21=1.30×1) (-23→9=0.72×1) (2→-27=0.72×1) (-14→9=1.28×1) (5→-21=0.73×1) |
| 298867 | 50 | 1.16 | 2 | 0.72~1.30 | (-20→-21=1.30×1) (-23→9=0.72×1) (2→-27=0.72×1) (-14→9=1.28×1) (-5→16=1.27×1) |
| 298877 | 52 | 1.27 | 2 | 0.72~1.30 | (-20→-21=1.30×1) (-23→9=0.72×1) (2→-27=0.72×1) (-14→9=1.28×1) (-5→16=1.27×1) |
| 298887 | 51 | 1.37 | 2 | 0.72~1.30 | (-20→-21=1.30×1) (-23→9=0.72×1) (2→-27=0.72×1) (-14→9=1.28×1) (-5→16=1.27×1) |
| 298898 | 51 | 1.45 | 2 | 0.72~1.30 | (13→-23=1.30×1) (-20→-21=1.30×1) (-23→9=0.72×1) (2→-27=0.72×1) (-14→9=1.28×1) |
| 298908 | 51 | 1.39 | 2 | 0.72~1.30 | (13→-23=1.30×1) (-20→-21=1.30×1) (-23→9=0.72×1) (2→-27=0.72×1) (-14→9=1.28×1) |
| 298918 | 51 | 1.33 | 2 | 0.71~1.30 | (13→-23=1.30×1) (-20→-21=1.30×1) (18→22=0.71×1) (2→-27=0.72×1) (-14→9=1.28×1) |
| 298929 | 51 | 1.25 | 2 | 0.71~1.30 | (13→-23=1.30×1) (18→22=0.71×1) (2→-27=0.72×1) (-14→9=1.28×1) (3→-16=1.27×2) |
| 298939 | 52 | 1.02 | 2 | 0.71~1.28 | (18→22=0.71×2) (2→-27=0.72×1) (-14→9=1.28×1) (-24→29=1.27×1) (3→-16=1.27×3) |
| 298949 | 50 | 1.06 | 2 | 0.71~1.28 | (18→22=0.71×2) (2→-27=0.72×1) (-14→9=1.28×1) (-24→29=1.27×1) (3→-16=1.27×3) |
| 298960 | 53 | 1.06 | 2 | 0.72~1.28 | (2→-27=0.72×1) (-14→9=1.28×1) (18→22=0.72×1) (-24→29=1.27×1) (3→-16=1.26×2) |
| 298970 | 52 | 1.10 | 2 | 0.72~1.28 | (2→-27=0.72×1) (18→22=0.72×1) (3→-16=1.26×2) (-13→28=0.75×2) (2→3=1.25×4) |
| 298980 | 50 | 0.92 | 1 | 0.72~1.28 | (2→-27=0.72×1) (18→22=0.72×1) (2→3=1.27×3) (3→-16=1.26×2) (-13→28=0.75×2) |
| 298991 | 54 | 0.98 | 1 | 0.70~1.30 | (8→28=0.70×1) (-13→-15=1.30×1) (2→-27=0.72×1) (18→22=0.72×1) (21→-30=1.27×1) |
| 299001 | 55 | 1.02 | 1 | 0.70~1.30 | (8→28=0.70×1) (-13→-15=1.30×1) (9→-23=0.70×1) (2→-27=0.72×1) (18→22=0.72×1) |
| 299011 | 56 | 0.98 | 1 | 0.70~1.30 | (8→28=0.70×1) (-13→-15=1.30×1) (9→-23=0.70×1) (24→-8=0.70×1) (-3→-26=1.29×1) |
| 299022 | 50 | 0.74 | 1 | 0.70~1.29 | (8→28=0.70×1) (9→-23=0.70×1) (24→-8=0.70×1) (-3→-26=1.29×1) (-15→-25=0.73×1) |
| 299032 | 50 | 0.66 | 1 | 0.70~1.27 | (8→28=0.70×1) (9→-23=0.70×1) (24→-8=0.70×1) (21→-30=1.27×1) (23→-14=0.73×1) |
| 299042 | 50 | 0.52 | 1 | 0.70~1.27 | (9→-23=0.70×1) (23→-14=0.73×1) (2→3=1.26×2) (-10→24=0.76×2) (18→-29=0.80×1) |
| 299053 | 50 | 0.54 | 1 | 0.70~1.26 | (9→-23=0.70×1) (-12→10=0.72×1) (23→-14=0.73×1) (2→3=1.26×1) (-10→24=0.77×1) |
| 299063 | 52 | 0.60 | 1 | 0.72~1.26 | (8→-15=0.72×1) (22→-14=0.72×1) (-12→10=0.72×1) (2→3=1.26×1) (21→-17=1.24×2) |
| 299073 | 52 | 0.60 | 1 | 0.72~1.26 | (8→-15=0.72×1) (22→-14=0.72×1) (-12→10=0.72×1) (2→3=1.26×1) (21→-17=1.24×2) |
| 299084 | 56 | 0.77 | 1 | 0.72~1.30 | (14→-1=1.30×1) (-3→-7=1.29×1) (8→-15=0.72×1) (22→-14=0.72×1) (-12→10=0.72×1) |
| 299094 | 56 | 0.79 | 1 | 0.72~1.30 | (14→-1=1.30×1) (-3→-7=1.29×1) (8→-15=0.72×1) (22→-14=0.72×1) (-12→10=0.72×1) |
| 299104 | 56 | 0.86 | 1 | 0.72~1.30 | (14→-1=1.30×1) (-3→-7=1.29×1) (8→-15=0.72×1) (22→-14=0.72×1) (-12→10=0.72×1) |
| 299115 | 52 | 0.96 | 1 | 0.72~1.30 | (14→-1=1.30×1) (-3→-7=1.29×1) (8→-15=0.72×1) (22→-14=0.72×1) (-12→10=0.72×1) |
| 299125 | 52 | 1.00 | 1 | 0.72~1.30 | (14→-1=1.30×1) (-3→-7=1.29×1) (8→-15=0.72×1) (22→-14=0.72×1) (-12→10=0.72×1) |
| 299135 | 53 | 0.96 | 1 | 0.72~1.30 | (14→-1=1.30×1) (-3→-7=1.29×1) (8→-15=0.72×1) (22→-14=0.72×1) (-12→10=0.72×1) |
| 299146 | 50 | 0.82 | 1 | 0.72~1.30 | (14→-1=1.30×1) (-3→-7=1.29×1) (8→-15=0.72×1) (22→-14=0.72×1) (19→-20=1.27×1) |
| 299156 | 51 | 0.88 | 1 | 0.72~1.30 | (14→-1=1.30×1) (-3→-7=1.29×1) (8→-15=0.72×1) (22→-14=0.72×1) (19→-20=1.27×1) |
| 299166 | 52 | 0.90 | 1 | 0.72~1.30 | (14→-1=1.30×1) (-3→-7=1.29×1) (8→-15=0.72×1) (4→-21=1.28×1) (22→-14=0.72×1) |
| 299177 | 52 | 0.94 | 1 | 0.72~1.30 | (14→-1=1.30×1) (-3→-7=1.29×1) (8→-15=0.72×1) (4→-21=1.28×1) (22→-14=0.72×1) |
| 299187 | 50 | 0.90 | 1 | 0.72~1.30 | (14→-1=1.30×1) (-3→-7=1.29×1) (8→-15=0.72×1) (4→-21=1.28×1) (22→-14=0.72×1) |
| 299197 | 50 | 0.92 | 1 | 0.72~1.30 | (14→-1=1.30×1) (-3→-7=1.29×1) (8→-15=0.72×1) (4→-21=1.28×1) (22→-14=0.72×1) |
| 299208 | 50 | 0.60 | 1 | 0.77~1.28 | (4→-21=1.28×1) (-15→23=1.28×1) (10→28=1.27×1) (19→-20=1.27×1) (2→3=1.26×1) |
| 299218 | 52 | 0.73 | 1 | 0.77~1.28 | (4→-21=1.28×1) (-15→23=1.28×1) (10→28=1.27×1) (19→-20=1.27×1) (2→3=1.26×1) |
| 299228 | 54 | 0.74 | 1 | 0.77~1.28 | (-15→23=1.28×1) (10→28=1.27×1) (19→-20=1.27×1) (2→3=1.26×1) (21→-17=1.24×1) |
| 299239 | 54 | 0.74 | 1 | 0.77~1.28 | (-15→23=1.28×1) (10→28=1.27×1) (19→-20=1.27×1) (6→1=1.27×1) (2→3=1.26×1) |
| 299249 | 54 | 0.69 | 1 | 0.77~1.28 | (-15→23=1.28×1) (10→28=1.27×1) (19→-20=1.27×1) (2→3=1.26×1) (21→-17=1.24×1) |
| 299259 | 51 | 0.67 | 1 | 0.77~1.28 | (-15→23=1.28×1) (10→28=1.27×1) (19→-20=1.27×1) (2→3=1.26×1) (-10→24=0.77×1) |
| 299270 | 51 | 0.67 | 1 | 0.77~1.28 | (-15→23=1.28×1) (10→28=1.27×1) (19→-20=1.27×1) (2→3=1.26×1) (-10→24=0.77×1) |
| 299280 | 50 | 0.74 | 1 | 0.73~1.28 | (-15→23=1.28×1) (10→28=1.27×1) (19→-20=1.27×1) (-1→26=0.73×1) (2→3=1.26×1) |
| 299290 | 51 | 0.82 | 1 | 0.73~1.29 | (-6→16=1.29×1) (-15→23=1.28×1) (10→28=1.27×1) (19→-20=1.27×1) (10→-11=0.73×1) |
| 299301 | 50 | 0.78 | 1 | 0.73~1.29 | (-6→16=1.29×1) (-15→23=1.28×1) (10→28=1.27×1) (10→-11=0.73×1) (24→23=0.73×1) |
| 299311 | 53 | 0.75 | 1 | 0.73~1.29 | (-6→16=1.29×1) (-15→23=1.28×1) (10→-11=0.73×1) (24→23=0.73×1) (-1→26=0.73×1) |
| 299321 | 52 | 0.77 | 1 | 0.73~1.29 | (-6→16=1.29×1) (-15→23=1.28×1) (10→-11=0.73×1) (24→23=0.73×1) (-1→26=0.73×1) |
| 299332 | 53 | 0.79 | 1 | 0.73~1.29 | (-6→16=1.29×1) (-15→23=1.28×1) (10→-11=0.73×1) (24→23=0.73×1) (-1→26=0.73×1) |
| 299342 | 50 | 0.72 | 1 | 0.73~1.29 | (-6→16=1.29×1) (10→-11=0.73×1) (24→23=0.73×1) (-1→26=0.73×1) (2→3=1.26×1) |
| 299352 | 53 | 0.85 | 2 | 0.71~1.30 | (7→19=1.30×1) (-6→16=1.29×1) (4→-16=0.72×2) (20→22=0.72×1) (10→-11=0.73×1) |
| 299363 | 51 | 0.82 | 2 | 0.71~1.30 | (7→19=1.30×1) (-6→16=1.29×1) (4→-16=0.72×2) (20→22=0.72×1) (10→-11=0.73×1) |
| 299373 | 51 | 0.82 | 2 | 0.71~1.30 | (7→19=1.30×1) (-6→16=1.29×1) (4→-16=0.72×2) (20→22=0.72×1) (18→30=1.28×1) |
| 299383 | 50 | 0.80 | 2 | 0.71~1.30 | (7→19=1.30×1) (-6→16=1.29×1) (4→-16=0.72×2) (20→22=0.72×1) (18→30=1.28×1) |
| 299394 | 53 | 0.64 | 1 | 0.73~1.30 | (7→19=1.30×1) (-6→16=1.29×1) (18→30=1.27×2) (24→23=0.73×1) (2→3=1.26×1) |
| 299404 | 55 | 0.71 | 1 | 0.74~1.30 | (7→19=1.30×1) (-6→16=1.29×1) (18→30=1.27×2) (2→3=1.26×1) (1→-1=0.74×1) |
| 299414 | 58 | 0.78 | 1 | 0.74~1.30 | (7→19=1.30×1) (-6→16=1.29×1) (18→30=1.27×3) (2→3=1.26×1) (1→-1=0.74×1) |
| 299425 | 58 | 0.91 | 1 | 0.72~1.30 | (7→19=1.30×1) (-6→16=1.29×1) (-6→25=0.72×1) (18→30=1.27×3) (-13→12=1.27×1) |
| 299435 | 58 | 0.93 | 1 | 0.72~1.30 | (7→19=1.30×1) (-6→16=1.29×1) (-6→25=0.72×1) (18→30=1.27×3) (-13→12=1.27×1) |
| 299445 | 56 | 1.00 | 1 | 0.70~1.30 | (-6→-29=0.70×1) (7→19=1.30×1) (-6→25=0.72×1) (-13→12=1.27×1) (18→30=1.26×3) |
| 299456 | 56 | 0.93 | 1 | 0.70~1.27 | (-6→-29=0.70×1) (-6→25=0.72×1) (-13→12=1.27×1) (18→30=1.26×3) (20→22=1.26×1) |
| 299466 | 54 | 0.91 | 2 | 0.70~1.27 | (-6→-29=0.70×1) (-13→12=1.27×1) (7→-4=0.74×1) (18→30=1.26×3) (20→22=1.26×1) |
| 299476 | 52 | 0.88 | 1 | 0.70~1.27 | (-6→-29=0.70×1) (-13→12=1.27×1) (7→-4=0.74×1) (18→30=1.26×3) (20→22=1.26×1) |
| 299487 | 53 | 0.74 | 1 | 0.70~1.27 | (-6→-29=0.70×1) (7→-4=0.74×1) (18→30=1.26×2) (17→22=1.26×1) (2→3=1.26×1) |
| 299497 | 55 | 0.78 | 1 | 0.70~1.27 | (1→-15=0.70×1) (-6→-29=0.70×1) (4→29=1.27×1) (7→-4=0.74×1) (18→30=1.26×2) |
| 299507 | 55 | 0.84 | 1 | 0.70~1.30 | (1→-15=0.70×1) (-6→-29=0.70×1) (-7→3=1.30×1) (4→29=1.27×1) (7→-4=0.74×1) |
| 299518 | 53 | 0.83 | 1 | 0.70~1.27 | (1→-15=0.70×1) (-6→-29=0.70×1) (4→29=1.27×1) (7→-4=0.74×1) (18→30=1.26×2) |
| 299528 | 55 | 0.84 | 1 | 0.70~1.27 | (1→-15=0.70×1) (-6→-29=0.70×1) (4→29=1.27×1) (7→-4=0.74×1) (18→30=1.26×2) |
| 299538 | 55 | 0.80 | 1 | 0.70~1.27 | (1→-15=0.70×1) (-6→-29=0.70×1) (4→29=1.27×1) (7→-4=0.74×1) (18→30=1.26×2) |
| 299549 | 53 | 0.83 | 1 | 0.70~1.27 | (1→-15=0.70×1) (-6→-29=0.70×1) (4→29=1.27×1) (7→-4=0.74×1) (18→30=1.26×2) |
| 299559 | 51 | 0.73 | 1 | 0.70~1.27 | (1→-15=0.70×1) (-6→-29=0.70×1) (4→29=1.27×1) (7→-4=0.74×1) (18→30=1.26×2) |
| 299569 | 52 | 0.81 | 1 | 0.70~1.27 | (1→-15=0.70×1) (-6→-29=0.70×1) (17→-8=0.73×1) (4→29=1.27×1) (7→-4=0.74×1) |
| 299580 | 51 | 0.82 | 1 | 0.70~1.27 | (1→-15=0.70×1) (-6→-29=0.70×1) (17→-8=0.73×1) (4→29=1.27×1) (7→-4=0.74×1) |
| 299590 | 50 | 0.76 | 1 | 0.70~1.29 | (1→-15=0.70×1) (-6→-29=0.70×1) (17→-10=1.29×1) (17→-8=0.73×1) (4→29=1.27×1) |
| 299600 | 50 | 0.66 | 1 | 0.70~1.29 | (1→-15=0.70×1) (-6→-29=0.70×1) (17→-10=1.29×1) (17→-8=0.73×1) (4→29=1.27×1) |
| 299611 | 53 | 0.64 | 1 | 0.70~1.29 | (1→-15=0.70×1) (23→10=0.71×1) (17→-10=1.28×2) (1→10=0.72×1) (17→-8=0.73×1) |
| 299621 | 50 | 0.62 | 1 | 0.70~1.28 | (1→-15=0.70×1) (23→10=0.71×1) (17→-10=1.28×1) (17→-8=0.73×1) (4→29=1.27×1) |
| 299631 | 52 | 0.62 | 1 | 0.70~1.28 | (1→-15=0.70×1) (23→10=0.71×1) (17→-10=1.28×1) (17→-8=0.73×1) (4→29=1.27×1) |
| 299642 | 52 | 0.62 | 1 | 0.70~1.28 | (1→-15=0.70×1) (23→10=0.71×1) (17→-10=1.28×1) (17→-8=0.73×1) (4→29=1.27×1) |
| 299652 | 50 | 0.70 | 1 | 0.71~1.28 | (23→10=0.71×1) (17→-10=1.28×1) (17→-8=0.73×1) (9→-5=1.27×1) (4→-13=0.74×1) |
| 299662 | 49 | 0.57 | 1 | 0.71~1.27 | (23→10=0.71×1) (17→-8=0.73×1) (9→-5=1.27×1) (4→-13=0.74×1) (11→-23=0.76×1) |
| 299673 | 52 | 0.46 | 1 | 0.71~1.22 | (23→10=0.71×1) (17→-8=0.73×1) (4→-13=0.74×1) (21→-21=0.78×1) (-21→-27=1.22×1) |
| 299683 | 51 | 0.59 | 1 | 0.71~1.22 | (23→10=0.71×1) (17→-8=0.73×1) (4→-13=0.74×1) (-21→10=0.76×1) (20→28=0.77×1) |
| 299693 | 53 | 0.64 | 1 | 0.71~1.22 | (23→10=0.71×1) (17→-8=0.73×1) (10→-30=0.74×1) (4→-13=0.74×1) (-21→10=0.76×1) |
| 299704 | 55 | 0.67 | 1 | 0.71~1.22 | (23→10=0.71×1) (17→-8=0.73×1) (-22→23=0.73×1) (10→-30=0.74×1) (-21→10=0.76×1) |
| 299714 | 55 | 0.67 | 1 | 0.71~1.22 | (23→10=0.71×1) (17→-8=0.73×1) (-22→23=0.73×1) (10→-30=0.74×1) (-21→10=0.76×1) |
| 299724 | 55 | 0.84 | 1 | 0.71~1.22 | (23→10=0.71×1) (12→3=0.72×1) (-22→23=0.73×1) (10→-30=0.74×1) (-5→-12=0.74×1) |
| 299735 | 52 | 0.73 | 1 | 0.71~1.19 | (23→10=0.71×1) (12→3=0.72×1) (-22→23=0.73×1) (-5→-12=0.74×1) (6→27=0.74×1) |
| 299745 | 53 | 0.91 | 1 | 0.71~1.25 | (23→10=0.71×1) (12→3=0.72×1) (-22→23=0.73×1) (-5→-12=0.74×1) (6→27=0.74×1) |
| 299755 | 52 | 0.85 | 1 | 0.71~1.25 | (23→10=0.71×1) (12→3=0.72×1) (-5→-12=0.74×1) (6→27=0.74×1) (12→26=0.75×1) |
| 299766 | 53 | 1.08 | 1 | 0.71~1.29 | (23→10=0.71×1) (-2→-9=1.29×1) (12→3=0.72×1) (-5→-12=0.74×1) (6→27=0.74×1) |
| 299776 | 57 | 1.18 | 2 | 0.71~1.29 | (-2→-9=1.29×1) (23→10=0.71×2) (12→3=0.72×1) (-5→-12=0.74×1) (6→27=0.74×1) |
| 299786 | 55 | 1.22 | 2 | 0.71~1.26 | (23→10=0.71×2) (12→3=0.72×1) (-17→-12=0.73×2) (-23→18=0.74×1) (-5→-12=0.74×1) |
| 299797 | 53 | 1.08 | 2 | 0.71~1.26 | (23→10=0.71×2) (-17→-12=0.72×1) (12→3=0.72×1) (-5→-12=0.74×1) (6→27=0.74×1) |
| 299807 | 54 | 1.13 | 2 | 0.71~1.30 | (13→-11=1.30×1) (23→10=0.71×2) (-17→-12=0.72×1) (12→3=0.72×1) (4→11=0.72×1) |
| 299817 | 52 | 0.96 | 2 | 0.71~1.30 | (13→-11=1.30×1) (23→10=0.71×2) (-17→-12=0.72×1) (12→3=0.72×1) (4→11=0.72×1) |
| 299828 | 50 | 0.98 | 2 | 0.71~1.30 | (13→-11=1.30×1) (23→10=0.71×2) (-17→-12=0.72×1) (21→26=1.27×1) (-17→11=1.26×1) |
| 299838 | 54 | 1.09 | 2 | 0.71~1.30 | (13→-11=1.30×1) (23→10=0.71×2) (19→9=1.28×1) (21→26=1.27×1) (-20→30=0.73×1) |
| 299848 | 51 | 1.14 | 2 | 0.71~1.30 | (13→-11=1.30×1) (23→10=0.71×2) (19→9=1.28×1) (-20→30=0.73×1) (-17→11=1.26×1) |
| 299859 | 56 | 1.39 | 2 | 0.66~1.30 | (5→-5=0.68×2) (13→-11=1.30×1) (-2→-12=0.70×1) (23→10=0.71×2) (19→9=1.28×1) |
| 299869 | 53 | 1.42 | 2 | 0.66~1.30 | (5→-5=0.68×2) (13→-11=1.30×1) (-2→-12=0.70×1) (-6→10=1.29×1) (23→10=0.71×2) |
| 299879 | 62 | 1.87 | 2 | 0.66~1.30 | (5→-5=0.68×2) (13→-11=1.30×1) (-2→-12=0.70×1) (23→10=0.71×2) (-6→10=1.29×2) |
| 299890 | 60 | 1.78 | 2 | 0.70~1.30 | (13→-11=1.30×1) (-2→-12=0.70×1) (5→-5=0.70×1) (23→10=0.71×2) (-6→10=1.29×2) |
| 299900 | 63 | 2.22 | 2 | 0.70~1.38 | (13→-11=1.30×1) (-2→-12=0.70×1) (23→10=0.71×2) (-6→10=1.28×3) (19→9=1.28×1) |
| 299910 | 66 | 2.21 | 2 | 0.70~1.38 | (13→-11=1.30×1) (-2→-12=0.70×1) (23→10=0.71×2) (-6→10=1.28×3) (19→9=1.28×1) |
| 299921 | 70 | 2.36 | 2 | 0.70~1.38 | (-2→-12=0.70×1) (-1→19=1.29×1) (-6→10=1.28×4) (23→10=0.72×1) (19→9=1.28×1) |
| 299931 | 74 | 2.49 | 2 | 0.70~1.38 | (-2→-12=0.70×1) (23→12=1.29×1) (-1→19=1.29×1) (2→-30=1.28×1) (-6→10=1.28×4) |
| 299941 | 71 | 2.35 | 2 | 0.73~1.38 | (23→12=1.29×1) (-1→19=1.29×1) (2→-30=1.28×1) (-6→10=1.28×4) (19→9=1.28×1) |
| 299952 | 70 | 2.43 | 2 | 0.73~1.38 | (23→12=1.29×1) (-1→19=1.29×1) (2→-30=1.28×1) (-6→10=1.28×4) (19→9=1.28×1) |
| 299962 | 70 | 2.40 | 2 | 0.73~1.42 | (15→-19=1.30×2) (23→12=1.29×1) (-1→19=1.29×1) (2→-30=1.28×1) (-6→10=1.28×3) |
| 299972 | 65 | 2.32 | 2 | 0.73~1.42 | (15→-19=1.42×1) (23→12=1.29×1) (-1→19=1.29×1) (2→-30=1.28×1) (-6→10=1.28×3) |
| 299983 | 65 | 2.26 | 2 | 0.71~1.29 | (23→12=1.29×1) (-1→19=1.29×1) (2→-30=1.28×1) (-6→10=1.28×4) (4→4=0.72×2) |
| 299993 | 63 | 2.10 | 2 | 0.71~1.29 | (23→12=1.29×1) (-1→19=1.29×1) (2→-30=1.28×1) (-6→10=1.28×3) (4→4=0.72×2) |
| 300003 | 63 | 2.05 | 2 | 0.71~1.29 | (23→12=1.29×1) (-1→19=1.29×1) (2→-30=1.28×1) (-6→10=1.28×3) (4→4=0.72×2) |
| 300014 | 57 | 2.11 | 2 | 0.71~1.29 | (-1→19=1.29×1) (2→-30=1.28×1) (-6→10=1.28×3) (4→4=0.72×2) (-23→-12=1.27×1) |
| 300024 | 55 | 2.00 | 2 | 0.71~1.29 | (-1→19=1.29×1) (2→-30=1.28×1) (-17→-20=1.28×1) (-6→10=1.28×3) (4→4=0.72×2) |
| 300034 | 52 | 1.75 | 2 | 0.71~1.29 | (-6→10=1.29×2) (4→4=0.71×1) (2→-30=1.28×1) (-17→-20=1.28×1) (-23→-12=1.27×1) |
| 300045 | 52 | 1.71 | 2 | 0.71~1.29 | (14→20=0.71×1) (-6→10=1.29×2) (4→4=0.71×1) (2→-30=1.28×1) (-17→-20=1.28×1) |
| 300055 | 50 | 1.56 | 2 | 0.71~1.29 | (14→20=0.71×1) (-6→10=1.29×2) (4→4=0.71×1) (2→-30=1.28×1) (-17→-20=1.28×1) |
| 300065 | 52 | 1.37 | 2 | 0.71~1.29 | (-6→10=1.29×1) (14→20=0.71×1) (2→-30=1.28×1) (-22→-9=0.72×1) (-17→-20=1.28×1) |
| 300076 | 53 | 1.42 | 2 | 0.71~1.29 | (-11→15=1.29×1) (-6→10=1.29×1) (14→20=0.71×1) (2→-30=1.28×1) (-22→-9=0.72×1) |
| 300086 | 52 | 1.38 | 2 | 0.71~1.29 | (-11→15=1.29×1) (-6→10=1.29×1) (14→20=0.71×1) (2→-30=1.28×1) (-22→-9=0.72×1) |
| 300096 | 53 | 1.15 | 2 | 0.71~1.28 | (14→20=0.71×1) (2→-30=1.28×1) (-17→-20=1.28×1) (20→-13=1.28×1) (-22→-9=0.72×2) |
| 300107 | 55 | 1.20 | 2 | 0.71~1.28 | (14→20=0.71×1) (-10→-31=0.71×1) (2→-30=1.28×1) (-17→-20=1.28×1) (20→-13=1.28×1) |
| 300117 | 53 | 1.25 | 2 | 0.71~1.28 | (14→20=0.71×1) (-10→-31=0.71×1) (2→-30=1.28×1) (-17→-20=1.28×1) (20→-13=1.28×1) |
| 300127 | 53 | 1.26 | 2 | 0.71~1.28 | (14→20=0.71×1) (-10→-31=0.71×1) (2→-30=1.28×1) (20→-13=1.28×1) (-22→-9=0.72×3) |
| 300138 | 55 | 1.25 | 2 | 0.63~1.28 | (-22→-9=0.70×4) (14→20=0.71×1) (-10→-31=0.71×1) (2→-30=1.28×1) (20→-13=1.28×1) |
| 300148 | 57 | 1.14 | 2 | 0.63~1.28 | (-22→-9=0.70×4) (14→20=0.71×1) (2→-30=1.28×1) (20→-13=1.28×1) (-21→-13=0.73×1) |
| 300158 | 50 | 0.82 | 1 | 0.63~1.28 | (-22→-9=0.69×3) (14→20=0.71×1) (20→-13=1.28×1) (-21→-13=0.73×1) (-13→6=1.25×1) |
| 300169 | 50 | 0.84 | 1 | 0.63~1.28 | (-22→-9=0.69×3) (14→20=0.71×1) (20→-13=1.28×1) (-21→-13=0.73×1) (-13→6=1.25×1) |
| 300179 | 52 | 0.96 | 1 | 0.71~1.29 | (14→20=0.71×1) (20→-13=1.28×1) (9→28=1.28×2) (-22→-9=0.72×2) (-21→-13=0.73×1) |
| 300189 | 51 | 0.96 | 1 | 0.71~1.29 | (14→20=0.71×1) (20→-13=1.28×1) (9→28=1.28×2) (-22→-9=0.72×2) (-19→11=0.73×1) |
| 300200 | 54 | 0.89 | 1 | 0.71~1.29 | (14→20=0.71×1) (-22→-9=0.72×1) (20→-13=1.28×1) (9→28=1.28×2) (9→18=0.72×1) |
| 300210 | 53 | 0.94 | 1 | 0.71~1.29 | (-7→15=0.71×1) (14→20=0.71×1) (-22→-9=0.72×1) (20→-13=1.28×1) (9→28=1.28×2) |
| 300220 | 53 | 0.91 | 1 | 0.71~1.29 | (-7→15=0.71×1) (14→20=0.71×1) (-22→-9=0.72×1) (20→-13=1.28×1) (9→28=1.28×2) |
| 300231 | 51 | 0.76 | 1 | 0.71~1.28 | (-7→15=0.71×1) (14→20=0.71×1) (-22→-9=0.72×1) (20→-13=1.28×1) (9→28=1.28×1) |
| 300241 | 49 | 0.59 | 1 | 0.71~1.28 | (-7→15=0.71×1) (14→20=0.71×1) (-22→-9=0.72×1) (20→-13=1.28×1) (-3→15=1.27×1) |
| 300251 | 51 | 0.57 | 1 | 0.72~1.27 | (-22→-9=0.72×1) (-3→15=1.27×1) (-19→11=0.73×1) (-2→23=1.26×1) (16→-9=0.74×1) |
| 300262 | 51 | 0.51 | 1 | 0.72~1.27 | (-22→-9=0.72×1) (-3→15=1.27×1) (-19→11=0.73×1) (-2→23=1.26×1) (16→-9=0.74×1) |
| 300272 | 51 | 0.57 | 1 | 0.72~1.27 | (-22→-9=0.72×1) (-3→15=1.27×1) (-19→11=0.73×1) (-2→23=1.26×1) (16→-9=0.74×1) |
| 300282 | 51 | 0.55 | 1 | 0.72~1.27 | (-22→-9=0.73×3) (-3→15=1.27×1) (-2→23=1.26×1) (16→-9=0.74×1) (-21→-24=0.74×1) |
| 300293 | 50 | 0.50 | 1 | 0.72~1.26 | (-22→-9=0.72×2) (-2→23=1.26×1) (16→-9=0.74×1) (-21→-24=0.74×1) (11→-24=0.74×1) |
| 300303 | 50 | 0.54 | 1 | 0.72~1.26 | (-22→-9=0.72×3) (-2→23=1.26×1) (16→-9=0.74×1) (-21→-24=0.74×1) (11→-24=0.74×1) |
| 300313 | 51 | 0.67 | 1 | 0.72~1.26 | (-22→-9=0.72×3) (-2→23=1.26×1) (16→-9=0.74×1) (-21→-24=0.74×1) (11→-24=0.74×1) |
| 300324 | 50 | 0.66 | 1 | 0.72~1.26 | (-22→-9=0.72×3) (-2→23=1.26×1) (16→-9=0.74×1) (-21→-24=0.74×1) (11→-24=0.74×1) |
| 300334 | 51 | 0.59 | 1 | 0.72~1.26 | (-22→-9=0.72×2) (-2→23=1.26×1) (16→-9=0.74×1) (-21→-24=0.74×1) (11→-24=0.74×1) |
| 300344 | 50 | 0.54 | 1 | 0.72~1.26 | (-22→-9=0.72×3) (-2→23=1.26×1) (16→-9=0.74×1) (11→-24=0.74×1) (2→-14=0.76×1) |
| 300355 | 50 | 0.46 | 1 | 0.73~1.26 | (-22→-9=0.73×1) (-2→23=1.26×1) (16→-9=0.74×1) (11→-24=0.74×1) (2→-14=0.76×1) |
| 300365 | 51 | 0.49 | 1 | 0.74~1.26 | (-2→23=1.26×1) (16→-9=0.74×1) (11→-24=0.74×1) (19→26=0.74×1) (2→-14=0.76×1) |
| 300375 | 53 | 0.45 | 1 | 0.65~1.20 | (11→15=0.69×2) (6→-25=0.74×3) (19→26=0.74×1) (-12→22=0.77×1) (22→-9=0.78×1) |
| 300386 | 54 | 0.63 | 1 | 0.65~1.20 | (11→15=0.69×2) (6→-25=0.74×3) (19→26=0.74×1) (-12→22=0.77×1) (22→-9=0.78×1) |
| 300396 | 50 | 0.64 | 1 | 0.65~1.20 | (11→15=0.69×2) (6→-25=0.74×3) (19→26=0.74×1) (-12→22=0.77×1) (24→4=0.78×1) |
| 300406 | 54 | 0.81 | 2 | 0.65~1.29 | (11→15=0.65×1) (-9→18=1.29×1) (-1→12=1.27×1) (6→-25=0.74×2) (3→-5=1.26×1) |
| 300417 | 58 | 0.84 | 2 | 0.73~1.29 | (-9→18=1.29×1) (6→-25=0.73×1) (-1→12=1.27×1) (3→-5=1.26×1) (19→26=0.74×1) |
| 300427 | 54 | 0.85 | 1 | 0.73~1.29 | (-9→18=1.29×1) (6→-25=0.73×1) (-1→12=1.27×1) (19→26=0.74×1) (-22→22=0.76×1) |
| 300437 | 53 | 0.77 | 1 | 0.73~1.29 | (-9→18=1.29×1) (6→-25=0.73×1) (-1→12=1.27×1) (19→26=0.74×1) (-22→22=0.76×1) |
| 300448 | 54 | 0.91 | 1 | 0.73~1.29 | (-9→18=1.29×2) (6→-25=0.73×1) (-1→12=1.27×1) (19→26=0.74×1) (-22→22=0.76×1) |
| 300458 | 55 | 1.07 | 1 | 0.74~1.29 | (-9→18=1.29×2) (2→31=1.27×1) (-1→12=1.27×1) (11→-12=0.74×1) (-22→22=0.76×1) |
| 300468 | 57 | 1.12 | 1 | 0.73~1.29 | (6→24=1.29×1) (-9→18=1.29×3) (2→31=1.27×1) (-1→12=1.27×1) (15→-30=0.73×1) |
| 300479 | 51 | 0.96 | 1 | 0.73~1.29 | (6→24=1.29×1) (-9→18=1.29×3) (2→31=1.27×1) (-1→12=1.27×1) (15→-30=0.73×1) |
| 300489 | 52 | 1.13 | 1 | 0.73~1.30 | (12→-20=1.30×1) (6→24=1.29×1) (-9→18=1.29×3) (4→-21=1.27×1) (2→31=1.27×1) |
| 300499 | 51 | 0.75 | 1 | 0.71~1.30 | (12→-20=1.30×1) (5→20=0.71×1) (6→24=1.29×1) (-9→18=1.29×3) (4→-21=1.27×1) |
| 300510 | 52 | 0.85 | 1 | 0.71~1.30 | (12→-20=1.30×1) (5→20=0.71×1) (23→-29=0.71×1) (6→24=1.29×1) (-9→18=1.29×3) |
| 300520 | 51 | 0.88 | 1 | 0.71~1.30 | (12→-20=1.30×1) (5→20=0.71×1) (23→-29=0.71×1) (6→24=1.29×1) (-9→18=1.29×3) |
| 300530 | 53 | 0.87 | 1 | 0.71~1.30 | (12→-20=1.30×1) (5→20=0.71×1) (23→-29=0.71×1) (6→24=1.29×1) (-9→18=1.29×3) |
| 300541 | 54 | 0.83 | 1 | 0.71~1.30 | (12→-20=1.30×1) (5→20=0.71×1) (23→-29=0.71×1) (6→24=1.29×1) (-9→18=1.29×3) |
| 300551 | 55 | 0.93 | 1 | 0.71~1.30 | (12→-20=1.30×1) (5→20=0.71×1) (23→-29=0.71×1) (6→24=1.29×1) (-9→18=1.29×3) |
| 300561 | 53 | 0.85 | 1 | 0.71~1.29 | (5→20=0.71×1) (23→-29=0.71×1) (6→24=1.29×1) (-9→18=1.29×3) (-16→1=0.73×1) |
| 300572 | 52 | 0.79 | 1 | 0.71~1.29 | (5→20=0.71×1) (6→24=1.29×1) (-9→18=1.29×3) (-16→1=0.73×1) (7→13=1.27×1) |
| 300582 | 55 | 1.16 | 2 | 0.71~1.30 | (5→20=0.71×1) (-17→-3=1.29×2) (24→-23=1.29×1) (6→24=1.29×1) (4→4=0.71×2) |
| 300592 | 56 | 1.11 | 2 | 0.71~1.30 | (5→20=0.71×1) (-17→-3=1.29×2) (24→-23=1.29×1) (6→24=1.29×1) (4→4=0.71×2) |
| 300603 | 56 | 1.38 | 1 | 0.71~1.30 | (-17→-3=1.30×1) (5→20=0.71×1) (24→-23=1.29×1) (6→24=1.29×1) (-9→18=1.29×2) |
| 300613 | 55 | 1.35 | 1 | 0.71~1.30 | (-17→-3=1.30×1) (5→20=0.71×1) (24→-23=1.29×1) (6→24=1.29×1) (-9→18=1.29×2) |
| 300623 | 54 | 1.20 | 1 | 0.71~1.30 | (-17→-3=1.30×1) (16→-21=1.29×1) (24→-23=1.29×1) (6→24=1.29×1) (-9→18=1.29×2) |
| 300634 | 51 | 0.98 | 1 | 0.71~1.30 | (-17→-3=1.30×1) (24→-23=1.29×1) (6→24=1.29×1) (-9→18=1.29×2) (4→4=0.71×2) |
| 300644 | 52 | 0.92 | 1 | 0.71~1.30 | (-17→-3=1.30×1) (-9→18=1.29×1) (24→-23=1.29×1) (6→24=1.29×1) (4→4=0.71×2) |
| 300654 | 50 | 0.96 | 1 | 0.71~1.30 | (-17→-3=1.30×1) (-9→18=1.29×1) (24→-23=1.29×1) (6→24=1.29×1) (4→4=0.71×2) |
| 300665 | 52 | 0.90 | 1 | 0.71~1.30 | (-17→-3=1.30×1) (-9→18=1.29×1) (4→4=0.71×1) (24→-23=1.29×1) (6→24=1.29×1) |
| 300675 | 53 | 0.75 | 1 | 0.72~1.29 | (-9→18=1.29×1) (24→-23=1.29×1) (6→24=1.29×1) (5→3=0.72×1) (-3→-12=1.28×1) |
| 300685 | 51 | 0.53 | 1 | 0.77~1.29 | (-9→18=1.29×1) (6→24=1.29×1) (-3→-12=1.28×1) (-6→-28=1.27×1) (12→8=1.26×1) |
| 300696 | 51 | 0.69 | 1 | 0.73~1.29 | (-9→18=1.29×1) (6→24=1.29×1) (-3→-12=1.28×1) (-6→-28=1.27×1) (9→13=0.73×1) |
| 300706 | 51 | 0.63 | 1 | 0.80~1.29 | (-9→18=1.29×1) (6→24=1.29×1) (-3→-12=1.28×1) (-6→-28=1.27×1) (-18→-2=1.25×1) |
| 300716 | 50 | 0.84 | 1 | 0.72~1.29 | (-9→18=1.29×1) (6→24=1.29×1) (-3→-12=1.28×1) (-6→-28=1.27×1) (12→-7=0.73×2) |
| 300727 | 52 | 0.96 | 1 | 0.72~1.29 | (-9→18=1.29×1) (6→24=1.29×1) (23→27=0.72×1) (-3→-12=1.28×1) (-6→-28=1.27×1) |
| 300737 | 51 | 0.96 | 1 | 0.72~1.29 | (6→24=1.29×1) (12→-7=0.72×1) (23→27=0.72×1) (-3→-12=1.28×1) (-6→-28=1.27×1) |
| 300747 | 50 | 0.82 | 1 | 0.72~1.29 | (6→24=1.29×1) (23→27=0.72×1) (-3→-12=1.28×1) (-14→10=0.72×1) (-6→-28=1.27×1) |
| 300758 | 52 | 0.85 | 1 | 0.72~1.29 | (6→24=1.29×1) (23→27=0.72×1) (-3→-12=1.28×1) (-6→-28=1.27×1) (-14→10=0.73×2) |
| 300768 | 50 | 0.74 | 1 | 0.71~1.29 | (-7→17=0.71×1) (6→24=1.29×1) (23→27=0.72×1) (-6→-28=1.27×1) (-14→10=0.73×2) |
| 300778 | 52 | 0.77 | 1 | 0.71~1.29 | (-7→17=0.71×1) (6→24=1.29×1) (23→27=0.72×1) (-6→-28=1.27×1) (-15→1=1.27×1) |
| 300789 | 52 | 0.69 | 1 | 0.71~1.29 | (-7→17=0.71×1) (6→24=1.29×1) (23→27=0.72×1) (8→26=1.28×1) (-15→1=1.27×1) |
| 300799 | 55 | 0.78 | 1 | 0.71~1.29 | (-7→17=0.71×1) (6→24=1.29×1) (23→27=0.72×1) (8→26=1.28×1) (-15→1=1.27×1) |
| 300809 | 57 | 0.81 | 1 | 0.71~1.29 | (-7→17=0.71×1) (6→24=1.29×1) (23→27=0.72×1) (8→26=1.28×1) (-2→11=1.27×1) |
| 300820 | 58 | 0.83 | 1 | 0.72~1.29 | (6→24=1.29×1) (23→27=0.72×1) (8→26=1.28×1) (-2→11=1.27×1) (-15→1=1.27×1) |
| 300830 | 58 | 0.84 | 2 | 0.72~1.29 | (6→24=1.29×1) (23→27=0.72×1) (8→26=1.28×1) (-2→11=1.27×1) (-15→1=1.27×1) |
| 300840 | 54 | 0.80 | 2 | 0.72~1.29 | (6→24=1.29×1) (8→26=1.28×1) (-2→11=1.27×1) (-20→5=1.27×1) (-14→10=0.73×4) |
| 300851 | 54 | 0.85 | 2 | 0.72~1.28 | (5→-2=0.72×1) (8→26=1.28×1) (-2→11=1.27×1) (-20→5=1.27×1) (-14→10=0.73×4) |
| 300861 | 51 | 0.73 | 1 | 0.72~1.28 | (5→-2=0.72×1) (8→26=1.28×1) (-2→11=1.27×1) (-20→5=1.27×1) (-14→10=0.73×4) |
| 300871 | 50 | 0.62 | 1 | 0.72~1.28 | (5→-2=0.72×1) (8→26=1.28×1) (-2→11=1.27×1) (-20→5=1.27×1) (-14→10=0.73×4) |
| 300882 | 50 | 0.56 | 1 | 0.72~1.28 | (-12→11=0.72×1) (5→-2=0.72×1) (8→26=1.28×1) (-14→10=0.73×2) (20→12=0.74×1) |
| 300892 | 50 | 0.56 | 1 | 0.72~1.28 | (-12→11=0.72×1) (8→26=1.28×1) (-14→10=0.73×2) (20→12=0.74×1) (-3→-31=0.74×1) |
| 300902 | 51 | 0.65 | 1 | 0.72~1.25 | (-12→11=0.72×1) (-14→10=0.73×2) (20→12=0.74×1) (-3→-31=0.74×1) (-11→-13=0.75×1) |
| 300913 | 50 | 0.68 | 1 | 0.72~1.25 | (-12→11=0.72×1) (-3→-25=0.72×1) (-14→10=0.73×2) (20→12=0.74×1) (-3→-31=0.74×1) |
| 300923 | 54 | 0.76 | 1 | 0.72~1.28 | (-12→11=0.72×1) (-14→-21=1.28×1) (-3→-25=0.72×1) (-14→10=0.73×2) (20→12=0.74×1) |
| 300933 | 54 | 0.83 | 1 | 0.72~1.28 | (-14→-21=1.28×1) (-3→-25=0.72×1) (-12→11=0.72×2) (-14→10=0.73×2) (20→12=0.74×1) |
| 300944 | 55 | 0.78 | 1 | 0.72~1.28 | (-14→-21=1.28×1) (-3→-25=0.72×1) (-12→11=0.72×2) (-14→10=0.72×1) (-3→-9=1.27×1) |
| 300954 | 56 | 0.80 | 1 | 0.72~1.28 | (-14→-21=1.28×1) (-3→-25=0.72×1) (-12→11=0.72×2) (-14→10=0.72×1) (-3→-9=1.27×1) |
| 300964 | 56 | 0.88 | 1 | 0.70~1.28 | (6→4=0.70×1) (-14→-21=1.28×1) (-3→-25=0.72×1) (-12→11=0.72×2) (-14→10=0.72×1) |
| 300975 | 55 | 0.91 | 1 | 0.70~1.28 | (6→4=0.70×1) (-14→-21=1.28×1) (-3→-25=0.72×1) (9→10=0.72×1) (-12→11=0.72×2) |
| 300985 | 53 | 1.00 | 1 | 0.70~1.27 | (6→4=0.70×1) (-3→-25=0.72×1) (9→10=0.72×1) (-12→11=0.72×2) (15→-23=1.27×1) |
| 300995 | 52 | 0.96 | 1 | 0.70~1.27 | (6→4=0.70×1) (-3→-25=0.72×1) (9→10=0.72×1) (-12→11=0.72×2) (15→-23=1.27×1) |
| 301006 | 51 | 0.86 | 1 | 0.70~1.27 | (6→4=0.70×1) (-3→-25=0.72×1) (9→10=0.72×1) (-12→11=0.73×1) (15→-23=1.27×1) |
| 301016 | 50 | 0.76 | 1 | 0.70~1.27 | (6→4=0.70×1) (-3→-25=0.72×1) (9→10=0.72×1) (15→-23=1.27×1) (-3→-9=1.26×2) |
| 301026 | 52 | 0.87 | 1 | 0.70~1.27 | (6→4=0.70×1) (-3→-25=0.72×1) (9→10=0.72×1) (15→-23=1.27×1) (-3→-9=1.26×2) |
| 301037 | 51 | 1.02 | 1 | 0.70~1.29 | (6→4=0.70×1) (-1→-16=1.29×1) (-3→-25=0.72×1) (9→10=0.72×1) (15→-23=1.27×1) |
| 301047 | 53 | 1.02 | 1 | 0.70~1.29 | (6→4=0.70×1) (-1→-16=1.29×1) (-3→-25=0.72×1) (9→10=0.72×1) (-3→-9=1.26×2) |
| 301057 | 54 | 1.15 | 1 | 0.70~1.29 | (6→4=0.70×1) (10→6=0.70×1) (-1→-16=1.29×1) (-3→-25=0.72×1) (9→10=0.72×1) |
| 301068 | 59 | 1.44 | 2 | 0.70~1.29 | (6→4=0.70×1) (10→6=0.70×1) (15→-17=1.29×1) (-1→-16=1.29×1) (-3→-25=0.72×1) |
| 301078 | 55 | 1.42 | 2 | 0.70~1.29 | (6→4=0.70×1) (15→-17=1.29×1) (-1→-16=1.29×1) (-3→-25=0.72×1) (9→10=0.72×1) |
| 301088 | 53 | 1.60 | 2 | 0.70~1.29 | (6→4=0.71×2) (15→-17=1.29×1) (-3→-25=0.72×1) (9→10=0.72×1) (-3→-9=1.26×2) |
| 301099 | 49 | 2.00 | 2 | 0.70~1.29 | (-1→-29=0.70×1) (6→4=0.71×2) (15→-17=1.29×1) (9→10=0.72×1) (16→-5=1.27×1) |
| 301109 | 51 | 1.59 | 2 | 0.70~1.27 | (-1→-29=0.70×1) (6→4=0.71×2) (9→10=0.72×1) (-18→25=0.72×2) (-22→-11=1.27×1) |
| 301119 | 57 | 2.19 | 2 | 0.64~1.28 | (-1→-29=0.69×4) (6→4=0.71×2) (-18→25=0.71×1) (9→10=0.72×1) (7→-17=0.72×2) |
| 301130 | 53 | 2.19 | 2 | 0.64~1.28 | (-1→-29=0.69×4) (6→4=0.71×2) (7→-17=0.72×2) (-13→15=1.27×2) (-22→-11=1.27×1) |
| 301140 | 51 | 2.47 | 2 | 0.64~1.28 | (-1→-29=0.69×4) (6→4=0.71×2) (7→-17=0.72×2) (-11→28=0.72×1) (-13→15=1.27×2) |
| 301150 | 51 | 2.49 | 2 | 0.64~1.28 | (-1→-29=0.69×4) (6→4=0.71×2) (7→-17=0.72×2) (-11→28=0.72×1) (-13→15=1.27×2) |
| 301161 | 56 | 3.64 | 2 | 0.63~1.30 | (-1→-29=0.68×7) (6→4=0.71×2) (-10→-3=0.71×1) (7→-17=0.71×5) (-2→-23=0.72×1) |
| 301171 | 55 | 3.07 | 2 | 0.63~1.30 | (-1→-29=0.68×5) (3→-7=1.30×1) (6→4=0.71×2) (7→-17=0.71×3) (-10→-3=0.71×1) |
| 301181 | 56 | 3.09 | 2 | 0.63~1.30 | (-1→-29=0.68×5) (3→-7=1.30×1) (6→4=0.71×2) (7→-17=0.71×3) (-2→-29=1.29×1) |
| 301192 | 54 | 3.31 | 2 | 0.63~1.30 | (-1→-29=0.68×5) (3→-7=1.30×1) (7→-17=0.71×3) (-2→-29=1.29×1) (-10→-3=0.71×1) |
| 301202 | 52 | 2.71 | 2 | 0.65~1.29 | (-1→-29=0.69×3) (-2→-29=1.29×1) (-10→-3=0.71×1) (6→4=0.71×1) (-2→-23=0.72×1) |
| 301212 | 54 | 2.87 | 2 | 0.65~1.29 | (-1→-29=0.69×3) (12→-28=0.70×1) (7→-14=0.71×1) (-2→-29=1.29×1) (-10→-3=0.71×1) |
| 301223 | 54 | 2.57 | 2 | 0.65~1.29 | (-1→-29=0.65×1) (12→-28=0.70×1) (7→-14=0.71×1) (-2→-29=1.29×1) (-10→-3=0.71×1) |
| 301233 | 56 | 2.25 | 2 | 0.68~1.29 | (12→-28=0.70×1) (7→-14=0.71×1) (-10→-3=0.71×1) (-2→-29=1.28×2) (-24→-26=0.72×1) |
| 301243 | 57 | 2.25 | 2 | 0.68~1.29 | (12→-28=0.70×1) (13→-29=0.71×1) (7→-14=0.71×1) (-10→-3=0.71×1) (-2→-29=1.28×2) |
| 301254 | 57 | 2.44 | 2 | 0.68~1.29 | (12→-28=0.70×1) (13→-29=0.71×1) (7→-14=0.71×1) (-10→-3=0.71×1) (-2→-29=1.28×3) |
| 301264 | 63 | 3.40 | 2 | 0.62~1.40 | (4→7=0.65×4) (12→-28=0.70×1) (13→-29=0.71×1) (-19→-6=0.71×1) (7→-14=0.71×1) |
| 301274 | 59 | 3.17 | 2 | 0.62~1.40 | (4→7=0.65×2) (-2→-29=1.30×4) (12→-28=0.70×1) (13→-29=0.71×1) (-19→-6=0.71×1) |
| 301285 | 59 | 3.24 | 2 | 0.62~1.40 | (4→7=0.62×1) (-2→-29=1.32×3) (12→-28=0.70×1) (13→-29=0.71×1) (-19→-6=0.71×1) |
| 301295 | 57 | 3.04 | 2 | 0.62~1.40 | (4→7=0.62×1) (-2→-29=1.34×2) (-19→-6=0.71×1) (-10→-3=0.71×1) (20→17=1.28×1) |
| 301305 | 55 | 2.58 | 2 | 0.68~1.28 | (-10→-3=0.71×1) (20→17=1.28×1) (23→7=1.28×1) (-24→-26=0.72×1) (-23→5=1.28×1) |
| 301316 | 55 | 2.58 | 2 | 0.68~1.30 | (-10→-3=0.71×1) (20→17=1.28×1) (23→7=1.28×1) (-24→-26=0.72×1) (-23→5=1.28×1) |
| 301326 | 50 | 2.40 | 2 | 0.68~1.30 | (-5→-22=1.30×1) (-10→-3=0.71×1) (20→17=1.28×1) (23→7=1.28×1) (-24→-26=0.72×1) |
| 301336 | 53 | 2.34 | 2 | 0.68~1.30 | (-5→-22=1.30×1) (-10→-3=0.71×1) (20→17=1.28×1) (23→7=1.28×1) (-24→-26=0.72×1) |
| 301347 | 50 | 2.16 | 2 | 0.68~1.30 | (-5→-22=1.30×1) (-10→-3=0.71×1) (20→17=1.28×1) (-24→-26=0.72×1) (-2→-29=1.28×1) |
| 301357 | 53 | 1.92 | 2 | 0.68~1.30 | (-5→-22=1.30×1) (20→17=1.28×1) (-11→-1=0.72×3) (-24→-26=0.72×1) (-19→18=0.72×1) |
| 301367 | 52 | 1.81 | 2 | 0.68~1.30 | (-5→-22=1.30×1) (20→17=1.28×1) (-11→-1=0.72×3) (-24→-26=0.72×1) (-19→18=0.72×1) |
| 301378 | 51 | 1.82 | 2 | 0.68~1.30 | (-5→-22=1.30×1) (20→17=1.28×1) (-11→-1=0.72×3) (-24→-26=0.72×1) (-19→18=0.72×1) |
| 301388 | 52 | 1.67 | 2 | 0.68~1.30 | (-11→-1=0.68×2) (-5→-22=1.30×1) (20→17=1.28×1) (-24→-26=0.72×1) (-19→18=0.72×1) |
| 301398 | 53 | 1.64 | 2 | 0.68~1.28 | (-11→-1=0.68×2) (20→17=1.28×1) (-24→-26=0.72×1) (-19→18=0.72×1) (-2→-29=1.28×1) |
| 301409 | 54 | 1.61 | 2 | 0.68~1.28 | (-11→-1=0.68×2) (20→17=1.28×1) (-24→-26=0.72×1) (-19→18=0.72×1) (-2→-29=1.28×1) |
| 301419 | 51 | 1.63 | 2 | 0.68~1.28 | (-11→-1=0.68×2) (20→17=1.28×1) (-24→-26=0.72×1) (-19→18=0.72×1) (-2→-29=1.28×1) |
| 301429 | 50 | 1.34 | 2 | 0.68~1.28 | (-11→-1=0.68×1) (-24→-26=0.72×1) (-19→18=0.72×1) (-2→-29=1.28×1) (-6→15=0.73×1) |
| 301440 | 52 | 1.25 | 2 | 0.68~1.28 | (-11→-1=0.68×1) (-24→-26=0.72×1) (-19→18=0.72×1) (-2→-29=1.28×1) (-6→15=0.73×1) |
| 301450 | 50 | 1.24 | 2 | 0.68~1.28 | (-11→-1=0.68×1) (-24→-26=0.72×1) (-19→18=0.72×1) (-2→-29=1.28×1) (-6→15=0.73×1) |
| 301460 | 55 | 1.40 | 2 | 0.68~1.28 | (-11→-1=0.68×1) (-24→-26=0.72×1) (-19→18=0.72×1) (-2→-29=1.28×1) (-6→15=0.73×1) |
| 301471 | 57 | 1.42 | 2 | 0.68~1.28 | (-11→-1=0.68×1) (-24→-26=0.72×1) (-19→18=0.72×1) (-2→-29=1.28×1) (-6→15=0.73×1) |
| 301481 | 55 | 1.33 | 2 | 0.68~1.28 | (-11→-1=0.68×1) (-24→-26=0.72×1) (-19→18=0.72×1) (-2→-29=1.28×1) (-6→15=0.73×1) |
| 301491 | 52 | 1.42 | 2 | 0.68~1.28 | (-11→-1=0.68×1) (-24→-26=0.72×1) (-2→-29=1.28×1) (9→-15=1.27×1) (-11→28=0.73×1) |
| 301502 | 51 | 1.22 | 2 | 0.68~1.28 | (-11→-1=0.68×1) (-24→-26=0.72×1) (-2→-29=1.28×1) (2→-2=0.73×1) (15→31=0.73×1) |
| 301512 | 51 | 1.04 | 2 | 0.68~1.27 | (-11→-1=0.68×1) (15→31=0.73×1) (9→-15=1.27×1) (-11→28=0.73×1) (-3→-9=1.25×4) |
| 301522 | 51 | 0.90 | 1 | 0.72~1.27 | (9→-15=1.27×1) (15→31=0.74×2) (-3→-9=1.26×3) (-1→-18=1.25×1) (7→4=0.76×1) |
| 301533 | 51 | 0.80 | 1 | 0.73~1.27 | (9→-15=1.27×1) (15→31=0.74×2) (-3→-9=1.26×2) (-1→-18=1.25×1) (-18→-27=0.76×2) |
| 301543 | 49 | 0.76 | 1 | 0.73~1.27 | (9→-15=1.27×1) (-3→-9=1.26×2) (-1→-18=1.25×1) (-18→-27=0.76×2) (14→-24=0.76×1) |
| 301553 | 50 | 0.82 | 1 | 0.73~1.28 | (23→29=1.28×1) (9→-15=1.27×1) (-3→-9=1.26×2) (-1→-18=1.25×1) (-18→-27=0.76×2) |
| 301564 | 54 | 0.93 | 1 | 0.73~1.28 | (23→29=1.28×1) (18→-30=0.74×2) (-3→-9=1.26×2) (-1→-18=1.25×1) (-18→-27=0.76×2) |
| 301574 | 55 | 0.89 | 1 | 0.73~1.30 | (-4→-9=1.30×1) (23→29=1.28×1) (18→-30=0.74×2) (-3→-9=1.26×2) (9→-28=1.26×1) |
| 301584 | 58 | 1.10 | 1 | 0.71~1.30 | (1→-30=0.71×1) (-4→-9=1.29×2) (23→29=1.28×1) (-19→11=1.26×1) (-3→-9=1.26×2) |
| 301595 | 57 | 1.12 | 1 | 0.71~1.30 | (1→-30=0.71×1) (-4→-9=1.29×2) (23→29=1.28×1) (-18→-27=0.73×1) (-19→11=1.26×1) |
| 301605 | 53 | 1.08 | 1 | 0.71~1.30 | (1→-30=0.71×1) (-4→-9=1.29×2) (23→29=1.28×1) (-18→-27=0.73×1) (-19→11=1.26×1) |
| 301615 | 51 | 1.12 | 1 | 0.71~1.29 | (1→-30=0.71×1) (-4→-9=1.29×1) (23→29=1.28×1) (-18→-27=0.73×1) (-10→6=0.73×2) |
| 301626 | 50 | 1.10 | 1 | 0.71~1.29 | (1→-30=0.71×1) (-7→1=1.29×1) (-4→-9=1.29×1) (23→29=1.28×1) (-18→-27=0.73×1) |
| 301636 | 53 | 1.40 | 2 | 0.71~1.29 | (10→-28=0.71×1) (-7→1=1.29×1) (23→29=1.28×1) (-18→-27=0.73×1) (-17→8=0.73×1) |
| 301646 | 54 | 1.37 | 2 | 0.71~1.29 | (-15→13=0.71×1) (10→-28=0.71×1) (-7→1=1.29×1) (23→29=1.28×1) (-18→-27=0.73×1) |
| 301657 | 51 | 1.47 | 2 | 0.71~1.29 | (-15→13=0.71×1) (-7→1=1.29×1) (23→29=1.28×1) (-18→-27=0.73×1) (-17→8=0.74×2) |
| 301667 | 50 | 1.34 | 2 | 0.71~1.30 | (20→30=1.30×1) (-15→13=0.71×2) (-7→1=1.29×1) (23→29=1.28×1) (-18→-27=0.73×1) |
| 301677 | 50 | 1.18 | 1 | 0.72~1.30 | (20→30=1.30×1) (-7→1=1.29×1) (-15→13=0.72×1) (23→29=1.28×1) (-10→6=0.73×1) |
| 301688 | 52 | 0.98 | 1 | 0.73~1.29 | (-7→1=1.29×1) (-23→13=1.29×1) (23→29=1.28×1) (-18→-27=0.73×1) (-19→15=0.73×1) |
| 301698 | 52 | 0.87 | 1 | 0.73~1.29 | (-7→1=1.29×1) (-23→13=1.29×1) (23→29=1.28×1) (-19→15=0.73×1) (-8→22=1.27×1) |
| 301708 | 53 | 0.92 | 1 | 0.73~1.29 | (-7→1=1.29×1) (-23→13=1.29×1) (23→29=1.28×1) (-19→15=0.73×1) (-8→22=1.27×1) |
| 301719 | 50 | 0.70 | 1 | 0.74~1.29 | (-7→1=1.29×1) (-23→13=1.29×1) (23→29=1.28×1) (-10→-25=0.74×1) (7→-7=1.25×1) |
| 301729 | 54 | 0.94 | 1 | 0.74~1.29 | (-7→1=1.29×1) (-23→13=1.29×1) (-18→12=1.29×1) (23→29=1.28×1) (18→-26=1.27×1) |
| 301739 | 52 | 0.92 | 1 | 0.74~1.29 | (18→-28=1.29×1) (-7→1=1.29×1) (-23→13=1.29×1) (-18→12=1.29×1) (23→29=1.28×1) |
| 301750 | 54 | 0.98 | 1 | 0.74~1.29 | (18→-28=1.29×1) (-7→1=1.29×1) (-23→13=1.29×1) (-18→12=1.29×1) (23→29=1.28×1) |
| 301760 | 56 | 0.95 | 1 | 0.70~1.29 | (-13→-31=0.70×1) (18→-28=1.29×1) (-7→1=1.29×1) (-23→13=1.29×1) (-18→12=1.29×1) |
| 301770 | 60 | 1.12 | 2 | 0.70~1.29 | (-13→-31=0.70×1) (19→-26=0.71×1) (-7→1=1.29×1) (-23→13=1.29×1) (-18→12=1.29×1) |
| 301781 | 57 | 1.00 | 1 | 0.70~1.29 | (-13→-31=0.70×1) (-7→1=1.29×1) (-23→13=1.29×1) (-18→12=1.29×1) (23→29=1.28×1) |
| 301791 | 58 | 1.36 | 2 | 0.70~1.29 | (-13→-31=0.70×1) (-7→1=1.29×1) (-23→13=1.29×1) (-18→12=1.29×1) (23→29=1.28×1) |
| 301801 | 54 | 1.35 | 2 | 0.70~1.29 | (-13→-31=0.70×1) (18→-28=1.29×1) (-7→1=1.29×1) (-23→13=1.29×1) (-18→12=1.29×1) |
| 301812 | 52 | 1.50 | 2 | 0.70~1.29 | (-13→-31=0.70×1) (18→-28=1.29×1) (-18→12=1.29×1) (3→-13=1.27×1) (-6→5=0.74×1) |
| 301822 | 49 | 1.33 | 2 | 0.70~1.29 | (-13→-31=0.70×1) (-24→-18=0.71×2) (18→-28=1.29×1) (-18→12=1.29×1) (3→-13=1.27×1) |
| 301832 | 51 | 1.33 | 2 | 0.70~1.29 | (-13→-31=0.70×1) (18→-28=1.29×1) (-24→-18=0.71×3) (-18→12=1.29×1) (10→20=1.28×1) |
| 301843 | 55 | 1.38 | 2 | 0.70~1.29 | (-13→-31=0.70×1) (18→-28=1.29×1) (-24→-18=0.71×3) (-18→12=1.29×1) (10→20=1.28×1) |
| 301853 | 57 | 1.70 | 2 | 0.70~1.47 | (-20→31=1.32×6) (18→-28=1.29×1) (-18→12=1.29×1) (-24→-18=0.71×5) (10→20=1.28×1) |
| 301863 | 54 | 1.54 | 2 | 0.70~1.47 | (-20→31=1.32×6) (23→-25=0.71×1) (18→-28=1.29×1) (-18→12=1.29×1) (-24→-18=0.71×5) |
| 301874 | 55 | 1.71 | 2 | 0.70~1.47 | (-20→31=1.32×6) (-11→15=1.29×1) (23→-25=0.71×1) (18→-28=1.29×1) (-18→12=1.29×1) |
| 301884 | 52 | 1.56 | 2 | 0.70~1.47 | (-20→31=1.32×6) (-11→15=1.29×1) (23→-25=0.71×1) (-24→-18=0.71×5) (10→20=1.28×1) |
| 301894 | 52 | 1.60 | 2 | 0.71~1.47 | (-20→31=1.33×6) (-11→15=1.29×1) (23→-25=0.71×1) (-24→-18=0.72×5) (-7→25=0.72×1) |
| 301905 | 50 | 1.72 | 2 | 0.71~1.47 | (-20→31=1.33×6) (-11→15=1.29×1) (23→-25=0.71×1) (-24→-18=0.72×5) (-7→25=0.72×1) |
| 301915 | 53 | 1.70 | 2 | 0.71~1.47 | (-20→31=1.34×5) (1→-7=1.30×1) (-11→15=1.29×1) (-24→-18=0.72×4) (-7→25=0.72×1) |
| 301925 | 52 | 1.50 | 2 | 0.71~1.47 | (-20→31=1.31×4) (1→-7=1.30×1) (-11→15=1.29×1) (-24→-18=0.72×4) (-7→25=0.72×1) |
| 301936 | 49 | 0.88 | 1 | 0.74~1.30 | (1→-7=1.30×1) (-19→20=1.28×1) (10→5=1.26×1) (3→-12=0.74×1) (-13→23=1.24×2) |
| 301946 | 54 | 0.91 | 1 | 0.72~1.30 | (1→-7=1.30×1) (1→10=1.29×1) (19→-9=0.72×1) (-19→20=1.28×1) (1→13=1.27×1) |
| 301956 | 52 | 0.77 | 1 | 0.72~1.30 | (1→-7=1.30×1) (1→10=1.29×1) (19→-9=0.72×1) (-19→20=1.28×1) (1→13=1.27×1) |
| 301967 | 54 | 0.87 | 1 | 0.71~1.30 | (1→-7=1.30×1) (24→-16=0.71×1) (1→10=1.29×1) (19→-9=0.72×1) (-19→20=1.28×1) |
| 301977 | 50 | 0.92 | 1 | 0.71~1.30 | (1→-7=1.30×1) (24→-16=0.71×1) (1→10=1.29×1) (19→-9=0.72×1) (-19→20=1.28×1) |
| 301987 | 54 | 0.93 | 2 | 0.71~1.30 | (24→-16=0.71×1) (1→10=1.29×1) (19→-9=0.72×1) (4→14=1.27×1) (1→13=1.27×1) |
| 301998 | 51 | 0.88 | 2 | 0.71~1.30 | (24→-16=0.71×1) (1→10=1.29×1) (19→-9=0.72×1) (23→-9=0.72×1) (4→14=1.27×1) |
| 302008 | 51 | 0.92 | 2 | 0.71~1.30 | (24→-16=0.71×1) (1→10=1.29×1) (19→-9=0.72×1) (23→-9=0.72×1) (4→14=1.27×1) |
| 302018 | 50 | 0.92 | 2 | 0.72~1.42 | (4→14=1.35×2) (1→10=1.29×1) (19→-9=0.72×1) (1→13=1.27×1) (-16→4=1.27×1) |
| 302029 | 51 | 0.80 | 1 | 0.74~1.42 | (4→14=1.35×2) (1→10=1.29×1) (1→13=1.27×1) (18→-11=0.74×1) (-15→-18=1.26×1) |
| 302039 | 50 | 0.62 | 1 | 0.74~1.42 | (4→14=1.32×3) (1→10=1.29×1) (10→-7=1.27×1) (1→13=1.27×1) (18→-11=0.74×1) |
| 302049 | 50 | 0.70 | 1 | 0.73~1.42 | (4→14=1.32×3) (1→10=1.29×1) (10→-7=1.27×1) (-9→12=0.73×1) (18→-11=0.74×1) |
| 302060 | 50 | 0.80 | 1 | 0.71~1.42 | (4→14=1.32×3) (-11→-7=0.71×1) (1→10=1.29×1) (10→-7=1.27×1) (-9→12=0.73×1) |
| 302070 | 49 | 0.69 | 1 | 0.71~1.42 | (4→14=1.32×3) (-11→-7=0.71×1) (-20→3=1.28×1) (-9→12=0.73×1) (18→-11=0.74×1) |
| 302080 | 55 | 0.75 | 1 | 0.71~1.42 | (4→14=1.32×3) (-11→-7=0.71×1) (16→22=0.71×1) (-20→3=1.28×1) (-9→12=0.73×1) |
| 302091 | 55 | 0.71 | 1 | 0.71~1.42 | (4→14=1.32×3) (-11→-7=0.71×1) (16→22=0.71×1) (-20→3=1.28×1) (-9→12=0.73×1) |
| 302101 | 54 | 0.69 | 1 | 0.71~1.42 | (4→14=1.32×3) (16→22=0.71×1) (-20→3=1.28×1) (-9→12=0.73×1) (14→-15=0.74×1) |
| 302111 | 54 | 0.91 | 2 | 0.71~1.42 | (4→14=1.32×3) (16→22=0.71×1) (-20→3=1.28×1) (-9→12=0.73×1) (2→-18=0.73×1) |
| 302122 | 52 | 0.85 | 2 | 0.71~1.27 | (-22→-4=0.71×1) (16→22=0.71×1) (6→17=0.71×1) (-9→12=0.73×1) (4→14=1.27×2) |
| 302132 | 51 | 0.76 | 2 | 0.71~1.27 | (-22→-4=0.71×1) (16→22=0.71×1) (6→17=0.71×1) (4→14=1.27×1) (2→-18=0.73×1) |
| 302142 | 50 | 0.78 | 2 | 0.71~1.27 | (16→22=0.71×1) (4→14=1.27×1) (2→-18=0.73×1) (13→-26=0.74×1) (18→-11=0.74×1) |
| 302153 | 50 | 0.66 | 2 | 0.73~1.27 | (4→14=1.27×1) (2→-18=0.73×1) (13→-26=0.74×1) (18→-11=0.74×1) (-15→-18=1.26×1) |
| 302163 | 51 | 0.65 | 2 | 0.70~1.28 | (-1→-18=0.70×1) (-2→7=1.28×1) (4→14=1.27×1) (-5→11=1.27×1) (22→-26=0.73×1) |
| 302173 | 51 | 0.59 | 2 | 0.70~1.28 | (-1→-18=0.70×1) (-2→7=1.28×1) (4→14=1.27×1) (-5→11=1.27×1) (22→-26=0.73×1) |
| 302184 | 52 | 0.63 | 2 | 0.70~1.29 | (-6→11=0.70×1) (-1→-18=0.70×1) (-15→-2=1.29×1) (-2→7=1.28×1) (4→14=1.27×1) |
| 302194 | 53 | 0.55 | 1 | 0.70~1.29 | (-6→11=0.70×1) (-1→-18=0.70×1) (-15→-2=1.29×1) (-2→7=1.28×1) (4→14=1.27×1) |
| 302204 | 53 | 0.64 | 1 | 0.70~1.29 | (-6→11=0.70×1) (-1→-18=0.70×1) (-15→-2=1.29×1) (22→26=1.28×1) (-2→7=1.28×1) |
| 302215 | 54 | 0.65 | 1 | 0.70~1.29 | (-6→11=0.70×1) (-1→-18=0.70×1) (-15→-2=1.29×1) (22→26=1.28×1) (-2→7=1.28×1) |
| 302225 | 57 | 0.88 | 1 | 0.70~1.29 | (-6→11=0.70×1) (-1→-18=0.70×1) (-15→-2=1.29×1) (-10→12=0.71×1) (22→26=1.28×1) |
| 302235 | 57 | 0.89 | 1 | 0.70~1.29 | (-6→11=0.70×1) (-1→-18=0.70×1) (-15→-2=1.29×1) (22→26=1.28×1) (-10→12=0.72×2) |
| 302246 | 60 | 0.98 | 1 | 0.70~1.29 | (-6→11=0.70×1) (-1→-18=0.70×1) (-15→-2=1.29×1) (-10→12=0.72×2) (-2→7=1.28×1) |
| 302256 | 59 | 0.95 | 1 | 0.70~1.29 | (-6→11=0.70×1) (-15→-2=1.29×1) (-14→-3=0.71×1) (-10→12=0.72×2) (23→-28=1.26×1) |
| 302266 | 54 | 0.87 | 1 | 0.71~1.28 | (-10→-7=0.72×1) (-10→12=0.72×2) (-10→-19=0.73×1) (23→-28=1.26×1) (10→21=0.74×1) |
| 302277 | 51 | 0.80 | 1 | 0.71~1.26 | (-10→-7=0.72×1) (-10→12=0.72×2) (-10→-19=0.73×1) (23→-28=1.26×1) (10→21=0.74×1) |
| 302287 | 52 | 0.90 | 1 | 0.71~1.26 | (-10→-7=0.72×1) (-10→12=0.72×2) (-20→30=0.73×1) (-7→11=0.73×1) (-10→-19=0.73×1) |
| 302297 | 52 | 0.96 | 2 | 0.70~1.26 | (-20→30=0.71×2) (-10→-7=0.72×1) (-10→12=0.72×2) (-7→11=0.73×1) (-24→9=0.73×1) |
| 302308 | 55 | 0.96 | 2 | 0.70~1.28 | (-20→30=0.71×2) (-10→-7=0.72×1) (-10→12=0.72×2) (-6→-2=1.28×1) (-7→11=0.73×1) |
| 302318 | 52 | 0.79 | 2 | 0.70~1.28 | (-10→12=0.71×1) (-20→30=0.71×2) (-10→-7=0.72×1) (-6→-2=1.28×1) (-7→11=0.73×1) |
| 302328 | 53 | 0.87 | 2 | 0.70~1.28 | (-20→-3=0.70×1) (-10→12=0.71×1) (-20→30=0.71×2) (6→-30=1.28×1) (-6→-2=1.28×1) |
| 302339 | 50 | 0.60 | 1 | 0.70~1.28 | (-20→-3=0.70×1) (-10→12=0.71×1) (6→-30=1.28×1) (-6→-2=1.28×1) (-20→30=0.73×1) |
| 302349 | 52 | 0.63 | 1 | 0.70~1.28 | (-20→-3=0.70×1) (-10→12=0.71×1) (6→-30=1.28×1) (-6→-2=1.28×1) (-20→30=0.73×1) |
| 302359 | 51 | 0.69 | 1 | 0.70~1.28 | (-20→-3=0.70×1) (18→-25=0.71×1) (-10→12=0.71×1) (6→-30=1.28×1) (-6→-2=1.28×1) |
| 302370 | 52 | 0.63 | 1 | 0.70~1.28 | (-20→-3=0.70×1) (18→-25=0.71×1) (-10→12=0.72×2) (2→11=1.28×1) (6→-30=1.28×1) |
| 302380 | 50 | 0.78 | 1 | 0.71~1.28 | (1→29=0.71×1) (-3→-2=0.71×1) (18→-25=0.71×1) (-10→12=0.72×2) (2→11=1.28×1) |
| 302390 | 53 | 0.94 | 1 | 0.71~1.28 | (-10→12=0.72×3) (2→11=1.28×1) (6→-30=1.28×1) (-22→12=1.27×2) (-24→9=0.73×1) |
| 302401 | 53 | 1.11 | 1 | 0.71~1.28 | (-10→12=0.72×3) (2→11=1.28×1) (6→-30=1.28×1) (1→29=0.73×4) (-22→12=1.27×2) |
| 302411 | 51 | 1.08 | 1 | 0.71~1.28 | (2→11=1.28×1) (-10→12=0.73×4) (1→29=0.73×5) (-22→12=1.27×2) (-5→8=1.27×1) |
| 302421 | 50 | 1.12 | 1 | 0.71~1.28 | (-15→1=1.28×2) (-22→12=1.28×1) (-10→12=0.73×4) (1→29=0.73×3) (-5→8=1.27×1) |
| 302432 | 53 | 1.17 | 1 | 0.71~1.38 | (-15→1=1.28×2) (1→29=0.72×2) (12→23=0.72×1) (24→-9=1.27×4) (-5→8=1.27×1) |
| 302442 | 58 | 1.24 | 1 | 0.71~1.38 | (13→27=1.30×1) (-15→1=1.28×2) (1→29=0.72×2) (12→23=0.72×1) (24→-9=1.27×4) |
| 302452 | 56 | 1.09 | 1 | 0.71~1.38 | (13→27=1.30×1) (1→29=0.72×2) (12→23=0.72×1) (24→-9=1.27×4) (-5→8=1.27×1) |
| 302463 | 54 | 1.02 | 1 | 0.72~1.38 | (24→-9=1.32×2) (13→27=1.30×1) (12→23=0.72×1) (-5→8=1.27×1) (2→11=1.27×3) |
| 302473 | 52 | 1.00 | 1 | 0.72~1.38 | (24→-9=1.32×2) (13→27=1.30×1) (12→23=0.72×1) (2→11=1.27×2) (-12→-21=1.27×1) |
| 302483 | 56 | 1.12 | 1 | 0.72~1.38 | (24→-9=1.32×2) (13→27=1.30×1) (4→-17=1.29×1) (2→11=1.28×1) (12→23=0.72×1) |
| 302494 | 55 | 1.11 | 1 | 0.72~1.38 | (24→-9=1.32×2) (13→27=1.30×1) (-22→-9=1.29×1) (4→-17=1.29×1) (12→23=0.72×1) |
| 302504 | 55 | 1.25 | 1 | 0.72~1.38 | (24→-9=1.32×2) (13→27=1.30×1) (-22→-9=1.29×1) (16→-25=1.29×1) (4→-17=1.29×1) |
| 302514 | 57 | 1.21 | 1 | 0.72~1.38 | (24→-9=1.32×2) (13→27=1.30×1) (-22→-9=1.29×1) (16→-25=1.29×1) (4→-17=1.29×1) |
| 302525 | 64 | 1.77 | 3 | 0.70~1.38 | (24→-9=1.32×2) (13→27=1.30×1) (-22→-9=1.29×1) (16→-25=1.29×1) (4→-17=1.29×1) |
| 302535 | 62 | 2.69 | 3 | 0.68~1.41 | (9→8=1.34×2) (24→-9=1.32×2) (13→27=1.30×1) (-13→6=0.71×5) (-22→-9=1.29×1) |
| 302545 | 63 | 2.76 | 3 | 0.68~1.41 | (9→8=1.34×2) (24→-9=1.32×2) (13→27=1.30×1) (-13→6=0.71×5) (-22→-9=1.29×1) |
| 302556 | 62 | 3.81 | 3 | 0.65~1.41 | (9→8=1.34×2) (-22→18=0.68×3) (13→27=1.30×1) (-22→-9=1.29×1) (1→-6=1.29×1) |
| 302566 | 64 | 4.30 | 3 | 0.65~1.36 | (-22→18=0.68×3) (13→27=1.30×1) (-22→-9=1.29×1) (1→-6=1.29×1) (16→-25=1.29×1) |
| 302576 | 68 | 4.78 | 3 | 0.65~1.36 | (-22→18=0.69×4) (-22→-9=1.29×1) (1→-6=1.29×1) (16→-25=1.29×1) (4→-17=1.29×1) |
| 302587 | 68 | 5.46 | 3 | 0.65~1.49 | (-22→18=0.69×4) (-22→-9=1.29×1) (1→-6=1.29×1) (16→-25=1.29×1) (15→-26=0.71×2) |
| 302597 | 68 | 5.07 | 3 | 0.65~1.49 | (-22→18=0.70×3) (-22→-9=1.29×1) (16→-25=1.29×1) (15→-26=0.71×2) (-6→28=1.28×2) |
| 302607 | 63 | 4.46 | 3 | 0.65~1.49 | (-22→18=0.70×3) (-4→1=1.30×4) (16→-25=1.29×1) (15→-26=0.71×2) (-6→28=1.28×2) |
| 302618 | 58 | 3.88 | 3 | 0.68~1.49 | (-4→1=1.30×4) (16→-25=1.29×1) (15→-26=0.71×2) (-6→28=1.28×2) (13→13=0.72×4) |
| 302628 | 53 | 3.08 | 3 | 0.68~1.29 | (16→-25=1.29×1) (13→13=0.72×4) (6→27=0.72×1) (-13→6=0.73×6) (5→24=1.27×1) |
| 302638 | 50 | 2.58 | 3 | 0.68~1.29 | (16→-25=1.29×1) (13→13=0.72×4) (6→27=0.72×1) (5→24=1.27×1) (-19→5=0.73×1) |
| 302649 | 51 | 2.10 | 3 | 0.68~1.29 | (16→-25=1.29×1) (13→13=0.72×3) (2→10=0.72×1) (6→27=0.72×1) (-13→6=0.73×4) |
| 302659 | 50 | 1.56 | 3 | 0.68~1.26 | (-13→6=0.71×2) (7→9=0.72×1) (13→13=0.72×1) (6→-29=1.26×1) (-18→-31=0.74×1) |
| 302669 | 50 | 0.92 | 2 | 0.72~1.28 | (7→9=0.72×1) (23→-15=1.28×1) (4→7=0.74×1) (6→-29=1.26×1) (-18→-31=0.74×1) |
| 302680 | 50 | 0.96 | 2 | 0.70~1.28 | (20→11=0.70×1) (-6→18=0.71×1) (7→9=0.72×1) (23→-15=1.28×1) (4→7=0.74×1) |
| 302690 | 52 | 0.96 | 1 | 0.70~1.28 | (20→11=0.70×1) (-6→18=0.71×1) (7→9=0.72×1) (-19→-23=1.27×1) (23→-15=1.27×2) |
| 302700 | 51 | 0.94 | 1 | 0.70~1.27 | (20→11=0.70×1) (-6→18=0.71×1) (7→9=0.72×1) (-19→-23=1.26×2) (7→-8=1.26×1) |
| 302711 | 53 | 1.06 | 1 | 0.70~1.27 | (20→11=0.70×1) (-1→22=0.70×1) (-6→18=0.71×1) (7→9=0.72×1) (-19→-23=1.26×2) |
| 302721 | 51 | 0.96 | 1 | 0.70~1.26 | (20→11=0.70×1) (-1→22=0.70×1) (-6→18=0.71×1) (7→9=0.72×1) (7→-8=1.26×1) |
| 302731 | 50 | 1.04 | 1 | 0.70~1.26 | (20→11=0.70×1) (-1→22=0.70×1) (-6→18=0.71×1) (7→9=0.72×1) (7→-8=1.26×1) |
| 302742 | 49 | 0.90 | 1 | 0.70~1.26 | (-1→22=0.70×1) (-6→18=0.71×1) (7→9=0.72×1) (-19→-23=1.26×1) (6→-29=1.26×1) |
| 302752 | 52 | 0.58 | 1 | 0.69~1.26 | (-6→18=0.71×1) (7→9=0.72×1) (-3→24=0.72×2) (-19→-23=1.26×1) (-24→12=0.76×1) |
| 302762 | 51 | 0.41 | 1 | 0.69~1.24 | (-6→18=0.71×1) (-3→24=0.72×2) (-24→12=0.76×1) (22→12=1.24×1) (-4→-15=0.76×1) |
| 302773 | 55 | 0.47 | 1 | 0.69~1.24 | (23→26=0.71×1) (-6→18=0.71×1) (-3→24=0.73×3) (22→12=1.24×1) (11→27=0.76×1) |
| 302783 | 58 | 0.67 | 1 | 0.69~1.24 | (23→26=0.71×1) (-6→18=0.71×1) (-6→-13=0.72×1) (-3→24=0.73×3) (11→4=0.74×1) |
| 302793 | 58 | 0.66 | 1 | 0.69~1.25 | (23→26=0.71×1) (-6→18=0.71×1) (-6→-13=0.72×1) (-3→24=0.72×2) (11→4=0.74×1) |
| 302804 | 57 | 0.65 | 1 | 0.69~1.25 | (23→26=0.71×1) (-6→-13=0.72×1) (-3→24=0.72×2) (11→4=0.74×1) (1→-20=1.25×1) |
| 302814 | 56 | 0.52 | 1 | 0.69~1.25 | (-3→24=0.69×1) (23→26=0.71×1) (-6→-13=0.72×1) (11→4=0.74×1) (1→-20=1.25×1) |
| 302824 | 57 | 0.51 | 1 | 0.69~1.29 | (-3→24=0.69×1) (-17→-27=1.29×1) (-6→-13=0.72×1) (11→4=0.74×1) (1→-20=1.25×1) |
| 302835 | 56 | 0.52 | 1 | 0.69~1.29 | (-3→24=0.69×1) (-17→-27=1.29×1) (-6→-13=0.72×1) (11→4=0.74×1) (11→27=0.76×1) |
| 302845 | 54 | 0.46 | 1 | 0.72~1.29 | (-17→-27=1.29×1) (-6→-13=0.72×1) (11→4=0.74×1) (11→27=0.76×1) (22→-12=0.76×1) |
| 302855 | 50 | 0.40 | 1 | 0.72~1.29 | (-17→-27=1.29×1) (-6→-13=0.72×1) (11→4=0.74×1) (22→-12=0.76×1) (15→-18=1.23×1) |
| 302866 | 50 | 0.38 | 1 | 0.72~1.29 | (-17→-27=1.29×1) (-6→-13=0.72×1) (11→4=0.74×1) (22→-12=0.76×1) (15→-18=1.23×1) |
| 302876 | 53 | 0.36 | 1 | 0.72~1.29 | (-17→-27=1.29×1) (-6→-13=0.72×1) (11→4=0.74×1) (22→-12=0.76×1) (15→-18=1.23×1) |
| 302886 | 54 | 0.39 | 1 | 0.72~1.29 | (-17→-27=1.29×1) (-6→-13=0.72×1) (11→4=0.74×1) (22→-12=0.76×1) (15→-18=1.23×1) |
| 302897 | 55 | 0.42 | 1 | 0.72~1.29 | (-17→-27=1.29×1) (-11→-31=1.28×1) (-6→-13=0.72×1) (15→-1=0.73×1) (11→4=0.74×1) |
| 302907 | 51 | 0.37 | 1 | 0.72~1.28 | (-11→-31=1.28×1) (-6→-13=0.72×1) (15→-1=0.73×1) (11→4=0.74×1) (-15→-2=0.76×1) |
| 302917 | 53 | 0.47 | 1 | 0.72~1.28 | (-11→-31=1.28×1) (-6→-13=0.72×1) (15→-1=0.73×1) (11→4=0.74×1) (-15→-2=0.76×1) |
| 302928 | 52 | 0.50 | 1 | 0.72~1.28 | (-11→-31=1.28×1) (-6→-13=0.72×1) (15→-1=0.73×1) (11→4=0.74×1) (-15→-2=0.76×1) |
| 302938 | 58 | 0.83 | 2 | 0.73~1.28 | (-11→-31=1.28×1) (15→-1=0.73×1) (1→-12=1.25×2) (9→15=1.25×1) (-15→-2=0.76×1) |
| 302948 | 59 | 0.76 | 2 | 0.73~1.28 | (-11→-31=1.28×1) (15→-1=0.73×1) (1→-12=1.26×1) (9→15=1.25×1) (-15→-2=0.76×1) |
| 302959 | 60 | 0.82 | 2 | 0.73~1.28 | (-11→-31=1.28×1) (15→-1=0.73×1) (1→-12=1.26×1) (9→15=1.25×1) (-5→22=0.76×1) |
| 302969 | 61 | 0.80 | 1 | 0.73~1.28 | (-11→-31=1.28×1) (15→-1=0.73×1) (1→-12=1.26×1) (9→15=1.25×1) (-5→22=0.76×1) |
| 302979 | 62 | 0.81 | 1 | 0.73~1.28 | (-11→-31=1.28×1) (15→-1=0.73×1) (1→-12=1.26×1) (9→15=1.25×1) (-5→22=0.76×1) |
| 302990 | 64 | 0.84 | 1 | 0.73~1.28 | (-11→-31=1.28×1) (15→-1=0.73×1) (18→9=0.74×1) (9→15=1.25×1) (-5→22=0.76×1) |
| 303000 | 60 | 0.72 | 1 | 0.73~1.28 | (-11→-31=1.28×1) (15→-1=0.73×1) (18→9=0.74×1) (9→15=1.25×1) (-15→-2=0.76×1) |
| 303010 | 55 | 0.93 | 1 | 0.71~1.28 | (10→-5=0.71×1) (-11→-31=1.28×1) (15→-1=0.73×1) (24→15=1.26×1) (18→9=0.74×1) |
| 303021 | 52 | 0.94 | 1 | 0.71~1.28 | (10→-5=0.71×1) (-11→-31=1.28×1) (15→-1=0.73×1) (24→15=1.26×1) (18→9=0.74×1) |
| 303031 | 51 | 0.80 | 1 | 0.71~1.30 | (-20→-26=1.30×1) (10→-5=0.71×1) (-16→-23=1.29×1) (-11→-31=1.28×1) (24→15=1.26×1) |
| 303041 | 50 | 0.54 | 1 | 0.74~1.30 | (-20→-26=1.30×1) (-16→-23=1.29×1) (-11→-31=1.28×1) (24→15=1.26×1) (18→9=0.74×1) |
| 303052 | 53 | 0.72 | 1 | 0.74~1.30 | (-20→-26=1.30×1) (-16→-23=1.29×1) (-11→-31=1.28×1) (24→15=1.26×1) (18→9=0.74×1) |
| 303062 | 54 | 0.69 | 1 | 0.74~1.30 | (-20→-26=1.30×1) (-16→-23=1.29×1) (-11→-31=1.28×1) (24→15=1.26×1) (18→9=0.74×1) |
| 303072 | 52 | 0.65 | 1 | 0.81~1.30 | (-20→-26=1.30×1) (-16→-23=1.29×1) (12→-13=1.25×1) (8→-10=1.23×1) (7→-31=1.21×1) |
| 303083 | 51 | 0.53 | 1 | 0.81~1.25 | (12→-13=1.25×1) (7→-31=1.21×1) (-17→28=1.20×2) (19→5=0.81×1) (23→-28=0.82×1) |
| 303093 | 50 | 0.56 | 1 | 0.81~1.27 | (-21→-3=1.27×1) (12→-13=1.25×1) (7→-31=1.21×1) (19→5=0.81×1) (-17→28=1.19×1) |
| 303103 | 54 | 0.80 | 1 | 0.72~1.27 | (17→-6=0.72×1) (-21→-3=1.27×1) (12→-13=1.24×2) (7→-31=1.21×1) (7→17=0.79×1) |
| 303114 | 53 | 0.66 | 1 | 0.78~1.27 | (-21→-3=1.27×1) (12→-13=1.24×2) (7→-31=1.21×1) (7→17=0.79×1) (-19→3=0.79×2) |
| 303124 | 56 | 0.98 | 1 | 0.71~1.27 | (-21→-3=1.27×1) (5→26=0.75×1) (19→22=0.75×1) (21→16=0.76×1) (12→-13=1.24×3) |
| 303134 | 53 | 0.96 | 1 | 0.71~1.27 | (-21→-3=1.27×1) (5→26=0.75×1) (19→22=0.75×1) (21→16=0.76×1) (12→-13=1.24×3) |
| 303145 | 53 | 0.87 | 1 | 0.71~1.27 | (-21→-3=1.27×1) (19→22=0.75×1) (10→21=0.76×1) (21→16=0.76×1) (12→-13=1.24×3) |
| 303155 | 56 | 1.05 | 1 | 0.71~1.27 | (10→24=0.72×2) (-21→-3=1.27×1) (19→22=0.75×1) (10→21=0.76×1) (21→16=0.76×1) |
| 303165 | 52 | 0.90 | 1 | 0.71~1.27 | (19→24=0.71×1) (10→24=0.71×1) (-21→-3=1.27×1) (15→29=0.75×1) (19→22=0.75×1) |
| 303176 | 54 | 0.72 | 1 | 0.71~1.30 | (-13→-28=1.30×1) (-13→4=1.29×1) (19→24=0.71×1) (21→8=0.71×1) (10→24=0.71×1) |
| 303186 | 59 | 1.03 | 2 | 0.71~1.30 | (-13→-28=1.30×1) (-12→-14=1.30×1) (-13→4=1.29×1) (21→8=0.71×1) (11→-12=0.71×1) |
| 303196 | 55 | 0.69 | 1 | 0.71~1.30 | (-13→-28=1.30×1) (-13→4=1.29×1) (21→8=0.71×1) (11→-12=0.71×1) (10→24=0.72×2) |
| 303207 | 56 | 0.82 | 1 | 0.71~1.30 | (-13→-28=1.29×2) (11→-12=0.71×1) (10→24=0.72×2) (-22→-14=1.28×1) (16→-25=0.73×1) |
| 303217 | 53 | 0.83 | 1 | 0.73~1.30 | (-13→-28=1.29×2) (-22→-14=1.28×1) (16→-25=0.73×2) (-18→24=1.26×1) (-2→-12=1.26×1) |
| 303227 | 50 | 0.80 | 1 | 0.73~1.30 | (-13→-28=1.29×2) (-22→-14=1.28×1) (16→-25=0.73×2) (-18→24=1.26×1) (-7→16=0.75×1) |
| 303238 | 52 | 1.00 | 1 | 0.73~1.30 | (-13→-28=1.29×3) (-22→-14=1.28×1) (-1→-10=0.73×1) (16→-25=0.73×3) (-18→24=1.25×2) |
| 303248 | 52 | 1.08 | 1 | 0.73~1.29 | (-13→-28=1.28×2) (-22→-14=1.28×1) (-1→-10=0.73×1) (16→-25=0.73×3) (-20→-16=0.75×1) |
| 303258 | 52 | 1.10 | 1 | 0.73~1.29 | (-13→-28=1.28×2) (-1→-10=0.73×1) (16→-25=0.73×3) (-20→-16=0.75×1) (-18→24=1.25×3) |
| 303269 | 53 | 1.42 | 2 | 0.72~1.50 | (-18→24=1.31×4) (-13→-28=1.28×2) (-1→-10=0.73×1) (-17→-4=0.73×2) (16→-25=0.73×3) |
| 303279 | 51 | 1.25 | 2 | 0.72~1.29 | (-13→-28=1.28×2) (-17→-4=0.72×1) (-1→-10=0.73×1) (16→-25=0.73×3) (-20→-16=0.75×1) |
| 303289 | 55 | 1.45 | 2 | 0.72~1.29 | (-13→-28=1.28×2) (-17→-4=0.72×1) (-1→-10=0.73×1) (16→-25=0.73×3) (-18→24=1.25×3) |
| 303300 | 52 | 1.06 | 1 | 0.73~1.29 | (-13→-28=1.28×2) (-1→-10=0.73×1) (16→-25=0.73×3) (-18→24=1.26×1) (-13→7=0.75×1) |
| 303310 | 57 | 1.32 | 1 | 0.71~1.29 | (-23→-11=0.71×1) (8→-5=0.71×1) (-13→-28=1.28×2) (-1→-10=0.73×1) (16→-25=0.73×3) |
| 303320 | 58 | 1.33 | 1 | 0.71~1.29 | (-23→-11=0.71×1) (8→-5=0.71×1) (-13→-28=1.28×2) (-20→-28=0.72×1) (-16→-14=0.73×1) |
| 303331 | 60 | 1.48 | 2 | 0.71~1.29 | (-23→-11=0.71×1) (8→-5=0.71×1) (-13→-28=1.28×2) (-20→-28=0.72×1) (-16→-14=0.73×1) |
| 303341 | 54 | 0.87 | 1 | 0.72~1.29 | (-13→-28=1.29×1) (-20→-28=0.72×1) (-8→26=1.28×1) (16→-25=0.73×1) (-16→-14=0.73×1) |
| 303351 | 51 | 0.86 | 1 | 0.73~1.29 | (-13→-28=1.29×1) (-8→26=1.28×1) (16→-25=0.73×1) (-7→-2=0.74×1) (-18→24=1.26×1) |
| 303362 | 50 | 0.78 | 1 | 0.73~1.29 | (-13→-28=1.29×1) (-8→26=1.28×1) (16→-25=0.73×1) (-7→-2=0.74×1) (-18→24=1.26×1) |
| 303372 | 52 | 0.73 | 1 | 0.73~1.29 | (-13→-28=1.29×1) (-8→26=1.28×1) (16→-25=0.73×1) (-18→24=1.26×1) (-7→16=0.75×1) |
| 303382 | 53 | 0.91 | 1 | 0.71~1.29 | (-18→-18=0.71×1) (-13→-28=1.29×1) (-8→26=1.28×1) (16→-25=0.73×1) (-11→-25=0.73×1) |
| 303393 | 51 | 0.80 | 1 | 0.71~1.20 | (-18→-18=0.71×1) (-11→-25=0.73×1) (-13→7=0.75×1) (-8→12=0.76×1) (2→1=0.76×2) |
| 303403 | 51 | 0.71 | 1 | 0.74~1.28 | (5→-8=1.28×1) (-8→12=0.75×2) (-13→7=0.75×1) (-12→17=0.78×2) (-22→-17=0.79×1) |
| 303413 | 54 | 0.96 | 2 | 0.74~1.28 | (5→-8=1.28×1) (-13→11=1.26×1) (19→-7=1.26×2) (-8→12=0.75×2) (-13→7=0.75×1) |
| 303424 | 52 | 1.00 | 2 | 0.62~1.30 | (-8→12=0.69×2) (-15→24=1.30×1) (5→-8=1.28×1) (-4→10=1.28×1) (17→-11=0.74×1) |
| 303434 | 50 | 0.88 | 2 | 0.75~1.30 | (-15→24=1.30×1) (5→-8=1.28×1) (-4→10=1.28×1) (-13→11=1.26×1) (19→-7=1.26×2) |
| 303444 | 52 | 0.96 | 2 | 0.75~1.30 | (-15→24=1.30×1) (5→-8=1.28×1) (-4→10=1.28×1) (-2→-26=1.28×1) (-13→11=1.26×1) |
| 303455 | 50 | 1.00 | 2 | 0.75~1.30 | (-15→24=1.30×1) (5→-8=1.28×1) (-4→10=1.28×1) (-2→-26=1.28×1) (-13→11=1.26×1) |
| 303465 | 51 | 0.98 | 2 | 0.75~1.30 | (-15→24=1.30×1) (5→-8=1.28×1) (-4→10=1.28×1) (-2→-26=1.27×2) (-13→11=1.26×1) |
| 303475 | 52 | 0.75 | 1 | 0.73~1.30 | (-15→24=1.30×1) (-14→-27=1.29×1) (5→-8=1.28×1) (-4→10=1.28×1) (-2→-26=1.27×2) |
| 303486 | 51 | 0.75 | 1 | 0.73~1.30 | (-15→24=1.30×1) (-14→-27=1.29×1) (5→-8=1.28×1) (-4→10=1.28×1) (13→6=0.73×1) |
| 303496 | 53 | 0.77 | 1 | 0.73~1.30 | (-15→24=1.30×1) (-14→-27=1.29×1) (5→-8=1.28×1) (-4→10=1.28×1) (13→6=0.73×1) |
| 303506 | 51 | 0.73 | 1 | 0.73~1.30 | (-15→24=1.30×1) (-14→-27=1.29×1) (-4→10=1.28×1) (13→6=0.73×1) (-19→5=0.74×1) |
| 303517 | 51 | 0.75 | 1 | 0.74~1.30 | (-15→24=1.30×1) (-14→-27=1.29×1) (19→-16=1.29×1) (-4→10=1.28×1) (18→28=1.28×1) |
| 303527 | 53 | 0.75 | 1 | 0.70~1.29 | (-14→6=0.70×1) (-14→-27=1.29×1) (-10→-14=0.71×1) (19→-16=1.29×1) (-4→10=1.28×1) |
| 303537 | 55 | 0.87 | 1 | 0.70~1.29 | (-14→6=0.70×1) (-14→-27=1.29×1) (-10→-14=0.71×1) (19→-16=1.29×1) (-4→10=1.28×1) |
| 303548 | 52 | 0.79 | 1 | 0.70~1.29 | (-14→6=0.70×1) (4→11=0.71×1) (-10→-14=0.71×1) (19→-16=1.29×1) (-18→-8=0.71×1) |
| 303558 | 54 | 0.89 | 1 | 0.70~1.29 | (-14→6=0.70×1) (4→11=0.71×1) (-10→-14=0.71×1) (19→-16=1.29×1) (-18→-8=0.71×1) |
| 303568 | 51 | 0.90 | 1 | 0.70~1.29 | (-14→6=0.70×1) (4→11=0.71×1) (-10→-14=0.71×1) (19→-16=1.29×1) (-18→-8=0.71×1) |
| 303579 | 53 | 0.96 | 1 | 0.70~1.28 | (-14→6=0.70×1) (4→11=0.71×1) (13→-23=0.71×1) (-10→-14=0.71×1) (-18→-8=0.71×1) |
| 303589 | 51 | 0.94 | 1 | 0.70~1.28 | (-14→6=0.70×1) (4→11=0.71×1) (13→-23=0.71×1) (-10→-14=0.71×1) (-18→-8=0.71×1) |
| 303599 | 53 | 0.96 | 1 | 0.70~1.28 | (-14→6=0.70×1) (4→11=0.71×1) (13→-23=0.71×1) (3→-22=0.71×1) (-10→-14=0.71×1) |
| 303610 | 54 | 0.93 | 1 | 0.70~1.28 | (-14→6=0.70×1) (4→11=0.71×1) (13→-23=0.71×1) (3→-22=0.71×1) (-10→-14=0.71×1) |
| 303620 | 52 | 0.88 | 1 | 0.70~1.28 | (-14→6=0.70×1) (4→11=0.71×1) (13→-23=0.71×1) (3→-22=0.71×1) (-10→-14=0.71×1) |
| 303630 | 52 | 0.87 | 1 | 0.70~1.28 | (-14→6=0.70×1) (13→-23=0.71×1) (3→-22=0.71×1) (-10→-14=0.71×1) (-14→-17=1.28×1) |
| 303641 | 54 | 0.94 | 1 | 0.70~1.28 | (-14→6=0.70×1) (13→-23=0.71×1) (3→-22=0.71×1) (-14→-17=1.28×2) (1→-24=0.72×1) |
| 303651 | 53 | 1.00 | 1 | 0.70~1.28 | (-14→6=0.70×1) (13→-23=0.71×1) (3→-22=0.71×1) (-14→-17=1.28×2) (1→-24=0.72×1) |
| 303661 | 55 | 1.09 | 1 | 0.70~1.28 | (-14→6=0.70×1) (13→-23=0.71×1) (3→-22=0.71×1) (-13→-16=0.72×1) (-14→-17=1.28×2) |
| 303672 | 56 | 1.11 | 1 | 0.70~1.28 | (-14→6=0.70×1) (13→-23=0.71×1) (3→-22=0.71×1) (-13→-16=0.72×1) (-14→-17=1.28×2) |
| 303682 | 57 | 1.16 | 1 | 0.70~1.28 | (-14→6=0.70×1) (13→-23=0.71×1) (3→-22=0.71×1) (-13→-16=0.72×1) (-14→-17=1.28×2) |
| 303692 | 58 | 1.16 | 1 | 0.70~1.30 | (-14→6=0.70×1) (-9→-5=1.30×1) (13→-23=0.71×1) (3→-22=0.71×1) (-13→-16=0.72×1) |
| 303703 | 57 | 1.11 | 1 | 0.70~1.30 | (-14→6=0.70×1) (-9→-5=1.30×1) (3→-22=0.71×1) (-13→-16=0.72×1) (13→26=0.73×1) |
| 303713 | 52 | 0.98 | 1 | 0.71~1.30 | (-9→-5=1.30×1) (-13→-16=0.72×1) (6→14=1.25×1) (-19→-22=0.75×1) (-14→10=1.25×1) |
| 303723 | 54 | 0.98 | 1 | 0.71~1.30 | (-9→-5=1.30×1) (6→-16=1.29×1) (-13→-16=0.72×1) (6→14=1.25×1) (-19→-22=0.75×1) |
| 303734 | 53 | 1.08 | 1 | 0.71~1.30 | (-9→-5=1.30×1) (6→-16=1.29×1) (10→1=1.29×1) (6→14=1.25×1) (-19→-22=0.75×1) |
| 303744 | 52 | 0.81 | 1 | 0.72~1.30 | (-9→-5=1.30×1) (6→-16=1.29×1) (10→1=1.29×1) (-16→-24=0.72×1) (6→14=1.25×1) |
| 303754 | 58 | 1.22 | 2 | 0.70~1.30 | (-9→-5=1.30×1) (6→-16=1.29×1) (10→1=1.29×1) (15→22=0.71×2) (5→27=0.72×1) |
| 303765 | 59 | 1.24 | 2 | 0.70~1.29 | (6→-16=1.29×1) (-11→-29=1.29×1) (10→1=1.29×1) (15→22=0.71×2) (5→27=0.72×1) |
| 303775 | 61 | 1.46 | 2 | 0.70~1.29 | (6→-16=1.29×1) (-11→-29=1.29×1) (10→1=1.29×1) (15→22=0.71×2) (-4→-4=0.71×2) |
| 303785 | 63 | 1.62 | 2 | 0.70~1.29 | (6→-16=1.29×1) (-11→-29=1.29×1) (10→1=1.29×1) (15→22=0.71×3) (-4→-4=0.71×2) |
| 303796 | 66 | 1.65 | 1 | 0.70~1.29 | (6→-16=1.29×1) (-11→-29=1.29×1) (10→1=1.29×1) (15→22=0.71×2) (-13→20=1.29×1) |
| 303806 | 65 | 1.97 | 2 | 0.70~1.29 | (6→-16=1.29×1) (-11→-29=1.29×1) (10→1=1.29×1) (15→22=0.71×2) (-13→20=1.29×1) |
| 303816 | 61 | 1.98 | 2 | 0.70~1.29 | (6→-16=1.29×1) (10→1=1.29×1) (15→22=0.71×2) (-13→20=1.29×1) (-1→-9=0.71×1) |
| 303827 | 59 | 1.76 | 2 | 0.70~1.29 | (15→22=0.70×1) (6→-16=1.29×1) (10→1=1.29×1) (-13→20=1.29×1) (5→27=0.72×1) |
| 303837 | 51 | 1.39 | 1 | 0.72~1.29 | (6→-16=1.29×1) (5→27=0.72×1) (20→-12=0.72×1) (-3→-23=1.27×1) (-2→-7=0.73×1) |
| 303847 | 50 | 1.40 | 1 | 0.71~1.29 | (6→-16=1.29×1) (19→-26=1.29×1) (-6→-4=0.71×1) (17→-31=1.29×1) (2→25=0.71×1) |
| 303858 | 50 | 1.24 | 1 | 0.71~1.29 | (6→-16=1.29×1) (19→-26=1.29×1) (-6→-4=0.71×1) (17→-31=1.29×1) (2→25=0.71×1) |
| 303868 | 56 | 1.39 | 1 | 0.71~1.29 | (6→-16=1.29×1) (19→-26=1.29×1) (-6→-4=0.71×1) (17→-31=1.29×1) (2→25=0.71×1) |
| 303878 | 52 | 1.40 | 1 | 0.71~1.29 | (19→-26=1.29×1) (-6→-4=0.71×1) (17→-31=1.29×1) (2→25=0.71×1) (2→15=0.72×1) |
| 303889 | 57 | 1.56 | 1 | 0.70~1.29 | (19→-26=1.29×1) (-22→9=1.29×1) (16→4=0.71×2) (-6→-4=0.71×1) (17→-31=1.29×1) |
| 303899 | 55 | 1.49 | 1 | 0.70~1.29 | (19→-26=1.29×1) (-22→9=1.29×1) (16→4=0.71×2) (-6→-4=0.71×1) (17→-31=1.29×1) |
| 303909 | 56 | 1.41 | 1 | 0.70~1.29 | (-22→9=1.29×1) (16→4=0.71×2) (17→-31=1.29×1) (2→25=0.71×1) (-16→-18=1.27×2) |
| 303920 | 57 | 1.30 | 1 | 0.70~1.29 | (-22→9=1.29×1) (16→4=0.71×2) (8→12=1.29×1) (17→-31=1.29×1) (2→25=0.71×1) |
| 303930 | 57 | 1.18 | 2 | 0.70~1.29 | (16→4=0.70×1) (-22→9=1.29×1) (8→12=1.29×1) (17→-31=1.29×1) (2→25=0.71×1) |
| 303940 | 50 | 0.82 | 2 | 0.71~1.29 | (8→12=1.29×1) (17→-31=1.29×1) (2→25=0.71×1) (-11→-14=1.28×1) (20→-16=1.27×1) |
| 303951 | 55 | 0.89 | 2 | 0.71~1.29 | (8→12=1.29×1) (17→-31=1.29×1) (2→25=0.71×1) (-11→-14=1.28×1) (17→-29=1.28×1) |
| 303961 | 52 | 0.81 | 2 | 0.71~1.29 | (17→-31=1.29×1) (2→25=0.71×1) (-11→-14=1.28×1) (17→-29=1.28×1) (20→-16=1.27×1) |
| 303971 | 50 | 0.82 | 2 | 0.71~1.28 | (2→25=0.71×1) (-11→-14=1.28×1) (17→-29=1.27×2) (20→-16=1.27×1) (3→30=0.74×1) |
| 303982 | 52 | 0.73 | 2 | 0.70~1.28 | (20→-3=0.70×1) (2→25=0.71×1) (17→-29=1.27×2) (3→30=0.74×1) (-10→-2=0.76×2) |
| 303992 | 51 | 0.78 | 1 | 0.70~1.28 | (20→-3=0.70×1) (17→-29=1.27×2) (3→30=0.74×1) (3→-11=1.23×1) (7→-27=0.77×1) |
| 304002 | 55 | 0.85 | 1 | 0.70~1.40 | (20→-3=0.70×1) (18→13=1.29×2) (17→-29=1.27×2) (3→30=0.74×1) (3→-11=1.23×1) |
| 304013 | 53 | 0.77 | 1 | 0.70~1.40 | (20→-3=0.70×1) (18→13=1.29×2) (17→-29=1.27×2) (3→30=0.74×1) (3→-11=1.23×1) |
| 304023 | 53 | 0.72 | 1 | 0.70~1.40 | (20→-3=0.70×1) (18→13=1.29×2) (17→-29=1.28×1) (3→30=0.74×1) (-18→-27=0.76×1) |
| 304033 | 51 | 0.61 | 1 | 0.70~1.28 | (20→-3=0.70×1) (17→-29=1.28×1) (3→30=0.74×1) (-18→-27=0.76×1) (3→-11=1.23×1) |
| 304044 | 53 | 0.62 | 1 | 0.70~1.28 | (20→-3=0.70×1) (17→-29=1.28×1) (3→30=0.74×1) (-18→-27=0.76×1) (3→-11=1.23×1) |
| 304054 | 52 | 0.54 | 1 | 0.70~1.28 | (20→-3=0.70×1) (17→-29=1.28×1) (3→30=0.74×1) (-18→-27=0.76×1) (-10→-2=0.78×1) |
| 304064 | 54 | 0.57 | 1 | 0.70~1.28 | (20→-3=0.70×1) (17→-29=1.28×1) (3→30=0.74×1) (-18→-27=0.76×1) (-17→-4=1.23×1) |
| 304075 | 52 | 0.56 | 1 | 0.70~1.23 | (20→-3=0.70×1) (-18→-27=0.76×1) (-17→-4=1.23×1) (-10→-2=0.78×1) (-2→-26=1.20×1) |
| 304085 | 50 | 0.62 | 1 | 0.71~1.29 | (4→-22=0.71×1) (4→24=1.29×1) (-18→-27=0.76×1) (-17→-4=1.23×1) (-10→-2=0.78×1) |
| 304095 | 50 | 0.62 | 1 | 0.71~1.29 | (4→-22=0.71×1) (4→24=1.29×1) (-18→-27=0.76×1) (-17→-4=1.23×1) (-13→-18=0.79×1) |
| 304106 | 52 | 0.63 | 1 | 0.71~1.29 | (3→15=1.29×1) (4→-22=0.71×1) (-10→18=0.71×1) (-15→-1=0.73×1) (-6→18=1.27×1) |
| 304116 | 55 | 0.75 | 2 | 0.71~1.29 | (3→15=1.29×1) (4→-22=0.71×1) (-10→18=0.71×1) (-12→-1=0.72×1) (-17→-4=1.25×1) |
| 304126 | 54 | 0.76 | 2 | 0.71~1.29 | (3→15=1.29×1) (4→-22=0.71×1) (-10→18=0.71×1) (-12→-1=0.72×1) (-17→-4=1.25×1) |
| 304137 | 55 | 0.76 | 2 | 0.71~1.29 | (3→15=1.29×1) (4→-22=0.71×1) (-10→18=0.71×1) (-18→22=0.71×1) (-12→-1=0.72×1) |
| 304147 | 54 | 0.70 | 2 | 0.71~1.29 | (3→15=1.29×1) (4→-22=0.71×1) (-10→18=0.71×1) (-18→22=0.71×1) (-12→-1=0.72×1) |
| 304157 | 54 | 0.72 | 2 | 0.71~1.29 | (3→15=1.29×1) (4→-22=0.71×1) (-10→18=0.71×1) (-18→22=0.71×1) (-12→-1=0.72×1) |
| 304168 | 55 | 0.73 | 1 | 0.71~1.29 | (3→15=1.29×1) (4→-22=0.71×1) (-10→18=0.71×1) (-18→22=0.71×1) (-17→-4=1.25×1) |
| 304178 | 52 | 0.62 | 1 | 0.71~1.30 | (17→16=1.30×1) (3→15=1.29×1) (-10→18=0.71×1) (-18→22=0.71×1) (-17→-4=1.25×1) |
| 304188 | 53 | 0.85 | 1 | 0.71~1.30 | (17→16=1.30×1) (3→15=1.29×1) (-10→18=0.71×1) (-18→22=0.71×1) (-17→-4=1.25×1) |
| 304199 | 52 | 0.77 | 1 | 0.71~1.30 | (17→16=1.30×1) (3→15=1.29×1) (-10→18=0.71×1) (-18→22=0.71×1) (-18→31=1.24×1) |
| 304209 | 51 | 0.67 | 1 | 0.71~1.30 | (17→16=1.30×1) (-10→18=0.71×1) (-18→22=0.71×1) (-16→-5=0.74×1) (-5→-20=1.26×1) |
| 304219 | 51 | 0.84 | 1 | 0.71~1.30 | (17→16=1.30×1) (-10→18=0.71×1) (-18→22=0.71×1) (-16→-5=0.74×1) (-5→-20=1.26×1) |
| 304230 | 50 | 0.78 | 1 | 0.71~1.30 | (17→16=1.30×1) (-10→18=0.71×1) (-18→22=0.71×1) (-16→-5=0.74×1) (-5→-20=1.26×1) |
| 304240 | 53 | 0.83 | 1 | 0.71~1.30 | (17→16=1.30×1) (-10→18=0.71×1) (-18→22=0.71×1) (13→21=0.73×1) (-16→-5=0.74×1) |
| 304250 | 51 | 0.67 | 1 | 0.71~1.30 | (4→-28=1.30×1) (17→16=1.30×1) (-18→22=0.71×1) (13→21=0.73×1) (-5→-20=1.26×1) |
| 304261 | 53 | 0.66 | 1 | 0.71~1.30 | (4→-28=1.30×1) (17→16=1.30×1) (-18→22=0.71×1) (13→21=0.73×1) (-3→-22=1.26×1) |
| 304271 | 52 | 0.67 | 1 | 0.71~1.30 | (4→-28=1.30×1) (17→16=1.30×1) (-18→22=0.71×1) (13→21=0.73×1) (-3→-22=1.26×1) |
| 304281 | 51 | 0.69 | 1 | 0.73~1.30 | (4→-28=1.30×1) (2→12=1.28×1) (13→21=0.73×1) (-3→-22=1.26×1) (-5→-20=1.26×1) |
| 304292 | 50 | 0.46 | 1 | 0.73~1.30 | (4→-28=1.30×1) (2→12=1.28×1) (13→21=0.73×1) (-3→-22=1.26×1) (-5→-20=1.26×1) |
| 304302 | 52 | 0.52 | 1 | 0.73~1.30 | (4→-28=1.30×1) (2→12=1.28×1) (13→21=0.73×1) (-3→-22=1.26×1) (-5→-20=1.26×1) |
| 304312 | 51 | 0.59 | 1 | 0.73~1.30 | (4→-28=1.30×1) (2→12=1.28×1) (13→21=0.73×1) (-3→-22=1.26×1) (-5→-20=1.26×1) |
| 304323 | 50 | 0.58 | 1 | 0.73~1.30 | (4→-28=1.30×1) (2→12=1.28×1) (13→21=0.73×1) (-3→-22=1.26×1) (-5→-20=1.26×1) |
| 304333 | 50 | 0.54 | 1 | 0.73~1.30 | (4→-28=1.30×1) (2→12=1.28×1) (13→21=0.73×1) (-3→-22=1.26×1) (-5→-20=1.26×1) |
| 304343 | 52 | 0.48 | 1 | 0.73~1.30 | (4→-28=1.30×1) (2→12=1.28×1) (13→21=0.73×1) (-3→-22=1.26×1) (24→-27=0.74×1) |
| 304354 | 56 | 0.57 | 1 | 0.71~1.30 | (4→-28=1.30×1) (12→31=0.71×1) (2→12=1.28×1) (13→21=0.73×1) (-3→-22=1.26×1) |
| 304364 | 54 | 0.70 | 1 | 0.71~1.30 | (4→-28=1.30×1) (12→31=0.71×1) (-18→12=1.28×1) (2→12=1.28×1) (-20→5=0.72×1) |
| 304374 | 51 | 0.67 | 1 | 0.71~1.30 | (4→-28=1.30×1) (12→31=0.71×1) (-18→12=1.28×1) (2→12=1.28×1) (-20→5=0.72×1) |
| 304385 | 52 | 0.71 | 1 | 0.71~1.28 | (12→31=0.71×1) (22→24=0.71×1) (-18→12=1.28×1) (2→12=1.28×1) (-20→5=0.72×1) |
| 304395 | 51 | 0.69 | 1 | 0.71~1.28 | (12→31=0.71×1) (22→24=0.71×1) (-18→12=1.28×1) (-20→5=0.72×1) (14→-23=0.73×1) |
| 304405 | 52 | 0.69 | 1 | 0.71~1.28 | (12→31=0.71×1) (22→24=0.71×1) (-18→12=1.28×1) (-20→5=0.72×1) (14→-23=0.73×1) |
| 304416 | 56 | 0.73 | 1 | 0.71~1.28 | (12→31=0.71×1) (22→24=0.71×1) (-18→12=1.28×1) (-20→5=0.72×1) (14→-23=0.73×1) |
| 304426 | 56 | 0.82 | 1 | 0.71~1.29 | (23→7=1.29×1) (12→31=0.71×1) (22→24=0.71×1) (-18→12=1.28×1) (-20→5=0.72×1) |
| 304436 | 57 | 0.84 | 1 | 0.71~1.29 | (23→7=1.29×1) (22→24=0.71×1) (-18→12=1.28×1) (-20→5=0.72×1) (14→-23=0.73×1) |
| 304447 | 54 | 0.70 | 1 | 0.71~1.27 | (22→24=0.71×1) (14→-23=0.73×1) (-24→-12=1.27×1) (-2→-6=0.73×1) (-17→-3=1.26×1) |
| 304457 | 50 | 0.66 | 1 | 0.71~1.26 | (22→24=0.71×1) (14→-23=0.73×1) (-17→-3=1.26×1) (-2→-27=0.74×1) (-21→-15=1.26×1) |
| 304467 | 50 | 0.58 | 1 | 0.71~1.26 | (22→24=0.71×1) (14→-23=0.73×1) (-17→-3=1.26×1) (-2→-27=0.74×1) (-21→-15=1.26×1) |
| 304478 | 54 | 0.54 | 1 | 0.71~1.26 | (22→24=0.71×1) (14→-23=0.73×1) (-17→-3=1.26×1) (-21→-15=1.26×1) (-7→-29=1.23×1) |
| 304488 | 54 | 0.46 | 1 | 0.71~1.26 | (22→24=0.71×1) (14→-23=0.73×1) (-21→-15=1.26×1) (-7→-29=1.23×1) (-21→25=1.23×1) |
| 304498 | 52 | 0.48 | 1 | 0.71~1.29 | (22→24=0.71×1) (-4→-21=1.29×1) (23→7=1.28×1) (14→-23=0.73×1) (21→-25=0.74×1) |
| 304509 | 54 | 0.59 | 1 | 0.71~1.29 | (22→24=0.71×1) (-4→-21=1.29×1) (23→7=1.28×1) (14→-23=0.73×1) (-13→-24=1.27×1) |
| 304519 | 51 | 0.59 | 1 | 0.75~1.29 | (-4→-21=1.29×1) (23→7=1.28×1) (-13→-24=1.26×2) (-18→10=0.75×1) (-9→-6=0.75×1) |
| 304529 | 53 | 0.75 | 1 | 0.75~1.29 | (-4→-21=1.29×1) (-23→30=1.28×1) (23→7=1.28×1) (-13→-24=1.26×3) (-18→10=0.75×1) |
| 304540 | 50 | 0.66 | 1 | 0.75~1.29 | (-4→-21=1.29×1) (-23→30=1.28×1) (-24→-8=1.28×1) (-13→-24=1.26×3) (-18→10=0.75×1) |
| 304550 | 52 | 0.65 | 1 | 0.73~1.29 | (-4→-21=1.29×1) (-23→30=1.28×1) (-24→-8=1.28×1) (-4→-2=0.73×1) (-13→-24=1.26×3) |
| 304560 | 50 | 0.50 | 1 | 0.72~1.29 | (-4→-21=1.29×1) (20→-19=0.72×1) (-24→-8=1.28×1) (-4→-2=0.73×1) (-13→-24=1.27×1) |
| 304571 | 56 | 0.57 | 1 | 0.72~1.29 | (-4→-21=1.29×1) (20→-19=0.72×1) (8→-27=0.73×1) (14→-29=1.27×1) (13→24=0.73×1) |
| 304581 | 63 | 0.84 | 1 | 0.72~1.29 | (-4→-21=1.29×1) (20→-19=0.72×1) (8→-27=0.73×2) (14→-29=1.26×2) (20→-21=1.26×1) |
| 304591 | 64 | 1.11 | 1 | 0.72~1.27 | (20→-19=0.72×1) (8→-27=0.73×1) (14→-29=1.27×1) (13→24=0.73×1) (20→-21=1.26×1) |
| 304602 | 65 | 1.08 | 2 | 0.72~1.27 | (20→-19=0.72×1) (8→-27=0.73×1) (14→-29=1.27×1) (13→24=0.73×1) (24→2=0.74×1) |
| 304612 | 64 | 1.09 | 2 | 0.72~1.27 | (20→-19=0.72×1) (8→-27=0.73×1) (14→-29=1.27×1) (13→24=0.73×1) (24→2=0.74×1) |
| 304622 | 63 | 1.06 | 2 | 0.72~1.27 | (20→-19=0.72×1) (8→-27=0.73×1) (14→-29=1.27×1) (13→24=0.73×1) (24→2=0.74×1) |
| 304633 | 60 | 1.10 | 2 | 0.72~1.28 | (20→-19=0.72×1) (-6→-29=1.28×1) (16→-1=1.28×1) (8→-27=0.73×1) (14→-29=1.27×1) |
| 304643 | 55 | 1.04 | 2 | 0.70~1.28 | (20→-12=0.70×1) (20→-19=0.72×1) (-6→-29=1.28×1) (16→-1=1.28×1) (24→2=0.74×1) |
| 304653 | 51 | 0.88 | 2 | 0.70~1.28 | (20→-12=0.70×1) (20→-19=0.72×1) (-6→-29=1.28×1) (16→-1=1.28×1) (24→2=0.74×1) |
| 304664 | 51 | 0.73 | 1 | 0.72~1.29 | (-6→30=1.29×1) (20→-19=0.72×1) (-6→-29=1.28×1) (16→-1=1.28×1) (21→3=1.26×1) |
| 304674 | 51 | 0.65 | 1 | 0.72~1.29 | (-6→30=1.29×1) (20→-19=0.72×1) (-6→-29=1.28×1) (16→-1=1.28×1) (21→3=1.26×1) |
| 304684 | 53 | 0.74 | 1 | 0.72~1.30 | (-1→27=1.29×2) (-6→30=1.29×1) (20→-19=0.72×1) (-6→-29=1.28×1) (16→-1=1.28×1) |
| 304695 | 51 | 0.71 | 1 | 0.72~1.30 | (-1→27=1.29×2) (-6→30=1.29×1) (20→-19=0.72×1) (-6→-29=1.28×1) (16→-1=1.28×1) |
| 304705 | 51 | 0.67 | 1 | 0.72~1.30 | (-1→27=1.30×1) (-5→-27=1.30×1) (-6→30=1.29×1) (20→-19=0.72×1) (-6→-29=1.28×1) |
| 304715 | 52 | 0.81 | 1 | 0.72~1.30 | (-1→27=1.30×1) (-5→-27=1.30×1) (-6→30=1.29×1) (20→-19=0.72×1) (-6→-29=1.28×1) |
| 304726 | 54 | 0.89 | 1 | 0.72~1.30 | (-1→27=1.30×1) (-6→30=1.29×1) (10→-12=0.72×1) (-6→-29=1.28×1) (16→-1=1.28×1) |
| 304736 | 51 | 0.80 | 1 | 0.72~1.30 | (-1→27=1.30×1) (-6→30=1.29×1) (10→-12=0.72×1) (-6→-29=1.28×1) (16→-1=1.28×1) |
| 304746 | 55 | 0.98 | 2 | 0.71~1.30 | (-6→1=1.30×1) (-1→27=1.29×2) (-6→30=1.29×1) (-15→11=0.71×1) (10→-12=0.72×1) |
| 304757 | 53 | 1.11 | 2 | 0.71~1.30 | (-6→1=1.30×1) (-1→27=1.29×2) (-6→30=1.29×1) (-15→11=0.71×1) (-6→-29=1.28×1) |
| 304767 | 54 | 1.19 | 2 | 0.70~1.30 | (-6→1=1.30×1) (23→-10=0.70×1) (-1→27=1.29×2) (-6→30=1.29×1) (-15→11=0.71×1) |
| 304777 | 51 | 0.88 | 1 | 0.70~1.30 | (-10→-4=1.30×1) (-1→27=1.30×1) (-6→1=1.30×1) (23→-10=0.70×1) (-6→30=1.29×1) |
| 304788 | 52 | 0.90 | 1 | 0.70~1.30 | (-10→-4=1.30×1) (-1→27=1.30×1) (-6→1=1.30×1) (23→-10=0.70×1) (-15→11=0.71×1) |
| 304798 | 52 | 0.77 | 1 | 0.71~1.30 | (-10→-4=1.30×1) (-6→1=1.30×1) (-15→11=0.71×1) (-13→5=0.72×1) (12→10=0.73×1) |
| 304808 | 52 | 0.69 | 1 | 0.71~1.30 | (-10→-4=1.30×1) (-6→1=1.30×1) (-15→11=0.71×1) (-13→5=0.72×1) (12→10=0.73×1) |
| 304819 | 55 | 0.75 | 1 | 0.71~1.30 | (-10→-4=1.30×1) (-6→1=1.30×1) (-15→11=0.71×1) (-13→5=0.72×1) (12→10=0.73×1) |
| 304829 | 52 | 0.67 | 1 | 0.71~1.30 | (-10→-4=1.30×1) (-6→1=1.30×1) (-15→11=0.71×1) (-13→5=0.72×1) (12→10=0.73×1) |
| 304839 | 52 | 0.69 | 1 | 0.71~1.30 | (-10→-4=1.30×1) (-6→1=1.30×1) (1→31=1.29×1) (-15→11=0.71×1) (-13→5=0.72×1) |
| 304850 | 54 | 0.78 | 1 | 0.71~1.30 | (-10→-4=1.30×1) (-6→1=1.30×1) (9→-9=0.71×1) (1→31=1.29×1) (-15→11=0.71×1) |
| 304860 | 50 | 0.70 | 1 | 0.71~1.30 | (-10→-4=1.30×1) (-6→1=1.30×1) (9→-9=0.71×1) (1→31=1.29×1) (-15→11=0.71×1) |
| 304870 | 51 | 0.80 | 1 | 0.71~1.30 | (-10→-4=1.30×1) (-6→1=1.30×1) (9→-9=0.71×1) (1→31=1.29×1) (-15→11=0.71×1) |
| 304881 | 52 | 0.81 | 1 | 0.71~1.30 | (-10→-4=1.30×1) (-6→1=1.30×1) (9→-9=0.71×1) (-9→19=1.29×1) (1→31=1.29×1) |
| 304891 | 51 | 0.78 | 1 | 0.71~1.30 | (-10→-4=1.30×1) (-6→1=1.30×1) (9→-9=0.71×1) (-9→19=1.29×1) (1→31=1.29×1) |
| 304901 | 51 | 0.86 | 1 | 0.71~1.30 | (-10→-4=1.30×1) (-6→1=1.30×1) (9→-9=0.71×1) (-9→19=1.29×1) (1→31=1.29×1) |
| 304912 | 51 | 0.84 | 1 | 0.71~1.30 | (-10→-4=1.30×1) (-6→1=1.30×1) (9→-9=0.71×1) (-9→19=1.29×1) (1→31=1.29×1) |
| 304922 | 50 | 0.62 | 1 | 0.71~1.30 | (-10→-4=1.30×1) (9→-9=0.71×1) (-9→19=1.29×1) (18→-17=0.72×1) (14→-2=0.72×1) |
| 304932 | 51 | 0.71 | 1 | 0.71~1.30 | (-10→-4=1.30×1) (9→-9=0.71×1) (-9→19=1.29×1) (18→-17=0.72×1) (14→-2=0.72×1) |
| 304943 | 50 | 0.50 | 1 | 0.71~1.30 | (-10→-4=1.30×1) (9→-9=0.71×1) (18→-17=0.72×1) (12→10=0.73×1) (23→30=1.26×1) |
| 304953 | 53 | 0.77 | 1 | 0.71~1.30 | (-10→-4=1.30×1) (9→-9=0.71×1) (18→-17=0.72×1) (12→10=0.73×1) (23→30=1.26×1) |
| 304963 | 56 | 0.84 | 1 | 0.71~1.30 | (-10→-4=1.30×1) (-6→10=1.30×1) (9→-9=0.71×1) (12→10=0.73×1) (23→30=1.26×1) |
| 304974 | 61 | 0.93 | 1 | 0.71~1.30 | (-10→-4=1.30×1) (-6→10=1.30×1) (9→-9=0.71×1) (-21→10=1.28×1) (12→10=0.73×1) |
| 304984 | 63 | 1.16 | 1 | 0.73~1.30 | (-10→-4=1.30×1) (-6→10=1.29×2) (-21→10=1.28×1) (-6→-25=1.28×1) (-13→4=1.27×1) |
| 304994 | 58 | 1.14 | 1 | 0.73~1.30 | (-10→-4=1.30×1) (-6→10=1.29×2) (-21→10=1.28×1) (-6→-25=1.28×1) (12→10=0.73×1) |
| 305005 | 57 | 0.98 | 1 | 0.73~1.30 | (-10→-4=1.30×1) (-6→10=1.29×2) (-21→10=1.28×1) (-6→-25=1.28×1) (12→10=0.73×1) |
| 305015 | 55 | 0.93 | 2 | 0.73~1.30 | (-10→-4=1.30×1) (-6→10=1.29×2) (12→10=0.73×1) (-16→-16=0.75×1) (-7→-29=1.25×1) |
| 305025 | 53 | 0.92 | 2 | 0.73~1.30 | (-10→-4=1.30×1) (-6→10=1.29×2) (12→10=0.73×1) (-16→-16=0.75×1) (-7→-29=1.25×1) |
| 305036 | 50 | 0.80 | 1 | 0.71~1.30 | (-10→-4=1.30×1) (-5→-23=0.71×1) (-6→10=1.28×1) (-2→-18=1.28×1) (12→10=0.73×1) |
| 305046 | 49 | 0.63 | 1 | 0.71~1.30 | (-10→-4=1.30×1) (-5→-23=0.71×1) (-2→-18=1.28×1) (12→10=0.73×1) (-7→-29=1.25×1) |
| 305056 | 50 | 0.68 | 1 | 0.71~1.30 | (-10→-4=1.30×1) (-5→-23=0.71×1) (-2→-18=1.28×1) (-6→16=0.72×1) (12→10=0.73×1) |
| 305067 | 53 | 0.70 | 1 | 0.71~1.30 | (-10→-4=1.30×1) (-5→-23=0.71×1) (16→-9=1.28×1) (-2→-18=1.28×1) (-6→16=0.72×1) |
| 305077 | 54 | 0.72 | 1 | 0.71~1.30 | (-10→-4=1.30×1) (-5→-23=0.71×1) (16→-9=1.28×1) (-2→-18=1.28×1) (-6→16=0.72×1) |
| 305087 | 55 | 0.84 | 1 | 0.71~1.30 | (-10→-4=1.30×1) (-5→-23=0.71×1) (16→-9=1.28×1) (-2→-18=1.28×1) (-6→16=0.72×1) |
| 305098 | 57 | 1.02 | 2 | 0.71~1.30 | (-10→-4=1.30×1) (-5→-23=0.71×1) (16→-9=1.28×1) (-2→-18=1.28×1) (-6→16=0.72×1) |
| 305108 | 56 | 0.80 | 1 | 0.70~1.28 | (-2→-5=0.70×1) (-5→-23=0.71×1) (16→-9=1.28×1) (-2→-18=1.28×1) (-6→16=0.72×1) |
| 305118 | 55 | 0.78 | 1 | 0.70~1.28 | (-2→-5=0.70×1) (-5→-23=0.71×1) (16→-9=1.28×1) (-2→-18=1.28×1) (-6→16=0.72×1) |
| 305129 | 53 | 0.79 | 1 | 0.70~1.28 | (-2→-5=0.70×1) (-5→-23=0.71×1) (16→-9=1.28×1) (-2→-18=1.28×1) (-6→16=0.72×1) |
| 305139 | 51 | 0.80 | 1 | 0.70~1.30 | (19→24=1.30×1) (-2→-5=0.70×1) (16→-9=1.28×1) (-2→-18=1.28×1) (-6→16=0.72×1) |
| 305149 | 51 | 0.76 | 1 | 0.70~1.30 | (19→24=1.30×1) (-2→-5=0.70×1) (-2→-18=1.28×1) (-6→16=0.72×1) (-1→-6=1.28×1) |
| 305160 | 52 | 0.94 | 2 | 0.71~1.30 | (19→24=1.30×1) (-17→-5=1.29×1) (14→17=1.29×1) (-17→28=0.71×2) (-2→-18=1.28×1) |
| 305170 | 50 | 0.84 | 2 | 0.71~1.30 | (19→24=1.30×1) (-17→-5=1.29×1) (14→17=1.29×1) (-17→28=0.71×2) (-2→-18=1.28×1) |
| 305180 | 53 | 0.66 | 1 | 0.71~1.30 | (-17→-31=1.30×1) (-9→-26=0.71×1) (-6→16=0.72×1) (-14→8=0.72×1) (-1→-6=1.28×1) |
| 305191 | 49 | 0.53 | 1 | 0.71~1.30 | (-17→-31=1.30×1) (-9→-26=0.71×1) (-6→16=0.72×1) (-17→18=0.73×1) (-5→4=0.75×1) |
| 305201 | 55 | 0.71 | 1 | 0.71~1.30 | (-17→-31=1.30×1) (-9→-26=0.71×1) (-6→16=0.72×1) (10→10=1.25×1) (-5→4=0.75×1) |
| 305211 | 54 | 0.69 | 1 | 0.71~1.30 | (-17→-31=1.30×1) (-9→-26=0.71×1) (-6→16=0.72×1) (-6→-12=1.28×1) (-16→17=0.75×1) |
| 305222 | 52 | 0.71 | 1 | 0.72~1.30 | (-17→-31=1.30×1) (-6→16=0.72×1) (-6→-12=1.28×1) (-6→8=1.26×1) (-16→17=0.75×1) |
| 305232 | 50 | 0.60 | 1 | 0.72~1.30 | (-17→-31=1.30×1) (-6→16=0.72×1) (-6→-12=1.28×1) (-6→8=1.26×1) (-16→17=0.75×1) |
| 305242 | 49 | 0.57 | 1 | 0.72~1.30 | (-17→-31=1.30×1) (-6→16=0.72×1) (-6→-12=1.28×1) (-11→-28=1.27×1) (-6→8=1.26×1) |
| 305253 | 55 | 0.91 | 2 | 0.72~1.30 | (-17→-31=1.30×1) (-6→16=0.72×1) (-6→-12=1.28×1) (-11→-28=1.26×2) (-6→8=1.26×1) |
| 305263 | 58 | 0.97 | 2 | 0.74~1.30 | (-17→-31=1.30×1) (-6→-12=1.28×1) (17→6=1.26×1) (-11→-28=1.26×2) (-6→8=1.26×1) |
| 305273 | 60 | 1.12 | 2 | 0.71~1.30 | (-17→-31=1.30×1) (-3→-10=0.71×1) (-6→-12=1.28×1) (17→6=1.26×1) (-11→-28=1.26×3) |
| 305284 | 57 | 1.21 | 2 | 0.74~1.30 | (-17→-31=1.30×1) (-6→-12=1.28×1) (17→6=1.26×1) (-11→-28=1.26×3) (-6→8=1.26×1) |
| 305294 | 61 | 1.26 | 2 | 0.74~1.43 | (-11→-28=1.30×4) (-17→-31=1.30×1) (-6→-12=1.28×1) (-19→-30=1.27×1) (17→6=1.26×1) |
| 305304 | 60 | 1.13 | 2 | 0.74~1.43 | (-11→-28=1.30×4) (-17→-31=1.30×1) (23→-19=1.28×2) (-6→-12=1.28×1) (-19→-30=1.27×1) |
| 305315 | 60 | 1.22 | 2 | 0.72~1.43 | (9→11=1.30×1) (-17→-31=1.30×1) (-11→-28=1.29×5) (23→-19=1.29×1) (-6→14=0.72×1) |
| 305325 | 58 | 1.10 | 1 | 0.72~1.43 | (9→11=1.30×1) (-17→-31=1.30×1) (-11→-28=1.29×5) (23→-19=1.29×1) (-6→14=0.72×1) |
| 305335 | 57 | 1.05 | 1 | 0.72~1.43 | (9→11=1.30×1) (-17→-31=1.30×1) (-11→-28=1.29×5) (23→-19=1.29×1) (-6→14=0.72×1) |
| 305346 | 57 | 1.16 | 2 | 0.72~1.43 | (9→11=1.30×1) (-17→-31=1.30×1) (-11→-28=1.29×5) (23→-19=1.29×1) (-6→14=0.72×1) |
| 305356 | 57 | 1.09 | 2 | 0.72~1.43 | (-11→-28=1.30×4) (9→11=1.30×1) (23→-19=1.29×1) (-6→14=0.72×1) (-4→-17=0.73×1) |
| 305366 | 50 | 1.00 | 1 | 0.72~1.43 | (-11→-28=1.31×3) (9→11=1.30×1) (-6→14=0.72×1) (-4→-17=0.73×1) (-21→-5=1.25×1) |
| 305377 | 50 | 0.86 | 1 | 0.72~1.43 | (-11→-28=1.34×2) (-6→14=0.72×1) (-7→20=1.28×1) (-2→-1=0.73×1) (-21→-5=1.25×1) |
| 305387 | 51 | 0.90 | 1 | 0.71~1.43 | (-11→-28=1.34×2) (23→28=0.71×1) (-6→14=0.72×1) (-7→20=1.28×1) (-2→-1=0.73×1) |
| 305397 | 51 | 1.06 | 1 | 0.71~1.43 | (-11→-28=1.37×3) (10→30=0.71×1) (23→28=0.71×1) (-6→14=0.72×1) (-7→20=1.28×1) |
| 305408 | 51 | 1.04 | 1 | 0.71~1.43 | (-11→-28=1.37×3) (-14→-16=0.71×1) (10→30=0.71×1) (-6→14=0.72×1) (-7→20=1.28×1) |
| 305418 | 54 | 1.09 | 1 | 0.71~1.43 | (-11→-28=1.38×4) (-14→-16=0.71×1) (10→30=0.71×1) (-6→14=0.72×1) (-7→14=0.72×1) |
| 305428 | 58 | 1.10 | 1 | 0.71~1.43 | (-11→-28=1.38×4) (10→30=0.71×1) (-14→-16=0.71×2) (-6→14=0.72×1) (-7→14=0.72×1) |
| 305439 | 58 | 1.31 | 2 | 0.71~1.43 | (-11→-28=1.39×6) (-21→25=1.30×1) (10→30=0.71×1) (-6→14=0.72×1) (-14→-16=0.72×3) |
| 305449 | 57 | 1.56 | 2 | 0.70~1.43 | (-11→-28=1.41×6) (-4→-12=0.70×1) (10→30=0.71×1) (-21→25=1.29×2) (-14→-16=0.72×3) |
| 305459 | 57 | 1.81 | 2 | 0.70~1.43 | (-11→-28=1.41×7) (-18→-14=1.30×1) (-4→-12=0.70×1) (-21→25=1.29×2) (-2→-25=0.72×2) |
| 305470 | 58 | 2.09 | 2 | 0.64~1.43 | (-11→-28=1.41×6) (-18→-14=1.30×1) (-4→-12=0.70×1) (-21→25=1.29×2) (-2→-25=0.72×2) |
| 305480 | 54 | 2.11 | 2 | 0.64~1.43 | (-11→-28=1.41×8) (-18→-14=1.30×1) (-4→-12=0.70×1) (-16→18=0.71×4) (-21→25=1.29×2) |
| 305490 | 53 | 2.36 | 2 | 0.64~1.43 | (-11→-28=1.41×8) (-18→-14=1.30×1) (-4→-12=0.70×1) (-2→26=1.29×1) (-21→25=1.29×2) |
| 305501 | 52 | 2.54 | 2 | 0.64~1.43 | (-11→-28=1.41×8) (-18→-14=1.30×1) (-4→-12=0.70×1) (-2→26=1.29×1) (-21→25=1.29×2) |
| 305511 | 50 | 2.44 | 2 | 0.64~1.43 | (-11→-28=1.41×8) (-18→-14=1.30×1) (-4→-12=0.70×1) (-2→26=1.29×1) (-21→25=1.29×2) |
| 305521 | 60 | 1.23 | 2 | 0.71~1.43 | (-11→-28=1.41×7) (-21→5=1.29×1) (-6→17=1.29×1) (-24→-26=0.71×2) (-2→-25=0.71×1) |
| 305532 | 63 | 1.21 | 2 | 0.71~1.43 | (-11→-28=1.41×6) (-21→5=1.29×1) (-6→17=1.29×1) (-24→-26=0.72×3) (12→-29=1.28×1) |
| 305542 | 72 | 1.36 | 2 | 0.71~1.44 | (-11→-28=1.41×6) (-9→27=1.34×2) (-21→5=1.29×2) (10→-22=1.29×1) (-6→17=1.29×2) |
| 305552 | 78 | 1.44 | 2 | 0.71~1.44 | (-11→-28=1.41×6) (-9→27=1.34×2) (-4→-16=1.29×1) (-21→5=1.29×2) (10→-22=1.29×1) |
| 305563 | 79 | 1.34 | 2 | 0.72~1.43 | (-11→-28=1.41×6) (-4→-16=1.29×1) (-21→5=1.29×2) (10→-22=1.29×1) (-6→17=1.29×2) |
| 305573 | 75 | 1.40 | 2 | 0.73~1.43 | (-11→-28=1.41×6) (-4→-16=1.29×1) (-21→5=1.29×2) (10→-22=1.29×1) (-6→17=1.29×2) |
| 305583 | 77 | 1.39 | 2 | 0.73~1.43 | (-11→-28=1.41×6) (-4→-16=1.29×1) (-21→5=1.29×2) (10→-22=1.29×1) (-6→17=1.29×2) |
| 305594 | 73 | 1.16 | 2 | 0.74~1.43 | (-11→-28=1.41×5) (-21→5=1.29×1) (-6→17=1.29×1) (-4→-16=1.29×1) (3→-1=1.28×1) |
| 305604 | 69 | 1.20 | 2 | 0.72~1.43 | (-11→-28=1.41×5) (-21→5=1.29×1) (-6→17=1.29×1) (-4→-16=1.29×1) (3→-1=1.28×1) |
| 305614 | 67 | 1.24 | 2 | 0.72~1.43 | (-11→-28=1.41×5) (16→25=1.34×2) (-21→5=1.29×1) (-6→17=1.29×1) (-4→-16=1.29×1) |
| 305625 | 67 | 1.18 | 2 | 0.71~1.43 | (-11→-28=1.41×3) (16→25=1.34×3) (-21→5=1.29×1) (-18→-2=0.71×1) (-6→17=1.29×1) |
| 305635 | 67 | 1.27 | 2 | 0.71~1.43 | (-11→-28=1.41×3) (16→25=1.34×3) (-21→5=1.29×1) (-18→-2=0.71×1) (-6→17=1.29×1) |
| 305645 | 66 | 1.36 | 2 | 0.71~1.43 | (-11→-28=1.41×4) (16→25=1.34×3) (-21→5=1.29×1) (-18→-2=0.71×1) (-6→17=1.29×1) |
| 305656 | 64 | 1.27 | 2 | 0.72~1.43 | (-11→-28=1.41×4) (16→25=1.40×1) (-21→5=1.29×1) (-6→17=1.29×1) (-4→-16=1.29×1) |
| 305666 | 58 | 1.40 | 2 | 0.70~1.43 | (-11→-28=1.40×5) (-21→13=0.70×1) (-21→5=1.29×1) (-6→17=1.29×1) (-4→-16=1.29×1) |
| 305676 | 56 | 1.34 | 2 | 0.70~1.43 | (-11→-28=1.40×5) (-21→13=0.70×1) (-21→5=1.29×1) (-6→17=1.29×1) (-4→-16=1.29×1) |
| 305687 | 59 | 1.41 | 2 | 0.70~1.43 | (-11→-28=1.40×5) (-21→13=0.70×1) (-4→-16=1.29×1) (-15→6=1.29×1) (3→-1=1.28×1) |
| 305697 | 54 | 1.19 | 2 | 0.70~1.40 | (-11→-28=1.39×3) (-21→13=0.70×1) (-15→6=1.29×1) (3→-1=1.28×1) (8→-21=0.72×1) |
| 305707 | 55 | 1.31 | 2 | 0.70~1.40 | (-11→-28=1.38×4) (-21→13=0.70×1) (-15→6=1.29×1) (3→-1=1.28×1) (8→-21=0.72×1) |
| 305718 | 57 | 1.37 | 2 | 0.70~1.40 | (-11→-28=1.38×4) (-21→13=0.70×1) (-10→23=0.71×1) (-15→6=1.29×1) (3→-1=1.28×1) |
| 305728 | 58 | 1.33 | 2 | 0.70~1.40 | (-11→-28=1.38×4) (-21→13=0.70×1) (-10→23=0.71×1) (-15→6=1.29×1) (3→-1=1.28×1) |
| 305738 | 53 | 1.36 | 2 | 0.71~1.40 | (-11→-28=1.38×5) (-10→23=0.71×1) (8→-21=0.72×1) (-13→-24=0.73×1) (-16→-20=1.27×2) |
| 305749 | 51 | 1.24 | 2 | 0.71~1.40 | (-11→-28=1.38×4) (8→-21=0.72×1) (-13→-24=0.73×1) (-16→-20=1.26×1) (23→28=0.75×4) |
| 305759 | 49 | 1.20 | 2 | 0.71~1.40 | (-11→-28=1.38×4) (8→-21=0.72×1) (-16→-20=1.26×1) (23→28=0.75×4) (10→15=1.25×1) |
| 305769 | 53 | 1.15 | 2 | 0.71~1.40 | (-11→-28=1.38×4) (8→-21=0.72×1) (10→3=0.73×1) (-16→-20=1.26×1) (-16→18=1.26×1) |
| 305780 | 51 | 1.18 | 2 | 0.71~1.40 | (-11→-28=1.38×4) (8→-21=0.72×1) (10→3=0.73×1) (-16→-20=1.26×1) (-16→18=1.26×1) |
| 305790 | 56 | 1.41 | 2 | 0.71~1.40 | (-11→-28=1.30×7) (8→-21=0.72×1) (10→3=0.73×1) (17→26=1.26×1) (-16→18=1.26×1) |
| 305800 | 55 | 1.40 | 2 | 0.71~1.40 | (-11→-28=1.30×7) (13→28=0.72×2) (8→-21=0.72×1) (10→3=0.73×1) (17→26=1.26×1) |
| 305811 | 60 | 1.42 | 2 | 0.71~1.40 | (-11→-28=1.30×7) (1→28=1.29×1) (13→28=0.72×2) (8→-21=0.72×1) (17→26=1.26×1) |
| 305821 | 63 | 1.54 | 2 | 0.71~1.40 | (-11→-28=1.30×7) (11→4=1.29×1) (1→28=1.29×1) (13→28=0.72×2) (8→-21=0.72×1) |
| 305831 | 66 | 1.58 | 2 | 0.71~1.40 | (-11→-28=1.30×7) (11→4=1.29×1) (1→28=1.29×1) (13→28=0.72×2) (8→-21=0.72×1) |
| 305842 | 64 | 1.56 | 2 | 0.71~1.40 | (-11→-28=1.38×5) (11→4=1.29×1) (1→28=1.29×1) (13→28=0.72×2) (8→-21=0.72×1) |
| 305852 | 61 | 1.70 | 2 | 0.71~1.40 | (-11→-28=1.38×5) (11→4=1.29×1) (1→28=1.29×1) (13→28=0.72×2) (8→-21=0.72×1) |
| 305862 | 59 | 1.47 | 2 | 0.71~1.40 | (-11→-28=1.38×5) (13→28=0.71×1) (1→28=1.29×1) (8→-21=0.72×1) (-20→-25=0.73×1) |
| 305873 | 60 | 1.67 | 2 | 0.71~1.40 | (-11→-28=1.38×5) (13→28=0.71×1) (1→28=1.29×1) (18→2=1.28×1) (8→-21=0.72×1) |
| 305883 | 58 | 1.74 | 2 | 0.71~1.40 | (-11→-28=1.38×5) (13→28=0.71×1) (1→28=1.29×1) (18→2=1.28×1) (8→-21=0.72×1) |
| 305893 | 58 | 1.79 | 2 | 0.71~1.40 | (-11→-28=1.37×6) (13→28=0.71×1) (1→28=1.29×1) (18→2=1.28×1) (8→-21=0.72×1) |
| 305904 | 51 | 1.51 | 2 | 0.71~1.40 | (-11→-28=1.37×5) (13→28=0.71×1) (18→2=1.28×1) (8→-21=0.72×1) (24→-25=0.73×1) |
| 305914 | 53 | 1.36 | 2 | 0.71~1.40 | (-11→-28=1.37×4) (13→28=0.71×1) (18→2=1.28×1) (24→-25=0.73×1) (-20→-25=0.73×1) |
| 305924 | 52 | 1.38 | 2 | 0.71~1.40 | (-11→-28=1.37×4) (13→28=0.71×1) (18→2=1.28×1) (24→-25=0.73×1) (-20→-25=0.73×1) |
| 305935 | 55 | 1.47 | 2 | 0.71~1.40 | (-11→-28=1.37×4) (13→28=0.71×1) (18→2=1.28×1) (-20→-25=0.73×1) (19→17=1.27×1) |
| 305945 | 53 | 1.58 | 2 | 0.71~1.40 | (-11→-28=1.37×4) (13→28=0.71×1) (3→-27=1.28×1) (18→2=1.28×1) (-20→-25=0.73×1) |
| 305955 | 56 | 1.54 | 2 | 0.71~1.40 | (-11→-28=1.37×4) (13→28=0.71×1) (3→-27=1.28×1) (18→2=1.28×1) (-20→-25=0.73×1) |
| 305966 | 52 | 1.27 | 2 | 0.71~1.37 | (-11→-28=1.36×2) (13→28=0.71×1) (24→28=0.72×1) (3→-27=1.28×1) (18→2=1.28×1) |
| 305976 | 53 | 1.00 | 2 | 0.71~1.37 | (-11→-28=1.37×1) (13→28=0.71×1) (3→-27=1.28×1) (8→31=1.28×2) (-16→-20=1.26×1) |
| 305986 | 54 | 0.87 | 1 | 0.71~1.30 | (-7→-5=1.30×1) (13→28=0.71×1) (3→-27=1.28×1) (8→31=1.28×2) (10→24=1.28×1) |
| 305997 | 55 | 0.98 | 2 | 0.72~1.30 | (-7→-5=1.30×1) (3→-27=1.28×1) (8→10=1.28×1) (8→31=1.28×2) (10→24=1.28×1) |
| 306007 | 56 | 1.20 | 2 | 0.72~1.30 | (-7→-5=1.29×2) (4→2=1.29×1) (3→-27=1.28×1) (8→10=1.28×1) (8→31=1.28×2) |
| 306017 | 51 | 1.16 | 1 | 0.72~1.30 | (-7→-5=1.29×2) (4→2=1.29×1) (3→-27=1.28×1) (10→24=1.28×1) (8→31=1.27×4) |
| 306028 | 53 | 1.19 | 1 | 0.72~1.30 | (-7→-5=1.29×2) (4→2=1.29×1) (3→-27=1.28×1) (10→24=1.28×1) (-10→-6=1.27×1) |
| 306038 | 54 | 1.33 | 1 | 0.72~1.30 | (-7→-5=1.29×3) (4→2=1.29×1) (3→-27=1.28×1) (10→24=1.28×1) (-10→-6=1.27×1) |
| 306048 | 50 | 0.78 | 1 | 0.74~1.29 | (4→2=1.29×1) (3→-27=1.28×1) (10→24=1.28×1) (-10→-6=1.27×1) (8→31=1.27×3) |
| 306059 | 50 | 0.70 | 1 | 0.74~1.29 | (4→2=1.29×1) (3→-27=1.28×1) (10→24=1.28×1) (-10→-6=1.27×1) (8→31=1.27×2) |
| 306069 | 51 | 0.65 | 1 | 0.74~1.29 | (4→2=1.29×1) (3→-27=1.28×1) (10→24=1.28×1) (8→31=1.28×1) (-10→-6=1.27×1) |
| 306079 | 51 | 0.45 | 1 | 0.73~1.27 | (-10→-6=1.27×1) (24→15=1.27×1) (-4→-1=0.73×1) (-2→-12=0.76×1) (-7→15=1.22×1) |
| 306090 | 54 | 0.72 | 1 | 0.73~1.27 | (-10→-6=1.27×1) (24→15=1.27×1) (-4→-1=0.73×1) (12→9=0.75×1) (-2→-12=0.76×1) |
| 306100 | 54 | 0.70 | 1 | 0.73~1.27 | (24→15=1.27×1) (-4→-1=0.73×1) (12→9=0.75×1) (9→31=1.25×1) (19→18=0.76×1) |
| 306110 | 53 | 0.72 | 1 | 0.75~1.27 | (24→15=1.27×1) (12→9=0.75×1) (9→31=1.25×1) (19→18=0.76×1) (-2→-12=0.76×1) |
| 306121 | 56 | 0.64 | 1 | 0.75~1.27 | (24→15=1.27×1) (12→9=0.75×1) (9→31=1.25×1) (19→18=0.76×1) (-17→17=0.79×1) |
| 306131 | 55 | 0.65 | 1 | 0.75~1.27 | (24→15=1.27×1) (12→9=0.75×1) (-17→17=0.79×1) (12→-7=0.80×1) (10→-26=0.81×1) |
| 306141 | 59 | 1.00 | 2 | 0.70~1.29 | (-18→5=0.70×1) (15→-14=1.29×1) (24→15=1.27×1) (12→9=0.75×1) (17→7=0.76×1) |
| 306152 | 58 | 1.02 | 2 | 0.70~1.29 | (-18→5=0.70×1) (15→-14=1.29×1) (24→15=1.27×1) (17→7=0.76×1) (-13→-16=0.77×1) |
| 306162 | 60 | 1.05 | 2 | 0.70~1.29 | (-18→5=0.70×1) (15→-14=1.29×1) (-10→29=1.28×1) (24→15=1.27×1) (-17→-13=0.73×1) |
| 306172 | 59 | 0.90 | 2 | 0.70~1.28 | (-18→5=0.70×1) (-10→29=1.28×1) (24→15=1.27×1) (-17→-13=0.73×1) (-23→-7=0.76×1) |
| 306183 | 57 | 0.86 | 2 | 0.70~1.28 | (-18→5=0.70×1) (-10→29=1.28×1) (24→15=1.27×1) (-17→-13=0.73×1) (-17→24=0.74×1) |
| 306193 | 57 | 0.95 | 2 | 0.70~1.28 | (-18→5=0.70×1) (-10→29=1.28×1) (24→15=1.27×1) (-17→-13=0.73×1) (-17→24=0.74×1) |
| 306203 | 57 | 0.89 | 2 | 0.70~1.28 | (-18→5=0.70×1) (-10→29=1.28×1) (24→15=1.27×1) (-17→-13=0.73×1) (-17→24=0.74×1) |
| 306214 | 56 | 0.89 | 1 | 0.70~1.28 | (-18→5=0.70×1) (-19→-11=1.28×1) (-10→29=1.28×1) (24→15=1.27×1) (-17→-13=0.73×1) |
| 306224 | 54 | 0.91 | 1 | 0.65~1.28 | (5→31=0.70×2) (-18→5=0.70×1) (-10→29=1.28×1) (-19→-11=1.28×2) (24→15=1.27×1) |
| 306234 | 51 | 0.84 | 1 | 0.65~1.28 | (5→31=0.70×2) (-18→5=0.70×1) (-10→29=1.28×1) (-19→-11=1.28×2) (13→-29=0.75×1) |
| 306245 | 53 | 0.91 | 1 | 0.65~1.28 | (5→31=0.65×1) (-18→5=0.70×1) (-10→29=1.28×1) (-19→-11=1.27×1) (-8→-21=0.74×1) |
| 306255 | 50 | 0.74 | 1 | 0.65~1.27 | (5→31=0.65×1) (-18→5=0.70×1) (-19→-11=1.27×1) (-8→-21=0.74×1) (13→-29=0.75×1) |
| 306265 | 52 | 0.77 | 1 | 0.70~1.30 | (22→-26=1.30×1) (-18→5=0.70×1) (11→-12=1.27×1) (-8→-21=0.74×1) (-24→-3=0.74×1) |
| 306276 | 51 | 0.76 | 1 | 0.72~1.30 | (22→-26=1.30×1) (7→11=0.72×1) (11→-12=1.27×1) (-8→-21=0.74×1) (-21→-7=0.74×1) |
| 306286 | 52 | 0.75 | 1 | 0.72~1.30 | (22→-26=1.30×1) (7→11=0.72×1) (11→-12=1.27×1) (-8→-21=0.74×1) (-21→-7=0.74×1) |
| 306296 | 52 | 0.73 | 1 | 0.72~1.30 | (22→-26=1.30×1) (7→11=0.72×1) (11→-12=1.27×1) (-8→-21=0.74×1) (-21→-7=0.74×1) |
| 306307 | 53 | 0.87 | 2 | 0.72~1.30 | (22→-26=1.30×1) (23→-31=1.30×1) (7→11=0.72×1) (11→-12=1.27×1) (-8→-21=0.74×1) |
| 306317 | 50 | 0.84 | 2 | 0.72~1.30 | (22→-26=1.30×1) (23→-31=1.30×1) (7→11=0.72×1) (-8→-21=0.74×1) (-21→-7=0.74×1) |
| 306327 | 52 | 0.67 | 1 | 0.71~1.30 | (22→-26=1.30×1) (-23→-11=0.71×1) (7→11=0.72×1) (-8→-21=0.74×1) (-21→-7=0.74×1) |
| 306338 | 52 | 0.58 | 1 | 0.71~1.25 | (-23→-11=0.71×1) (7→11=0.72×1) (-8→-21=0.74×1) (-21→-7=0.74×1) (8→-26=1.25×1) |
| 306348 | 51 | 0.55 | 1 | 0.71~1.25 | (-23→-11=0.71×1) (7→11=0.72×1) (-8→-21=0.74×1) (-21→-7=0.74×1) (8→-26=1.25×1) |
| 306358 | 51 | 0.78 | 1 | 0.70~1.25 | (-21→-6=0.70×1) (-23→-11=0.71×1) (5→-15=0.72×1) (7→11=0.72×1) (-8→-21=0.74×1) |
| 306369 | 54 | 0.91 | 1 | 0.70~1.29 | (-21→-6=0.70×1) (-23→-11=0.71×1) (-13→15=1.29×1) (5→-15=0.72×1) (7→11=0.72×1) |
| 306379 | 53 | 0.83 | 1 | 0.70~1.25 | (-21→-6=0.70×1) (-23→-11=0.71×1) (5→-15=0.72×1) (-8→-21=0.74×1) (24→22=0.75×1) |
| 306389 | 54 | 0.85 | 1 | 0.70~1.25 | (-21→-6=0.70×1) (-23→-11=0.71×1) (5→-15=0.72×1) (24→22=0.75×1) (8→-26=1.25×1) |
| 306400 | 51 | 0.80 | 1 | 0.70~1.25 | (-21→-6=0.70×1) (-23→-11=0.71×1) (5→-15=0.72×1) (24→22=0.75×1) (8→-26=1.25×1) |
| 306410 | 51 | 0.98 | 1 | 0.70~1.25 | (-21→-6=0.70×1) (-23→-11=0.71×1) (11→9=0.71×2) (5→-15=0.72×1) (24→22=0.75×1) |
| 306420 | 51 | 0.98 | 1 | 0.70~1.25 | (-21→-6=0.70×1) (-23→-11=0.71×1) (11→9=0.71×2) (5→-15=0.72×1) (24→22=0.75×1) |
| 306431 | 50 | 1.16 | 2 | 0.70~1.29 | (-21→-6=0.70×1) (-23→-11=0.71×1) (11→9=0.71×3) (-17→-28=1.29×1) (5→-15=0.72×1) |
| 306441 | 56 | 1.27 | 2 | 0.70~1.29 | (-21→-6=0.70×1) (-23→-11=0.71×1) (11→9=0.71×3) (5→-15=0.72×1) (-17→-28=1.28×2) |
| 306451 | 53 | 1.11 | 1 | 0.70~1.29 | (11→9=0.71×2) (-17→-28=1.28×2) (17→8=0.72×1) (-24→2=1.27×1) (-3→1=0.73×1) |
| 306462 | 50 | 1.18 | 1 | 0.72~1.29 | (-17→-28=1.29×1) (17→8=0.72×1) (11→9=0.72×1) (-3→1=0.73×1) (-24→2=1.27×2) |
| 306472 | 52 | 1.25 | 1 | 0.71~1.29 | (24→1=0.71×1) (-17→-28=1.29×1) (17→8=0.72×1) (11→9=0.72×1) (-3→1=0.73×1) |
| 306482 | 50 | 1.18 | 1 | 0.71~1.30 | (24→1=0.71×1) (-17→-28=1.29×1) (17→8=0.72×1) (-24→2=1.28×3) (11→9=0.72×1) |
| 306493 | 54 | 1.07 | 1 | 0.71~1.30 | (24→1=0.71×1) (-17→-28=1.29×1) (-17→-17=0.72×1) (17→8=0.72×1) (-24→2=1.28×3) |
| 306503 | 54 | 0.96 | 1 | 0.71~1.30 | (24→1=0.71×1) (-17→-28=1.29×1) (-24→2=1.28×2) (-17→-17=0.72×1) (17→8=0.72×1) |
| 306513 | 52 | 0.94 | 1 | 0.71~1.30 | (-6→12=1.29×1) (24→1=0.71×1) (-24→2=1.28×2) (-17→-17=0.72×1) (7→-26=1.28×1) |
| 306524 | 52 | 0.79 | 1 | 0.71~1.30 | (-24→2=1.30×1) (-6→12=1.29×1) (24→1=0.71×1) (-17→-17=0.72×1) (7→-26=1.28×1) |
| 306534 | 53 | 0.83 | 1 | 0.71~1.29 | (-6→12=1.29×1) (24→1=0.71×1) (-17→-17=0.72×1) (7→-26=1.28×1) (17→20=1.27×1) |
| 306544 | 55 | 0.84 | 1 | 0.71~1.29 | (-6→12=1.29×1) (24→1=0.71×1) (-17→-17=0.72×1) (7→-26=1.28×1) (17→20=1.27×1) |
| 306555 | 53 | 0.85 | 1 | 0.71~1.29 | (-6→12=1.29×1) (24→1=0.71×1) (-17→-17=0.72×1) (7→-26=1.28×1) (17→20=1.27×1) |
| 306565 | 52 | 0.92 | 1 | 0.71~1.29 | (-6→12=1.29×1) (24→1=0.71×1) (-17→-17=0.72×1) (7→-26=1.28×1) (17→20=1.27×1) |
| 306575 | 54 | 0.91 | 1 | 0.71~1.29 | (-6→12=1.29×1) (24→1=0.71×1) (7→-26=1.28×1) (17→20=1.27×1) (-17→-5=0.74×1) |
| 306586 | 51 | 0.80 | 1 | 0.71~1.29 | (-6→12=1.29×1) (24→1=0.71×1) (7→-26=1.28×1) (-17→-5=0.74×1) (-13→-10=1.26×1) |
| 306596 | 52 | 0.85 | 1 | 0.70~1.29 | (3→-1=0.70×1) (13→8=1.29×1) (-6→12=1.29×1) (24→1=0.71×1) (7→-26=1.28×1) |
| 306606 | 56 | 1.02 | 1 | 0.70~1.29 | (3→-1=0.70×1) (13→8=1.29×1) (-6→12=1.29×1) (24→1=0.71×1) (23→20=0.71×2) |
| 306617 | 53 | 0.96 | 1 | 0.70~1.29 | (3→-1=0.70×1) (13→8=1.29×1) (-6→12=1.29×1) (24→1=0.71×1) (23→20=0.71×2) |
| 306627 | 54 | 1.04 | 2 | 0.70~1.50 | (-8→28=1.33×3) (3→-1=0.70×1) (13→8=1.29×1) (23→20=0.71×2) (14→30=0.72×1) |
| 306637 | 53 | 1.00 | 2 | 0.71~1.50 | (-8→28=1.33×3) (13→8=1.29×1) (-13→-8=1.29×1) (23→20=0.71×2) (14→30=0.72×1) |
| 306648 | 54 | 1.11 | 2 | 0.71~1.50 | (-8→28=1.33×3) (13→8=1.29×1) (-13→-8=1.29×1) (23→20=0.71×2) (-3→6=0.73×3) |
| 306658 | 51 | 1.08 | 2 | 0.71~1.50 | (-8→28=1.33×3) (13→8=1.29×1) (-13→-8=1.29×1) (23→20=0.71×2) (-3→6=0.73×3) |
| 306668 | 50 | 0.94 | 2 | 0.71~1.50 | (-8→28=1.33×3) (13→8=1.29×1) (23→20=0.71×2) (-3→6=0.73×3) (-12→31=1.26×1) |
| 306679 | 53 | 0.89 | 2 | 0.71~1.50 | (-8→28=1.33×3) (13→8=1.29×1) (23→20=0.71×2) (-3→6=0.73×3) (-12→31=1.26×1) |
| 306689 | 52 | 0.85 | 2 | 0.71~1.29 | (13→8=1.29×1) (23→20=0.71×2) (-3→6=0.73×2) (-12→31=1.26×1) (-8→28=1.25×2) |
| 306699 | 50 | 0.72 | 2 | 0.70~1.25 | (-12→24=0.70×1) (23→20=0.72×1) (-3→6=0.74×1) (-8→28=1.25×1) (-11→24=1.21×1) |
| 306710 | 52 | 0.65 | 2 | 0.70~1.28 | (-12→24=0.70×1) (2→-18=1.27×2) (-11→24=1.21×1) (4→-30=0.79×1) (-7→22=1.20×2) |
| 306720 | 53 | 0.75 | 2 | 0.70~1.28 | (-12→24=0.70×1) (-13→9=1.28×1) (2→-18=1.27×2) (18→19=0.75×1) (-11→24=1.21×1) |
| 306730 | 51 | 0.73 | 1 | 0.70~1.28 | (-12→24=0.70×1) (2→-18=1.28×1) (22→28=0.72×1) (-13→9=1.27×2) (-15→1=0.74×1) |
| 306741 | 56 | 0.98 | 1 | 0.70~1.28 | (-12→24=0.70×1) (7→-3=0.71×2) (2→-18=1.28×1) (22→28=0.72×1) (-13→9=1.27×2) |
| 306751 | 58 | 1.00 | 1 | 0.70~1.28 | (-12→24=0.70×1) (7→-3=0.71×2) (2→-18=1.28×1) (22→28=0.72×1) (-13→9=1.27×2) |
| 306761 | 60 | 0.97 | 1 | 0.70~1.28 | (-12→24=0.70×1) (7→-3=0.71×2) (2→-18=1.28×1) (22→28=0.72×1) (5→-25=0.72×1) |
| 306772 | 57 | 0.93 | 1 | 0.70~1.28 | (-12→24=0.70×1) (7→-3=0.71×2) (2→-18=1.28×1) (22→28=0.72×1) (5→-25=0.72×1) |
| 306782 | 56 | 0.91 | 1 | 0.70~1.28 | (7→-3=0.71×2) (2→-18=1.28×1) (22→28=0.72×1) (5→-25=0.72×1) (-15→-8=0.73×1) |
| 306792 | 56 | 0.91 | 1 | 0.70~1.28 | (1→30=0.71×1) (7→-3=0.71×2) (2→-18=1.28×1) (22→28=0.72×1) (5→-25=0.72×1) |
| 306803 | 50 | 0.84 | 1 | 0.70~1.28 | (7→-3=0.70×1) (1→30=0.71×1) (2→-18=1.28×1) (22→28=0.72×1) (5→-25=0.72×1) |
| 306813 | 53 | 0.75 | 1 | 0.70~1.28 | (7→-3=0.70×1) (1→30=0.71×1) (22→28=0.72×1) (20→25=1.28×1) (5→-25=0.72×1) |
| 306823 | 54 | 0.65 | 1 | 0.71~1.28 | (1→30=0.71×1) (22→28=0.72×1) (20→25=1.28×1) (22→2=0.73×1) (-15→1=0.74×1) |
| 306834 | 52 | 0.67 | 1 | 0.71~1.28 | (1→30=0.71×1) (22→28=0.72×1) (20→25=1.28×1) (22→2=0.73×1) (-15→1=0.74×1) |
| 306844 | 56 | 0.82 | 1 | 0.71~1.28 | (1→30=0.71×1) (20→25=1.28×1) (22→2=0.73×1) (-19→-18=1.25×1) (-23→-16=0.75×2) |
| 306854 | 59 | 0.95 | 1 | 0.71~1.28 | (1→30=0.71×1) (-3→28=1.28×1) (20→25=1.27×2) (22→2=0.73×1) (-19→-18=1.25×1) |
| 306865 | 65 | 1.22 | 1 | 0.71~1.28 | (1→30=0.71×1) (15→17=0.71×1) (-3→28=1.28×1) (20→25=1.27×2) (22→2=0.73×1) |
| 306875 | 62 | 1.39 | 1 | 0.71~1.28 | (1→30=0.71×1) (15→17=0.71×1) (-3→28=1.28×1) (22→2=0.73×1) (20→25=1.27×1) |
| 306885 | 53 | 1.09 | 1 | 0.75~1.28 | (6→24=1.28×1) (-19→-18=1.25×1) (-13→-30=1.25×1) (13→-31=1.25×1) (9→-27=1.24×1) |
| 306896 | 52 | 1.00 | 1 | 0.70~1.28 | (16→10=0.70×1) (-19→-14=0.71×1) (6→24=1.28×1) (-19→-18=1.25×1) (-13→-30=1.25×1) |
| 306906 | 51 | 1.12 | 1 | 0.70~1.29 | (16→10=0.70×1) (8→18=1.29×1) (-19→-14=0.71×1) (24→-5=0.71×1) (6→24=1.28×1) |
| 306916 | 51 | 1.16 | 1 | 0.70~1.29 | (16→10=0.70×1) (8→18=1.29×1) (-19→-14=0.71×1) (24→-5=0.71×1) (6→24=1.28×1) |
| 306927 | 52 | 1.23 | 1 | 0.70~1.29 | (16→10=0.70×1) (8→18=1.29×1) (-19→-14=0.71×1) (2→-19=0.72×1) (6→24=1.28×1) |
| 306937 | 49 | 0.94 | 1 | 0.70~1.28 | (16→10=0.70×1) (-19→-14=0.71×1) (6→24=1.28×1) (-8→4=0.73×1) (6→13=0.74×1) |
| 306947 | 50 | 0.80 | 1 | 0.71~1.27 | (-19→-14=0.71×1) (-14→-20=1.27×1) (-8→4=0.73×1) (6→13=0.74×1) (24→27=1.25×1) |
| 306958 | 53 | 0.89 | 1 | 0.71~1.27 | (-19→-14=0.71×1) (-14→-20=1.27×1) (-8→4=0.73×1) (6→13=0.74×1) (14→10=1.25×1) |
| 306968 | 53 | 0.94 | 1 | 0.71~1.30 | (7→31=1.30×1) (-19→-14=0.71×1) (-8→4=0.73×1) (-14→-20=1.27×2) (6→13=0.74×1) |
| 306978 | 53 | 1.02 | 1 | 0.71~1.30 | (7→31=1.30×1) (-19→-14=0.71×1) (8→18=0.72×1) (8→-18=0.73×1) (-8→4=0.73×1) |
| 306989 | 54 | 1.09 | 1 | 0.71~1.30 | (7→31=1.30×1) (-16→-26=1.29×1) (-19→-14=0.71×1) (8→18=0.72×1) (8→-18=0.73×1) |
| 306999 | 55 | 1.15 | 1 | 0.70~1.30 | (1→-14=0.70×1) (7→31=1.30×1) (-16→-26=1.29×1) (-19→-14=0.71×1) (8→18=0.72×1) |
| 307009 | 56 | 1.05 | 1 | 0.70~1.29 | (1→-14=0.70×1) (-16→-26=1.29×1) (-19→-14=0.71×1) (8→18=0.72×1) (8→-18=0.73×1) |
| 307020 | 55 | 1.13 | 1 | 0.70~1.29 | (1→-14=0.70×1) (-16→-26=1.29×1) (-19→-14=0.71×1) (8→18=0.72×1) (8→-18=0.73×1) |
| 307030 | 50 | 1.14 | 1 | 0.70~1.29 | (1→-14=0.70×1) (-15→-24=0.70×1) (-16→-26=1.29×1) (8→18=0.72×1) (8→-18=0.73×1) |
| 307040 | 51 | 1.14 | 1 | 0.70~1.30 | (1→-14=0.70×1) (-23→8=1.30×1) (-15→-24=0.70×1) (-16→-26=1.29×1) (8→18=0.72×1) |
| 307051 | 50 | 1.14 | 1 | 0.70~1.29 | (1→-14=0.70×1) (-16→-26=1.29×1) (-15→-24=0.71×2) (-19→-5=0.71×1) (8→18=0.72×1) |
| 307061 | 52 | 1.21 | 1 | 0.70~1.29 | (1→-14=0.70×1) (-16→-26=1.29×1) (-15→-24=0.71×2) (-19→-5=0.71×1) (8→18=0.72×1) |
| 307071 | 53 | 1.19 | 1 | 0.70~1.29 | (1→-14=0.70×1) (-16→-26=1.29×1) (-15→-24=0.71×2) (-19→-5=0.71×1) (-20→25=1.28×1) |
| 307082 | 53 | 1.25 | 1 | 0.70~1.30 | (1→-14=0.70×1) (-20→-9=1.30×1) (-16→-26=1.29×1) (-15→-24=0.71×2) (-19→-5=0.71×1) |
| 307092 | 55 | 1.18 | 1 | 0.70~1.30 | (1→-14=0.70×1) (-20→-9=1.30×1) (-16→-26=1.29×1) (-15→-24=0.71×2) (-19→-5=0.71×1) |
| 307102 | 50 | 0.92 | 1 | 0.70~1.30 | (1→-14=0.70×1) (-20→-9=1.30×1) (-15→-24=0.70×1) (-20→25=1.28×1) (-13→-29=1.27×1) |
| 307113 | 50 | 0.72 | 1 | 0.70~1.21 | (-15→-24=0.70×1) (-12→21=0.75×1) (21→29=0.77×1) (-2→-3=0.78×1) (7→22=1.21×2) |
| 307123 | 54 | 0.70 | 2 | 0.70~1.21 | (-15→-24=0.70×1) (21→29=0.77×1) (-2→-3=0.78×1) (7→22=1.21×1) (2→12=0.81×1) |
| 307133 | 54 | 0.74 | 2 | 0.70~1.24 | (-15→-24=0.70×1) (14→-31=1.24×1) (21→29=0.77×1) (-12→24=1.22×1) (-2→-3=0.78×1) |
| 307144 | 54 | 0.80 | 2 | 0.70~1.24 | (-15→-24=0.70×1) (5→-9=0.71×1) (14→-31=1.24×1) (21→29=0.77×1) (-12→24=1.22×1) |
| 307154 | 51 | 0.84 | 2 | 0.70~1.24 | (-15→-24=0.70×1) (5→-9=0.71×1) (14→-31=1.24×1) (21→29=0.77×1) (-12→24=1.22×1) |
| 307164 | 52 | 0.90 | 1 | 0.71~1.25 | (5→-9=0.71×1) (2→-4=0.73×1) (15→15=0.75×1) (-24→-18=1.25×1) (14→-31=1.24×1) |
| 307175 | 52 | 0.98 | 1 | 0.71~1.25 | (5→-9=0.71×1) (-12→12=0.72×1) (2→-4=0.73×1) (15→15=0.75×1) (-24→-18=1.25×1) |
| 307185 | 51 | 0.94 | 1 | 0.71~1.28 | (5→-9=0.71×1) (5→24=1.28×1) (-12→12=0.72×1) (2→-4=0.73×1) (15→15=0.75×1) |
| 307195 | 49 | 1.04 | 1 | 0.71~1.44 | (5→24=1.36×2) (5→-9=0.71×1) (-12→12=0.72×1) (15→15=0.75×1) (-24→-18=1.25×1) |
| 307206 | 52 | 0.96 | 1 | 0.71~1.44 | (5→24=1.44×1) (5→-9=0.71×1) (-12→12=0.72×1) (15→15=0.75×1) (-24→-18=1.25×1) |
| 307216 | 54 | 1.11 | 1 | 0.70~1.44 | (5→24=1.44×1) (19→6=0.70×1) (19→-22=1.29×1) (5→-9=0.71×1) (-12→12=0.72×1) |
| 307226 | 55 | 1.16 | 1 | 0.70~1.44 | (5→24=1.44×1) (19→6=0.70×1) (19→-22=1.29×1) (5→-9=0.71×1) (-12→12=0.72×1) |
| 307237 | 53 | 1.06 | 1 | 0.70~1.29 | (19→6=0.70×1) (19→-22=1.29×1) (5→-9=0.71×1) (-12→12=0.72×1) (2→-4=0.73×1) |
| 307247 | 54 | 1.22 | 1 | 0.70~1.29 | (19→6=0.70×1) (19→-22=1.29×1) (-24→-19=0.72×1) (2→-4=0.73×1) (-7→7=0.73×1) |
| 307257 | 56 | 1.30 | 1 | 0.70~1.29 | (19→6=0.70×1) (19→-22=1.29×1) (-24→-19=0.72×1) (2→-4=0.73×1) (-7→7=0.73×1) |
| 307268 | 53 | 1.25 | 1 | 0.70~1.29 | (19→6=0.70×1) (19→-22=1.29×1) (-24→-19=0.72×1) (-7→-10=1.28×1) (2→-4=0.73×1) |
| 307278 | 53 | 1.30 | 1 | 0.70~1.29 | (19→6=0.70×1) (19→-22=1.29×1) (-24→-19=0.72×1) (-7→-10=1.28×1) (2→-4=0.73×1) |
| 307288 | 51 | 1.22 | 1 | 0.70~1.29 | (19→6=0.70×1) (19→-22=1.29×1) (-7→-10=1.28×1) (2→-4=0.73×1) (-7→7=0.73×1) |
| 307299 | 53 | 1.23 | 1 | 0.70~1.29 | (19→6=0.70×1) (19→-22=1.29×1) (-7→-10=1.28×1) (2→-4=0.73×1) (-7→7=0.73×1) |
| 307309 | 49 | 1.00 | 1 | 0.70~1.29 | (19→6=0.70×1) (19→-22=1.29×1) (-7→-10=1.28×1) (2→-4=0.73×1) (-7→7=0.73×1) |
| 307319 | 50 | 0.96 | 1 | 0.70~1.30 | (15→25=1.30×1) (19→6=0.70×1) (19→-22=1.29×1) (-7→-10=1.28×1) (2→-4=0.73×1) |
| 307330 | 50 | 0.72 | 1 | 0.70~1.30 | (15→25=1.30×1) (19→6=0.70×1) (-7→-10=1.28×1) (2→-4=0.73×1) (15→15=0.75×1) |
| 307340 | 51 | 0.75 | 1 | 0.70~1.30 | (15→25=1.30×1) (19→6=0.70×1) (-7→-10=1.28×1) (2→-4=0.73×1) (15→15=0.75×1) |
| 307350 | 51 | 0.73 | 1 | 0.70~1.30 | (15→25=1.30×1) (19→6=0.70×1) (-7→-10=1.28×1) (15→15=0.75×1) (12→7=0.76×1) |
| 307361 | 52 | 0.71 | 1 | 0.70~1.30 | (15→25=1.30×1) (19→6=0.70×1) (-7→-10=1.28×1) (15→15=0.75×1) (12→7=0.76×1) |
| 307371 | 52 | 0.67 | 1 | 0.75~1.30 | (15→25=1.30×1) (-7→-10=1.28×1) (15→15=0.75×1) (-15→-29=1.24×2) (-22→17=1.23×1) |
| 307381 | 50 | 0.58 | 1 | 0.78~1.30 | (15→25=1.30×1) (-7→-10=1.28×1) (-15→-29=1.24×2) (-22→17=1.23×1) (3→22=1.23×1) |
| 307392 | 50 | 0.56 | 1 | 0.78~1.30 | (15→25=1.30×1) (-7→-10=1.28×1) (-15→-29=1.24×2) (-22→17=1.23×1) (3→22=1.23×1) |
| 307402 | 51 | 0.45 | 1 | 0.78~1.30 | (15→25=1.30×1) (-15→-29=1.24×2) (-22→17=1.23×1) (3→22=1.23×1) (-9→9=0.78×1) |
| 307412 | 51 | 0.39 | 1 | 0.78~1.30 | (15→25=1.30×1) (-15→-29=1.24×2) (-22→17=1.23×1) (3→22=1.23×1) (-9→9=0.78×1) |
| 307423 | 52 | 0.42 | 1 | 0.78~1.30 | (15→25=1.30×1) (-15→-29=1.24×2) (-22→17=1.23×1) (3→22=1.23×1) (-9→9=0.78×1) |
| 307433 | 53 | 0.47 | 1 | 0.72~1.30 | (15→25=1.30×1) (-3→-19=1.28×1) (-6→-7=0.72×1) (4→-20=1.27×1) (-15→-29=1.24×2) |
| 307443 | 54 | 0.48 | 1 | 0.72~1.30 | (15→25=1.30×1) (-3→-19=1.28×1) (-6→-7=0.72×1) (4→-20=1.27×1) (-16→16=1.26×1) |
| 307454 | 52 | 0.44 | 1 | 0.72~1.28 | (-3→-19=1.28×1) (-6→-7=0.72×1) (4→-20=1.27×1) (-16→16=1.26×1) (-15→-29=1.24×2) |
| 307464 | 54 | 0.61 | 1 | 0.72~1.28 | (-3→-19=1.28×1) (-6→-7=0.72×1) (4→-20=1.27×1) (-16→16=1.26×1) (-15→-29=1.24×2) |
| 307474 | 52 | 0.65 | 1 | 0.72~1.28 | (-3→-19=1.28×1) (-6→-7=0.72×1) (4→-20=1.27×1) (-16→16=1.26×1) (-15→-29=1.24×2) |
| 307485 | 52 | 0.75 | 1 | 0.72~1.28 | (-3→-19=1.28×1) (24→-14=1.28×1) (-6→-7=0.72×1) (4→-20=1.27×1) (-16→16=1.26×1) |
| 307495 | 50 | 0.76 | 2 | 0.72~1.28 | (-3→-19=1.28×1) (24→-14=1.28×1) (-6→-7=0.72×1) (4→-20=1.27×1) (-15→-29=1.24×1) |
| 307505 | 50 | 0.88 | 2 | 0.71~1.28 | (-15→-11=0.71×1) (-3→-19=1.28×1) (-6→-7=0.72×1) (24→-14=1.27×2) (4→-20=1.27×1) |
| 307516 | 50 | 0.70 | 2 | 0.71~1.29 | (15→-12=1.29×1) (-15→-11=0.71×1) (-6→-7=0.72×1) (-15→-29=1.24×1) (19→4=1.24×1) |
| 307526 | 53 | 0.68 | 2 | 0.71~1.29 | (15→-12=1.29×1) (-15→-11=0.72×2) (14→-21=0.74×1) (-20→9=1.25×1) (-3→14=1.24×1) |
| 307536 | 52 | 0.81 | 2 | 0.71~1.29 | (15→-12=1.29×1) (-15→-11=0.71×1) (14→-21=0.74×2) (-20→9=1.24×2) (19→4=1.24×1) |
| 307547 | 51 | 1.20 | 2 | 0.71~1.29 | (15→-12=1.29×1) (13→-8=0.71×1) (-15→-11=0.71×1) (8→-20=1.26×2) (3→14=0.74×2) |
| 307557 | 50 | 1.22 | 2 | 0.71~1.27 | (13→-8=0.71×1) (-15→-11=0.71×1) (8→-20=1.26×2) (3→14=0.74×2) (14→-21=0.74×2) |
| 307567 | 54 | 1.31 | 2 | 0.71~1.52 | (8→-20=1.35×3) (-24→29=1.31×3) (3→1=1.30×1) (13→-8=0.71×1) (-15→-11=0.71×1) |
| 307578 | 52 | 0.87 | 2 | 0.71~1.27 | (13→-8=0.71×1) (-15→-11=0.71×1) (8→-20=1.27×1) (3→14=0.74×1) (14→-21=0.74×1) |
| 307588 | 50 | 0.86 | 2 | 0.71~1.27 | (13→-8=0.71×1) (8→-20=1.27×1) (3→14=0.74×1) (14→-21=0.74×1) (-3→14=1.24×1) |
| 307598 | 52 | 0.83 | 2 | 0.71~1.27 | (13→-8=0.71×1) (8→-20=1.27×1) (6→2=1.27×1) (3→14=0.74×1) (14→-21=0.74×1) |
| 307609 | 53 | 0.74 | 2 | 0.71~1.27 | (13→-8=0.71×1) (8→-20=1.27×1) (6→2=1.27×1) (3→14=0.74×1) (14→-21=0.74×1) |
| 307619 | 53 | 0.68 | 2 | 0.71~1.27 | (13→-8=0.71×1) (8→-20=1.27×1) (6→2=1.27×1) (3→14=0.74×1) (19→14=1.26×1) |
| 307629 | 55 | 0.80 | 2 | 0.71~1.27 | (13→-8=0.71×1) (-24→-19=0.72×1) (-4→-2=0.73×1) (8→-20=1.27×1) (6→2=1.27×1) |
| 307640 | 50 | 0.60 | 1 | 0.71~1.27 | (13→-8=0.71×1) (-24→-19=0.72×1) (-4→-2=0.73×1) (6→2=1.27×1) (19→14=1.26×1) |
| 307650 | 53 | 0.57 | 1 | 0.71~1.26 | (13→-8=0.71×1) (-24→-19=0.72×1) (-4→-2=0.73×1) (-15→16=0.73×1) (19→14=1.26×1) |
| 307660 | 54 | 0.63 | 1 | 0.71~1.29 | (-11→19=1.29×1) (13→-8=0.71×1) (-24→-19=0.72×1) (-4→-2=0.73×1) (-15→16=0.73×1) |
| 307671 | 55 | 0.69 | 1 | 0.71~1.29 | (-11→19=1.29×1) (13→-8=0.71×1) (-24→-19=0.72×1) (-4→-2=0.73×1) (-15→16=0.73×1) |
| 307681 | 56 | 0.75 | 1 | 0.71~1.29 | (-11→19=1.29×1) (13→-8=0.71×1) (-24→-19=0.72×1) (3→15=0.73×1) (-4→-2=0.73×1) |
| 307691 | 52 | 0.71 | 1 | 0.72~1.29 | (-11→19=1.29×1) (-24→-19=0.72×1) (3→15=0.73×1) (-4→-2=0.73×1) (-15→16=0.73×1) |
| 307702 | 51 | 0.69 | 1 | 0.72~1.29 | (-11→19=1.29×1) (-24→-19=0.72×1) (3→15=0.73×1) (-4→-2=0.73×1) (-15→16=0.73×1) |
| 307712 | 52 | 0.67 | 1 | 0.72~1.29 | (-11→19=1.29×1) (-24→-19=0.72×1) (3→15=0.73×1) (-4→-2=0.73×1) (-15→16=0.73×1) |
| 307722 | 52 | 0.65 | 1 | 0.72~1.29 | (-11→19=1.29×1) (-24→-19=0.72×1) (3→15=0.73×1) (-4→-2=0.73×1) (-20→15=0.73×1) |
| 307733 | 56 | 0.88 | 1 | 0.72~1.29 | (-11→19=1.29×1) (-24→-19=0.72×1) (3→15=0.73×1) (-20→15=0.73×1) (16→-2=1.26×1) |
| 307743 | 58 | 0.90 | 1 | 0.73~1.29 | (-11→19=1.29×1) (3→15=0.73×1) (-20→15=0.73×1) (16→-2=1.26×1) (19→14=1.26×1) |
| 307753 | 58 | 0.90 | 1 | 0.72~1.29 | (-11→19=1.29×1) (15→-27=1.29×1) (-8→24=0.72×1) (3→15=0.73×1) (-20→15=0.73×1) |
| 307764 | 54 | 1.00 | 1 | 0.72~1.29 | (-11→19=1.29×1) (15→-27=1.29×1) (-8→24=0.72×1) (4→-14=0.73×1) (16→-2=1.26×1) |
| 307774 | 55 | 1.02 | 1 | 0.72~1.29 | (-11→19=1.29×1) (15→-27=1.29×1) (-4→-19=0.72×1) (-8→24=0.72×1) (6→-23=1.27×1) |
| 307784 | 54 | 0.98 | 1 | 0.72~1.29 | (-11→19=1.29×1) (15→-27=1.29×1) (-8→24=0.72×1) (6→-23=1.27×1) (4→-14=0.73×1) |
| 307795 | 53 | 0.92 | 1 | 0.72~1.29 | (-11→19=1.29×1) (15→-27=1.29×1) (-8→24=0.72×1) (-24→-19=0.73×1) (6→-23=1.27×1) |
| 307805 | 54 | 0.91 | 1 | 0.72~1.31 | (-11→19=1.29×1) (15→-27=1.29×1) (-8→24=0.72×1) (-24→-19=0.73×1) (6→-23=1.27×1) |
| 307815 | 52 | 0.77 | 1 | 0.73~1.31 | (-11→19=1.29×1) (15→-27=1.29×1) (-24→-19=0.73×1) (6→-23=1.27×1) (4→-14=0.73×1) |
| 307826 | 51 | 0.94 | 1 | 0.71~1.31 | (15→-27=1.29×1) (18→31=0.71×1) (-24→-19=0.73×1) (-18→12=0.73×1) (6→-23=1.27×1) |
| 307836 | 52 | 0.87 | 1 | 0.71~1.31 | (15→-27=1.29×1) (18→31=0.71×1) (-18→12=0.73×1) (6→-23=1.27×1) (4→-14=0.73×1) |
| 307846 | 51 | 0.86 | 1 | 0.71~1.31 | (18→31=0.71×1) (-18→12=0.73×1) (6→-23=1.27×1) (16→-2=1.26×1) (-12→-26=0.75×1) |
| 307857 | 49 | 0.82 | 1 | 0.71~1.31 | (18→31=0.71×1) (-18→12=0.73×1) (6→-23=1.27×1) (16→-2=1.26×1) (-6→-1=1.26×1) |
| 307867 | 53 | 0.92 | 1 | 0.71~1.31 | (18→31=0.71×1) (-8→22=1.28×1) (-18→12=0.73×1) (6→-23=1.27×1) (-6→-1=1.26×1) |
| 307877 | 54 | 0.89 | 1 | 0.71~1.31 | (18→31=0.71×1) (-8→22=1.28×1) (-18→12=0.73×1) (6→-23=1.27×1) (-8→7=0.73×1) |
| 307888 | 54 | 0.89 | 1 | 0.73~1.28 | (-8→22=1.28×1) (-18→12=0.73×1) (6→-23=1.27×1) (-8→7=0.73×1) (-12→-16=0.74×1) |
| 307898 | 52 | 0.85 | 1 | 0.73~1.28 | (-8→22=1.28×1) (-18→12=0.73×1) (6→-23=1.27×1) (-8→7=0.73×1) (-12→-16=0.74×1) |
| 307908 | 52 | 0.69 | 1 | 0.73~1.28 | (-8→22=1.28×1) (-18→12=0.73×1) (-8→7=0.73×1) (-12→-16=0.74×1) (8→27=1.24×1) |
| 307919 | 51 | 0.55 | 1 | 0.74~1.28 | (-8→22=1.28×1) (-12→-16=0.74×1) (-13→2=0.76×1) (13→-26=1.21×1) (-20→-21=0.79×1) |
| 307929 | 55 | 0.62 | 1 | 0.74~1.28 | (-8→22=1.28×1) (-12→-16=0.74×1) (-13→2=0.77×2) (13→-26=1.21×1) (18→5=0.79×1) |
| 307939 | 54 | 0.78 | 1 | 0.74~1.28 | (-17→-4=1.28×1) (-8→22=1.28×1) (-12→-16=0.74×1) (-13→2=0.77×3) (18→5=0.79×1) |
| 307950 | 54 | 0.81 | 1 | 0.72~1.28 | (24→-8=0.72×1) (-17→-4=1.28×1) (-8→22=1.28×1) (-12→-16=0.74×1) (-13→2=0.77×3) |
| 307960 | 50 | 0.70 | 1 | 0.72~1.28 | (24→-8=0.72×1) (-17→-4=1.28×1) (-8→22=1.28×1) (-12→-16=0.74×1) (-13→2=0.77×2) |
| 307970 | 50 | 0.74 | 1 | 0.74~1.29 | (-17→28=1.29×1) (-17→-4=1.28×1) (-8→22=1.28×1) (-12→-16=0.74×1) (22→4=1.26×1) |
| 307981 | 52 | 0.75 | 1 | 0.74~1.29 | (-17→28=1.29×1) (-17→-4=1.28×1) (-8→22=1.28×1) (-12→-16=0.74×1) (22→4=1.26×1) |
| 307991 | 51 | 0.73 | 1 | 0.71~1.29 | (12→-12=0.71×1) (-17→28=1.29×1) (-17→-4=1.28×1) (-8→22=1.28×1) (22→4=1.26×1) |
| 308001 | 53 | 0.96 | 1 | 0.71~1.43 | (5→-30=1.30×1) (-17→28=1.29×1) (12→-12=0.71×2) (-17→-4=1.28×1) (-14→9=1.28×1) |
| 308012 | 53 | 0.87 | 1 | 0.71~1.43 | (5→-30=1.30×1) (-17→28=1.29×1) (12→-12=0.71×2) (-14→9=1.28×1) (-21→7=1.27×1) |
| 308022 | 55 | 1.09 | 1 | 0.71~1.43 | (5→-30=1.30×1) (-17→28=1.29×1) (12→-12=0.71×3) (-14→9=1.28×1) (18→-10=0.74×1) |
| 308032 | 55 | 1.11 | 1 | 0.71~1.30 | (5→-30=1.30×1) (-17→28=1.29×1) (12→-12=0.71×2) (22→-13=1.28×1) (-14→9=1.28×1) |
| 308043 | 55 | 1.05 | 1 | 0.71~1.30 | (5→-30=1.30×1) (12→-12=0.71×1) (-17→28=1.29×1) (15→12=1.29×1) (22→-13=1.28×1) |
| 308053 | 52 | 0.92 | 1 | 0.76~1.29 | (-17→28=1.29×1) (15→12=1.29×1) (22→-13=1.28×1) (22→4=1.26×1) (-21→7=1.26×2) |
| 308063 | 51 | 0.98 | 1 | 0.76~1.29 | (-17→28=1.29×1) (15→12=1.29×1) (22→-13=1.28×1) (22→4=1.26×1) (-21→7=1.26×2) |
| 308074 | 51 | 1.00 | 1 | 0.76~1.29 | (-17→28=1.29×1) (15→12=1.29×1) (22→-13=1.28×1) (22→4=1.26×1) (-21→7=1.26×2) |
| 308084 | 52 | 0.81 | 1 | 0.75~1.29 | (15→12=1.29×1) (22→-13=1.28×1) (-21→7=1.27×1) (4→18=0.75×1) (5→17=0.77×1) |
| 308094 | 55 | 0.82 | 1 | 0.75~1.29 | (-20→-8=1.29×1) (15→12=1.29×1) (6→-22=1.28×1) (22→-13=1.28×1) (4→18=0.75×1) |
| 308105 | 59 | 1.00 | 1 | 0.75~1.29 | (-20→-8=1.29×1) (15→12=1.29×1) (6→-22=1.28×1) (22→-13=1.28×1) (-21→-21=1.27×1) |
| 308115 | 61 | 1.05 | 1 | 0.74~1.30 | (23→31=1.30×1) (-3→2=1.29×1) (-20→-8=1.29×1) (15→12=1.29×1) (6→-22=1.28×1) |
| 308125 | 62 | 1.05 | 1 | 0.74~1.30 | (23→31=1.30×1) (-3→2=1.29×1) (-20→-8=1.29×1) (15→12=1.29×1) (6→-22=1.28×1) |
| 308136 | 64 | 1.05 | 1 | 0.74~1.30 | (23→31=1.30×1) (-3→2=1.29×1) (-20→-8=1.29×1) (15→12=1.29×1) (6→-22=1.28×1) |
| 308146 | 59 | 1.05 | 1 | 0.74~1.30 | (23→31=1.30×1) (-3→2=1.29×1) (-20→-8=1.29×1) (15→12=1.29×1) (6→-22=1.28×1) |
| 308156 | 59 | 1.00 | 1 | 0.74~1.30 | (23→31=1.30×1) (-3→2=1.29×1) (-20→-8=1.29×1) (15→12=1.29×1) (6→-22=1.28×1) |
| 308167 | 55 | 0.85 | 1 | 0.75~1.29 | (-20→-8=1.29×1) (15→12=1.29×1) (6→-22=1.28×1) (22→-13=1.28×1) (16→22=1.27×1) |
| 308177 | 55 | 0.73 | 1 | 0.75~1.29 | (-20→-8=1.29×1) (15→12=1.29×1) (22→-13=1.28×1) (16→22=1.27×1) (-21→-21=1.27×1) |
| 308187 | 50 | 0.56 | 1 | 0.75~1.29 | (-20→-8=1.29×1) (15→12=1.29×1) (22→-13=1.28×1) (-21→-21=1.27×1) (4→18=0.75×1) |
| 308198 | 49 | 0.55 | 1 | 0.80~1.29 | (-20→-8=1.29×1) (22→-13=1.28×1) (-21→-21=1.27×1) (5→29=1.23×1) (1→9=1.22×1) |
| 308208 | 53 | 0.66 | 1 | 0.71~1.29 | (11→-21=1.29×1) (-20→-8=1.29×1) (-19→-11=0.71×1) (22→-13=1.28×1) (-21→-21=1.27×1) |
| 308218 | 53 | 0.66 | 1 | 0.65~1.29 | (-19→-11=0.68×2) (-20→-8=1.29×1) (22→-13=1.28×1) (11→21=0.73×1) (3→-27=1.25×1) |
| 308229 | 56 | 0.82 | 1 | 0.65~1.29 | (-19→-11=0.68×2) (-20→-8=1.29×1) (22→-13=1.28×1) (11→21=0.73×1) (3→-27=1.25×1) |
| 308239 | 57 | 1.14 | 1 | 0.65~1.29 | (-19→-11=0.69×4) (-20→-8=1.29×1) (22→-13=1.28×1) (11→21=0.73×1) (3→-27=1.25×1) |
| 308249 | 58 | 1.19 | 1 | 0.65~1.29 | (-19→-11=0.69×4) (-20→-8=1.29×1) (22→-13=1.28×1) (11→21=0.73×1) (3→-27=1.25×1) |
| 308260 | 62 | 1.24 | 1 | 0.65~1.29 | (-19→-11=0.69×4) (10→-26=0.71×1) (-2→-12=1.29×1) (-20→-8=1.29×1) (22→-13=1.28×1) |
| 308270 | 59 | 1.31 | 1 | 0.65~1.29 | (-19→-11=0.69×4) (10→-26=0.71×1) (-2→-12=1.29×1) (22→3=0.71×1) (-20→-8=1.29×1) |
| 308280 | 62 | 1.56 | 1 | 0.65~1.29 | (-19→-11=0.69×4) (10→-26=0.71×1) (-2→-12=1.29×1) (22→3=0.71×1) (-20→-8=1.29×1) |
| 308291 | 61 | 1.54 | 1 | 0.65~1.29 | (-19→-11=0.69×4) (10→-26=0.71×1) (-2→-12=1.29×1) (-20→-8=1.29×1) (22→-13=1.28×1) |
| 308301 | 59 | 1.66 | 1 | 0.65~1.29 | (-19→-11=0.69×4) (10→-26=0.71×1) (-2→-12=1.29×1) (-20→-8=1.29×1) (-9→-5=0.72×1) |
| 308311 | 61 | 1.57 | 1 | 0.65~1.29 | (-19→-11=0.69×4) (10→-26=0.71×1) (-2→-12=1.29×1) (-20→-8=1.29×1) (-9→-5=0.72×1) |
| 308322 | 60 | 1.50 | 1 | 0.65~1.29 | (-19→-11=0.69×4) (10→-26=0.71×1) (-2→-12=1.29×1) (-20→-8=1.29×1) (-9→-5=0.72×1) |
| 308332 | 57 | 1.35 | 1 | 0.65~1.29 | (-19→-11=0.69×3) (10→-26=0.71×1) (-2→-12=1.29×1) (-9→-5=0.72×1) (15→-17=1.28×1) |
| 308342 | 57 | 1.37 | 1 | 0.71~1.29 | (10→-26=0.71×1) (-2→-12=1.29×1) (-2→-6=1.29×1) (11→-21=1.29×2) (-19→-11=0.72×2) |
| 308353 | 52 | 1.12 | 1 | 0.71~1.29 | (11→-21=1.29×1) (10→-26=0.71×1) (-2→-12=1.29×1) (-2→-6=1.29×1) (-19→-11=0.71×1) |
| 308363 | 50 | 1.06 | 1 | 0.71~1.29 | (11→-21=1.29×1) (-19→-11=0.71×1) (-2→-6=1.28×2) (-9→-5=0.72×1) (15→-17=1.28×1) |
| 308373 | 51 | 1.14 | 1 | 0.71~1.36 | (11→-21=1.29×1) (-19→-11=0.71×1) (-2→-6=1.28×2) (-9→-5=0.72×1) (15→-17=1.28×1) |
| 308384 | 54 | 0.83 | 1 | 0.71~1.29 | (11→-21=1.29×1) (-19→-11=0.71×1) (-2→-6=1.28×2) (15→-17=1.28×1) (10→-23=1.26×1) |
| 308394 | 54 | 0.81 | 1 | 0.71~1.29 | (-6→15=0.71×1) (11→-21=1.29×1) (-19→-11=0.71×1) (-2→-6=1.28×2) (15→-17=1.28×1) |
| 308404 | 55 | 0.96 | 2 | 0.71~1.29 | (-6→15=0.71×1) (11→-21=1.29×1) (-19→-11=0.71×1) (-2→-6=1.28×3) (15→-17=1.28×1) |
| 308415 | 51 | 0.90 | 2 | 0.71~1.29 | (-6→15=0.71×1) (11→-21=1.29×1) (-19→-11=0.71×1) (-2→-6=1.28×3) (15→-17=1.28×1) |
| 308425 | 53 | 1.04 | 2 | 0.71~1.29 | (-6→15=0.71×1) (11→-21=1.29×1) (-19→-11=0.71×1) (15→-17=1.28×1) (-2→-6=1.28×4) |
| 308435 | 54 | 1.04 | 2 | 0.71~1.29 | (-6→15=0.71×1) (-9→-6=0.71×1) (15→-17=1.28×1) (-2→-6=1.28×4) (14→2=1.26×1) |
| 308446 | 54 | 1.00 | 2 | 0.71~1.29 | (-9→-6=0.71×1) (-6→15=0.71×2) (15→-17=1.28×1) (-2→-6=1.28×4) (14→2=1.26×1) |
| 308456 | 58 | 1.17 | 2 | 0.71~1.30 | (-4→-1=1.30×1) (-9→-6=0.71×1) (-6→15=0.71×2) (15→-17=1.28×1) (-2→-6=1.28×5) |
| 308466 | 60 | 1.17 | 2 | 0.71~1.30 | (-4→-1=1.30×1) (-9→-6=0.71×1) (-6→15=0.71×3) (15→-17=1.28×1) (-2→-6=1.28×5) |
| 308477 | 57 | 1.18 | 2 | 0.71~1.30 | (-4→-1=1.30×1) (-9→-6=0.71×1) (-6→15=0.71×3) (15→-17=1.28×1) (-2→-6=1.28×6) |
| 308487 | 54 | 1.24 | 2 | 0.71~1.30 | (-4→-1=1.30×1) (-9→-6=0.71×1) (-6→15=0.71×3) (15→-17=1.28×1) (-2→-6=1.28×6) |
| 308497 | 54 | 1.30 | 2 | 0.71~1.30 | (-4→-1=1.30×1) (-9→-6=0.71×1) (-6→15=0.71×4) (-12→-5=1.28×1) (-2→-6=1.28×7) |
| 308508 | 55 | 1.38 | 2 | 0.71~1.30 | (-4→-1=1.30×1) (-9→-6=0.71×1) (-6→15=0.71×4) (-12→-5=1.28×1) (16→17=0.73×1) |
| 308518 | 58 | 1.36 | 2 | 0.71~1.30 | (-4→-1=1.30×1) (-10→28=1.29×1) (-1→15=0.71×1) (-9→-6=0.71×1) (-6→15=0.71×4) |
| 308528 | 57 | 1.46 | 2 | 0.71~1.30 | (-4→-1=1.30×1) (-10→28=1.29×1) (-1→15=0.71×1) (-9→-6=0.71×1) (-6→15=0.72×3) |
| 308539 | 56 | 1.52 | 2 | 0.71~1.30 | (-4→-1=1.30×1) (-10→28=1.29×1) (-1→15=0.71×1) (-9→-6=0.71×1) (-6→15=0.72×3) |
| 308549 | 53 | 1.57 | 2 | 0.71~1.30 | (-4→-1=1.30×1) (-10→28=1.29×1) (-1→15=0.71×1) (-9→-6=0.71×1) (-6→15=0.72×2) |
| 308559 | 51 | 1.53 | 2 | 0.71~1.30 | (-4→-1=1.30×1) (-10→28=1.29×1) (-1→15=0.71×1) (-9→-6=0.71×1) (11→-13=1.29×1) |
| 308570 | 52 | 1.65 | 2 | 0.71~1.30 | (-4→-1=1.30×1) (-10→28=1.29×1) (-1→15=0.71×1) (11→-13=1.29×1) (-6→15=0.72×2) |
| 308580 | 54 | 1.72 | 2 | 0.71~1.30 | (4→-11=1.30×1) (-4→-1=1.30×1) (-10→28=1.29×1) (-1→15=0.71×1) (11→-13=1.29×1) |
| 308590 | 55 | 1.71 | 2 | 0.71~1.30 | (4→-11=1.30×1) (-4→-1=1.30×1) (-10→28=1.29×1) (-1→15=0.71×1) (11→-13=1.29×1) |
| 308601 | 56 | 1.96 | 2 | 0.71~1.30 | (4→-11=1.30×1) (-10→28=1.29×1) (-1→15=0.71×1) (11→-13=1.29×1) (-6→15=0.72×1) |
| 308611 | 55 | 2.04 | 2 | 0.71~1.30 | (4→-11=1.30×1) (-10→28=1.29×1) (-1→15=0.71×1) (11→-13=1.29×1) (-3→-20=0.72×1) |
| 308621 | 56 | 2.23 | 2 | 0.71~1.30 | (4→-11=1.30×1) (-10→28=1.29×1) (-1→15=0.71×1) (11→-13=1.29×1) (-4→-20=1.29×1) |
| 308632 | 55 | 2.45 | 2 | 0.71~1.30 | (4→-11=1.30×1) (-10→28=1.29×1) (-1→15=0.71×1) (11→-13=1.29×1) (-4→-20=1.29×1) |
| 308642 | 55 | 2.29 | 2 | 0.71~1.30 | (4→-11=1.30×1) (-10→28=1.29×1) (-1→15=0.71×1) (11→-13=1.29×1) (-4→-20=1.29×1) |
| 308652 | 55 | 2.42 | 2 | 0.71~1.30 | (4→-11=1.30×1) (5→-5=1.30×1) (-10→28=1.29×1) (-1→15=0.71×1) (11→-13=1.29×1) |
| 308663 | 53 | 2.51 | 2 | 0.71~1.30 | (4→-11=1.30×1) (5→-5=1.30×1) (-10→28=1.29×1) (-1→15=0.71×1) (11→-13=1.29×1) |
| 308673 | 53 | 2.51 | 2 | 0.73~1.30 | (4→-11=1.30×1) (5→-5=1.30×1) (11→-13=1.29×1) (-4→-20=1.29×1) (10→15=0.73×1) |
| 308683 | 51 | 2.49 | 2 | 0.75~1.30 | (4→-11=1.30×1) (5→-5=1.30×1) (11→-13=1.29×1) (-4→-20=1.29×1) (-14→-21=1.27×1) |
| 308694 | 53 | 2.42 | 2 | 0.75~1.30 | (4→-11=1.30×1) (5→-5=1.30×1) (11→-13=1.29×1) (-4→-20=1.29×1) (-14→-21=1.27×1) |
| 308704 | 52 | 2.44 | 2 | 0.75~1.30 | (4→-11=1.30×1) (5→-5=1.30×1) (-4→-20=1.29×1) (-14→-21=1.27×1) (-2→-6=1.26×15) |
| 308714 | 52 | 2.23 | 2 | 0.75~1.30 | (4→-11=1.30×1) (5→-5=1.30×1) (-4→-20=1.29×1) (-2→-6=1.27×14) (14→2=1.26×1) |
| 308725 | 55 | 2.09 | 2 | 0.73~1.30 | (4→-11=1.30×1) (5→-5=1.30×1) (-23→26=1.29×1) (-4→-20=1.29×1) (10→29=1.28×1) |
| 308735 | 51 | 1.75 | 2 | 0.73~1.30 | (4→-11=1.30×1) (5→-5=1.30×1) (-23→26=1.29×1) (10→29=1.28×1) (-2→-6=1.27×10) |
| 308745 | 50 | 1.68 | 2 | 0.73~1.30 | (4→-11=1.30×1) (5→-5=1.30×1) (-23→26=1.29×1) (10→29=1.28×1) (-2→-6=1.27×9) |
| 308756 | 54 | 1.80 | 2 | 0.74~1.30 | (4→-11=1.30×1) (5→-5=1.30×1) (-23→26=1.29×1) (10→29=1.28×1) (-2→-6=1.27×9) |
| 308766 | 53 | 1.77 | 2 | 0.74~1.30 | (4→-11=1.30×1) (5→-5=1.30×1) (-23→26=1.29×1) (10→29=1.28×1) (-2→-6=1.27×9) |
| 308776 | 52 | 1.77 | 2 | 0.74~1.30 | (4→-11=1.30×1) (-23→26=1.29×1) (10→29=1.28×1) (-2→-6=1.27×8) (14→2=1.26×1) |
| 308787 | 53 | 1.57 | 1 | 0.74~1.30 | (4→-11=1.30×1) (-2→-6=1.27×7) (14→2=1.26×1) (21→-6=0.74×1) (-3→2=0.74×1) |
| 308797 | 53 | 1.53 | 1 | 0.74~1.30 | (4→-11=1.30×1) (-2→-6=1.27×7) (14→2=1.26×1) (21→-6=0.74×1) (-16→25=0.75×1) |
| 308807 | 55 | 1.51 | 1 | 0.74~1.30 | (4→-11=1.30×1) (-2→-6=1.27×7) (14→2=1.26×1) (-1→-15=0.74×1) (21→-6=0.74×1) |
| 308818 | 57 | 1.61 | 1 | 0.74~1.30 | (4→-11=1.30×1) (-2→-6=1.27×7) (14→2=1.26×1) (21→-6=0.74×1) (-1→-15=0.74×2) |
| 308828 | 58 | 1.53 | 1 | 0.74~1.30 | (4→-11=1.30×1) (-19→-10=1.27×1) (-2→-6=1.27×6) (14→2=1.26×1) (21→-6=0.74×1) |
| 308838 | 57 | 1.56 | 1 | 0.70~1.30 | (4→-11=1.30×1) (7→-23=0.70×1) (-2→-6=1.27×5) (-19→-10=1.27×1) (14→2=1.26×1) |
| 308849 | 62 | 1.53 | 1 | 0.70~1.30 | (4→-11=1.30×1) (7→-23=0.70×1) (-2→-6=1.27×5) (-19→-10=1.27×2) (9→14=0.74×1) |
| 308859 | 59 | 1.42 | 1 | 0.70~1.30 | (4→-11=1.30×1) (7→-23=0.70×1) (-2→-6=1.27×5) (-19→-10=1.27×2) (9→14=0.74×1) |
| 308869 | 58 | 1.41 | 1 | 0.70~1.30 | (4→-11=1.30×1) (7→-23=0.70×1) (-2→-6=1.27×5) (9→14=0.74×1) (-19→-10=1.26×1) |
| 308880 | 53 | 1.28 | 2 | 0.70~1.30 | (4→-11=1.30×1) (7→-23=0.70×1) (-20→-1=0.70×1) (-15→-26=1.28×2) (-2→-6=1.27×5) |
| 308890 | 53 | 1.21 | 2 | 0.70~1.30 | (4→-11=1.30×1) (7→-23=0.70×1) (-20→-1=0.70×1) (-15→-26=1.28×2) (-2→-6=1.27×4) |
| 308900 | 51 | 0.90 | 2 | 0.70~1.29 | (7→-23=0.70×1) (-20→-1=0.70×1) (14→-28=1.29×1) (-15→-26=1.27×1) (-2→-6=1.27×2) |
| 308911 | 51 | 0.69 | 1 | 0.70~1.29 | (-10→22=0.70×1) (-2→-6=1.27×2) (9→14=0.74×1) (14→-28=1.26×2) (-4→-12=0.74×1) |
| 308921 | 51 | 0.80 | 1 | 0.70~1.29 | (-10→22=0.70×1) (2→-20=1.29×1) (-2→-6=1.27×2) (9→14=0.74×1) (14→-28=1.26×2) |
| 308931 | 55 | 0.78 | 1 | 0.70~1.29 | (-10→22=0.70×1) (2→-20=1.29×1) (-2→-6=1.27×2) (9→14=0.74×1) (14→-28=1.26×2) |
| 308942 | 52 | 0.73 | 1 | 0.70~1.29 | (-10→22=0.70×1) (2→-20=1.29×1) (-2→-6=1.27×2) (9→14=0.74×1) (-4→-12=0.74×1) |
| 308952 | 53 | 0.83 | 1 | 0.70~1.29 | (-10→22=0.70×1) (2→-20=1.29×1) (12→13=0.71×1) (22→-13=0.72×1) (-4→-9=0.72×1) |
| 308962 | 50 | 0.72 | 1 | 0.70~1.29 | (-10→22=0.70×1) (2→-20=1.29×1) (12→13=0.71×1) (22→-13=0.72×1) (-2→-6=1.28×1) |
| 308973 | 51 | 0.65 | 1 | 0.70~1.29 | (-10→22=0.70×1) (2→-20=1.29×1) (12→13=0.71×1) (22→-13=0.72×1) (-4→-9=0.72×1) |
| 308983 | 53 | 0.79 | 1 | 0.70~1.29 | (10→12=0.70×1) (-10→22=0.70×1) (2→-20=1.29×1) (12→13=0.71×1) (22→-13=0.72×1) |
| 308993 | 57 | 0.95 | 1 | 0.70~1.29 | (10→12=0.70×1) (-10→22=0.70×1) (20→-8=0.70×1) (-1→15=1.29×1) (2→-20=1.29×1) |
| 309004 | 55 | 0.95 | 1 | 0.70~1.29 | (10→12=0.70×1) (-10→22=0.70×1) (20→-8=0.70×1) (-1→15=1.29×1) (2→-20=1.29×1) |
| 309014 | 56 | 0.93 | 1 | 0.70~1.29 | (10→12=0.70×1) (-10→22=0.70×1) (20→-8=0.70×1) (-1→15=1.29×1) (-10→-14=0.71×1) |
| 309024 | 55 | 0.85 | 1 | 0.70~1.29 | (10→12=0.70×1) (-10→22=0.70×1) (20→-8=0.70×1) (-1→15=1.29×1) (-10→-14=0.71×1) |
| 309035 | 56 | 0.86 | 1 | 0.70~1.29 | (10→12=0.70×1) (20→-8=0.70×1) (-1→15=1.29×1) (-10→-14=0.71×1) (12→13=0.71×1) |
| 309045 | 56 | 0.84 | 1 | 0.70~1.29 | (10→12=0.70×1) (20→-8=0.70×1) (-1→15=1.29×1) (-10→-14=0.71×1) (12→13=0.71×1) |
| 309055 | 54 | 0.85 | 1 | 0.70~1.29 | (10→12=0.70×1) (20→-8=0.70×1) (-1→15=1.29×1) (-10→-14=0.71×1) (12→13=0.71×1) |
| 309066 | 54 | 0.94 | 1 | 0.70~1.29 | (10→12=0.70×1) (20→-8=0.70×1) (-1→15=1.29×1) (-10→-14=0.71×1) (12→13=0.71×1) |
| 309076 | 50 | 0.90 | 1 | 0.70~1.29 | (10→12=0.70×1) (20→-8=0.70×1) (-1→15=1.29×1) (-10→-14=0.71×1) (11→-12=1.28×1) |
| 309086 | 52 | 0.83 | 1 | 0.70~1.29 | (10→12=0.70×1) (-1→15=1.29×1) (-21→-13=0.72×1) (11→-12=1.28×1) (-5→-16=1.27×1) |
| 309097 | 53 | 0.58 | 1 | 0.71~1.29 | (-1→15=1.29×1) (6→-6=0.71×1) (-21→-13=0.72×1) (-5→-16=1.27×1) (-7→17=0.74×2) |
| 309107 | 52 | 0.62 | 1 | 0.71~1.29 | (-1→15=1.29×1) (6→-6=0.71×1) (-7→17=0.71×1) (-21→-13=0.72×1) (-5→-16=1.27×1) |
| 309117 | 54 | 0.57 | 1 | 0.71~1.29 | (-1→15=1.29×1) (6→-6=0.71×1) (-8→-6=1.29×1) (-7→17=0.71×1) (-21→-13=0.72×1) |
| 309128 | 54 | 0.61 | 1 | 0.71~1.29 | (-1→15=1.29×1) (6→-6=0.71×1) (-8→-6=1.29×1) (1→-22=1.29×1) (-7→17=0.71×1) |
| 309138 | 51 | 0.73 | 1 | 0.70~1.29 | (-24→-7=0.70×1) (-1→15=1.29×1) (6→-6=0.71×1) (-8→-6=1.29×1) (1→-22=1.29×1) |
| 309148 | 50 | 0.70 | 1 | 0.70~1.29 | (-24→-7=0.70×1) (-1→15=1.29×1) (6→-6=0.71×1) (-8→-6=1.29×1) (-7→17=0.71×1) |
| 309159 | 52 | 0.58 | 1 | 0.70~1.29 | (-24→-7=0.70×1) (-1→15=1.29×1) (6→-6=0.71×1) (-8→-6=1.29×1) (-7→17=0.71×1) |
| 309169 | 50 | 0.48 | 1 | 0.70~1.29 | (-24→-7=0.70×1) (-1→15=1.29×1) (6→-6=0.71×1) (-8→-6=1.29×1) (-7→17=0.71×1) |
| 309179 | 50 | 0.60 | 1 | 0.70~1.29 | (-24→-7=0.70×1) (6→-6=0.71×1) (-8→-6=1.29×1) (-7→17=0.71×1) (1→17=0.73×1) |
| 309190 | 51 | 0.63 | 1 | 0.70~1.34 | (-24→-7=0.70×1) (6→-6=0.71×1) (-7→17=0.71×1) (-7→-15=1.28×2) (3→4=0.74×2) |
| 309200 | 52 | 0.73 | 1 | 0.70~1.54 | (-23→25=1.32×3) (-24→-7=0.70×1) (6→-6=0.71×1) (-7→17=0.71×1) (-7→-15=1.28×2) |
| 309210 | 53 | 1.02 | 1 | 0.70~1.54 | (-23→25=1.32×3) (-24→-7=0.70×1) (-11→6=0.70×1) (-10→-30=1.29×1) (-7→-15=1.28×2) |
| 309221 | 50 | 1.08 | 1 | 0.70~1.54 | (-23→25=1.32×3) (-24→-7=0.70×1) (-11→6=0.70×1) (-10→-30=1.29×1) (-7→-15=1.28×2) |
| 309231 | 55 | 1.16 | 1 | 0.70~1.54 | (-23→25=1.32×3) (-24→-7=0.70×1) (-11→6=0.70×1) (-10→-30=1.29×1) (-13→24=1.28×1) |
| 309241 | 54 | 0.94 | 1 | 0.70~1.32 | (-24→-7=0.70×1) (-10→-30=1.29×1) (-23→25=1.29×1) (18→-5=1.28×1) (-13→24=1.28×1) |
| 309252 | 50 | 0.78 | 1 | 0.70~1.29 | (-24→-7=0.70×1) (-10→-30=1.29×1) (18→-5=1.28×1) (-13→24=1.28×1) (-16→20=0.73×1) |
| 309262 | 51 | 0.75 | 1 | 0.73~1.29 | (-10→-30=1.29×1) (18→-5=1.28×1) (-13→24=1.28×1) (-16→20=0.73×1) (-23→18=0.73×1) |
| 309272 | 51 | 0.67 | 1 | 0.73~1.29 | (-10→-30=1.29×1) (18→-5=1.28×1) (-13→24=1.28×1) (-16→20=0.73×1) (10→18=0.75×1) |
| 309283 | 50 | 0.70 | 1 | 0.72~1.29 | (-5→25=1.29×1) (18→-5=1.28×1) (-13→24=1.28×1) (-3→15=0.72×1) (16→20=0.73×1) |
| 309293 | 51 | 0.73 | 1 | 0.72~1.29 | (-5→25=1.29×1) (18→-5=1.28×1) (-13→24=1.28×1) (-3→15=0.72×1) (16→20=0.73×1) |
| 309303 | 51 | 0.73 | 1 | 0.72~1.29 | (-5→25=1.29×1) (18→-5=1.28×1) (-13→24=1.28×1) (-3→15=0.72×1) (16→20=0.73×1) |
| 309314 | 54 | 0.81 | 1 | 0.72~1.29 | (-5→25=1.29×1) (5→-8=1.28×1) (18→-5=1.28×1) (-13→24=1.28×1) (-3→15=0.72×1) |
| 309324 | 59 | 0.93 | 1 | 0.72~1.29 | (-5→25=1.29×1) (5→-11=1.29×1) (5→-8=1.28×1) (18→-5=1.28×1) (-13→24=1.28×1) |
| 309334 | 62 | 0.98 | 1 | 0.72~1.29 | (-5→25=1.29×1) (5→-8=1.28×1) (18→-5=1.28×1) (-3→15=0.72×1) (16→20=0.73×1) |
| 309345 | 65 | 1.05 | 1 | 0.72~1.29 | (-5→25=1.29×1) (5→-8=1.28×1) (18→-5=1.28×1) (-3→15=0.72×1) (16→20=0.73×1) |
| 309355 | 69 | 1.12 | 1 | 0.72~1.29 | (-5→25=1.29×1) (5→-8=1.28×1) (18→-5=1.28×1) (-3→15=0.72×1) (16→20=0.73×1) |
| 309365 | 70 | 1.16 | 2 | 0.72~1.29 | (-5→25=1.29×1) (5→-8=1.28×1) (18→-5=1.28×1) (-3→15=0.72×1) (16→20=0.73×1) |
| 309376 | 69 | 1.03 | 1 | 0.72~1.29 | (-5→25=1.29×1) (5→-8=1.28×1) (18→-5=1.28×1) (-3→15=0.72×1) (16→20=0.73×1) |
| 309386 | 64 | 0.95 | 1 | 0.72~1.29 | (-5→25=1.29×1) (5→-8=1.28×1) (18→-5=1.28×1) (-3→15=0.72×1) (16→20=0.73×1) |
| 309396 | 62 | 0.94 | 1 | 0.73~1.28 | (18→-5=1.28×1) (-16→20=0.73×1) (-19→-1=1.27×1) (8→10=0.76×1) (18→-30=0.76×1) |
| 309407 | 61 | 0.90 | 1 | 0.73~1.28 | (18→-5=1.28×1) (-16→20=0.73×1) (-19→-1=1.27×1) (1→1=1.26×1) (8→10=0.76×1) |
| 309417 | 61 | 1.02 | 1 | 0.73~1.28 | (18→-5=1.28×1) (-16→20=0.73×1) (-19→-1=1.27×1) (1→1=1.26×1) (8→10=0.76×1) |
| 309427 | 60 | 0.82 | 1 | 0.73~1.29 | (-1→21=1.29×1) (18→-5=1.28×1) (-8→-19=1.27×1) (-16→20=0.73×1) (1→1=1.26×1) |
| 309438 | 59 | 0.78 | 1 | 0.73~1.29 | (-1→21=1.29×1) (18→-5=1.28×1) (-8→-19=1.27×1) (24→26=1.27×1) (-16→20=0.73×1) |
| 309448 | 55 | 0.69 | 1 | 0.73~1.28 | (18→-5=1.28×1) (-8→-19=1.27×1) (-16→20=0.73×1) (1→1=1.26×1) (18→-30=0.76×1) |
| 309458 | 55 | 0.76 | 1 | 0.71~1.28 | (-17→21=0.71×1) (18→-5=1.28×1) (12→1=0.72×1) (-8→-19=1.27×1) (-16→20=0.73×1) |
| 309469 | 56 | 0.77 | 1 | 0.71~1.28 | (-17→21=0.71×1) (18→-5=1.28×1) (12→1=0.72×1) (-8→-19=1.27×1) (-16→20=0.73×1) |
| 309479 | 55 | 0.71 | 1 | 0.71~1.27 | (-17→21=0.71×1) (12→1=0.72×1) (-8→-19=1.27×1) (1→1=1.26×1) (18→-30=0.76×1) |
| 309489 | 52 | 0.65 | 1 | 0.71~1.27 | (-17→21=0.71×1) (12→1=0.72×1) (-8→-19=1.27×1) (1→1=1.26×1) (18→-30=0.76×1) |
| 309500 | 50 | 0.62 | 1 | 0.71~1.27 | (-17→21=0.71×1) (12→1=0.72×1) (-8→-19=1.27×1) (1→1=1.26×1) (19→26=1.23×1) |
| 309510 | 54 | 0.70 | 1 | 0.71~1.27 | (-17→21=0.71×1) (12→1=0.72×1) (-8→-19=1.27×1) (17→-9=0.73×1) (-2→19=1.26×1) |
| 309520 | 50 | 0.56 | 1 | 0.71~1.27 | (-17→21=0.71×1) (12→1=0.72×1) (-8→-19=1.27×1) (21→-12=1.26×2) (1→1=1.26×1) |
| 309531 | 50 | 0.58 | 1 | 0.71~1.27 | (2→-12=0.71×1) (-17→21=0.71×1) (12→1=0.72×1) (-8→-19=1.27×1) (21→-12=1.26×2) |
| 309541 | 51 | 0.57 | 1 | 0.71~1.27 | (2→-12=0.71×1) (-17→21=0.71×1) (12→1=0.72×1) (-8→-19=1.27×1) (21→-12=1.26×2) |
| 309551 | 53 | 0.64 | 1 | 0.71~1.26 | (2→-12=0.71×1) (-17→21=0.71×1) (12→1=0.72×1) (18→9=0.73×1) (21→-12=1.26×2) |
| 309562 | 51 | 0.59 | 1 | 0.71~1.26 | (2→-12=0.71×1) (-17→21=0.71×1) (18→9=0.73×1) (21→-12=1.26×1) (13→25=1.26×1) |
| 309572 | 52 | 0.67 | 1 | 0.71~1.26 | (2→-12=0.71×1) (-17→21=0.71×1) (18→9=0.73×1) (21→-12=1.26×1) (13→25=1.26×1) |
| 309582 | 55 | 0.73 | 1 | 0.71~1.29 | (2→-12=0.71×1) (23→17=1.29×1) (-17→21=0.71×1) (21→10=1.28×1) (18→9=0.73×1) |
| 309593 | 53 | 0.70 | 1 | 0.71~1.29 | (2→-12=0.71×1) (23→17=1.29×1) (21→10=1.28×1) (18→9=0.73×1) (21→-12=1.26×1) |
| 309603 | 54 | 0.72 | 1 | 0.71~1.29 | (23→17=1.29×1) (11→-11=0.71×1) (21→10=1.28×1) (18→9=0.73×1) (13→25=1.26×1) |
| 309613 | 51 | 0.76 | 1 | 0.71~1.29 | (23→17=1.29×1) (11→-11=0.71×1) (21→10=1.28×1) (18→9=0.73×1) (2→26=1.26×1) |
| 309624 | 54 | 0.85 | 1 | 0.71~1.28 | (-7→18=0.71×1) (11→-11=0.71×1) (21→10=1.28×1) (-1→-29=0.72×1) (18→9=0.73×1) |
| 309634 | 56 | 0.89 | 1 | 0.71~1.28 | (-7→18=0.71×1) (11→-11=0.71×1) (21→10=1.28×1) (-1→-29=0.72×1) (18→9=0.73×1) |
| 309644 | 57 | 0.89 | 1 | 0.71~1.28 | (-7→18=0.71×1) (11→-11=0.71×1) (21→10=1.28×1) (-1→-29=0.72×1) (18→9=0.73×1) |
| 309655 | 55 | 0.78 | 2 | 0.71~1.28 | (11→-11=0.71×1) (21→10=1.28×1) (-9→12=0.74×1) (13→25=1.26×1) (-11→21=0.78×1) |
| 309665 | 57 | 0.98 | 1 | 0.70~1.28 | (11→-1=0.70×1) (-10→-28=0.71×1) (14→-14=0.72×1) (21→10=1.28×1) (-1→6=0.72×1) |
| 309675 | 54 | 0.96 | 1 | 0.70~1.28 | (11→-1=0.70×1) (-10→-28=0.71×1) (14→-14=0.72×1) (21→10=1.28×1) (-1→6=0.72×1) |
| 309686 | 53 | 1.15 | 1 | 0.70~1.28 | (10→25=0.70×1) (11→-1=0.70×1) (-10→-28=0.71×1) (14→-14=0.72×1) (21→10=1.28×1) |
| 309696 | 50 | 1.08 | 1 | 0.70~1.28 | (10→25=0.70×1) (11→-1=0.70×1) (-10→-28=0.71×1) (14→-14=0.72×1) (21→10=1.28×1) |
| 309706 | 50 | 1.02 | 1 | 0.70~1.28 | (10→25=0.70×1) (11→-1=0.70×1) (-10→-28=0.71×1) (14→-14=0.72×1) (21→10=1.28×1) |
| 309717 | 51 | 1.04 | 1 | 0.70~1.28 | (10→25=0.70×1) (11→-1=0.70×1) (-10→-28=0.71×1) (14→-14=0.72×1) (21→10=1.28×1) |
| 309727 | 49 | 1.00 | 1 | 0.70~1.28 | (10→25=0.70×1) (11→-1=0.70×1) (-10→-28=0.71×1) (14→-14=0.72×1) (21→10=1.28×1) |
| 309737 | 50 | 0.82 | 1 | 0.70~1.28 | (10→25=0.70×1) (11→-1=0.70×1) (-21→19=0.71×1) (-10→-28=0.71×1) (16→-30=1.28×1) |
| 309748 | 53 | 1.02 | 1 | 0.70~1.29 | (10→25=0.70×1) (11→-1=0.70×1) (-13→10=1.29×1) (-21→19=0.71×1) (-10→-28=0.71×1) |
| 309758 | 52 | 1.10 | 1 | 0.70~1.29 | (10→25=0.70×1) (11→-1=0.70×1) (-13→10=1.29×1) (-21→19=0.71×1) (-10→-28=0.71×1) |
| 309768 | 53 | 1.25 | 1 | 0.70~1.29 | (10→25=0.70×1) (11→-1=0.70×1) (-13→10=1.29×1) (-21→19=0.71×1) (-10→-28=0.71×1) |
| 309779 | 52 | 1.23 | 1 | 0.70~1.29 | (10→25=0.70×1) (11→-1=0.70×1) (-13→10=1.29×1) (-21→19=0.71×1) (-10→-28=0.71×1) |
| 309789 | 52 | 1.23 | 1 | 0.70~1.29 | (11→-1=0.70×1) (-13→10=1.29×1) (-21→19=0.71×1) (-10→-28=0.71×1) (16→-30=1.28×1) |
| 309799 | 52 | 1.27 | 1 | 0.70~1.29 | (11→-1=0.70×1) (-13→10=1.29×1) (-21→19=0.71×1) (-10→-28=0.71×1) (16→-30=1.28×1) |
| 309810 | 51 | 1.22 | 1 | 0.70~1.29 | (11→-1=0.70×1) (-13→10=1.29×1) (-21→19=0.71×1) (-7→27=1.28×1) (-4→19=1.27×1) |
| 309820 | 51 | 1.20 | 1 | 0.70~1.29 | (11→-1=0.70×1) (-13→10=1.29×1) (-21→19=0.71×1) (-20→15=1.28×1) (-4→19=1.27×1) |
| 309830 | 52 | 1.27 | 1 | 0.70~1.29 | (11→-1=0.70×1) (-13→10=1.29×1) (-21→19=0.71×1) (-20→15=1.28×1) (-4→19=1.27×1) |
| 309841 | 50 | 0.76 | 1 | 0.70~1.29 | (11→-1=0.70×1) (-13→10=1.29×1) (-20→15=1.28×1) (-4→19=1.27×1) (10→-12=1.26×1) |
| 309851 | 54 | 0.96 | 1 | 0.71~1.29 | (-13→10=1.29×1) (16→29=0.71×1) (1→11=0.72×1) (-20→15=1.28×1) (-4→19=1.27×1) |
| 309861 | 54 | 0.93 | 1 | 0.71~1.29 | (-13→10=1.29×1) (16→29=0.71×1) (1→11=0.72×1) (-20→15=1.28×1) (10→-12=1.26×1) |
| 309872 | 54 | 0.81 | 1 | 0.71~1.28 | (16→29=0.71×1) (1→11=0.72×1) (-20→15=1.28×1) (-2→-26=1.26×2) (9→2=1.23×1) |
| 309882 | 53 | 0.60 | 1 | 0.71~1.28 | (16→29=0.71×1) (1→11=0.72×1) (-20→15=1.28×1) (-2→-26=1.26×2) (7→-20=0.77×1) |
| 309892 | 56 | 0.71 | 1 | 0.71~1.30 | (8→10=1.30×1) (-14→-25=0.71×1) (1→11=0.72×1) (-20→15=1.28×1) (-2→22=0.73×1) |
| 309903 | 56 | 0.71 | 1 | 0.71~1.30 | (8→10=1.30×1) (-7→-15=0.71×1) (-14→-25=0.71×1) (1→11=0.72×1) (-20→15=1.28×1) |
| 309913 | 52 | 0.69 | 1 | 0.71~1.30 | (8→10=1.30×1) (-7→-15=0.71×1) (-14→-25=0.71×1) (1→11=0.72×1) (-20→15=1.28×1) |
| 309923 | 53 | 0.68 | 1 | 0.71~1.30 | (8→10=1.30×1) (-7→-15=0.71×1) (-14→-25=0.71×1) (1→11=0.72×1) (-20→15=1.28×1) |
| 309934 | 53 | 0.74 | 1 | 0.71~1.30 | (8→10=1.30×1) (-7→-15=0.71×1) (-11→22=0.71×2) (-14→-25=0.71×1) (1→11=0.72×1) |
| 309944 | 51 | 0.57 | 1 | 0.71~1.30 | (8→10=1.30×1) (-7→-15=0.71×1) (-11→22=0.71×2) (-14→-25=0.71×1) (1→11=0.72×1) |
| 309954 | 54 | 0.72 | 1 | 0.71~1.32 | (8→10=1.30×1) (-7→-15=0.71×1) (12→-17=0.71×1) (-11→22=0.71×2) (-14→-25=0.71×1) |
| 309965 | 50 | 0.74 | 1 | 0.71~1.32 | (8→10=1.30×1) (12→-17=0.71×1) (-14→-25=0.71×1) (1→11=0.72×1) (7→20=0.73×1) |
| 309975 | 53 | 0.89 | 1 | 0.71~1.32 | (8→10=1.30×1) (12→-17=0.71×1) (-14→-25=0.71×1) (1→11=0.72×1) (7→20=0.73×1) |
| 309985 | 52 | 0.94 | 1 | 0.71~1.32 | (8→10=1.30×1) (12→-17=0.71×1) (1→11=0.72×1) (7→20=0.73×1) (-2→22=0.73×1) |
| 309996 | 52 | 1.10 | 1 | 0.71~1.32 | (8→10=1.30×1) (12→-17=0.71×1) (1→11=0.72×1) (7→20=0.73×1) (-2→22=0.73×1) |
| 310006 | 50 | 1.00 | 1 | 0.72~1.30 | (8→10=1.30×1) (1→11=0.72×1) (7→20=0.73×1) (-2→22=0.73×1) (-7→-25=0.73×1) |
| 310016 | 52 | 0.92 | 1 | 0.72~1.30 | (8→10=1.30×1) (1→11=0.72×1) (7→20=0.73×1) (-6→25=1.27×1) (-7→-25=0.73×1) |
| 310027 | 51 | 0.88 | 1 | 0.72~1.30 | (8→10=1.30×1) (14→-30=0.72×1) (15→9=0.72×1) (1→11=0.72×1) (7→20=0.73×1) |
| 310037 | 49 | 0.88 | 1 | 0.72~1.30 | (8→10=1.30×1) (14→-30=0.72×1) (15→9=0.72×1) (1→11=0.72×1) (7→20=0.73×1) |
| 310047 | 50 | 0.84 | 1 | 0.72~1.27 | (14→-30=0.72×1) (15→9=0.72×1) (1→11=0.72×1) (7→20=0.73×1) (-6→25=1.27×1) |
| 310058 | 51 | 0.80 | 1 | 0.72~1.28 | (14→-30=0.72×1) (15→9=0.72×1) (-5→-14=1.28×1) (1→11=0.72×1) (7→20=0.73×1) |
| 310068 | 51 | 0.80 | 1 | 0.72~1.28 | (14→-30=0.72×1) (15→9=0.72×1) (-5→-14=1.28×1) (1→11=0.72×1) (7→20=0.73×1) |
| 310078 | 51 | 0.67 | 1 | 0.72~1.28 | (14→-30=0.72×1) (-6→28=1.28×1) (15→9=0.72×1) (-5→-14=1.28×1) (7→20=0.73×1) |
| 310089 | 52 | 0.67 | 1 | 0.71~1.28 | (4→-19=0.71×1) (14→-30=0.72×1) (-6→28=1.28×1) (15→9=0.72×1) (-20→27=1.28×1) |
| 310099 | 52 | 0.73 | 1 | 0.71~1.30 | (-5→21=1.30×1) (4→-19=0.71×1) (14→-30=0.72×1) (-6→28=1.28×1) (15→9=0.72×1) |
| 310109 | 51 | 0.65 | 1 | 0.71~1.30 | (-5→21=1.30×1) (4→-19=0.71×1) (14→-30=0.72×1) (-6→28=1.28×1) (15→9=0.72×1) |
| 310120 | 56 | 0.79 | 1 | 0.71~1.28 | (3→-22=0.71×1) (4→-19=0.71×1) (14→-30=0.72×1) (15→9=0.72×1) (-20→27=1.28×1) |
| 310130 | 57 | 0.74 | 1 | 0.71~1.28 | (3→-22=0.71×1) (4→-19=0.71×1) (14→-30=0.72×1) (15→9=0.72×1) (-5→-14=1.28×1) |
| 310140 | 63 | 0.94 | 2 | 0.71~1.29 | (3→-22=0.71×1) (7→-18=1.29×1) (4→-19=0.71×1) (14→-30=0.72×1) (15→9=0.72×1) |
| 310151 | 69 | 1.13 | 2 | 0.71~1.42 | (-19→30=1.33×3) (3→-22=0.71×1) (7→-18=1.29×1) (4→-19=0.71×1) (14→-30=0.72×1) |
| 310161 | 71 | 1.11 | 2 | 0.71~1.42 | (-19→30=1.33×3) (3→-22=0.71×1) (7→-18=1.29×1) (4→-19=0.71×1) (14→-30=0.72×1) |
| 310171 | 65 | 1.06 | 2 | 0.71~1.42 | (-19→30=1.33×3) (3→-22=0.71×1) (7→-18=1.29×1) (4→-19=0.71×1) (14→-30=0.72×1) |
| 310182 | 65 | 1.08 | 2 | 0.71~1.42 | (-19→30=1.33×3) (3→-22=0.71×1) (7→-18=1.29×1) (4→-19=0.71×1) (14→-30=0.72×1) |
| 310192 | 62 | 0.92 | 1 | 0.71~1.42 | (-19→30=1.30×2) (7→-18=1.29×1) (4→-19=0.71×1) (14→-30=0.72×1) (15→9=0.72×1) |
| 310202 | 59 | 0.90 | 1 | 0.71~1.29 | (7→-18=1.29×1) (4→-19=0.71×1) (14→-30=0.72×1) (15→9=0.72×1) (14→9=0.73×1) |
| 310213 | 53 | 0.98 | 1 | 0.71~1.29 | (7→-18=1.29×1) (4→-19=0.71×1) (14→-30=0.72×1) (15→9=0.72×1) (7→20=0.73×1) |
| 310223 | 52 | 0.96 | 1 | 0.73~1.29 | (7→-18=1.29×1) (7→20=0.73×1) (-4→10=0.74×1) (-8→16=1.26×1) (17→-26=1.26×1) |
| 310233 | 51 | 0.98 | 1 | 0.73~1.29 | (7→-18=1.29×1) (7→20=0.73×1) (-4→10=0.74×1) (-8→16=1.26×1) (17→-26=1.26×1) |
| 310244 | 52 | 1.00 | 1 | 0.72~1.29 | (13→31=1.28×2) (-22→-13=0.72×1) (-15→-19=0.72×1) (7→20=0.73×1) (-12→22=1.26×1) |
| 310254 | 53 | 1.02 | 1 | 0.72~1.29 | (13→31=1.28×2) (-22→-13=0.72×1) (-15→-19=0.72×1) (7→20=0.73×1) (-12→22=1.26×1) |
| 310264 | 52 | 0.96 | 1 | 0.72~1.29 | (-22→-13=0.72×1) (-15→-19=0.72×1) (13→31=1.28×3) (7→20=0.73×1) (-12→22=1.26×1) |
| 310275 | 52 | 0.96 | 1 | 0.72~1.29 | (-22→-13=0.72×1) (-15→-19=0.72×1) (13→31=1.28×3) (7→20=0.73×1) (-12→22=1.26×1) |
| 310285 | 50 | 0.88 | 1 | 0.72~1.28 | (-22→-13=0.72×1) (-15→-19=0.72×1) (13→31=1.28×2) (7→20=0.73×1) (-12→22=1.26×1) |
| 310295 | 50 | 0.80 | 1 | 0.72~1.28 | (-22→-13=0.72×1) (-15→-19=0.72×1) (13→31=1.28×1) (7→20=0.73×1) (23→-10=1.27×1) |
| 310306 | 52 | 0.79 | 1 | 0.72~1.28 | (-22→-13=0.72×1) (-15→-19=0.72×1) (13→31=1.28×1) (7→20=0.73×1) (23→-10=1.27×1) |
| 310316 | 50 | 0.66 | 1 | 0.73~1.28 | (7→20=0.73×1) (23→-10=1.27×1) (-12→22=1.26×1) (19→2=0.78×1) (21→13=0.80×1) |
| 310326 | 52 | 0.77 | 1 | 0.71~1.29 | (14→-2=0.71×1) (20→-2=1.29×1) (7→20=0.73×1) (23→-10=1.27×1) (-6→18=1.27×1) |
| 310337 | 51 | 0.65 | 1 | 0.71~1.29 | (14→-2=0.71×1) (-4→-15=1.29×1) (20→-2=1.29×1) (7→20=0.73×1) (23→-10=1.27×1) |
| 310347 | 51 | 0.63 | 1 | 0.71~1.29 | (14→-2=0.71×1) (-4→-15=1.29×1) (20→-2=1.29×1) (5→28=1.28×1) (7→20=0.73×1) |
| 310357 | 55 | 0.65 | 1 | 0.66~1.29 | (-20→-22=0.70×2) (-15→4=0.71×1) (14→-2=0.71×1) (-4→-15=1.29×1) (20→-2=1.29×1) |
| 310368 | 58 | 0.74 | 1 | 0.66~1.29 | (-20→-22=0.70×2) (-15→4=0.71×1) (14→-2=0.71×1) (-4→-15=1.29×1) (5→28=1.28×1) |
| 310378 | 59 | 0.90 | 1 | 0.66~1.29 | (-20→-22=0.70×2) (-15→4=0.71×1) (-2→8=1.29×1) (14→-2=0.71×1) (-4→-15=1.29×1) |
| 310388 | 58 | 0.90 | 1 | 0.71~1.29 | (-15→4=0.71×1) (-2→8=1.29×1) (14→-2=0.71×1) (-4→-15=1.29×1) (5→28=1.28×1) |
| 310399 | 55 | 0.93 | 1 | 0.71~1.29 | (-15→4=0.71×1) (-2→8=1.29×1) (14→-2=0.71×1) (-4→-15=1.29×1) (5→28=1.28×1) |
| 310409 | 55 | 0.93 | 1 | 0.71~1.29 | (-15→4=0.71×1) (-2→8=1.29×1) (14→-2=0.71×1) (-4→-15=1.29×1) (5→28=1.28×1) |
| 310419 | 51 | 0.67 | 1 | 0.71~1.29 | (-2→8=1.29×1) (14→-2=0.71×1) (5→28=1.28×1) (7→20=0.73×1) (-1→-24=1.27×1) |
| 310430 | 51 | 0.65 | 1 | 0.71~1.29 | (-2→8=1.29×1) (14→-2=0.71×1) (5→28=1.28×1) (13→-3=1.28×1) (7→20=0.73×1) |
| 310440 | 50 | 0.60 | 1 | 0.71~1.29 | (-2→8=1.29×1) (14→-2=0.71×1) (13→-3=1.28×1) (7→20=0.73×1) (-1→-24=1.27×1) |
| 310450 | 50 | 0.52 | 1 | 0.71~1.29 | (-2→8=1.29×1) (14→-2=0.71×1) (13→-3=1.28×1) (7→20=0.73×1) (-1→-24=1.27×1) |
| 310461 | 51 | 0.71 | 1 | 0.71~1.29 | (-2→8=1.29×1) (14→-2=0.71×1) (13→-3=1.28×1) (7→20=0.73×1) (-1→-24=1.27×1) |
| 310471 | 52 | 0.92 | 1 | 0.71~1.29 | (-2→9=0.71×1) (-2→8=1.29×1) (14→-2=0.71×1) (-24→14=1.28×1) (13→-3=1.28×1) |
| 310481 | 52 | 0.94 | 1 | 0.71~1.29 | (-2→9=0.71×1) (-2→8=1.29×1) (14→-2=0.71×1) (-24→14=1.28×1) (13→-3=1.28×1) |
| 310492 | 51 | 1.18 | 2 | 0.71~1.29 | (-2→9=0.71×1) (-2→8=1.29×1) (14→-2=0.71×1) (-12→7=1.29×1) (-24→14=1.28×1) |
| 310502 | 51 | 1.06 | 2 | 0.71~1.29 | (-2→9=0.71×1) (-2→8=1.29×1) (14→-2=0.71×1) (-12→7=1.29×1) (-24→14=1.28×1) |
| 310512 | 53 | 1.09 | 1 | 0.71~1.29 | (-2→9=0.71×1) (14→-2=0.71×1) (-24→14=1.28×1) (13→-3=1.28×1) (-19→-7=1.28×3) |
| 310523 | 52 | 1.06 | 1 | 0.71~1.29 | (-2→9=0.71×1) (-24→14=1.28×1) (13→-3=1.28×1) (-19→-7=1.28×3) (-12→24=0.72×1) |
| 310533 | 50 | 0.88 | 1 | 0.71~1.28 | (-2→9=0.71×1) (-24→14=1.28×1) (13→-3=1.28×1) (-12→24=0.72×1) (-19→-7=1.27×1) |
| 310543 | 51 | 0.75 | 1 | 0.71~1.28 | (-2→9=0.71×1) (-24→14=1.28×1) (13→-3=1.28×1) (-12→24=0.72×1) (-19→-7=1.27×1) |
| 310554 | 55 | 0.78 | 1 | 0.71~1.28 | (-2→9=0.71×1) (-24→14=1.28×1) (13→-3=1.28×1) (-15→-16=0.72×1) (-12→24=0.72×1) |
| 310564 | 56 | 0.86 | 1 | 0.71~1.28 | (-2→9=0.71×1) (-24→14=1.28×1) (13→-3=1.28×1) (-15→-16=0.72×1) (-12→24=0.72×1) |
| 310574 | 54 | 0.94 | 1 | 0.71~1.28 | (-2→9=0.71×1) (-24→14=1.28×1) (13→-3=1.28×1) (-15→-16=0.72×1) (-12→24=0.72×1) |
| 310585 | 52 | 0.87 | 1 | 0.71~1.28 | (-2→9=0.71×1) (-24→14=1.28×1) (-15→-16=0.72×1) (-12→24=0.72×1) (22→-2=0.72×1) |
| 310595 | 52 | 0.79 | 1 | 0.72~1.28 | (-15→-16=0.72×1) (22→-2=0.72×1) (19→-16=1.28×1) (7→20=0.73×1) (-5→9=1.27×1) |
| 310605 | 52 | 0.81 | 1 | 0.72~1.28 | (-15→-16=0.72×1) (22→-2=0.72×1) (19→-16=1.28×1) (7→20=0.73×1) (-5→9=1.27×1) |
| 310616 | 54 | 0.94 | 1 | 0.72~1.28 | (-15→-16=0.72×1) (14→-15=1.28×1) (22→-2=0.72×1) (19→-16=1.28×1) (7→20=0.73×1) |
| 310626 | 51 | 0.90 | 1 | 0.72~1.28 | (-15→-16=0.72×1) (19→-16=1.28×1) (7→20=0.73×1) (-2→-1=1.26×2) (17→11=0.74×1) |
| 310636 | 53 | 0.96 | 1 | 0.72~1.30 | (15→11=1.30×1) (-15→-16=0.72×1) (19→-16=1.28×1) (7→20=0.73×1) (21→23=0.73×1) |
| 310647 | 57 | 1.23 | 1 | 0.72~1.30 | (15→11=1.30×1) (-15→-16=0.72×1) (19→-16=1.28×1) (7→20=0.73×1) (21→23=0.73×1) |
| 310657 | 51 | 0.90 | 1 | 0.72~1.30 | (15→11=1.30×1) (-15→-16=0.72×1) (19→-16=1.28×1) (7→20=0.73×1) (21→23=0.73×1) |
| 310667 | 56 | 1.02 | 1 | 0.72~1.30 | (15→11=1.30×1) (-15→-16=0.72×1) (19→-16=1.28×1) (7→20=0.73×1) (21→23=0.73×1) |
| 310678 | 52 | 0.87 | 1 | 0.72~1.28 | (-15→-16=0.72×1) (14→-15=1.28×1) (19→-16=1.28×1) (17→-12=0.72×1) (7→20=0.73×1) |
| 310688 | 53 | 0.92 | 2 | 0.72~1.28 | (-15→-16=0.72×1) (19→-16=1.28×1) (17→-12=0.72×1) (7→20=0.73×1) (8→-21=0.73×1) |
| 310698 | 50 | 0.82 | 2 | 0.70~1.28 | (-5→-24=0.70×1) (1→-15=1.28×1) (-15→-16=0.72×1) (19→-16=1.28×1) (17→-12=0.72×1) |
| 310709 | 51 | 0.73 | 1 | 0.70~1.28 | (-5→-24=0.70×1) (1→-15=1.28×1) (-15→-16=0.72×1) (19→-16=1.28×1) (17→-12=0.72×1) |
| 310719 | 50 | 0.60 | 1 | 0.70~1.28 | (-5→-24=0.70×1) (1→-15=1.28×1) (17→-12=0.72×1) (7→20=0.73×1) (8→-21=0.73×1) |
| 310729 | 52 | 0.71 | 1 | 0.70~1.28 | (-5→-24=0.70×1) (7→-29=0.70×1) (-7→-3=0.71×1) (1→-15=1.28×1) (3→-11=0.72×1) |
| 310740 | 52 | 0.81 | 1 | 0.70~1.28 | (-5→-24=0.70×1) (7→-29=0.70×1) (-7→-3=0.71×1) (1→-15=1.28×1) (3→-11=0.72×1) |
| 310750 | 51 | 0.84 | 1 | 0.70~1.28 | (-5→-24=0.70×1) (7→-29=0.70×1) (-7→-3=0.71×1) (1→-15=1.28×1) (3→-11=0.72×1) |
| 310760 | 51 | 0.53 | 1 | 0.72~1.25 | (17→-12=0.72×1) (7→20=0.73×1) (18→-26=0.74×1) (-2→9=0.75×1) (20→19=1.25×1) |
| 310771 | 55 | 0.73 | 1 | 0.73~1.29 | (18→-17=1.29×1) (-6→16=1.28×1) (7→22=0.73×1) (7→20=0.73×1) (18→-26=0.74×1) |
| 310781 | 52 | 0.85 | 1 | 0.71~1.29 | (18→-17=1.29×1) (-6→16=1.28×2) (7→22=0.73×1) (7→20=0.73×1) (5→-7=0.73×2) |
| 310791 | 51 | 0.90 | 1 | 0.71~1.29 | (18→-17=1.29×1) (-6→16=1.28×2) (7→22=0.73×1) (7→20=0.73×1) (5→-7=0.73×2) |
| 310802 | 50 | 1.00 | 1 | 0.71~1.29 | (18→-17=1.29×1) (-6→16=1.28×2) (7→22=0.73×1) (7→20=0.73×1) (5→-7=0.73×2) |
| 310812 | 51 | 0.98 | 1 | 0.71~1.29 | (18→-17=1.29×1) (-6→16=1.28×2) (7→22=0.73×1) (7→20=0.73×1) (5→-7=0.73×2) |
| 310822 | 51 | 1.00 | 1 | 0.71~1.29 | (18→-17=1.29×1) (-6→16=1.28×2) (7→22=0.73×1) (7→20=0.73×1) (5→-7=0.73×2) |
| 310833 | 52 | 1.08 | 1 | 0.71~1.43 | (14→-12=1.31×2) (18→-17=1.29×1) (-6→16=1.28×2) (7→22=0.73×1) (7→20=0.73×1) |
| 310843 | 53 | 0.98 | 1 | 0.71~1.43 | (14→-12=1.31×2) (-9→23=0.71×1) (18→-17=1.29×1) (-6→16=1.28×1) (7→22=0.73×1) |
| 310853 | 52 | 0.96 | 1 | 0.71~1.43 | (14→-12=1.43×1) (-9→23=0.71×1) (18→-17=1.29×1) (-6→16=1.28×1) (7→22=0.73×1) |
| 310864 | 52 | 0.87 | 1 | 0.71~1.43 | (14→-12=1.43×1) (-9→23=0.71×1) (18→-17=1.29×1) (-6→16=1.28×1) (7→22=0.73×1) |
| 310874 | 51 | 0.82 | 1 | 0.71~1.29 | (-9→23=0.71×1) (18→-17=1.29×1) (-6→16=1.28×1) (22→25=1.28×2) (7→22=0.73×1) |
| 310884 | 51 | 0.67 | 1 | 0.71~1.29 | (-9→23=0.71×1) (18→-17=1.29×1) (-6→16=1.28×1) (22→25=1.28×1) (7→22=0.73×1) |
| 310895 | 50 | 0.64 | 1 | 0.71~1.28 | (-9→23=0.71×1) (22→25=1.28×2) (7→22=0.73×1) (7→20=0.73×1) (5→-30=0.73×1) |
| 310905 | 52 | 0.67 | 1 | 0.71~1.28 | (-9→23=0.71×1) (22→25=1.28×2) (7→22=0.73×1) (7→20=0.73×1) (5→-30=0.74×2) |
| 310915 | 49 | 0.67 | 1 | 0.71~1.29 | (-14→13=1.29×1) (-9→23=0.71×1) (22→25=1.28×2) (7→22=0.73×1) (7→20=0.73×1) |
| 310926 | 51 | 0.76 | 1 | 0.71~1.29 | (-14→13=1.29×1) (-9→23=0.71×1) (22→25=1.28×1) (7→20=0.73×1) (5→-30=0.73×1) |
| 310936 | 51 | 0.71 | 1 | 0.71~1.29 | (-14→13=1.29×1) (-9→23=0.71×1) (7→20=0.73×1) (5→-30=0.73×1) (6→29=0.74×1) |
| 310946 | 54 | 0.69 | 1 | 0.72~1.29 | (-14→13=1.29×1) (7→20=0.73×1) (5→-30=0.73×1) (6→29=0.74×1) (-19→-31=0.74×1) |
| 310957 | 54 | 0.72 | 1 | 0.71~1.29 | (24→-27=0.71×1) (-14→13=1.29×1) (21→14=0.71×1) (7→20=0.73×1) (5→-30=0.73×1) |
| 310967 | 56 | 0.80 | 1 | 0.71~1.29 | (24→-27=0.71×1) (-14→13=1.29×1) (21→14=0.71×1) (7→20=0.73×1) (6→29=0.74×1) |
| 310977 | 57 | 0.79 | 1 | 0.71~1.29 | (24→-27=0.71×1) (-14→13=1.29×1) (21→14=0.71×1) (7→20=0.73×1) (6→29=0.74×1) |
| 310988 | 58 | 0.76 | 1 | 0.71~1.29 | (24→-27=0.71×1) (-14→13=1.29×1) (21→14=0.71×1) (7→20=0.73×1) (6→29=0.74×1) |
| 310998 | 62 | 0.74 | 1 | 0.71~1.29 | (24→-27=0.71×1) (-14→13=1.29×1) (21→14=0.71×1) (23→-30=1.28×1) (7→20=0.73×1) |
| 311008 | 57 | 0.72 | 1 | 0.73~1.29 | (-14→13=1.29×1) (23→-30=1.28×1) (7→20=0.73×1) (6→29=0.74×1) (-13→5=0.74×1) |
| 311019 | 50 | 0.44 | 1 | 0.74~1.28 | (23→-30=1.28×1) (6→29=0.74×1) (3→-6=0.76×1) (-9→30=0.79×1) (10→6=1.20×2) |
| 311029 | 51 | 0.53 | 1 | 0.74~1.28 | (23→-30=1.28×1) (14→31=1.27×1) (6→29=0.74×1) (3→-6=0.76×1) (18→21=1.24×1) |
| 311039 | 51 | 0.55 | 1 | 0.70~1.28 | (9→-30=0.70×1) (23→-30=1.28×1) (14→31=1.27×1) (-6→-28=0.74×1) (6→29=0.74×1) |
| 311050 | 52 | 0.54 | 1 | 0.70~1.28 | (9→-30=0.70×1) (23→-30=1.28×1) (14→31=1.27×1) (-6→-28=0.74×1) (6→29=0.74×1) |
| 311060 | 54 | 0.48 | 1 | 0.70~1.28 | (9→-30=0.70×1) (-9→-7=0.71×1) (-20→-5=1.28×1) (23→-30=1.28×1) (14→31=1.27×1) |
| 311070 | 54 | 0.52 | 1 | 0.70~1.28 | (9→-30=0.70×1) (-9→-7=0.71×1) (-20→-5=1.28×1) (23→-30=1.28×1) (14→31=1.27×1) |
| 311081 | 54 | 0.46 | 1 | 0.70~1.28 | (9→-30=0.70×1) (-9→-7=0.71×1) (-20→-5=1.28×1) (23→-30=1.28×1) (14→31=1.27×1) |
| 311091 | 53 | 0.49 | 1 | 0.70~1.28 | (9→-30=0.70×1) (-9→-7=0.71×1) (-20→-5=1.28×1) (14→31=1.27×1) (-6→-28=0.74×1) |
| 311101 | 51 | 0.49 | 1 | 0.70~1.28 | (9→-30=0.70×1) (-9→-7=0.71×1) (-20→-5=1.28×1) (10→29=0.72×1) (14→31=1.27×1) |
| 311112 | 53 | 0.75 | 1 | 0.67~1.28 | (20→4=0.70×2) (9→-30=0.70×1) (-9→-7=0.71×1) (-16→22=0.71×1) (-20→-5=1.28×1) |
| 311122 | 54 | 0.78 | 1 | 0.67~1.28 | (20→4=0.70×2) (-9→-7=0.71×1) (-16→22=0.71×1) (-20→-5=1.28×1) (14→31=1.27×1) |
| 311132 | 51 | 1.06 | 1 | 0.62~1.28 | (20→4=0.67×3) (-9→-7=0.71×1) (-16→22=0.71×1) (-20→-5=1.28×1) (14→31=1.27×1) |
| 311143 | 51 | 1.18 | 1 | 0.62~1.28 | (20→4=0.67×3) (-9→-7=0.71×1) (-16→22=0.71×1) (-20→-5=1.28×1) (14→31=1.27×1) |
| 311153 | 52 | 1.19 | 1 | 0.62~1.28 | (20→4=0.65×2) (-9→-7=0.71×1) (-16→22=0.71×1) (-20→-5=1.28×1) (14→31=1.27×1) |
| 311163 | 51 | 0.88 | 1 | 0.62~1.28 | (20→4=0.62×1) (-9→-7=0.71×1) (-20→-5=1.28×1) (10→29=0.72×1) (14→31=1.27×1) |
| 311174 | 50 | 0.90 | 1 | 0.62~1.28 | (20→4=0.62×1) (-9→-7=0.71×1) (-20→-5=1.28×1) (10→29=0.72×1) (14→31=1.27×1) |
| 311184 | 51 | 0.88 | 1 | 0.71~1.23 | (-12→-26=0.71×1) (19→6=0.73×1) (14→2=0.73×1) (-6→-28=0.74×1) (11→-11=0.74×1) |
| 311194 | 51 | 0.82 | 1 | 0.71~1.23 | (-12→-26=0.71×1) (19→6=0.73×1) (14→2=0.73×1) (-6→-28=0.74×1) (11→-11=0.74×1) |
| 311205 | 51 | 0.71 | 1 | 0.71~1.23 | (-12→-26=0.71×1) (19→6=0.73×1) (14→2=0.73×1) (-20→-16=0.75×1) (-16→-4=0.77×1) |
| 311215 | 51 | 0.78 | 1 | 0.71~1.25 | (-12→-26=0.71×1) (23→-29=0.72×1) (19→6=0.73×1) (14→2=0.73×1) (-6→-30=0.74×1) |
| 311225 | 51 | 0.63 | 1 | 0.71~1.25 | (-12→-26=0.71×1) (23→-29=0.72×1) (19→6=0.73×1) (14→2=0.73×1) (-6→-30=0.74×1) |
| 311236 | 51 | 0.63 | 1 | 0.71~1.25 | (-12→-26=0.71×1) (23→-29=0.72×1) (19→6=0.73×1) (-15→14=0.74×1) (-6→-30=0.74×1) |
| 311246 | 53 | 0.62 | 1 | 0.71~1.25 | (-12→-26=0.71×1) (23→-29=0.72×1) (19→6=0.73×1) (-15→14=0.74×1) (-6→-30=0.74×1) |
| 311256 | 52 | 0.54 | 1 | 0.71~1.25 | (-12→-26=0.71×1) (23→-29=0.72×1) (19→6=0.73×1) (-15→14=0.74×1) (-6→-30=0.74×1) |
| 311267 | 51 | 0.51 | 1 | 0.71~1.27 | (-12→-26=0.71×1) (23→-29=0.72×1) (16→-15=1.27×1) (19→6=0.73×1) (-15→14=0.74×1) |
| 311277 | 54 | 0.61 | 1 | 0.71~1.27 | (-12→-26=0.71×1) (23→-29=0.72×1) (16→-15=1.27×1) (19→6=0.73×1) (-15→14=0.74×1) |
| 311287 | 55 | 0.75 | 1 | 0.71~1.27 | (-12→-26=0.71×1) (23→-29=0.72×1) (16→-15=1.27×1) (19→6=0.73×1) (-15→14=0.74×1) |
| 311298 | 52 | 0.73 | 1 | 0.72~1.27 | (23→-29=0.72×1) (16→-15=1.27×1) (19→6=0.73×1) (-15→14=0.74×1) (-6→-30=0.74×1) |
| 311308 | 51 | 0.75 | 1 | 0.72~1.27 | (23→-29=0.72×1) (16→-15=1.27×1) (-15→14=0.74×1) (-6→-30=0.74×1) (20→15=1.25×1) |
| 311318 | 51 | 0.75 | 1 | 0.72~1.27 | (23→-29=0.72×1) (16→-15=1.27×1) (-15→14=0.74×1) (6→19=1.26×1) (-6→-30=0.74×1) |
| 311329 | 50 | 0.78 | 1 | 0.72~1.27 | (23→-29=0.72×1) (16→-15=1.27×1) (-6→20=0.73×1) (-15→14=0.74×1) (6→19=1.26×1) |
| 311339 | 52 | 0.79 | 1 | 0.70~1.27 | (-2→-11=0.70×1) (23→-29=0.72×1) (16→-15=1.27×1) (-6→20=0.73×1) (-15→14=0.74×1) |
| 311349 | 52 | 0.81 | 1 | 0.72~1.28 | (12→10=1.28×1) (23→-29=0.72×1) (19→-4=0.73×1) (-6→20=0.73×1) (-15→14=0.74×1) |
| 311360 | 50 | 0.76 | 1 | 0.72~1.28 | (12→10=1.28×1) (23→-29=0.72×1) (19→-4=0.73×1) (-6→20=0.73×1) (-15→14=0.74×1) |
| 311370 | 51 | 0.84 | 1 | 0.72~1.25 | (9→-16=0.72×1) (23→-29=0.72×1) (11→-30=0.72×1) (19→-4=0.73×1) (-6→20=0.73×1) |
| 311380 | 53 | 1.13 | 1 | 0.72~1.26 | (9→-16=0.72×1) (23→-29=0.72×1) (11→-30=0.72×1) (-6→20=0.73×1) (18→-14=1.26×1) |
| 311391 | 59 | 1.22 | 1 | 0.72~1.26 | (9→-16=0.72×1) (23→-29=0.72×1) (11→-30=0.72×1) (-6→20=0.73×1) (18→-14=1.26×1) |
| 311401 | 62 | 1.24 | 1 | 0.72~1.28 | (13→-19=1.28×1) (23→-29=0.72×1) (11→-30=0.72×1) (-6→20=0.73×1) (18→-14=1.26×1) |
| 311411 | 64 | 1.27 | 1 | 0.71~1.28 | (-23→-9=0.71×1) (-18→21=1.28×1) (13→-19=1.28×1) (23→-29=0.72×1) (24→-12=0.72×1) |
| 311422 | 59 | 1.17 | 1 | 0.71~1.28 | (-23→-9=0.71×1) (13→-19=1.28×1) (23→-29=0.72×1) (11→-30=0.72×1) (-6→20=0.73×1) |
| 311432 | 60 | 1.17 | 1 | 0.72~1.28 | (13→-19=1.28×1) (23→-29=0.72×1) (11→-30=0.72×1) (-6→20=0.73×1) (-19→-19=0.74×1) |
| 311442 | 59 | 1.12 | 1 | 0.72~1.28 | (13→-19=1.28×1) (23→-29=0.72×1) (11→-30=0.72×1) (-6→20=0.73×1) (-19→-19=0.74×1) |
| 311453 | 52 | 1.13 | 1 | 0.72~1.28 | (13→-19=1.28×1) (11→-30=0.72×1) (-19→-19=0.74×1) (18→-14=1.26×1) (-14→-2=0.74×1) |
| 311463 | 53 | 0.83 | 2 | 0.72~1.28 | (13→-19=1.28×1) (11→-30=0.72×1) (-19→-19=0.74×1) (-15→14=0.74×1) (-7→-5=1.24×1) |
| 311473 | 55 | 0.71 | 2 | 0.74~1.28 | (13→-19=1.28×1) (-19→-19=0.74×1) (-15→14=0.74×1) (-7→-5=1.24×1) (16→18=0.77×1) |
| 311484 | 57 | 0.82 | 2 | 0.74~1.28 | (13→-19=1.28×1) (1→-21=1.26×1) (-19→-19=0.74×1) (-15→14=0.74×1) (-1→-10=1.24×1) |
| 311494 | 52 | 0.75 | 1 | 0.74~1.28 | (13→-19=1.28×1) (1→-21=1.26×1) (-19→-19=0.74×1) (-15→14=0.74×1) (-1→-10=1.24×1) |
| 311504 | 51 | 0.75 | 1 | 0.74~1.29 | (11→16=1.29×1) (13→-19=1.28×1) (1→-21=1.26×1) (-19→-19=0.74×1) (-15→14=0.74×1) |
| 311515 | 51 | 0.71 | 1 | 0.74~1.29 | (11→16=1.29×1) (13→-19=1.28×1) (1→-21=1.26×1) (-19→-19=0.74×1) (-15→14=0.74×1) |
| 311525 | 50 | 0.66 | 1 | 0.74~1.29 | (11→16=1.29×1) (13→-19=1.28×1) (1→-21=1.26×1) (-15→14=0.74×1) (-1→-10=1.24×1) |
| 311535 | 51 | 0.71 | 1 | 0.71~1.29 | (-4→23=0.71×1) (11→16=1.29×1) (13→-19=1.28×1) (1→-21=1.26×1) (-15→14=0.74×1) |
| 311546 | 51 | 0.73 | 1 | 0.71~1.29 | (-4→23=0.71×1) (11→16=1.29×1) (13→-19=1.28×1) (1→-21=1.26×1) (-15→14=0.74×1) |
| 311556 | 51 | 0.75 | 1 | 0.71~1.29 | (-4→23=0.71×1) (11→16=1.29×1) (1→-21=1.26×1) (-15→14=0.74×1) (-12→-28=1.26×1) |
| 311566 | 51 | 0.78 | 1 | 0.71~1.29 | (-4→23=0.71×1) (11→16=1.29×1) (1→-21=1.26×1) (-15→14=0.74×1) (-12→-28=1.26×1) |
| 311577 | 54 | 0.93 | 1 | 0.71~1.29 | (-4→23=0.71×1) (11→16=1.29×1) (1→-21=1.26×1) (-15→14=0.74×1) (-12→-28=1.26×1) |
| 311587 | 53 | 0.81 | 1 | 0.71~1.29 | (-4→23=0.71×1) (11→16=1.29×1) (1→-21=1.26×1) (-15→14=0.74×1) (-12→-28=1.26×1) |
| 311597 | 52 | 0.77 | 1 | 0.71~1.29 | (-4→23=0.71×1) (11→16=1.29×1) (-15→14=0.74×1) (-12→-28=1.26×1) (24→-3=1.25×2) |
| 311608 | 54 | 1.02 | 1 | 0.71~1.44 | (2→-7=1.33×2) (-4→23=0.71×1) (11→16=1.29×1) (-12→-28=1.26×1) (-15→14=0.74×2) |
| 311618 | 51 | 0.86 | 1 | 0.71~1.44 | (2→-7=1.33×2) (-4→23=0.71×1) (11→16=1.29×1) (-15→14=0.74×2) (24→-3=1.25×1) |
| 311628 | 53 | 0.79 | 1 | 0.71~1.44 | (2→-7=1.33×2) (-4→23=0.71×1) (-15→14=0.74×2) (24→-3=1.25×1) (-1→-10=1.24×1) |
| 311639 | 49 | 0.78 | 1 | 0.71~1.44 | (2→-7=1.33×2) (-4→23=0.71×1) (-15→14=0.74×2) (-1→-10=1.24×1) (2→-6=0.80×1) |
| 311649 | 51 | 0.47 | 1 | 0.71~1.44 | (2→-7=1.33×2) (-4→23=0.71×1) (9→8=0.72×1) (-18→-9=0.74×1) (-15→14=0.74×2) |
| 311659 | 51 | 0.49 | 1 | 0.71~1.44 | (2→-7=1.33×2) (-4→23=0.71×1) (9→8=0.72×1) (-18→-9=0.74×1) (-15→14=0.74×2) |
| 311670 | 51 | 0.57 | 1 | 0.71~1.44 | (2→-7=1.33×2) (-4→23=0.71×1) (9→8=0.72×1) (-18→-9=0.74×1) (-15→14=0.74×2) |
| 311680 | 53 | 0.70 | 1 | 0.71~1.44 | (2→-7=1.33×2) (-4→23=0.71×1) (9→8=0.72×1) (2→25=1.27×1) (-18→-9=0.74×1) |
| 311690 | 51 | 0.69 | 1 | 0.71~1.44 | (2→-7=1.33×2) (-4→23=0.71×1) (9→8=0.72×1) (2→25=1.27×1) (-18→-9=0.74×1) |
| 311701 | 51 | 0.73 | 1 | 0.71~1.44 | (2→-7=1.33×2) (-4→23=0.71×1) (9→8=0.72×1) (2→25=1.27×1) (-22→30=0.73×1) |
| 311711 | 50 | 0.78 | 1 | 0.72~1.44 | (2→-7=1.33×2) (-6→-5=1.28×1) (9→8=0.72×1) (2→25=1.27×1) (-22→30=0.73×1) |
| 311721 | 50 | 0.78 | 1 | 0.72~1.44 | (2→-7=1.33×2) (-6→-5=1.28×1) (-1→-30=1.28×1) (9→8=0.72×1) (2→25=1.27×1) |
| 311732 | 50 | 0.64 | 1 | 0.72~1.28 | (-6→-5=1.28×1) (-1→-30=1.28×1) (9→8=0.72×1) (2→25=1.27×1) (-22→30=0.73×1) |
| 311742 | 53 | 0.74 | 1 | 0.72~1.28 | (-6→-5=1.28×1) (-1→-30=1.28×1) (9→8=0.72×1) (2→25=1.27×1) (-22→30=0.73×1) |
| 311752 | 56 | 0.86 | 1 | 0.69~1.28 | (22→12=0.71×2) (-6→-5=1.28×1) (-1→-30=1.28×1) (9→8=0.72×1) (-1→-11=0.73×1) |
| 311763 | 55 | 0.84 | 1 | 0.69~1.28 | (22→12=0.71×2) (-19→22=0.72×1) (-6→-5=1.28×1) (-1→-30=1.28×1) (-1→-11=0.73×1) |
| 311773 | 61 | 1.02 | 1 | 0.69~1.28 | (22→12=0.71×2) (-19→22=0.72×1) (-6→-5=1.28×1) (-6→9=0.72×1) (-1→-30=1.28×1) |
| 311783 | 60 | 0.98 | 1 | 0.69~1.28 | (22→12=0.71×2) (-19→22=0.72×1) (-6→-5=1.28×1) (-6→9=0.72×1) (-1→-30=1.28×1) |
| 311794 | 62 | 1.03 | 2 | 0.69~1.28 | (22→12=0.71×2) (-19→22=0.72×1) (-6→-5=1.28×1) (-6→9=0.72×1) (-15→14=0.74×1) |
| 311804 | 63 | 1.11 | 2 | 0.69~1.28 | (22→12=0.71×2) (16→-22=0.71×1) (-19→22=0.72×1) (-6→-5=1.28×1) (-6→9=0.72×1) |
| 311814 | 58 | 0.95 | 2 | 0.71~1.28 | (16→-22=0.71×1) (-19→22=0.72×1) (-6→-5=1.28×1) (22→12=0.73×1) (-15→14=0.74×1) |
| 311825 | 55 | 1.07 | 2 | 0.71~1.28 | (16→-22=0.71×1) (-19→22=0.72×1) (-6→-5=1.28×1) (22→12=0.73×1) (-15→14=0.74×1) |
| 311835 | 56 | 1.09 | 2 | 0.71~1.28 | (16→-22=0.71×1) (-6→-5=1.28×1) (22→12=0.73×1) (-3→16=0.74×1) (9→-30=1.25×1) |
| 311845 | 55 | 1.16 | 2 | 0.71~1.28 | (16→-22=0.71×1) (-11→31=0.72×1) (-6→-5=1.28×1) (22→12=0.73×1) (-3→16=0.74×1) |
| 311856 | 59 | 1.29 | 2 | 0.71~1.32 | (16→-22=0.71×1) (-6→-5=1.28×1) (-11→31=0.72×2) (22→12=0.73×1) (13→-29=1.26×2) |
| 311866 | 58 | 1.31 | 2 | 0.66~1.32 | (-6→-5=1.28×1) (-11→31=0.72×2) (13→-29=1.26×2) (-3→16=0.74×1) (-19→29=1.26×1) |
| 311876 | 53 | 1.42 | 2 | 0.66~1.32 | (-6→-5=1.28×1) (-11→31=0.72×2) (13→-29=1.26×2) (-3→16=0.74×1) (-19→29=1.26×1) |
| 311887 | 52 | 1.56 | 2 | 0.66~1.32 | (2→19=1.28×1) (-11→31=0.72×3) (-16→22=0.74×1) (-19→29=1.26×1) (9→-30=1.25×1) |
| 311897 | 52 | 1.58 | 2 | 0.66~1.32 | (-16→-30=1.30×1) (2→19=1.28×1) (-11→31=0.72×3) (-16→22=0.74×1) (-19→29=1.26×1) |
| 311907 | 53 | 1.83 | 3 | 0.66~1.43 | (-19→3=1.30×3) (-16→-30=1.29×3) (2→19=1.28×1) (-6→-14=0.72×1) (-11→31=0.73×4) |
| 311918 | 49 | 1.47 | 3 | 0.66~1.43 | (-19→3=1.34×2) (-16→-30=1.29×3) (-22→31=0.72×2) (-6→-14=0.72×1) (-11→31=0.72×2) |
| 311928 | 53 | 1.38 | 2 | 0.66~1.30 | (-16→-30=1.30×1) (-11→31=0.72×1) (-22→31=0.72×2) (-21→-21=0.73×1) (-16→22=0.74×1) |
| 311938 | 53 | 1.40 | 2 | 0.70~1.30 | (-16→-30=1.30×1) (-2→20=0.70×1) (2→3=1.29×1) (-11→31=0.72×1) (-21→-21=0.73×1) |
| 311949 | 51 | 1.39 | 1 | 0.70~1.29 | (-2→20=0.70×1) (2→3=1.29×1) (-11→31=0.72×1) (-21→-21=0.73×1) (-22→30=0.74×2) |
| 311959 | 52 | 1.04 | 1 | 0.70~1.30 | (-24→16=1.30×1) (-2→20=0.70×1) (2→3=1.29×1) (-11→10=1.29×2) (-11→31=0.72×1) |
| 311969 | 52 | 1.02 | 1 | 0.70~1.30 | (-24→16=1.30×1) (-2→20=0.70×1) (2→3=1.29×1) (-11→10=1.29×2) (4→-5=1.28×1) |
| 311980 | 56 | 1.04 | 1 | 0.70~1.30 | (-24→16=1.30×1) (-2→20=0.70×1) (2→3=1.29×1) (-11→10=1.29×3) (4→-5=1.28×1) |
| 311990 | 55 | 0.84 | 1 | 0.70~1.30 | (-24→16=1.30×1) (-2→20=0.70×1) (2→3=1.29×1) (-11→10=1.29×3) (4→-5=1.28×1) |
| 312000 | 54 | 0.78 | 1 | 0.70~1.30 | (-24→16=1.30×1) (-2→20=0.70×1) (2→3=1.29×1) (-11→10=1.29×3) (4→-5=1.28×1) |
| 312011 | 54 | 0.81 | 1 | 0.70~1.30 | (-24→16=1.30×1) (-2→20=0.70×1) (2→3=1.29×1) (-11→10=1.29×3) (4→-5=1.28×1) |
| 312021 | 52 | 0.69 | 1 | 0.70~1.30 | (-24→16=1.30×1) (-2→20=0.70×1) (2→3=1.29×1) (4→-5=1.28×1) (-22→30=0.73×1) |
| 312031 | 52 | 0.75 | 1 | 0.70~1.30 | (-24→16=1.30×1) (-2→20=0.70×1) (2→3=1.29×1) (4→-5=1.28×1) (-22→30=0.73×1) |
| 312042 | 50 | 0.60 | 1 | 0.70~1.30 | (-24→16=1.30×1) (-2→20=0.70×1) (4→-5=1.28×1) (-22→30=0.73×1) (20→-18=1.26×1) |
| 312052 | 51 | 0.55 | 1 | 0.70~1.30 | (-24→16=1.30×1) (-2→20=0.70×1) (4→-5=1.28×1) (-22→30=0.73×1) (-23→-29=0.74×1) |
| 312062 | 51 | 0.45 | 1 | 0.70~1.30 | (-24→16=1.30×1) (-2→20=0.70×1) (-22→30=0.73×1) (-23→-29=0.74×1) (20→-18=1.26×1) |
| 312073 | 52 | 0.63 | 1 | 0.73~1.30 | (-24→16=1.30×1) (-22→30=0.73×1) (-23→-29=0.74×1) (24→18=1.26×1) (-5→-2=1.26×1) |
| 312083 | 50 | 0.60 | 1 | 0.73~1.30 | (-24→16=1.30×1) (-22→30=0.73×1) (-23→-29=0.74×1) (24→18=1.26×1) (-5→-2=1.26×1) |
| 312093 | 52 | 0.60 | 1 | 0.73~1.26 | (-22→30=0.73×1) (-23→-29=0.74×1) (24→18=1.26×1) (8→20=1.26×1) (-5→-2=1.26×1) |
| 312104 | 54 | 0.93 | 2 | 0.73~1.28 | (-9→21=1.27×2) (-22→30=0.73×1) (-23→-29=0.74×1) (24→18=1.26×1) (8→20=1.26×1) |
| 312114 | 53 | 0.91 | 2 | 0.73~1.28 | (-9→21=1.27×2) (-22→30=0.73×1) (-23→-29=0.74×1) (24→18=1.26×1) (-5→-2=1.26×1) |
| 312124 | 53 | 0.77 | 2 | 0.73~1.26 | (-22→30=0.73×1) (-9→21=1.26×1) (-23→-29=0.74×1) (24→18=1.26×1) (-1→6=0.75×1) |
| 312135 | 53 | 0.64 | 1 | 0.73~1.26 | (-22→30=0.73×1) (-23→-29=0.74×1) (24→18=1.26×1) (-1→6=0.75×1) (-22→10=1.25×1) |
| 312145 | 51 | 0.69 | 1 | 0.73~1.26 | (-22→30=0.73×1) (-23→-29=0.74×1) (-1→20=0.74×1) (24→18=1.26×1) (-1→6=0.75×1) |
| 312155 | 54 | 0.70 | 1 | 0.73~1.26 | (-22→30=0.73×1) (-8→-21=0.74×1) (-23→-29=0.74×1) (-1→20=0.74×1) (10→26=0.74×1) |
| 312166 | 49 | 0.67 | 1 | 0.73~1.26 | (-22→30=0.73×1) (-8→-21=0.74×1) (-23→-29=0.74×1) (-1→20=0.74×1) (10→26=0.74×1) |
| 312176 | 52 | 0.67 | 1 | 0.70~1.29 | (-8→26=0.70×1) (-17→-28=1.29×1) (-22→30=0.73×1) (-8→13=1.27×1) (-23→-29=0.74×1) |
| 312186 | 53 | 0.70 | 1 | 0.70~1.29 | (-8→26=0.70×1) (-17→-28=1.29×1) (-22→30=0.73×1) (-8→13=1.27×1) (-23→-29=0.74×1) |
| 312197 | 52 | 0.62 | 1 | 0.70~1.29 | (-8→26=0.70×1) (-17→-28=1.29×1) (-22→30=0.73×1) (-8→13=1.27×1) (-23→-29=0.74×1) |
| 312207 | 51 | 0.53 | 1 | 0.70~1.29 | (-8→26=0.70×1) (-17→-28=1.29×1) (-22→30=0.73×1) (-8→13=1.27×1) (10→26=0.74×1) |
| 312217 | 52 | 0.50 | 1 | 0.70~1.29 | (-8→26=0.70×1) (-17→-28=1.29×1) (-8→13=1.27×1) (10→26=0.74×1) (24→28=1.26×1) |
| 312228 | 51 | 0.76 | 1 | 0.70~1.29 | (-8→26=0.70×1) (-17→-28=1.29×1) (-23→19=0.72×1) (-8→13=1.27×1) (10→26=0.74×1) |
| 312238 | 52 | 0.79 | 1 | 0.70~1.30 | (-8→26=0.70×1) (-17→-28=1.29×1) (-8→-1=1.29×2) (-23→19=0.72×1) (-8→13=1.27×1) |
| 312248 | 54 | 0.91 | 1 | 0.70~1.30 | (-8→26=0.70×1) (-17→-28=1.29×1) (-8→-1=1.29×2) (-23→19=0.72×1) (-8→13=1.27×1) |
| 312259 | 50 | 0.98 | 1 | 0.70~1.30 | (-8→26=0.70×1) (-17→-28=1.29×1) (-8→-1=1.29×2) (-23→19=0.72×1) (10→26=0.74×1) |
| 312269 | 52 | 1.13 | 1 | 0.70~1.30 | (-8→26=0.70×1) (-8→-1=1.30×1) (-17→-28=1.29×1) (-23→19=0.72×1) (10→26=0.74×1) |
| 312279 | 51 | 1.14 | 2 | 0.70~1.29 | (-8→26=0.70×1) (-17→-28=1.29×1) (10→26=0.74×1) (24→28=1.26×1) (-21→22=1.25×1) |
| 312290 | 50 | 1.22 | 2 | 0.70~1.29 | (-8→26=0.70×1) (-17→-28=1.29×1) (10→26=0.74×1) (24→28=1.26×1) (-21→22=1.25×1) |
| 312300 | 50 | 1.26 | 2 | 0.70~1.29 | (-8→26=0.70×1) (-17→-28=1.29×1) (10→26=0.74×1) (24→28=1.26×1) (-21→22=1.25×1) |
| 312310 | 51 | 1.51 | 2 | 0.70~1.29 | (-8→26=0.70×1) (-17→-28=1.29×1) (10→26=0.74×1) (24→28=1.26×1) (-21→22=1.25×1) |
| 312321 | 54 | 1.33 | 2 | 0.70~1.29 | (-8→26=0.70×1) (-17→-28=1.29×1) (22→18=0.73×2) (10→26=0.74×1) (24→28=1.26×1) |
| 312331 | 51 | 1.12 | 2 | 0.70~1.29 | (-8→26=0.70×1) (-17→-28=1.29×1) (22→18=0.72×1) (-21→22=1.25×1) (17→-9=0.76×1) |
| 312341 | 57 | 1.19 | 2 | 0.70~1.29 | (-8→26=0.70×1) (-23→21=0.70×1) (-17→-28=1.29×1) (-5→-26=1.28×1) (22→18=0.72×1) |
| 312352 | 56 | 1.18 | 2 | 0.70~1.29 | (-8→26=0.70×1) (-23→21=0.70×1) (-17→-28=1.29×1) (-5→-26=1.28×1) (22→18=0.72×1) |
| 312362 | 57 | 1.35 | 2 | 0.70~1.29 | (-8→26=0.70×1) (-23→21=0.70×1) (11→-6=1.29×1) (-17→-28=1.29×1) (-5→-26=1.28×1) |
| 312372 | 50 | 1.04 | 2 | 0.70~1.28 | (-23→21=0.70×1) (-5→-26=1.28×1) (22→18=0.72×1) (-21→-9=1.27×1) (-8→-2=0.75×1) |
| 312383 | 54 | 0.96 | 2 | 0.70~1.28 | (-5→24=0.70×1) (-23→21=0.70×1) (-5→-26=1.28×1) (-21→-9=1.27×1) (-8→-2=0.75×1) |
| 312393 | 51 | 0.88 | 2 | 0.70~1.25 | (-5→24=0.70×1) (-23→21=0.70×1) (19→-19=1.25×1) (17→-9=0.76×1) (6→19=1.24×1) |
| 312403 | 53 | 0.68 | 2 | 0.70~1.25 | (-5→24=0.70×1) (-23→21=0.70×1) (19→-19=1.25×1) (17→-9=0.76×1) (6→19=1.24×1) |
| 312414 | 53 | 0.72 | 1 | 0.70~1.25 | (-5→24=0.70×1) (-23→21=0.70×1) (19→-19=1.25×1) (17→-9=0.76×1) (6→19=1.24×1) |
| 312424 | 53 | 0.57 | 1 | 0.70~1.27 | (-5→24=0.70×1) (-23→21=0.70×1) (20→21=0.71×1) (-22→24=1.27×1) (6→19=1.24×1) |
| 312434 | 57 | 0.75 | 1 | 0.70~1.27 | (-5→24=0.70×1) (-23→21=0.70×1) (20→21=0.72×2) (-3→14=0.72×1) (-22→24=1.27×1) |
| 312445 | 59 | 0.76 | 1 | 0.70~1.27 | (-5→24=0.70×1) (16→-10=0.70×1) (-23→21=0.70×1) (-3→14=0.72×1) (20→21=0.73×3) |
| 312455 | 61 | 0.84 | 1 | 0.70~1.27 | (-5→24=0.70×1) (16→-10=0.70×1) (-23→21=0.70×1) (-3→14=0.72×1) (-18→31=1.27×1) |
| 312465 | 59 | 0.83 | 1 | 0.70~1.27 | (-5→24=0.70×1) (16→-10=0.70×1) (-23→21=0.70×1) (-18→31=1.27×1) (-22→24=1.27×1) |
| 312476 | 60 | 0.77 | 1 | 0.70~1.27 | (16→-10=0.70×1) (-23→21=0.70×1) (-10→-1=0.71×1) (20→21=0.73×2) (-18→31=1.27×1) |
| 312486 | 55 | 0.71 | 1 | 0.70~1.29 | (16→-10=0.70×1) (-23→21=0.70×1) (-10→-1=0.71×1) (13→-11=1.29×1) (20→21=0.73×2) |
| 312496 | 54 | 0.74 | 1 | 0.70~1.29 | (16→-10=0.70×1) (-23→21=0.70×1) (-10→-1=0.71×1) (13→-11=1.29×1) (20→21=0.73×2) |
| 312507 | 51 | 0.61 | 1 | 0.70~1.29 | (16→-10=0.70×1) (-23→21=0.70×1) (-10→-1=0.71×1) (13→-11=1.29×1) (-18→31=1.27×1) |
| 312517 | 50 | 0.42 | 1 | 0.71~1.29 | (-10→-1=0.71×1) (13→-11=1.29×1) (13→19=1.27×1) (-22→24=1.27×1) (-7→-19=0.74×1) |
| 312527 | 50 | 0.40 | 1 | 0.71~1.29 | (-10→-1=0.71×1) (13→-11=1.29×1) (13→19=1.27×1) (-22→24=1.27×1) (-7→-19=0.74×1) |
| 312538 | 52 | 0.54 | 1 | 0.71~1.29 | (-10→-1=0.71×1) (13→-11=1.29×1) (1→10=0.71×1) (13→19=1.27×1) (-22→24=1.27×1) |
| 312548 | 50 | 0.48 | 1 | 0.71~1.29 | (-10→-1=0.71×1) (13→-11=1.29×1) (1→10=0.71×1) (-22→24=1.27×1) (15→7=0.75×1) |
| 312558 | 57 | 0.61 | 1 | 0.71~1.29 | (13→-11=1.29×1) (1→10=0.71×1) (-22→24=1.27×1) (-16→-20=1.26×1) (15→7=0.75×1) |
| 312569 | 55 | 0.56 | 1 | 0.71~1.29 | (13→-11=1.29×1) (1→10=0.71×1) (15→7=0.75×1) (15→-18=0.76×1) (-7→-20=1.23×1) |
| 312579 | 56 | 0.62 | 1 | 0.71~1.29 | (13→-11=1.29×1) (1→10=0.71×1) (15→7=0.75×1) (13→-4=1.24×1) (20→-9=1.24×1) |
| 312589 | 54 | 0.72 | 1 | 0.71~1.29 | (13→-11=1.29×1) (1→10=0.71×1) (15→7=0.75×1) (7→18=1.24×1) (13→-4=1.24×1) |
| 312600 | 53 | 0.74 | 1 | 0.71~1.30 | (-17→8=1.30×1) (13→-11=1.29×1) (1→10=0.71×1) (5→13=1.26×1) (2→15=1.25×1) |
| 312610 | 51 | 0.69 | 1 | 0.71~1.30 | (-17→8=1.30×1) (1→10=0.71×1) (5→13=1.26×1) (2→15=1.25×1) (7→18=1.24×1) |
| 312620 | 50 | 0.54 | 1 | 0.76~1.30 | (-17→8=1.30×1) (16→8=1.27×1) (5→13=1.26×1) (2→15=1.25×1) (7→18=1.24×1) |
| 312631 | 51 | 0.65 | 1 | 0.76~1.30 | (-17→8=1.30×1) (16→8=1.27×1) (5→13=1.26×1) (2→15=1.25×1) (7→18=1.24×1) |
| 312641 | 51 | 0.71 | 1 | 0.70~1.30 | (-2→3=0.70×1) (-17→8=1.30×1) (16→-6=0.72×1) (16→8=1.27×1) (7→18=1.24×1) |
| 312651 | 52 | 0.75 | 1 | 0.70~1.30 | (-2→3=0.70×1) (-17→8=1.30×1) (16→-6=0.72×1) (16→8=1.27×1) (-2→-31=1.25×1) |
| 312662 | 56 | 1.14 | 1 | 0.70~1.30 | (-2→3=0.70×1) (-17→8=1.30×1) (21→22=0.72×2) (-5→30=0.72×1) (16→-6=0.72×1) |
| 312672 | 54 | 1.11 | 1 | 0.70~1.30 | (-2→3=0.70×1) (-17→8=1.30×1) (21→22=0.71×1) (-5→30=0.72×1) (16→-6=0.72×1) |
| 312682 | 56 | 1.20 | 1 | 0.70~1.30 | (-2→3=0.70×1) (-17→8=1.30×1) (21→22=0.72×2) (-5→30=0.72×1) (16→-6=0.72×1) |
| 312693 | 57 | 0.98 | 1 | 0.70~1.30 | (-17→8=1.30×1) (21→22=0.72×2) (-5→30=0.72×1) (19→25=0.72×2) (16→-6=0.72×1) |
| 312703 | 55 | 0.89 | 1 | 0.71~1.30 | (-17→8=1.30×1) (-21→-4=0.71×1) (21→22=0.71×1) (-5→30=0.72×1) (16→-6=0.72×1) |
| 312713 | 53 | 0.74 | 1 | 0.71~1.26 | (21→22=0.71×1) (-5→30=0.72×1) (16→-6=0.72×1) (-21→-29=0.73×1) (-16→-26=1.26×1) |
| 312724 | 61 | 1.46 | 2 | 0.70~1.33 | (-17→-2=0.70×1) (21→22=0.71×1) (-13→6=0.71×2) (-5→30=0.72×1) (1→15=0.72×2) |
| 312734 | 51 | 1.02 | 1 | 0.71~1.29 | (-13→6=0.71×1) (21→22=0.71×1) (-20→-15=1.29×1) (1→15=0.72×1) (13→-12=0.72×1) |
| 312744 | 56 | 1.16 | 1 | 0.71~1.29 | (-13→6=0.71×1) (21→22=0.71×1) (-20→-15=1.29×1) (1→15=0.72×1) (13→-12=0.72×1) |
| 312755 | 57 | 1.16 | 1 | 0.71~1.37 | (8→4=1.30×2) (-13→6=0.71×1) (-20→-15=1.29×1) (1→15=0.72×1) (13→-12=0.72×1) |
| 312765 | 60 | 1.35 | 2 | 0.71~1.37 | (-13→6=0.71×1) (1→15=0.72×1) (13→-12=0.72×1) (-5→30=0.72×1) (-1→-26=0.72×1) |
| 312775 | 61 | 1.28 | 2 | 0.71~1.37 | (-13→6=0.71×1) (1→15=0.72×1) (13→-12=0.72×1) (-1→-26=0.72×1) (8→4=1.28×3) |
| 312786 | 58 | 1.52 | 2 | 0.71~1.37 | (-13→6=0.71×1) (1→15=0.72×1) (13→-12=0.72×1) (-1→-26=0.72×1) (8→4=1.28×3) |
| 312796 | 50 | 1.32 | 2 | 0.71~1.25 | (-13→6=0.71×1) (1→15=0.72×1) (13→-12=0.72×1) (-1→-26=0.72×1) (-15→5=0.74×2) |
| 312806 | 51 | 0.96 | 2 | 0.72~1.25 | (-1→-26=0.72×1) (-15→5=0.73×1) (-21→-29=0.74×2) (-2→-31=1.25×1) (10→28=0.75×1) |
| 312817 | 55 | 1.04 | 1 | 0.72~1.25 | (-1→-26=0.72×1) (-15→5=0.73×1) (-21→-29=0.74×2) (-2→-31=1.25×1) (10→28=0.75×1) |
| 312827 | 53 | 0.96 | 1 | 0.72~1.25 | (-1→-26=0.72×1) (-22→31=0.73×1) (-15→5=0.73×1) (-21→-29=0.74×2) (-2→-31=1.25×1) |
| 312837 | 58 | 1.14 | 1 | 0.72~1.25 | (-1→-26=0.72×1) (-22→31=0.73×1) (-15→5=0.73×1) (-21→-29=0.74×2) (10→28=0.75×1) |
| 312848 | 54 | 0.98 | 1 | 0.73~1.25 | (-22→31=0.73×1) (-15→5=0.73×1) (10→28=0.75×1) (1→29=1.25×1) (2→-18=0.76×1) |
| 312858 | 57 | 1.26 | 1 | 0.73~1.25 | (-22→31=0.73×1) (-15→5=0.73×1) (10→28=0.75×1) (1→29=1.25×1) (18→-12=1.25×1) |
| 312868 | 51 | 1.12 | 1 | 0.73~1.25 | (-15→5=0.73×1) (1→29=1.25×1) (18→-12=1.25×1) (17→25=1.24×1) (9→6=0.76×1) |
| 312879 | 50 | 0.94 | 1 | 0.73~1.25 | (-15→5=0.73×1) (1→29=1.25×1) (17→25=1.24×1) (9→6=0.76×1) (3→-8=0.77×1) |
| 312889 | 49 | 0.80 | 1 | 0.76~1.25 | (1→29=1.25×1) (17→25=1.24×1) (9→6=0.76×1) (3→-8=0.77×1) (-13→6=0.78×1) |
| 312899 | 55 | 0.96 | 1 | 0.76~1.25 | (1→29=1.25×1) (17→25=1.24×1) (9→6=0.76×1) (3→-8=0.77×1) (-14→-31=0.77×2) |
| 312910 | 53 | 1.19 | 1 | 0.76~1.37 | (1→29=1.25×1) (17→25=1.24×1) (9→6=0.76×1) (3→-8=0.77×1) (17→3=1.23×3) |
| 312920 | 53 | 1.25 | 1 | 0.76~1.32 | (1→29=1.25×1) (17→25=1.24×1) (9→6=0.76×1) (3→-8=0.77×1) (-13→6=0.78×1) |
| 312930 | 52 | 1.23 | 1 | 0.76~1.32 | (1→29=1.25×1) (17→25=1.24×1) (9→6=0.76×1) (3→-8=0.77×1) (4→-2=0.79×1) |
| 312941 | 54 | 1.22 | 1 | 0.78~1.32 | (20→-28=1.25×1) (1→29=1.25×1) (17→25=1.24×1) (17→-6=0.78×1) (4→-2=0.79×1) |
| 312951 | 55 | 1.55 | 2 | 0.78~1.32 | (20→-28=1.25×1) (1→29=1.25×1) (-16→-3=1.23×1) (-23→19=0.78×1) (17→-6=0.78×1) |
| 312961 | 54 | 1.56 | 2 | 0.72~1.32 | (4→16=0.72×1) (-4→-25=1.25×1) (20→-28=1.25×1) (1→29=1.25×1) (-16→-3=1.23×1) |
| 312972 | 55 | 1.69 | 2 | 0.72~1.35 | (4→16=0.72×2) (17→15=0.75×1) (-4→-25=1.25×1) (20→-28=1.25×1) (1→29=1.25×1) |
| 312982 | 54 | 1.61 | 2 | 0.72~1.35 | (4→16=0.72×1) (-11→-29=0.73×1) (20→-28=1.25×1) (1→29=1.25×1) (-4→-25=1.25×2) |
| 312992 | 55 | 1.95 | 2 | 0.70~1.35 | (-21→-28=0.70×1) (4→16=0.72×1) (-11→-29=0.73×1) (-11→-24=1.26×1) (-14→10=0.74×1) |
| 313003 | 54 | 1.63 | 2 | 0.70~1.35 | (-21→-28=0.71×2) (4→16=0.72×1) (-11→-29=0.73×1) (-11→-24=1.26×1) (-14→10=0.74×1) |
| 313013 | 57 | 1.81 | 2 | 0.70~1.35 | (-21→-28=0.71×2) (4→16=0.72×1) (-21→9=0.72×1) (-11→-29=0.73×1) (-19→14=0.73×2) |
| 313023 | 57 | 1.58 | 2 | 0.70~1.28 | (-21→-28=0.71×2) (4→16=0.72×1) (23→-2=1.28×1) (-21→9=0.72×1) (-11→-29=0.73×1) |
| 313034 | 55 | 1.38 | 2 | 0.70~1.28 | (-21→-28=0.71×2) (23→-2=1.28×1) (-21→9=0.72×1) (-11→-29=0.73×1) (1→-31=0.74×1) |
| 313044 | 55 | 1.18 | 2 | 0.70~1.28 | (-21→-28=0.71×2) (23→-2=1.28×1) (-21→9=0.72×1) (-11→-29=0.73×1) (1→-31=0.74×1) |
| 313054 | 51 | 1.12 | 2 | 0.70~1.28 | (-21→-28=0.71×2) (23→-2=1.28×1) (-21→9=0.72×1) (-11→-29=0.73×1) (1→-31=0.74×1) |
| 313065 | 53 | 1.02 | 1 | 0.70~1.28 | (-19→-20=0.71×1) (-21→-28=0.71×2) (23→-2=1.28×1) (-21→9=0.72×1) (-11→-29=0.73×1) |
| 313075 | 52 | 1.04 | 1 | 0.70~1.30 | (-2→-24=1.30×1) (-19→-20=0.71×1) (-21→-28=0.71×2) (23→-2=1.28×1) (-21→9=0.72×1) |
| 313085 | 51 | 1.08 | 1 | 0.70~1.30 | (-2→-24=1.30×1) (-21→-28=0.71×2) (23→-2=1.28×1) (-21→9=0.72×1) (3→13=1.27×2) |
| 313096 | 50 | 0.98 | 1 | 0.70~1.30 | (-2→-24=1.30×1) (-21→-28=0.71×2) (23→-2=1.28×1) (3→13=1.28×1) (-6→7=1.28×1) |
| 313106 | 52 | 0.81 | 1 | 0.70~1.30 | (-2→-24=1.30×1) (-3→16=1.29×1) (-21→-28=0.71×2) (-21→9=0.72×1) (24→-6=1.27×1) |
| 313116 | 55 | 0.93 | 1 | 0.70~1.30 | (-21→-28=0.70×1) (-2→-24=1.30×1) (-3→16=1.29×1) (23→-21=1.28×1) (-21→9=0.72×1) |
| 313127 | 56 | 1.11 | 2 | 0.70~1.30 | (-21→-28=0.70×1) (-2→-24=1.30×1) (-3→16=1.29×1) (23→-21=1.28×1) (-21→9=0.72×1) |
| 313137 | 55 | 1.22 | 2 | 0.70~1.30 | (-21→-28=0.70×1) (-2→-24=1.30×1) (-3→16=1.29×1) (23→-21=1.28×1) (-21→9=0.72×1) |
| 313147 | 50 | 1.24 | 2 | 0.70~1.30 | (-21→-28=0.70×1) (-2→-24=1.30×1) (-3→16=1.29×1) (23→-21=1.28×1) (-21→9=0.72×1) |
| 313158 | 52 | 0.96 | 1 | 0.70~1.29 | (-21→-28=0.70×1) (-3→16=1.29×1) (23→-21=1.28×1) (-21→9=0.72×1) (18→-5=1.27×1) |
| 313168 | 52 | 0.88 | 1 | 0.70~1.29 | (-21→-28=0.70×1) (-3→16=1.29×1) (-21→9=0.72×1) (18→-5=1.27×1) (24→-23=0.75×1) |
| 313178 | 54 | 1.00 | 1 | 0.70~1.29 | (-21→-28=0.70×1) (-3→16=1.29×1) (-21→9=0.72×1) (2→15=1.27×1) (18→-5=1.27×1) |
| 313189 | 52 | 1.02 | 1 | 0.70~1.29 | (-21→-28=0.70×1) (-3→16=1.29×1) (12→14=0.72×1) (-21→9=0.72×1) (2→15=1.27×1) |
| 313199 | 49 | 0.90 | 1 | 0.70~1.29 | (-21→-28=0.70×1) (-3→16=1.29×1) (12→14=0.72×1) (-6→14=0.72×1) (2→15=1.27×1) |
| 313209 | 54 | 0.91 | 1 | 0.70~1.29 | (-21→-28=0.70×1) (-21→-15=1.29×1) (-3→16=1.29×1) (12→14=0.72×1) (-6→14=0.73×2) |
| 313220 | 55 | 0.93 | 1 | 0.70~1.29 | (-21→-28=0.70×1) (-21→-15=1.29×1) (12→14=0.72×1) (-6→14=0.73×2) (2→15=1.27×1) |
| 313230 | 54 | 0.87 | 1 | 0.70~1.29 | (-21→-28=0.70×1) (-21→-15=1.29×1) (12→14=0.72×1) (-6→14=0.72×1) (2→15=1.27×1) |
| 313240 | 52 | 0.85 | 1 | 0.70~1.29 | (-21→-28=0.70×1) (-21→-15=1.29×1) (6→-22=0.71×1) (12→14=0.72×1) (-6→14=0.72×1) |
| 313251 | 50 | 0.68 | 1 | 0.71~1.29 | (-21→-15=1.29×1) (6→-22=0.71×1) (12→14=0.72×1) (-6→14=0.72×1) (2→15=1.27×1) |
| 313261 | 50 | 0.54 | 1 | 0.71~1.29 | (-21→-15=1.29×1) (6→-22=0.72×2) (-6→14=0.72×1) (2→15=1.27×1) (14→-27=0.80×1) |
| 313271 | 51 | 0.63 | 1 | 0.71~1.29 | (-21→-15=1.29×1) (6→-22=0.72×2) (-6→14=0.72×1) (-7→-13=1.28×1) (2→15=1.27×1) |
| 313282 | 51 | 0.59 | 1 | 0.71~1.29 | (-21→-15=1.29×1) (6→-22=0.72×2) (-6→14=0.72×1) (-7→-13=1.28×1) (2→15=1.27×1) |
| 313292 | 51 | 0.59 | 1 | 0.71~1.29 | (-21→-15=1.29×1) (6→-22=0.72×2) (-7→-13=1.28×1) (2→15=1.27×1) (-23→-17=0.74×1) |
| 313302 | 51 | 0.76 | 1 | 0.71~1.28 | (6→-22=0.72×2) (-7→-13=1.28×1) (-23→-17=0.74×1) (20→-29=0.74×1) (7→-29=0.74×1) |
| 313313 | 52 | 0.79 | 1 | 0.71~1.28 | (6→-22=0.72×2) (-7→-13=1.28×1) (-23→-17=0.74×1) (20→-29=0.74×1) (7→-29=0.74×1) |
| 313323 | 51 | 0.92 | 1 | 0.71~1.28 | (6→-22=0.72×2) (-7→-13=1.28×1) (7→19=1.28×1) (-23→-17=0.74×1) (20→-29=0.74×1) |
| 313333 | 51 | 1.06 | 1 | 0.71~1.28 | (6→-22=0.72×2) (-7→-13=1.28×1) (7→19=1.28×1) (-23→-17=0.74×1) (20→-29=0.74×1) |
| 313344 | 51 | 0.96 | 1 | 0.71~1.28 | (6→-22=0.71×1) (-7→-13=1.28×1) (7→19=1.28×1) (-23→-17=0.74×1) (20→-29=0.74×1) |
| 313354 | 53 | 1.02 | 1 | 0.71~1.28 | (6→-22=0.71×1) (-7→-13=1.28×1) (7→19=1.28×1) (-23→-17=0.74×1) (20→-29=0.74×1) |
| 313364 | 55 | 1.16 | 2 | 0.71~1.28 | (6→-22=0.71×1) (-7→-13=1.28×1) (7→19=1.28×1) (-23→-17=0.74×1) (20→-29=0.74×1) |
| 313375 | 57 | 1.09 | 2 | 0.71~1.28 | (6→-22=0.71×1) (-7→-13=1.28×1) (7→19=1.28×1) (-23→-17=0.74×1) (20→-29=0.74×1) |
| 313385 | 53 | 1.08 | 2 | 0.71~1.28 | (6→-22=0.71×1) (-7→-13=1.28×1) (-23→-17=0.74×1) (20→-29=0.74×1) (-8→24=1.25×1) |
| 313395 | 53 | 1.11 | 1 | 0.71~1.28 | (6→-22=0.71×1) (4→22=0.72×1) (-7→-13=1.28×1) (-7→5=0.72×1) (-23→-17=0.74×1) |
| 313406 | 51 | 1.10 | 1 | 0.70~1.28 | (15→-2=0.70×1) (4→22=0.72×1) (-7→-13=1.28×1) (-23→-17=0.74×1) (20→-29=0.74×1) |
| 313416 | 54 | 1.22 | 1 | 0.70~1.28 | (15→-2=0.70×1) (4→22=0.72×1) (-7→-13=1.28×1) (17→9=1.28×1) (19→11=0.74×2) |
| 313426 | 52 | 1.15 | 1 | 0.70~1.28 | (15→-2=0.70×1) (4→22=0.72×1) (17→9=1.28×1) (19→11=0.74×2) (-7→5=0.74×2) |
| 313437 | 51 | 1.31 | 1 | 0.70~1.29 | (15→-2=0.70×1) (-8→21=1.29×1) (4→22=0.72×1) (17→9=1.28×1) (-7→5=0.74×2) |
| 313447 | 50 | 1.18 | 1 | 0.70~1.29 | (15→-2=0.70×1) (-8→21=1.29×1) (4→22=0.72×1) (17→9=1.28×1) (-5→-1=1.27×1) |
| 313457 | 50 | 1.10 | 1 | 0.70~1.29 | (-14→3=0.70×1) (-8→21=1.29×1) (4→22=0.72×1) (17→9=1.28×1) (-5→-1=1.27×1) |
| 313468 | 50 | 1.12 | 2 | 0.70~1.29 | (-14→3=0.70×1) (-8→21=1.29×1) (-8→-13=0.72×1) (17→9=1.28×1) (-5→-1=1.27×1) |
| 313478 | 54 | 1.04 | 2 | 0.70~1.29 | (-14→3=0.70×1) (-8→21=1.29×1) (-19→1=1.29×1) (-8→-13=0.72×1) (17→9=1.28×1) |
| 313488 | 55 | 1.07 | 2 | 0.70~1.29 | (-14→3=0.70×1) (-8→21=1.29×1) (-19→1=1.29×1) (-8→-13=0.72×1) (17→9=1.28×1) |
| 313499 | 53 | 0.92 | 1 | 0.70~1.29 | (-14→3=0.70×1) (-8→21=1.29×1) (-19→1=1.29×1) (17→9=1.28×1) (-5→-1=1.27×1) |
| 313509 | 51 | 0.88 | 1 | 0.70~1.29 | (-14→3=0.70×1) (-19→1=1.29×1) (17→9=1.28×1) (-5→-1=1.27×1) (19→11=0.74×1) |
| 313519 | 50 | 0.94 | 1 | 0.70~1.28 | (-14→3=0.70×1) (17→9=1.28×1) (-5→-1=1.27×1) (19→11=0.74×1) (13→-9=1.25×1) |
| 313530 | 51 | 0.96 | 1 | 0.70~1.25 | (-14→3=0.70×1) (-4→-13=0.73×1) (19→11=0.74×1) (13→-9=1.25×1) (22→22=1.23×1) |
| 313540 | 50 | 0.96 | 1 | 0.70~1.27 | (-14→3=0.70×1) (-4→-13=0.73×1) (-20→24=1.27×1) (19→11=0.74×1) (13→-9=1.25×1) |
| 313550 | 51 | 0.98 | 1 | 0.70~1.27 | (-14→3=0.70×1) (-4→-13=0.73×1) (-20→24=1.27×1) (19→11=0.74×1) (13→-9=1.25×1) |
| 313561 | 50 | 0.98 | 1 | 0.70~1.27 | (-14→3=0.70×1) (21→-2=0.72×1) (-4→-13=0.73×1) (-20→24=1.27×1) (19→11=0.74×1) |
| 313571 | 51 | 0.98 | 1 | 0.70~1.27 | (-14→3=0.70×1) (21→-2=0.72×1) (-4→-13=0.73×1) (-20→24=1.27×1) (19→11=0.74×1) |
| 313581 | 50 | 0.82 | 1 | 0.70~1.27 | (-14→3=0.70×1) (21→-2=0.72×1) (12→-7=1.27×1) (-4→-13=0.73×1) (-20→24=1.27×1) |
| 313592 | 50 | 0.72 | 1 | 0.70~1.27 | (-14→3=0.70×1) (-4→-13=0.73×1) (-20→24=1.27×1) (19→11=0.74×1) (13→-9=1.25×1) |
| 313602 | 54 | 0.83 | 1 | 0.70~1.27 | (-14→3=0.70×1) (-3→-5=0.72×1) (-10→13=1.27×1) (-4→-13=0.73×1) (-20→24=1.27×1) |
| 313612 | 55 | 0.89 | 1 | 0.70~1.27 | (-14→3=0.70×1) (-3→-5=0.72×1) (-10→13=1.27×1) (-20→24=1.27×1) (19→11=0.74×1) |
| 313623 | 53 | 0.89 | 1 | 0.70~1.27 | (-14→3=0.70×1) (-3→-5=0.72×1) (-10→13=1.27×1) (19→11=0.74×1) (1→9=0.76×2) |
| 313633 | 55 | 1.04 | 1 | 0.70~1.29 | (-14→3=0.70×1) (14→-30=1.29×1) (-3→-5=0.72×1) (8→-13=0.73×1) (-10→13=1.27×1) |
| 313643 | 56 | 1.07 | 1 | 0.70~1.29 | (-14→3=0.70×1) (14→-30=1.29×1) (-3→-5=0.72×1) (8→-13=0.73×1) (-10→13=1.27×1) |
| 313654 | 59 | 1.10 | 1 | 0.70~1.29 | (-14→3=0.70×1) (14→-30=1.29×1) (-3→-5=0.72×1) (-22→-29=1.27×1) (8→-13=0.73×1) |
| 313664 | 51 | 1.25 | 1 | 0.70~1.29 | (-14→3=0.70×1) (14→-30=1.29×1) (-3→-5=0.72×1) (-22→-29=1.27×1) (8→-13=0.73×1) |
| 313674 | 53 | 1.19 | 1 | 0.70~1.29 | (-14→3=0.70×1) (14→-7=0.70×1) (14→-30=1.29×1) (10→15=1.29×1) (-3→-5=0.72×1) |
| 313685 | 51 | 0.94 | 1 | 0.70~1.30 | (-14→3=0.70×1) (23→-6=1.30×1) (13→11=1.30×1) (14→-7=0.70×1) (10→15=1.29×1) |
| 313695 | 55 | 0.80 | 1 | 0.70~1.47 | (19→21=1.35×2) (23→-6=1.30×1) (13→11=1.30×1) (14→-7=0.70×1) (10→15=1.29×1) |
| 313705 | 57 | 0.74 | 1 | 0.70~1.47 | (19→21=1.35×2) (23→-6=1.30×1) (13→11=1.30×1) (14→-7=0.70×1) (10→15=1.29×1) |
| 313716 | 61 | 0.84 | 1 | 0.70~1.47 | (19→21=1.35×2) (23→-6=1.30×1) (13→11=1.30×1) (14→-7=0.70×1) (10→15=1.29×1) |
| 313726 | 54 | 0.76 | 1 | 0.72~1.47 | (19→21=1.35×2) (23→-6=1.30×1) (13→11=1.30×1) (10→15=1.29×1) (2→3=0.72×1) |
| 313736 | 56 | 0.77 | 1 | 0.72~1.47 | (19→21=1.35×2) (23→-6=1.30×1) (13→11=1.30×1) (10→15=1.29×1) (2→3=0.72×1) |
| 313747 | 55 | 0.75 | 1 | 0.72~1.47 | (19→21=1.35×2) (23→-6=1.30×1) (13→11=1.30×1) (-5→-15=1.30×1) (10→15=1.29×1) |
| 313757 | 53 | 0.47 | 1 | 0.75~1.30 | (-5→-15=1.30×1) (10→15=1.29×1) (4→12=1.28×1) (-4→-30=1.28×1) (-7→-6=0.75×1) |
| 313767 | 53 | 0.53 | 1 | 0.75~1.30 | (-5→-15=1.30×1) (10→15=1.29×1) (4→12=1.28×1) (-4→-30=1.28×1) (-9→9=1.27×1) |
| 313778 | 53 | 0.68 | 1 | 0.72~1.30 | (-5→-15=1.29×2) (10→15=1.29×1) (4→12=1.28×1) (-4→-30=1.28×1) (22→-11=0.72×1) |
| 313788 | 56 | 0.80 | 1 | 0.72~1.30 | (-5→-15=1.29×2) (10→15=1.29×1) (4→12=1.28×1) (-4→-30=1.28×1) (22→-11=0.72×1) |
| 313798 | 56 | 0.95 | 1 | 0.72~1.30 | (10→15=1.29×1) (-5→-15=1.29×3) (4→12=1.28×1) (-4→-30=1.28×1) (22→-11=0.72×1) |
| 313809 | 54 | 0.96 | 1 | 0.72~1.30 | (10→15=1.29×1) (-5→-15=1.29×3) (4→12=1.28×1) (-4→-30=1.28×1) (22→-11=0.72×1) |
| 313819 | 49 | 0.90 | 1 | 0.72~1.30 | (-5→-15=1.29×3) (4→12=1.28×1) (22→-11=0.72×1) (-6→8=1.27×1) (-9→9=1.27×1) |
| 313829 | 50 | 0.82 | 1 | 0.72~1.30 | (-5→-15=1.29×3) (4→12=1.28×1) (22→-11=0.72×1) (-9→9=1.27×1) (12→8=1.27×1) |
| 313840 | 53 | 0.62 | 1 | 0.71~1.28 | (-15→-28=0.71×1) (4→12=1.28×1) (-19→-30=0.73×1) (-9→9=1.27×1) (12→8=1.27×1) |
| 313850 | 55 | 0.75 | 2 | 0.71~1.28 | (-15→-28=0.71×1) (13→24=1.28×1) (-19→-30=0.73×1) (-9→9=1.27×1) (12→8=1.27×1) |
| 313860 | 52 | 0.79 | 2 | 0.71~1.28 | (-15→-28=0.71×1) (10→17=0.71×1) (13→24=1.28×1) (-19→-30=0.73×1) (-9→9=1.27×1) |
| 313871 | 50 | 0.74 | 2 | 0.71~1.28 | (-15→-28=0.71×1) (10→17=0.71×1) (13→24=1.28×1) (-19→-30=0.73×1) (-16→19=1.26×1) |
| 313881 | 50 | 0.70 | 2 | 0.71~1.28 | (-15→-28=0.71×1) (10→17=0.71×1) (13→24=1.28×1) (-19→-30=0.73×1) (-16→19=1.26×1) |
| 313891 | 50 | 0.66 | 2 | 0.71~1.28 | (10→17=0.71×1) (13→24=1.28×1) (13→7=1.27×1) (-19→-30=0.73×1) (-20→23=1.27×1) |
| 313902 | 52 | 0.85 | 2 | 0.70~1.28 | (17→18=0.70×1) (10→17=0.71×1) (23→25=1.28×2) (13→24=1.28×1) (13→7=1.27×1) |
| 313912 | 51 | 0.76 | 2 | 0.70~1.28 | (17→18=0.70×1) (23→25=1.28×2) (13→24=1.28×1) (13→7=1.27×1) (-20→23=1.27×1) |
| 313922 | 51 | 0.59 | 2 | 0.70~1.28 | (17→18=0.70×1) (23→25=1.28×1) (13→24=1.28×1) (13→7=1.27×1) (-20→23=1.27×1) |
| 313933 | 50 | 0.54 | 2 | 0.75~1.28 | (23→25=1.28×1) (13→24=1.28×1) (13→7=1.27×1) (-20→23=1.27×1) (16→-17=0.75×1) |
| 313943 | 50 | 0.56 | 2 | 0.72~1.28 | (16→12=0.72×1) (23→25=1.28×1) (13→24=1.28×1) (13→7=1.27×1) (-20→23=1.27×1) |
| 313953 | 52 | 0.44 | 1 | 0.72~1.28 | (16→12=0.72×1) (23→25=1.28×1) (13→24=1.28×1) (13→7=1.27×1) (-20→23=1.27×1) |
| 313964 | 57 | 0.54 | 1 | 0.72~1.29 | (-5→27=1.29×1) (16→12=0.72×1) (23→25=1.28×1) (13→24=1.28×1) (13→7=1.27×1) |
| 313974 | 59 | 0.64 | 2 | 0.72~1.29 | (-5→27=1.29×2) (16→12=0.72×1) (23→25=1.28×1) (13→7=1.27×1) (11→1=1.27×1) |
| 313984 | 57 | 0.58 | 2 | 0.72~1.29 | (-5→27=1.29×2) (16→12=0.72×1) (-12→-31=1.28×1) (13→7=1.27×1) (11→1=1.27×1) |
| 313995 | 61 | 0.80 | 2 | 0.72~1.29 | (-5→27=1.29×2) (16→12=0.72×1) (-12→-31=1.28×1) (13→7=1.27×1) (11→1=1.27×1) |
| 314005 | 58 | 0.78 | 1 | 0.72~1.29 | (-5→27=1.29×1) (16→12=0.72×1) (-12→-31=1.28×1) (13→7=1.27×1) (11→1=1.27×1) |
| 314015 | 58 | 0.90 | 1 | 0.72~1.29 | (-5→27=1.29×1) (16→12=0.72×1) (-12→-31=1.28×1) (13→7=1.27×1) (11→1=1.27×1) |
| 314026 | 59 | 0.93 | 1 | 0.71~1.28 | (6→10=0.71×1) (16→12=0.72×1) (-12→-31=1.28×1) (-15→-11=1.28×1) (13→7=1.27×1) |
| 314036 | 55 | 0.89 | 1 | 0.71~1.28 | (6→10=0.71×1) (16→12=0.72×1) (8→-22=0.72×1) (-12→-31=1.28×1) (-15→-11=1.28×1) |
| 314046 | 51 | 0.86 | 1 | 0.71~1.28 | (6→10=0.71×1) (8→-22=0.72×1) (-12→-31=1.28×1) (-15→-11=1.28×1) (11→1=1.27×1) |
| 314057 | 51 | 0.78 | 1 | 0.71~1.28 | (6→10=0.71×1) (8→-22=0.72×1) (-15→-11=1.28×1) (11→1=1.27×1) (23→-23=1.27×1) |
| 314067 | 50 | 0.74 | 1 | 0.71~1.28 | (6→10=0.71×1) (-15→-11=1.28×1) (11→1=1.27×1) (23→-23=1.27×1) (-16→9=1.23×1) |
| 314077 | 52 | 0.71 | 1 | 0.71~1.28 | (6→10=0.71×1) (-15→-11=1.28×1) (11→1=1.27×1) (-16→9=1.23×1) (5→28=0.78×1) |
| 314088 | 52 | 0.77 | 1 | 0.71~1.28 | (6→10=0.71×1) (-15→-11=1.28×1) (11→1=1.27×2) (-15→-2=0.78×1) (5→28=0.78×1) |
| 314098 | 51 | 0.80 | 1 | 0.71~1.28 | (6→10=0.71×1) (-15→-11=1.28×1) (11→1=1.27×2) (-23→29=1.24×1) (-15→-2=0.78×1) |
| 314108 | 51 | 0.73 | 1 | 0.71~1.28 | (6→10=0.71×1) (-15→-11=1.28×1) (11→1=1.27×2) (-23→29=1.24×1) (-15→-2=0.78×1) |
| 314119 | 51 | 0.63 | 1 | 0.78~1.27 | (11→1=1.27×2) (-23→29=1.23×2) (5→28=0.78×1) (14→-16=0.79×1) (-5→-6=0.79×1) |
| 314129 | 51 | 0.71 | 1 | 0.71~1.27 | (8→-7=0.71×1) (11→1=1.27×2) (-23→29=1.24×1) (11→30=0.76×1) (5→28=0.78×1) |
| 314139 | 50 | 0.58 | 1 | 0.71~1.27 | (8→-7=0.71×1) (11→1=1.27×2) (11→30=0.76×1) (24→-18=1.23×1) (-5→-6=0.79×1) |
| 314150 | 51 | 0.63 | 1 | 0.71~1.27 | (8→-7=0.71×1) (11→1=1.27×2) (11→30=0.76×1) (19→18=1.24×1) (24→-18=1.23×1) |
| 314160 | 51 | 0.63 | 1 | 0.71~1.30 | (8→-7=0.71×1) (11→1=1.27×1) (11→30=0.76×1) (19→18=1.24×1) (24→-18=1.23×1) |
| 314170 | 53 | 0.74 | 1 | 0.71~1.30 | (8→-7=0.71×1) (11→1=1.27×1) (20→-17=1.25×1) (11→30=0.76×1) (19→18=1.24×1) |
| 314181 | 54 | 0.83 | 1 | 0.71~1.29 | (5→10=1.29×1) (8→-7=0.71×1) (23→-9=1.28×1) (11→1=1.27×1) (20→-17=1.25×1) |
| 314191 | 57 | 0.86 | 1 | 0.70~1.29 | (5→10=1.29×1) (8→-7=0.71×1) (23→-9=1.28×1) (11→1=1.27×1) (17→-25=1.27×1) |
| 314201 | 60 | 1.00 | 1 | 0.70~1.29 | (8→-7=0.71×1) (5→10=1.28×2) (23→-9=1.28×1) (11→1=1.27×1) (17→-25=1.27×1) |
| 314212 | 62 | 1.13 | 2 | 0.70~1.29 | (-15→26=0.71×1) (-4→-17=0.71×1) (8→-7=0.71×1) (5→10=1.28×2) (-23→-28=1.28×1) |
| 314222 | 62 | 1.11 | 2 | 0.71~1.29 | (-15→26=0.71×1) (-4→-17=0.71×1) (5→10=1.28×2) (-23→-28=1.28×1) (-4→-22=0.72×1) |
| 314232 | 64 | 1.22 | 2 | 0.70~1.29 | (-4→13=0.70×1) (-15→26=0.71×1) (-4→-17=0.71×1) (5→10=1.28×2) (-23→-28=1.28×1) |
| 314243 | 56 | 1.11 | 2 | 0.70~1.34 | (-4→13=0.70×1) (-4→-17=0.71×1) (5→10=1.28×2) (-15→26=0.72×1) (-4→-22=0.72×1) |
| 314253 | 56 | 1.18 | 2 | 0.70~1.34 | (-4→13=0.70×1) (5→10=1.29×1) (-4→-17=0.72×2) (-15→26=0.72×1) (-4→-22=0.72×1) |
| 314263 | 53 | 1.11 | 2 | 0.70~1.34 | (-4→13=0.70×1) (5→10=1.29×1) (-4→-17=0.72×2) (-15→26=0.72×1) (-4→-22=0.72×1) |
| 314274 | 54 | 1.31 | 2 | 0.70~1.32 | (-4→13=0.70×1) (5→10=1.29×1) (-4→-17=0.72×3) (-4→-22=0.72×1) (11→1=1.27×1) |
| 314284 | 54 | 1.26 | 2 | 0.70~1.32 | (-4→13=0.70×1) (5→10=1.29×1) (-4→-17=0.72×3) (-4→-22=0.72×1) (11→1=1.27×1) |
| 314294 | 57 | 1.58 | 2 | 0.70~1.32 | (-4→13=0.70×1) (5→10=1.29×1) (-4→-17=0.72×4) (-4→-22=0.72×1) (22→-6=1.27×1) |
| 314305 | 58 | 0.97 | 2 | 0.70~1.32 | (8→-18=1.32×1) (-4→13=0.70×1) (-4→-22=0.72×1) (-4→-17=0.73×1) (22→-6=1.27×1) |
| 314315 | 57 | 0.95 | 2 | 0.70~1.32 | (8→-18=1.32×1) (-4→13=0.70×1) (-4→-22=0.72×1) (-4→-17=0.73×1) (22→-6=1.27×1) |
| 314325 | 62 | 1.16 | 2 | 0.70~1.32 | (8→-18=1.32×1) (-4→13=0.70×1) (24→-20=0.71×1) (-4→-22=0.72×1) (-4→-17=0.73×1) |
| 314336 | 62 | 0.97 | 1 | 0.70~1.27 | (-4→13=0.70×1) (24→-20=0.71×1) (-4→-22=0.72×1) (22→-6=1.27×1) (17→-25=1.27×1) |
| 314346 | 64 | 1.08 | 1 | 0.70~1.29 | (-4→13=0.70×1) (24→-20=0.71×1) (5→-12=1.29×1) (-23→7=0.72×1) (22→-6=1.27×1) |
| 314356 | 59 | 1.03 | 1 | 0.70~1.29 | (-4→13=0.70×1) (24→-20=0.71×1) (5→-12=1.29×1) (-6→28=0.73×1) (22→-6=1.27×1) |
| 314367 | 59 | 1.05 | 2 | 0.70~1.29 | (-4→13=0.70×1) (24→-20=0.71×1) (5→-12=1.29×1) (-6→28=0.73×1) (-23→8=0.73×1) |
| 314377 | 58 | 1.09 | 2 | 0.70~1.29 | (-4→13=0.70×1) (24→-20=0.71×1) (5→-12=1.29×1) (-6→28=0.73×1) (-23→8=0.73×1) |
| 314387 | 53 | 0.92 | 2 | 0.71~1.29 | (24→-20=0.71×1) (5→-12=1.29×1) (-8→-13=1.27×1) (-6→28=0.73×1) (-23→8=0.73×1) |
| 314398 | 50 | 0.86 | 2 | 0.71~1.27 | (24→-20=0.71×1) (-8→-13=1.27×1) (-6→28=0.73×1) (-23→8=0.73×1) (18→4=0.73×1) |
| 314408 | 53 | 0.96 | 2 | 0.73~1.29 | (5→-4=1.29×1) (-8→-13=1.27×1) (-6→28=0.73×1) (-23→8=0.73×1) (-6→-23=1.26×1) |
| 314418 | 53 | 0.98 | 2 | 0.73~1.29 | (5→-4=1.29×1) (-8→-13=1.27×1) (-6→28=0.73×1) (-23→8=0.73×1) (-6→-23=1.26×1) |
| 314429 | 54 | 0.93 | 2 | 0.71~1.29 | (5→-4=1.29×1) (5→24=0.71×1) (-8→-13=1.27×1) (-6→28=0.73×1) (-23→8=0.73×1) |
| 314439 | 50 | 0.84 | 1 | 0.71~1.30 | (-22→-27=1.30×1) (5→24=0.71×1) (-6→28=0.73×1) (-6→-23=1.26×1) (12→-27=0.75×1) |
| 314449 | 56 | 1.04 | 1 | 0.71~1.30 | (-22→-27=1.30×1) (-1→31=1.30×1) (-6→28=0.73×1) (5→24=0.73×3) (-6→-23=1.26×1) |
| 314460 | 53 | 1.04 | 1 | 0.71~1.30 | (-22→-27=1.30×1) (-1→31=1.30×1) (5→24=0.73×3) (-6→-23=1.26×1) (12→-27=0.75×1) |
| 314470 | 52 | 0.87 | 1 | 0.71~1.30 | (-22→-27=1.30×1) (-3→-12=1.29×1) (5→24=0.72×2) (-6→-23=1.26×1) (12→-27=0.75×1) |
| 314480 | 50 | 0.88 | 1 | 0.71~1.30 | (-22→-27=1.30×1) (-3→-12=1.29×1) (5→24=0.72×2) (-6→-23=1.26×1) (12→-27=0.75×1) |
| 314491 | 50 | 0.88 | 1 | 0.71~1.30 | (-22→-27=1.30×1) (-3→-12=1.29×1) (16→-29=1.29×1) (23→-22=0.72×1) (5→24=0.72×2) |
| 314501 | 50 | 0.72 | 1 | 0.71~1.30 | (-22→-27=1.30×1) (-3→-12=1.29×1) (5→24=0.71×1) (16→-29=1.29×1) (23→-22=0.72×1) |
| 314511 | 50 | 0.68 | 1 | 0.71~1.30 | (-22→-27=1.30×1) (-3→-12=1.29×1) (5→24=0.71×1) (16→-29=1.29×1) (23→-22=0.72×1) |
| 314522 | 52 | 0.73 | 1 | 0.71~1.30 | (-22→-27=1.30×1) (-3→-12=1.29×1) (5→24=0.71×1) (16→-29=1.29×1) (23→-22=0.72×1) |
| 314532 | 54 | 0.76 | 1 | 0.71~1.30 | (-22→-27=1.30×1) (-3→-12=1.29×1) (5→24=0.71×1) (16→-29=1.29×1) (23→-22=0.72×1) |
| 314542 | 53 | 0.72 | 1 | 0.71~1.29 | (5→24=0.71×1) (16→-29=1.29×1) (23→-22=0.72×1) (22→22=0.73×1) (16→1=0.75×1) |
| 314553 | 56 | 0.75 | 1 | 0.71~1.29 | (5→24=0.71×1) (16→-29=1.29×1) (23→-22=0.72×1) (22→22=0.73×1) (16→1=0.75×1) |
| 314563 | 55 | 0.71 | 1 | 0.71~1.29 | (5→24=0.71×1) (16→-29=1.29×1) (4→-29=1.28×1) (23→-22=0.72×1) (22→22=0.73×1) |
| 314573 | 58 | 0.86 | 1 | 0.71~1.29 | (5→24=0.71×1) (16→-29=1.29×1) (4→-29=1.28×1) (23→-22=0.72×1) (22→22=0.73×1) |
| 314584 | 56 | 0.86 | 1 | 0.71~1.29 | (5→24=0.71×1) (16→-29=1.29×1) (4→-29=1.28×1) (23→-22=0.72×1) (22→22=0.73×1) |
| 314594 | 55 | 0.87 | 1 | 0.71~1.28 | (5→24=0.71×1) (4→-29=1.28×1) (3→-21=1.27×1) (16→1=0.76×2) (-16→-24=1.24×1) |
| 314604 | 55 | 0.75 | 1 | 0.71~1.28 | (5→24=0.71×1) (4→-29=1.28×1) (3→-21=1.27×1) (16→1=0.76×2) (7→24=0.76×1) |
| 314615 | 56 | 0.84 | 1 | 0.75~1.28 | (4→-29=1.28×1) (3→-21=1.27×1) (20→-12=1.27×1) (16→1=0.76×2) (7→24=0.76×1) |
| 314625 | 55 | 0.82 | 1 | 0.75~1.28 | (4→-29=1.28×1) (3→-21=1.27×1) (20→-12=1.27×1) (16→1=0.76×2) (7→24=0.76×1) |
| 314635 | 53 | 0.83 | 1 | 0.75~1.28 | (4→-29=1.28×1) (3→-21=1.27×1) (20→-12=1.27×1) (19→8=1.26×1) (16→1=0.76×2) |
| 314646 | 51 | 0.82 | 1 | 0.75~1.28 | (4→-29=1.28×1) (3→-21=1.27×1) (20→-12=1.27×1) (4→7=1.26×1) (19→8=1.26×1) |
| 314656 | 50 | 0.64 | 1 | 0.75~1.27 | (3→-21=1.27×1) (20→-12=1.27×1) (4→7=1.26×1) (19→8=1.26×1) (16→1=0.76×2) |
| 314666 | 53 | 0.70 | 1 | 0.75~1.29 | (21→-10=1.29×1) (-24→20=1.28×1) (3→-21=1.27×1) (20→-12=1.27×1) (-2→28=1.26×1) |
| 314677 | 50 | 0.48 | 1 | 0.75~1.29 | (21→-10=1.29×1) (-24→20=1.28×1) (20→-12=1.27×1) (-2→28=1.26×1) (19→8=1.26×1) |
| 314687 | 52 | 0.38 | 1 | 0.75~1.27 | (20→-12=1.27×1) (8→13=0.75×1) (16→1=0.75×1) (7→24=0.76×1) (-24→6=0.77×2) |
| 314697 | 55 | 0.47 | 1 | 0.75~1.30 | (20→-12=1.28×2) (8→13=0.75×1) (16→1=0.75×1) (7→24=0.76×1) (-24→6=0.77×2) |
| 314708 | 55 | 0.49 | 1 | 0.75~1.29 | (-2→-9=1.29×1) (20→-12=1.27×1) (-7→2=1.26×1) (8→13=0.75×1) (16→1=0.75×1) |
| 314718 | 55 | 0.53 | 1 | 0.75~1.29 | (-2→-9=1.29×1) (20→-12=1.27×1) (-7→2=1.26×1) (8→13=0.75×1) (16→1=0.75×1) |
| 314728 | 54 | 0.54 | 1 | 0.75~1.29 | (-2→-9=1.29×1) (-7→2=1.26×1) (8→13=0.75×1) (16→1=0.75×1) (7→24=0.76×1) |
| 314739 | 51 | 0.43 | 1 | 0.75~1.20 | (8→13=0.75×1) (16→1=0.75×1) (7→24=0.76×1) (-24→6=0.77×2) (18→-13=0.78×1) |
| 314749 | 50 | 0.48 | 1 | 0.75~1.20 | (8→13=0.75×1) (14→19=0.75×1) (16→1=0.75×1) (7→24=0.76×1) (-24→6=0.76×1) |
| 314759 | 53 | 0.55 | 1 | 0.74~1.20 | (-2→27=0.74×1) (8→13=0.75×1) (14→19=0.75×1) (16→1=0.75×1) (-24→6=0.76×1) |
| 314770 | 52 | 0.56 | 1 | 0.74~1.20 | (-2→27=0.74×1) (-5→-15=0.75×1) (14→19=0.75×1) (16→1=0.75×1) (-24→6=0.76×1) |
| 314780 | 55 | 0.65 | 1 | 0.74~1.29 | (7→19=1.29×1) (-2→27=0.74×1) (-5→-15=0.75×1) (14→19=0.75×1) (16→1=0.75×1) |
| 314790 | 53 | 0.72 | 1 | 0.74~1.29 | (7→19=1.29×1) (11→-16=1.26×1) (-2→27=0.74×1) (-9→-21=0.74×1) (-5→-15=0.75×1) |
| 314801 | 49 | 0.78 | 1 | 0.74~1.29 | (7→19=1.29×1) (-7→14=1.28×1) (11→-16=1.26×1) (-9→-21=0.74×1) (-5→-15=0.75×1) |
| 314811 | 50 | 0.68 | 1 | 0.74~1.29 | (7→19=1.29×1) (-7→14=1.28×1) (11→-16=1.26×1) (-9→-21=0.74×1) (-5→-15=0.75×1) |
| 314821 | 51 | 0.73 | 2 | 0.73~1.29 | (7→19=1.29×1) (-3→-11=0.73×1) (-2→16=1.27×1) (11→-16=1.26×1) (-5→-15=0.75×1) |
| 314832 | 50 | 0.58 | 1 | 0.74~1.26 | (11→-16=1.26×1) (-9→-21=0.74×1) (-5→-15=0.75×1) (14→19=0.75×1) (-15→27=1.25×1) |
| 314842 | 51 | 0.61 | 1 | 0.74~1.26 | (11→-16=1.26×1) (-9→-21=0.74×1) (-5→-15=0.75×1) (14→19=0.75×1) (-15→27=1.25×1) |
| 314852 | 50 | 0.68 | 1 | 0.74~1.27 | (17→21=1.27×1) (11→-16=1.26×1) (-9→-21=0.74×1) (-5→-15=0.75×1) (14→19=0.75×1) |
| 314863 | 50 | 1.12 | 2 | 0.74~1.28 | (-7→-16=1.28×2) (17→21=1.27×1) (11→-16=1.26×1) (-9→-21=0.74×1) (-5→-15=0.75×1) |
| 314873 | 51 | 1.08 | 2 | 0.75~1.28 | (-7→-16=1.28×2) (17→21=1.27×1) (11→-16=1.26×1) (-5→-15=0.75×1) (14→19=0.75×1) |
| 314883 | 52 | 1.04 | 2 | 0.73~1.28 | (-7→-16=1.28×2) (1→-23=0.73×1) (17→21=1.27×1) (11→-16=1.26×1) (-5→-15=0.75×1) |
| 314894 | 52 | 0.79 | 2 | 0.75~1.28 | (-7→-16=1.28×1) (-17→9=1.27×1) (17→21=1.27×1) (11→-16=1.26×1) (-5→-15=0.75×1) |
| 314904 | 52 | 0.58 | 1 | 0.75~1.28 | (-14→-4=1.28×1) (-17→9=1.27×1) (17→21=1.27×1) (-5→-15=0.75×1) (6→-3=0.75×1) |
| 314914 | 51 | 0.55 | 1 | 0.75~1.28 | (-14→-4=1.28×1) (-17→9=1.27×1) (17→21=1.27×1) (-5→-15=0.75×1) (6→-3=0.75×1) |
| 314925 | 56 | 0.71 | 1 | 0.70~1.28 | (3→-2=0.70×1) (-14→-4=1.28×2) (1→-31=1.28×1) (-17→9=1.27×1) (17→21=1.27×1) |
| 314935 | 56 | 0.71 | 1 | 0.70~1.28 | (3→-2=0.70×1) (-14→-4=1.28×2) (1→-31=1.28×1) (-17→9=1.27×1) (17→21=1.27×1) |
| 314945 | 57 | 0.81 | 1 | 0.70~1.28 | (3→-2=0.70×1) (-14→-4=1.28×2) (1→-31=1.28×1) (-17→9=1.27×1) (17→21=1.27×1) |
| 314956 | 58 | 0.79 | 1 | 0.70~1.28 | (3→-2=0.70×1) (-14→-4=1.28×2) (1→-31=1.28×1) (-17→9=1.27×1) (17→21=1.27×1) |
| 314966 | 60 | 0.98 | 1 | 0.70~1.32 | (3→-2=0.70×1) (20→27=0.71×1) (-13→26=0.71×1) (-9→19=0.72×1) (-14→-4=1.28×2) |
| 314976 | 54 | 0.98 | 1 | 0.71~1.32 | (20→27=0.71×1) (-13→26=0.71×1) (-9→19=0.72×1) (-14→-4=1.28×2) (-17→9=1.27×1) |
| 314987 | 54 | 1.00 | 1 | 0.71~1.32 | (2→-27=0.71×1) (-13→26=0.71×1) (-9→19=0.72×1) (-14→-4=1.28×2) (-17→9=1.27×1) |
| 314997 | 53 | 0.96 | 1 | 0.71~1.32 | (2→-27=0.71×1) (-13→26=0.71×1) (-9→19=0.72×1) (-14→-4=1.28×2) (-17→9=1.27×1) |
| 315007 | 54 | 1.04 | 2 | 0.71~1.32 | (-13→26=0.71×1) (-14→-4=1.28×1) (-5→14=0.72×1) (-9→19=0.72×1) (12→21=1.28×1) |
| 315018 | 51 | 0.76 | 1 | 0.72~1.27 | (-5→14=0.72×1) (-9→19=0.72×1) (-17→9=1.27×1) (-7→-27=0.73×1) (-11→23=0.73×1) |
| 315028 | 52 | 0.75 | 1 | 0.72~1.29 | (-20→-8=1.29×1) (-5→14=0.72×1) (-9→19=0.72×1) (-17→9=1.27×1) (-7→-27=0.73×1) |
| 315038 | 51 | 0.78 | 1 | 0.72~1.29 | (-20→-8=1.29×1) (-5→14=0.72×1) (-9→19=0.72×1) (-12→-19=0.72×1) (-17→9=1.27×1) |
| 315049 | 51 | 0.78 | 1 | 0.72~1.29 | (-20→-8=1.29×1) (-5→14=0.72×1) (-1→3=0.72×1) (-9→19=0.72×1) (-12→-19=0.72×1) |
| 315059 | 52 | 0.65 | 1 | 0.72~1.29 | (17→21=1.29×1) (-20→-8=1.29×1) (-5→14=0.72×1) (-1→3=0.72×1) (-9→19=0.72×1) |
| 315069 | 55 | 0.84 | 2 | 0.72~1.29 | (17→21=1.29×1) (-20→-8=1.29×1) (-5→14=0.72×1) (-1→3=0.72×1) (-12→-19=0.72×1) |
| 315080 | 55 | 0.84 | 2 | 0.72~1.29 | (17→21=1.29×1) (-20→-8=1.29×1) (-5→14=0.72×1) (-1→3=0.72×1) (-12→-19=0.72×1) |
| 315090 | 55 | 0.82 | 2 | 0.72~1.29 | (17→21=1.29×1) (-20→-8=1.29×1) (-5→14=0.72×1) (-1→3=0.72×1) (-7→-8=0.72×1) |
| 315100 | 54 | 0.81 | 2 | 0.72~1.29 | (17→21=1.29×1) (-20→-8=1.29×1) (-5→14=0.72×1) (-7→-8=0.72×1) (-12→-19=0.72×1) |
| 315111 | 55 | 0.80 | 2 | 0.72~1.29 | (17→21=1.29×1) (-20→-8=1.29×1) (-5→14=0.72×1) (-7→-8=0.72×1) (-12→-19=0.72×1) |
| 315121 | 56 | 0.93 | 2 | 0.64~1.29 | (-5→14=0.68×2) (17→21=1.29×1) (-20→-8=1.29×1) (-19→-15=1.29×1) (-7→-8=0.72×1) |
| 315131 | 56 | 0.86 | 2 | 0.64~1.29 | (-5→14=0.68×2) (-19→-15=1.29×1) (-7→-8=0.72×1) (-3→-22=0.73×1) (-15→4=1.27×1) |
| 315142 | 57 | 0.67 | 1 | 0.64~1.29 | (-5→14=0.68×2) (-19→-15=1.29×1) (-7→-8=0.72×1) (-3→-22=0.73×1) (-15→4=1.27×1) |
| 315152 | 57 | 0.67 | 1 | 0.64~1.29 | (-5→14=0.68×2) (-19→-15=1.29×1) (-7→-8=0.72×1) (-3→-22=0.73×1) (-1→8=0.73×1) |
| 315162 | 54 | 0.61 | 1 | 0.64~1.29 | (-5→14=0.68×2) (-19→-15=1.29×1) (-1→8=0.73×1) (-15→4=1.27×1) (-7→-27=0.74×2) |
| 315173 | 52 | 0.73 | 1 | 0.64~1.29 | (-5→14=0.68×2) (-19→-15=1.29×1) (-1→8=0.73×1) (-15→4=1.27×1) (-7→-27=0.74×2) |
| 315183 | 52 | 0.67 | 1 | 0.64~1.27 | (-5→14=0.68×2) (-1→8=0.73×1) (-15→4=1.27×1) (-7→-27=0.74×2) (6→-17=0.76×2) |
| 315193 | 53 | 0.75 | 1 | 0.64~1.27 | (-5→14=0.68×2) (-1→8=0.73×1) (-15→4=1.27×1) (-7→-27=0.74×2) (6→-17=0.76×3) |
| 315204 | 50 | 0.74 | 1 | 0.64~1.27 | (-5→14=0.68×2) (-1→8=0.73×1) (-15→4=1.27×1) (-7→-27=0.74×2) (6→-17=0.76×3) |
| 315214 | 51 | 0.73 | 1 | 0.72~1.24 | (-5→14=0.72×1) (9→9=0.73×1) (-7→-27=0.73×1) (9→4=0.75×1) (6→-17=0.76×3) |
| 315224 | 50 | 0.74 | 1 | 0.72~1.24 | (-5→14=0.72×1) (9→9=0.73×1) (-7→-27=0.73×1) (9→4=0.75×1) (6→-17=0.76×3) |
| 315235 | 52 | 0.75 | 1 | 0.72~1.28 | (-5→14=0.72×1) (13→-22=1.28×1) (9→9=0.73×1) (-7→-27=0.73×1) (6→-17=0.76×2) |
| 315245 | 54 | 0.65 | 1 | 0.72~1.29 | (-5→14=0.72×1) (-7→-3=1.28×2) (13→-22=1.28×1) (-13→-23=0.73×1) (-7→-27=0.73×1) |
| 315255 | 56 | 0.86 | 2 | 0.65~1.29 | (-5→14=0.72×1) (-7→-3=1.28×2) (13→-22=1.28×1) (-6→-14=1.27×1) (-13→-23=0.73×2) |
| 315266 | 62 | 1.02 | 2 | 0.65~1.28 | (-5→14=0.72×1) (13→-22=1.28×1) (-7→-3=1.28×1) (-6→-14=1.27×1) (-13→-23=0.73×2) |
| 315276 | 61 | 1.08 | 2 | 0.65~1.28 | (-5→14=0.72×1) (13→-22=1.28×1) (-7→-3=1.28×1) (-6→-14=1.27×1) (-13→-23=0.73×2) |
| 315286 | 66 | 1.17 | 2 | 0.65~1.28 | (-5→14=0.72×1) (13→-22=1.28×1) (22→28=0.72×1) (-7→-3=1.28×1) (-6→-14=1.27×1) |
| 315297 | 65 | 1.15 | 2 | 0.65~1.28 | (-5→14=0.72×1) (13→-22=1.28×1) (22→28=0.72×1) (-7→-3=1.28×1) (-6→-14=1.27×1) |
| 315307 | 64 | 1.09 | 2 | 0.72~1.28 | (-5→14=0.72×1) (13→-22=1.28×1) (22→28=0.72×1) (-6→-14=1.27×1) (14→-28=1.27×1) |
| 315317 | 64 | 1.22 | 1 | 0.72~1.33 | (-5→14=0.72×1) (13→-22=1.28×1) (22→28=0.72×1) (-13→-23=0.73×1) (-21→-21=1.27×1) |
| 315328 | 62 | 1.16 | 1 | 0.72~1.33 | (-5→14=0.72×1) (13→-22=1.28×1) (22→28=0.72×1) (-13→-23=0.73×1) (-21→-21=1.27×1) |
| 315338 | 61 | 1.15 | 1 | 0.72~1.33 | (-5→14=0.72×1) (13→-22=1.28×1) (22→28=0.72×1) (-13→-23=0.73×1) (-21→-21=1.27×1) |
| 315348 | 58 | 1.07 | 1 | 0.72~1.33 | (-5→14=0.72×1) (13→-22=1.28×1) (22→28=0.72×1) (-21→-21=1.27×1) (14→-28=1.27×1) |
| 315359 | 54 | 1.00 | 1 | 0.72~1.33 | (-5→8=1.33×1) (-5→14=0.72×1) (-21→-21=1.27×1) (-7→-27=0.73×1) (24→-25=0.74×1) |
| 315369 | 51 | 0.71 | 1 | 0.74~1.27 | (-21→-21=1.27×1) (-21→-10=1.27×1) (24→-25=0.74×1) (-9→-23=1.24×1) (-16→-11=0.76×1) |
| 315379 | 51 | 0.88 | 1 | 0.72~1.27 | (-24→-26=0.72×2) (-21→-21=1.27×1) (-21→-10=1.27×1) (24→-25=0.74×1) (12→-25=1.25×1) |
| 315390 | 54 | 1.04 | 1 | 0.72~1.28 | (-5→-5=1.28×1) (-24→-26=0.72×2) (-21→-21=1.27×1) (-21→-10=1.26×2) (24→-25=0.74×1) |
| 315400 | 55 | 1.04 | 1 | 0.72~1.28 | (-5→-5=1.28×1) (-24→-26=0.72×2) (-21→-21=1.27×1) (-21→-10=1.26×2) (24→-25=0.74×1) |
| 315410 | 55 | 0.96 | 1 | 0.72~1.28 | (-5→-5=1.28×1) (-24→-26=0.72×2) (-21→-21=1.27×1) (-21→-10=1.26×2) (24→-25=0.74×1) |
| 315421 | 50 | 0.80 | 1 | 0.72~1.29 | (14→3=1.29×1) (-24→-26=0.72×1) (-5→-5=1.28×1) (-21→-10=1.26×2) (-5→-8=0.74×1) |
| 315431 | 50 | 0.86 | 1 | 0.72~1.29 | (14→3=1.29×1) (-24→-26=0.72×1) (-5→-5=1.28×1) (-21→-10=1.26×2) (-5→-8=0.74×1) |
| 315441 | 49 | 0.59 | 1 | 0.74~1.29 | (14→3=1.29×1) (-5→-5=1.28×1) (-21→-10=1.26×2) (21→20=0.74×1) (24→13=1.24×1) |
| 315452 | 51 | 0.63 | 1 | 0.74~1.29 | (14→3=1.29×1) (-5→-5=1.28×1) (-21→-10=1.26×2) (21→20=0.74×1) (-16→29=0.75×1) |
| 315462 | 54 | 0.70 | 1 | 0.70~1.29 | (-7→-15=0.70×1) (14→3=1.29×1) (-5→-5=1.28×1) (-21→-10=1.26×2) (21→20=0.74×1) |
| 315472 | 53 | 0.85 | 1 | 0.70~1.29 | (-7→-15=0.70×1) (14→3=1.29×1) (-5→-5=1.28×1) (-21→-10=1.26×2) (21→20=0.74×1) |
| 315483 | 55 | 0.96 | 1 | 0.70~1.29 | (-7→-15=0.70×1) (14→3=1.29×1) (-5→-5=1.28×1) (10→-22=0.73×1) (-21→-10=1.26×1) |
| 315493 | 51 | 0.88 | 1 | 0.70~1.28 | (-7→-15=0.70×1) (-5→-5=1.28×1) (10→-22=0.73×1) (-21→-10=1.26×1) (-16→29=0.75×1) |
| 315503 | 52 | 0.90 | 1 | 0.70~1.28 | (-7→-15=0.70×1) (-5→-5=1.28×1) (10→-22=0.73×1) (-21→-10=1.26×1) (-16→29=0.75×1) |
| 315514 | 52 | 0.87 | 1 | 0.70~1.28 | (-7→-15=0.70×1) (2→-26=0.72×1) (-5→-5=1.28×1) (-21→-10=1.26×1) (-16→29=0.75×1) |
| 315524 | 51 | 0.84 | 1 | 0.70~1.25 | (-7→-15=0.70×1) (2→-26=0.72×1) (-16→29=0.75×1) (20→-31=0.75×1) (-21→-7=0.76×1) |
| 315534 | 50 | 0.60 | 1 | 0.72~1.25 | (2→-26=0.72×1) (-16→29=0.75×1) (-21→-7=0.76×1) (23→-27=0.76×1) (6→2=1.23×1) |
| 315545 | 53 | 0.64 | 1 | 0.72~1.27 | (2→-26=0.72×1) (6→12=1.27×1) (-12→25=1.25×1) (-21→-7=0.76×1) (23→-27=0.76×1) |
| 315555 | 53 | 0.66 | 1 | 0.71~1.27 | (16→-20=0.71×1) (2→-26=0.72×1) (11→16=0.72×1) (6→12=1.27×1) (-10→24=1.25×1) |
| 315565 | 51 | 0.67 | 1 | 0.71~1.29 | (16→-20=0.71×1) (-1→2=1.29×1) (2→-26=0.72×1) (11→16=0.72×1) (6→12=1.27×1) |
| 315576 | 53 | 0.70 | 1 | 0.71~1.29 | (16→-20=0.71×1) (-1→2=1.29×1) (2→-26=0.72×1) (11→16=0.72×1) (6→12=1.27×1) |
| 315586 | 54 | 0.67 | 1 | 0.71~1.29 | (16→-20=0.71×1) (-1→2=1.29×1) (2→-26=0.72×1) (11→16=0.72×1) (6→12=1.27×1) |
| 315596 | 52 | 0.75 | 1 | 0.71~1.29 | (16→-20=0.71×1) (-1→2=1.29×1) (4→30=1.29×1) (16→18=0.71×1) (2→-26=0.72×1) |
| 315607 | 52 | 0.71 | 1 | 0.71~1.29 | (16→-20=0.71×1) (-1→2=1.29×1) (4→30=1.29×1) (16→18=0.71×1) (2→-26=0.72×1) |
| 315617 | 50 | 0.70 | 1 | 0.71~1.29 | (16→-20=0.71×1) (-1→2=1.29×1) (4→30=1.29×1) (16→18=0.71×1) (2→-26=0.72×1) |
| 315627 | 50 | 0.70 | 1 | 0.71~1.29 | (16→-20=0.71×1) (-1→2=1.29×1) (4→30=1.29×1) (16→18=0.71×1) (2→-26=0.72×1) |
| 315638 | 53 | 0.92 | 2 | 0.71~1.29 | (16→-20=0.71×1) (-1→2=1.29×1) (4→30=1.29×1) (16→18=0.71×1) (2→-26=0.72×1) |
| 315648 | 53 | 1.00 | 2 | 0.71~1.29 | (16→-20=0.71×1) (-1→2=1.29×1) (4→30=1.29×1) (16→18=0.71×1) (11→16=0.72×1) |
| 315658 | 52 | 0.92 | 1 | 0.71~1.29 | (16→-20=0.71×1) (-1→2=1.29×1) (4→30=1.29×1) (16→18=0.71×1) (-8→4=1.28×1) |
| 315669 | 49 | 0.84 | 1 | 0.71~1.29 | (16→-20=0.71×1) (4→30=1.29×1) (16→18=0.71×1) (-8→4=1.28×1) (11→16=0.72×1) |
| 315679 | 50 | 0.76 | 1 | 0.71~1.29 | (16→-20=0.71×1) (4→30=1.29×1) (16→18=0.71×1) (-8→4=1.28×1) (11→16=0.72×1) |
| 315689 | 51 | 0.75 | 1 | 0.71~1.29 | (16→-20=0.71×1) (4→30=1.29×1) (16→18=0.71×1) (-8→4=1.28×1) (11→16=0.72×1) |
| 315700 | 52 | 0.81 | 1 | 0.71~1.29 | (16→-20=0.71×1) (4→30=1.29×1) (16→18=0.71×1) (-8→4=1.28×1) (11→16=0.72×1) |
| 315710 | 54 | 0.72 | 1 | 0.71~1.29 | (4→30=1.29×1) (16→18=0.71×1) (-1→3=1.29×1) (-8→4=1.28×1) (-15→13=1.28×1) |
| 315720 | 56 | 0.80 | 1 | 0.71~1.29 | (4→30=1.29×1) (16→18=0.71×1) (-1→3=1.29×1) (-8→4=1.28×1) (-15→13=1.28×1) |
| 315731 | 63 | 1.03 | 1 | 0.71~1.46 | (7→-9=1.33×3) (-18→-10=1.29×1) (4→30=1.29×1) (16→18=0.71×1) (-1→3=1.29×1) |
| 315741 | 63 | 1.00 | 1 | 0.71~1.46 | (7→-9=1.33×3) (-18→-10=1.29×1) (4→30=1.29×1) (16→18=0.71×1) (-1→3=1.29×1) |
| 315751 | 61 | 1.23 | 2 | 0.71~1.46 | (7→-9=1.37×2) (-18→-10=1.29×1) (4→30=1.29×1) (16→18=0.71×1) (-1→3=1.29×1) |
| 315762 | 53 | 0.91 | 1 | 0.71~1.29 | (-18→-10=1.29×1) (4→30=1.29×1) (16→18=0.71×1) (-1→3=1.29×1) (7→-9=1.28×1) |
| 315772 | 50 | 0.82 | 1 | 0.71~1.29 | (-18→-10=1.29×1) (4→30=1.29×1) (16→18=0.71×1) (-1→3=1.29×1) (7→-9=1.28×1) |
| 315782 | 50 | 0.78 | 1 | 0.71~1.29 | (4→30=1.29×1) (12→27=0.71×1) (16→18=0.71×1) (-1→3=1.29×1) (7→-9=1.28×1) |
| 315793 | 51 | 0.71 | 2 | 0.71~1.29 | (4→30=1.29×1) (16→18=0.71×1) (-1→3=1.29×1) (20→29=1.27×1) (8→19=1.27×1) |
| 315803 | 52 | 0.69 | 2 | 0.70~1.29 | (-1→3=1.29×1) (20→29=1.27×1) (8→20=1.27×1) (-19→-8=0.75×1) (-3→7=0.76×1) |
| 315813 | 53 | 0.72 | 2 | 0.70~1.29 | (-1→3=1.29×1) (20→29=1.27×1) (8→20=1.27×1) (-19→-8=0.75×1) (-3→7=0.76×1) |
| 315824 | 56 | 0.82 | 2 | 0.70~1.29 | (-1→3=1.29×1) (20→29=1.27×1) (8→20=1.27×1) (-19→-8=0.75×1) (-3→7=0.76×1) |
| 315834 | 55 | 0.73 | 2 | 0.75~1.29 | (-1→3=1.29×1) (20→29=1.27×1) (8→20=1.27×1) (-19→-8=0.75×1) (-3→7=0.76×1) |
| 315844 | 54 | 0.78 | 2 | 0.75~1.29 | (-1→3=1.29×1) (20→29=1.27×1) (8→20=1.27×1) (3→18=1.26×1) (-19→-8=0.75×1) |
| 315855 | 51 | 0.71 | 1 | 0.75~1.29 | (-1→3=1.29×1) (20→29=1.27×1) (8→20=1.27×1) (-12→-11=0.76×1) (-19→-29=1.22×1) |
| 315865 | 53 | 0.79 | 2 | 0.75~1.27 | (20→29=1.27×1) (-8→6=0.76×1) (-12→-11=0.76×1) (-20→-29=1.23×1) (-15→-8=1.20×2) |
| 315875 | 50 | 0.66 | 1 | 0.76~1.27 | (20→29=1.27×1) (-18→-23=1.24×1) (-12→-11=0.76×1) (-15→-8=1.20×1) (-6→-14=0.80×1) |
| 315886 | 53 | 0.70 | 1 | 0.76~1.27 | (20→29=1.27×1) (-18→-23=1.24×1) (-12→-11=0.76×1) (-15→-8=1.20×1) (-6→-14=0.80×1) |
| 315896 | 53 | 0.64 | 1 | 0.71~1.24 | (14→-23=0.71×1) (-18→-23=1.24×1) (-12→-11=0.76×1) (-15→-8=1.20×1) (-6→-14=0.80×1) |
| 315906 | 51 | 0.86 | 2 | 0.71~1.26 | (14→-23=0.71×1) (-17→-2=0.74×1) (17→15=1.25×2) (-18→-23=1.24×1) (-12→-11=0.76×1) |
| 315917 | 51 | 0.96 | 2 | 0.71~1.26 | (14→-23=0.71×1) (-17→-2=0.74×1) (17→15=1.25×2) (-18→-23=1.24×1) (-12→-11=0.76×1) |
| 315927 | 52 | 0.92 | 2 | 0.71~1.25 | (14→-23=0.71×1) (-17→-2=0.74×1) (-17→-22=1.25×1) (17→15=1.25×1) (-18→-23=1.24×1) |
| 315937 | 50 | 0.72 | 2 | 0.71~1.25 | (14→-23=0.71×1) (-17→-2=0.74×1) (-17→-22=1.25×1) (17→15=1.25×1) (-18→-23=1.24×1) |
| 315948 | 56 | 0.57 | 1 | 0.71~1.25 | (14→-23=0.71×1) (-17→-22=1.25×1) (-4→6=1.24×1) (18→-18=1.24×1) (-2→13=0.78×1) |
| 315958 | 54 | 0.63 | 1 | 0.71~1.25 | (14→-23=0.71×1) (-17→-22=1.25×1) (-4→6=1.24×1) (18→-18=1.24×1) (-2→13=0.78×1) |
| 315968 | 56 | 0.71 | 1 | 0.71~1.25 | (14→-23=0.71×1) (8→12=0.72×1) (2→9=1.25×1) (-4→6=1.24×1) (18→-18=1.24×1) |
| 315979 | 58 | 0.71 | 1 | 0.71~1.25 | (14→-23=0.71×1) (8→12=0.72×1) (2→9=1.25×1) (-4→6=1.24×1) (18→-18=1.24×1) |
| 315989 | 57 | 0.67 | 1 | 0.71~1.25 | (14→-23=0.71×1) (8→12=0.72×1) (2→9=1.25×1) (-4→6=1.24×1) (18→-18=1.24×1) |
| 315999 | 58 | 0.64 | 1 | 0.71~1.25 | (14→-23=0.71×1) (8→12=0.72×1) (2→9=1.25×1) (-4→6=1.24×1) (18→-18=1.24×1) |
| 316010 | 56 | 0.62 | 1 | 0.72~1.25 | (8→12=0.72×1) (2→9=1.25×1) (-4→6=1.24×1) (18→-18=1.24×1) (-17→3=1.24×1) |
| 316020 | 56 | 0.95 | 2 | 0.72~1.30 | (15→-12=1.30×1) (8→12=0.72×1) (2→9=1.25×1) (-4→6=1.24×1) (18→-18=1.24×1) |
| 316030 | 54 | 0.72 | 1 | 0.75~1.25 | (-3→25=0.75×1) (2→9=1.25×1) (-4→6=1.24×1) (-17→3=1.24×1) (-6→29=1.21×1) |
| 316041 | 53 | 0.64 | 1 | 0.75~1.24 | (-3→25=0.75×1) (-4→6=1.24×1) (-6→29=1.21×1) (1→-6=1.20×1) (21→-21=1.19×1) |
| 316051 | 53 | 0.64 | 1 | 0.75~1.24 | (-3→25=0.75×1) (-4→6=1.24×1) (-6→29=1.21×1) (21→-21=1.19×1) (3→29=1.19×1) |
| 316061 | 50 | 0.58 | 1 | 0.75~1.24 | (-3→25=0.75×1) (-4→6=1.24×1) (20→-29=0.77×1) (21→-21=1.19×1) (3→29=1.19×1) |
| 316072 | 52 | 0.63 | 1 | 0.74~1.24 | (15→-17=0.74×1) (-3→25=0.76×1) (-4→6=1.24×1) (20→-29=0.77×1) (21→-21=1.19×1) |
| 316082 | 49 | 0.59 | 1 | 0.74~1.19 | (15→-17=0.74×1) (-3→25=0.76×1) (20→-29=0.77×1) (21→-21=1.19×1) (6→3=1.18×1) |
| 316092 | 50 | 0.36 | 1 | 0.74~1.18 | (15→-17=0.74×1) (-21→9=0.77×1) (6→3=1.18×1) (12→-16=0.83×1) (-4→-9=1.17×1) |
| 316103 | 50 | 0.36 | 1 | 0.74~1.18 | (15→-17=0.74×1) (-21→9=0.77×1) (6→3=1.18×1) (12→-16=0.83×1) (-4→-9=1.17×1) |
| 316113 | 52 | 0.40 | 1 | 0.74~1.18 | (15→-17=0.74×1) (-21→9=0.77×1) (6→3=1.18×1) (12→-16=0.83×1) (-4→-9=1.17×1) |
| 316123 | 52 | 0.54 | 1 | 0.71~1.18 | (10→13=0.71×1) (15→-17=0.74×1) (-21→9=0.77×1) (6→3=1.18×1) (11→19=1.17×1) |
| 316134 | 54 | 0.57 | 1 | 0.71~1.21 | (10→13=0.71×1) (20→-29=0.71×1) (15→-17=0.74×1) (-21→9=0.77×1) (14→14=1.21×1) |
| 316144 | 54 | 0.59 | 1 | 0.71~1.26 | (10→13=0.71×1) (20→-29=0.71×1) (24→-26=1.26×1) (15→-17=0.74×1) (-21→9=0.77×1) |
| 316154 | 52 | 0.58 | 1 | 0.71~1.26 | (10→13=0.71×1) (24→-26=1.26×1) (15→-17=0.74×1) (-21→9=0.77×1) (-11→-19=1.22×1) |
| 316165 | 56 | 0.62 | 1 | 0.71~1.26 | (10→13=0.71×1) (24→-26=1.26×1) (15→-17=0.74×1) (-11→2=0.75×1) (-13→17=1.24×1) |
| 316175 | 56 | 0.57 | 1 | 0.71~1.26 | (10→13=0.71×1) (24→-26=1.26×1) (15→-17=0.74×1) (-11→2=0.75×1) (-13→17=1.24×1) |
| 316185 | 57 | 0.74 | 1 | 0.71~1.29 | (10→13=0.71×1) (5→-13=1.28×2) (10→19=0.73×1) (15→-17=0.74×1) (7→4=1.25×1) |
| 316196 | 53 | 0.60 | 1 | 0.71~1.29 | (10→13=0.71×1) (5→-13=1.28×2) (10→19=0.73×1) (15→-17=0.74×1) (7→4=1.25×1) |
| 316206 | 54 | 0.67 | 1 | 0.71~1.29 | (10→13=0.71×1) (5→-13=1.28×2) (10→19=0.73×1) (15→-17=0.74×1) (7→4=1.25×1) |
| 316216 | 52 | 0.63 | 1 | 0.70~1.29 | (-20→-13=0.70×1) (10→13=0.71×1) (5→-13=1.29×1) (2→-29=0.72×1) (10→19=0.73×1) |
| 316227 | 53 | 0.68 | 2 | 0.70~1.29 | (-20→-13=0.70×1) (24→17=1.29×1) (10→13=0.71×1) (2→-29=0.72×1) (10→19=0.73×1) |
| 316237 | 51 | 0.71 | 2 | 0.70~1.29 | (-20→-13=0.70×1) (24→17=1.29×1) (10→13=0.71×1) (2→-29=0.72×1) (-4→-2=0.72×1) |
| 316247 | 51 | 0.61 | 1 | 0.70~1.29 | (-20→-13=0.70×1) (24→17=1.29×1) (10→13=0.71×1) (13→-26=1.29×1) (2→-29=0.72×1) |
| 316258 | 54 | 0.67 | 1 | 0.70~1.29 | (-20→-13=0.70×1) (24→17=1.29×1) (10→13=0.71×1) (13→-26=1.29×1) (2→-29=0.72×1) |
| 316268 | 52 | 0.58 | 1 | 0.72~1.29 | (24→17=1.29×1) (13→-26=1.29×1) (-4→-2=0.72×1) (18→-24=1.28×1) (6→-12=1.25×1) |
| 316278 | 54 | 0.70 | 1 | 0.69~1.29 | (24→17=1.29×1) (13→-26=1.29×1) (-4→-2=0.72×1) (18→-24=1.28×1) (1→18=0.75×2) |
| 316289 | 50 | 0.74 | 1 | 0.69~1.29 | (24→17=1.29×1) (13→-26=1.29×1) (-4→-2=0.72×1) (18→-24=1.28×1) (1→18=0.75×2) |
| 316299 | 51 | 0.78 | 1 | 0.69~1.29 | (24→17=1.29×1) (13→-26=1.29×1) (22→20=0.72×1) (18→-24=1.28×1) (1→18=0.75×2) |
| 316309 | 54 | 0.85 | 1 | 0.69~1.29 | (24→17=1.29×1) (13→-26=1.29×1) (22→20=0.72×1) (18→-24=1.28×1) (1→18=0.75×2) |
| 316320 | 55 | 0.87 | 1 | 0.69~1.29 | (24→17=1.29×1) (13→-26=1.29×1) (22→20=0.72×1) (18→-24=1.28×1) (1→18=0.75×2) |
| 316330 | 52 | 0.85 | 1 | 0.72~1.29 | (24→17=1.29×1) (13→-26=1.29×1) (22→20=0.72×1) (18→-24=1.28×1) (-22→21=0.76×1) |
| 316340 | 53 | 0.79 | 1 | 0.72~1.29 | (13→-26=1.29×1) (22→20=0.72×1) (18→-24=1.28×1) (-22→21=0.76×1) (22→27=1.23×1) |
| 316351 | 52 | 0.83 | 1 | 0.72~1.29 | (13→-26=1.29×1) (22→20=0.72×1) (18→-24=1.28×1) (-22→21=0.76×1) (22→27=1.23×1) |
| 316361 | 51 | 0.73 | 1 | 0.72~1.28 | (22→20=0.72×1) (18→-24=1.28×1) (-22→21=0.76×1) (22→27=1.23×1) (-10→-10=0.79×1) |
| 316371 | 49 | 0.67 | 1 | 0.72~1.23 | (22→20=0.72×1) (22→27=1.23×1) (-2→-5=0.79×1) (16→10=1.20×1) (1→-4=0.80×1) |
| 316382 | 51 | 0.73 | 1 | 0.72~1.27 | (22→20=0.72×1) (-23→21=1.27×1) (22→27=1.23×1) (-14→17=1.22×1) (-2→-5=0.79×1) |
| 316392 | 50 | 0.78 | 1 | 0.72~1.27 | (22→20=0.72×1) (-23→21=1.27×1) (22→27=1.23×1) (-14→17=1.22×1) (-2→-5=0.79×1) |
| 316402 | 53 | 0.85 | 1 | 0.72~1.27 | (22→20=0.72×1) (-23→21=1.27×1) (22→27=1.23×1) (-14→17=1.22×1) (-2→-5=0.79×1) |
| 316413 | 51 | 0.84 | 1 | 0.79~1.27 | (-23→21=1.27×1) (-14→17=1.22×1) (-2→-5=0.79×1) (16→10=1.20×1) (-3→-11=1.20×1) |
| 316423 | 50 | 0.72 | 1 | 0.79~1.27 | (-23→21=1.27×1) (-14→17=1.22×1) (-2→-5=0.79×1) (16→10=1.20×1) (-3→-11=1.20×1) |
| 316433 | 54 | 0.78 | 1 | 0.80~1.27 | (-23→21=1.27×1) (-14→17=1.22×1) (16→10=1.20×1) (-3→-11=1.20×1) (22→-20=0.80×1) |
| 316444 | 52 | 0.81 | 1 | 0.80~1.27 | (-23→21=1.27×1) (-14→17=1.22×1) (16→10=1.20×1) (-3→-11=1.20×1) (22→-20=0.80×1) |
| 316454 | 52 | 0.87 | 1 | 0.80~1.27 | (-23→21=1.27×1) (-14→17=1.22×1) (16→10=1.20×1) (-3→-11=1.20×1) (22→-20=0.80×1) |
| 316464 | 54 | 1.02 | 1 | 0.71~1.30 | (20→30=1.29×2) (22→-27=0.72×2) (-23→21=1.27×1) (16→13=0.74×1) (-14→17=1.22×1) |
| 316475 | 50 | 0.96 | 1 | 0.71~1.30 | (20→30=1.29×2) (22→-27=0.72×2) (-23→21=1.27×1) (16→13=0.74×1) (-14→17=1.22×1) |
| 316485 | 51 | 0.98 | 1 | 0.71~1.30 | (20→30=1.29×2) (22→-27=0.72×2) (-17→26=0.72×1) (-23→21=1.27×1) (16→13=0.74×1) |
| 316495 | 52 | 1.04 | 1 | 0.71~1.30 | (20→30=1.29×2) (22→-27=0.72×2) (-17→26=0.72×1) (-23→21=1.27×1) (16→13=0.74×1) |
| 316506 | 50 | 0.84 | 1 | 0.71~1.30 | (20→30=1.29×2) (22→-27=0.72×2) (-17→26=0.72×1) (-23→21=1.27×1) (16→13=0.74×1) |
| 316516 | 51 | 0.65 | 1 | 0.71~1.30 | (20→30=1.29×2) (22→-27=0.72×2) (-17→26=0.72×1) (-4→3=0.74×1) (-5→21=1.25×1) |
| 316526 | 51 | 0.75 | 1 | 0.63~1.30 | (-4→11=0.69×2) (20→30=1.29×2) (22→-27=0.72×2) (-17→26=0.72×1) (-4→3=0.74×1) |
| 316537 | 54 | 0.93 | 1 | 0.71~1.30 | (20→30=1.29×2) (22→-27=0.72×2) (-17→26=0.72×1) (-16→-19=1.27×1) (-4→3=0.74×1) |
| 316547 | 51 | 0.80 | 1 | 0.71~1.30 | (20→30=1.30×1) (22→-27=0.71×1) (-17→26=0.72×1) (-16→-19=1.27×1) (-4→3=0.74×1) |
| 316557 | 52 | 0.71 | 1 | 0.71~1.30 | (20→30=1.30×1) (22→-27=0.71×1) (5→11=1.28×1) (-17→26=0.72×1) (-16→-19=1.27×1) |
| 316568 | 54 | 0.67 | 1 | 0.72~1.28 | (5→11=1.28×1) (-17→26=0.72×1) (-16→-19=1.27×1) (-4→3=0.74×1) (-21→-22=1.26×1) |
| 316578 | 51 | 0.59 | 1 | 0.72~1.28 | (5→11=1.28×1) (-17→26=0.72×1) (-16→-19=1.27×1) (-4→3=0.74×1) (-21→-22=1.26×1) |
| 316588 | 52 | 0.73 | 1 | 0.72~1.28 | (5→11=1.28×1) (-17→26=0.72×1) (7→9=0.72×1) (-16→-19=1.27×1) (-4→3=0.74×1) |
| 316599 | 51 | 0.69 | 1 | 0.72~1.28 | (5→11=1.28×1) (7→9=0.72×1) (-16→-19=1.27×1) (-4→3=0.74×1) (-21→-22=1.26×1) |
| 316609 | 50 | 0.80 | 1 | 0.70~1.28 | (17→31=0.70×1) (5→11=1.28×1) (7→9=0.72×1) (-16→-19=1.27×1) (-21→-27=1.27×1) |
| 316619 | 51 | 0.76 | 1 | 0.70~1.28 | (17→31=0.70×1) (5→11=1.28×1) (-16→-19=1.27×1) (-21→-27=1.27×1) (-4→3=0.74×1) |
| 316630 | 50 | 0.66 | 1 | 0.76~1.28 | (5→11=1.28×1) (-16→-19=1.27×1) (-21→-22=1.26×1) (12→16=1.26×1) (-21→-3=1.25×1) |
| 316640 | 49 | 0.84 | 1 | 0.76~1.35 | (-22→-28=1.28×1) (-16→-19=1.27×1) (-21→-22=1.26×1) (12→16=1.26×1) (-21→-3=1.25×1) |
| 316650 | 50 | 1.04 | 2 | 0.76~1.35 | (-22→-28=1.28×1) (-16→-19=1.27×1) (-21→-22=1.26×1) (12→16=1.26×1) (-21→-3=1.25×1) |
| 316661 | 50 | 1.04 | 2 | 0.76~1.35 | (-22→-28=1.28×1) (-8→-6=0.76×1) (-6→7=0.78×1) (-2→-19=1.20×1) (23→30=0.80×1) |
| 316671 | 50 | 1.00 | 2 | 0.76~1.35 | (-22→-28=1.28×1) (-8→-6=0.76×1) (-2→-19=1.20×1) (23→30=0.80×1) (5→-6=0.81×1) |
| 316681 | 51 | 1.08 | 2 | 0.72~1.35 | (-22→-28=1.28×1) (-13→-23=0.72×1) (-18→20=1.25×1) (19→25=1.24×1) (-8→-6=0.76×1) |
| 316692 | 50 | 0.94 | 2 | 0.72~1.29 | (17→-15=1.29×1) (-13→-23=0.72×1) (-13→26=0.73×1) (-18→20=1.25×1) (19→25=1.24×1) |
| 316702 | 52 | 0.81 | 2 | 0.72~1.29 | (17→-15=1.29×1) (-13→-23=0.72×1) (-13→26=0.73×1) (-18→20=1.25×1) (19→25=1.24×1) |
| 316712 | 51 | 0.65 | 2 | 0.73~1.29 | (17→-15=1.29×1) (-13→26=0.73×1) (-18→20=1.25×1) (7→-2=1.24×1) (20→7=1.21×1) |
| 316723 | 54 | 0.85 | 2 | 0.73~1.29 | (17→-15=1.29×2) (-13→26=0.73×2) (17→20=0.73×1) (24→-16=0.74×1) (-18→20=1.25×1) |
| 316733 | 55 | 0.84 | 2 | 0.73~1.29 | (17→-15=1.29×2) (-13→26=0.73×2) (17→20=0.73×1) (24→-16=0.74×1) (-18→20=1.25×1) |
| 316743 | 53 | 0.75 | 2 | 0.73~1.29 | (17→-15=1.29×2) (-13→26=0.73×2) (17→20=0.73×1) (24→-16=0.74×1) (20→7=1.21×1) |
| 316754 | 54 | 0.85 | 2 | 0.73~1.29 | (17→-15=1.29×2) (-13→26=0.73×2) (17→20=0.73×1) (24→-16=0.74×1) (-9→-22=1.26×1) |
| 316764 | 56 | 1.00 | 2 | 0.73~1.29 | (17→-15=1.29×2) (18→-5=1.28×1) (-13→26=0.73×2) (17→20=0.73×1) (24→-16=0.74×1) |
| 316774 | 57 | 1.04 | 2 | 0.73~1.29 | (17→-15=1.29×2) (18→-5=1.28×1) (-13→26=0.73×2) (17→20=0.73×1) (24→-16=0.74×1) |
| 316785 | 55 | 0.96 | 2 | 0.73~1.29 | (17→-15=1.29×1) (18→-5=1.28×1) (-13→26=0.73×1) (17→20=0.73×1) (-9→-22=1.26×1) |
| 316795 | 52 | 0.77 | 1 | 0.73~1.29 | (17→-15=1.29×1) (18→-5=1.28×1) (-13→26=0.73×1) (17→20=0.73×1) (-9→-22=1.26×1) |
| 316805 | 53 | 0.66 | 1 | 0.73~1.26 | (17→20=0.73×1) (-9→-22=1.26×1) (-13→18=1.25×1) (-1→-3=0.77×1) (-15→20=1.21×1) |
| 316816 | 50 | 0.58 | 1 | 0.73~1.27 | (19→-2=1.27×1) (17→20=0.73×1) (-13→18=1.25×1) (-1→-3=0.77×1) (-15→20=1.21×1) |
| 316826 | 55 | 0.76 | 2 | 0.73~1.27 | (19→-2=1.27×1) (17→20=0.73×1) (-20→-28=1.26×1) (-22→20=0.75×2) (-13→18=1.25×1) |
| 316836 | 55 | 1.04 | 2 | 0.71~1.27 | (-11→17=0.71×1) (3→2=0.71×1) (19→-2=1.27×1) (-2→-4=1.27×1) (17→20=0.73×1) |
| 316847 | 66 | 1.47 | 2 | 0.71~1.27 | (-11→17=0.71×1) (3→2=0.71×1) (-10→-24=0.72×1) (-16→-19=0.73×1) (19→-2=1.27×1) |
| 316857 | 68 | 1.54 | 2 | 0.71~1.27 | (-11→17=0.71×1) (3→2=0.71×1) (-10→-24=0.72×1) (-16→-19=0.73×1) (19→-2=1.27×1) |
| 316867 | 68 | 1.24 | 1 | 0.72~1.27 | (-10→-24=0.72×1) (-16→-19=0.73×1) (19→-2=1.27×1) (16→-6=0.74×1) (-20→-28=1.26×1) |
| 316878 | 65 | 1.31 | 1 | 0.72~1.27 | (-13→-11=0.72×1) (-10→-24=0.72×1) (-16→-19=0.73×1) (19→-2=1.27×1) (16→-6=0.74×1) |
| 316888 | 65 | 1.29 | 1 | 0.72~1.27 | (-13→-11=0.72×1) (-10→-24=0.72×1) (-16→-19=0.73×1) (19→-2=1.27×1) (16→-6=0.74×1) |
| 316898 | 64 | 1.19 | 1 | 0.72~1.27 | (-13→-11=0.72×1) (-16→-19=0.73×1) (16→-6=0.74×1) (-20→-28=1.26×1) (-13→-31=1.26×2) |
| 316909 | 66 | 1.20 | 1 | 0.71~1.29 | (-11→-18=0.71×1) (20→-5=1.29×1) (-13→-11=0.72×1) (-16→-19=0.73×1) (16→-6=0.74×1) |
| 316919 | 62 | 1.29 | 1 | 0.70~1.29 | (-23→21=0.70×1) (-11→-18=0.71×1) (20→-5=1.29×1) (-13→-11=0.72×1) (-16→-19=0.73×1) |
| 316929 | 53 | 1.30 | 1 | 0.70~1.29 | (-23→21=0.70×1) (-11→-18=0.71×1) (20→-5=1.29×1) (-16→-19=0.73×1) (16→-6=0.74×1) |
| 316940 | 52 | 1.33 | 1 | 0.70~1.29 | (-23→21=0.70×1) (-10→17=0.71×1) (-11→-18=0.71×1) (20→-5=1.29×1) (-16→-19=0.73×1) |
| 316950 | 49 | 1.14 | 1 | 0.71~1.29 | (-10→17=0.71×1) (-11→-18=0.71×1) (20→-5=1.29×1) (-16→-19=0.73×1) (16→-6=0.74×1) |
| 316960 | 53 | 1.42 | 1 | 0.71~1.29 | (-10→17=0.71×1) (-11→-18=0.71×1) (20→-5=1.29×1) (-16→-19=0.73×1) (-20→-28=1.26×1) |
| 316971 | 52 | 1.48 | 1 | 0.71~1.29 | (-11→-18=0.71×1) (20→-5=1.29×1) (16→-22=1.29×1) (-16→-19=0.73×1) (-4→-1=0.73×3) |
| 316981 | 50 | 1.32 | 1 | 0.71~1.29 | (-11→-18=0.71×1) (20→-5=1.29×1) (16→-22=1.29×1) (-16→-19=0.73×1) (-4→-1=0.73×3) |
| 316991 | 54 | 1.41 | 1 | 0.68~1.41 | (-11→-18=0.71×1) (-6→26=1.29×5) (20→-5=1.29×1) (18→1=0.72×1) (-4→-1=0.72×5) |
| 317002 | 52 | 1.25 | 1 | 0.68~1.41 | (18→1=0.72×1) (-4→-1=0.73×6) (-6→26=1.27×6) (6→21=1.26×1) (-20→-21=1.24×1) |
| 317012 | 50 | 0.88 | 1 | 0.72~1.41 | (18→1=0.72×1) (-6→26=1.27×3) (-4→-1=0.74×3) (-17→-8=0.75×1) (-7→-15=0.76×1) |
| 317022 | 53 | 0.92 | 1 | 0.72~1.25 | (18→1=0.72×1) (24→22=0.72×1) (1→-29=0.74×1) (-4→-1=0.75×3) (-13→4=1.25×1) |
| 317033 | 50 | 0.92 | 1 | 0.72~1.25 | (18→1=0.72×1) (24→22=0.72×1) (4→-12=0.72×1) (-20→4=0.73×1) (1→-29=0.74×1) |
| 317043 | 53 | 1.13 | 2 | 0.71~1.37 | (-14→9=0.71×1) (18→1=0.72×1) (4→-12=0.72×1) (24→22=0.72×2) (-20→4=0.73×1) |
| 317053 | 52 | 1.10 | 2 | 0.71~1.37 | (-14→9=0.71×1) (18→1=0.72×1) (4→-12=0.72×1) (24→22=0.72×2) (6→-13=1.28×1) |
| 317064 | 51 | 0.67 | 1 | 0.72~1.28 | (18→1=0.72×1) (4→-12=0.72×1) (6→-13=1.28×1) (-7→-24=0.73×1) (-20→4=0.73×1) |
| 317074 | 53 | 0.68 | 1 | 0.72~1.28 | (18→1=0.72×1) (4→-12=0.72×1) (6→-13=1.28×1) (-7→-24=0.73×1) (-20→4=0.73×1) |
| 317084 | 56 | 0.91 | 1 | 0.72~1.28 | (4→-12=0.72×1) (6→-13=1.28×1) (-7→-24=0.73×1) (-20→4=0.73×1) (-4→-1=0.74×1) |
| 317095 | 56 | 0.89 | 1 | 0.72~1.28 | (4→-12=0.72×1) (6→-13=1.28×1) (-7→-24=0.73×1) (-20→4=0.73×1) (-4→-1=0.74×1) |
| 317105 | 56 | 0.80 | 1 | 0.71~1.28 | (11→-5=0.71×1) (4→-12=0.72×1) (6→-13=1.28×1) (-7→-24=0.73×1) (-20→4=0.73×1) |
| 317115 | 55 | 0.78 | 1 | 0.71~1.28 | (11→-5=0.71×1) (10→16=0.71×1) (-22→16=0.72×1) (4→-12=0.72×1) (6→-13=1.28×1) |
| 317126 | 53 | 0.64 | 1 | 0.71~1.28 | (11→-5=0.71×1) (-22→16=0.72×1) (4→-12=0.72×1) (6→-13=1.28×1) (-7→-24=0.73×1) |
| 317136 | 51 | 0.59 | 1 | 0.71~1.27 | (11→-5=0.71×1) (-22→16=0.72×1) (4→-12=0.72×1) (3→-31=1.27×1) (16→13=0.75×1) |
| 317146 | 51 | 0.59 | 1 | 0.71~1.27 | (11→-5=0.71×1) (-22→16=0.72×1) (3→-31=1.27×1) (16→13=0.75×1) (-13→4=1.25×1) |
| 317157 | 54 | 0.67 | 1 | 0.71~1.29 | (11→-5=0.71×1) (-22→16=0.72×1) (3→-31=1.27×1) (16→13=0.75×1) (-18→-10=0.77×1) |
| 317167 | 54 | 0.67 | 1 | 0.71~1.29 | (11→-5=0.71×1) (-9→16=1.29×2) (-22→16=0.72×1) (-18→-10=0.77×1) (22→-26=1.23×1) |
| 317177 | 55 | 0.71 | 1 | 0.72~1.29 | (-9→16=1.29×2) (-22→16=0.72×1) (-6→4=1.24×1) (-18→-16=1.23×1) (-22→30=0.78×1) |
| 317188 | 52 | 0.73 | 1 | 0.74~1.28 | (-9→16=1.28×1) (4→-7=0.74×1) (-20→28=1.24×1) (-6→4=1.24×1) (-18→-16=1.23×1) |
| 317198 | 50 | 0.68 | 1 | 0.74~1.24 | (4→-7=0.74×1) (-20→28=1.24×1) (-6→4=1.24×1) (-18→-16=1.23×1) (-22→30=0.78×1) |
| 317208 | 50 | 0.50 | 1 | 0.74~1.24 | (4→-7=0.74×1) (-20→28=1.24×1) (-18→-16=1.23×1) (-22→30=0.78×1) (-17→-12=1.22×1) |
| 317219 | 50 | 0.60 | 1 | 0.73~1.29 | (19→-31=1.29×1) (5→19=0.73×1) (4→-7=0.74×1) (-1→10=0.76×1) (-22→30=0.78×1) |
| 317229 | 52 | 0.81 | 1 | 0.71~1.29 | (16→-5=0.71×1) (19→-31=1.29×1) (5→19=0.73×1) (4→-7=0.74×1) (-1→10=0.76×1) |
| 317239 | 50 | 0.90 | 1 | 0.70~1.29 | (2→7=0.70×1) (16→-5=0.71×1) (19→-31=1.29×1) (5→19=0.73×1) (4→-7=0.74×1) |
| 317250 | 52 | 1.02 | 1 | 0.70~1.29 | (2→7=0.70×2) (16→-5=0.71×1) (19→-31=1.29×1) (16→4=0.71×1) (-23→-7=1.28×1) |
| 317260 | 51 | 1.10 | 1 | 0.70~1.29 | (2→7=0.70×2) (16→-5=0.71×1) (19→-31=1.29×1) (16→4=0.71×1) (-23→-7=1.28×1) |
| 317270 | 50 | 0.80 | 1 | 0.70~1.29 | (2→7=0.70×1) (19→-31=1.29×1) (16→4=0.71×1) (-23→-7=1.28×1) (5→19=0.73×1) |
| 317281 | 50 | 0.92 | 1 | 0.70~1.28 | (2→7=0.70×1) (16→4=0.71×2) (-23→-7=1.28×1) (13→19=0.74×1) (-1→10=0.76×1) |
| 317291 | 51 | 0.84 | 1 | 0.70~1.28 | (2→7=0.70×1) (16→4=0.71×2) (-23→5=1.28×1) (-23→-7=1.28×1) (-16→29=1.27×1) |
| 317301 | 51 | 0.96 | 1 | 0.72~1.28 | (-2→-28=1.28×1) (-23→5=1.28×1) (16→4=0.72×1) (16→-15=0.72×1) (-23→-7=1.27×2) |
| 317312 | 49 | 1.10 | 1 | 0.72~1.28 | (-2→-28=1.28×1) (-23→5=1.28×1) (16→-15=0.72×1) (-16→29=1.27×1) (-23→-7=1.27×3) |
| 317322 | 52 | 1.02 | 1 | 0.71~1.28 | (-20→4=0.71×1) (-2→-28=1.28×1) (16→-15=0.72×1) (-16→29=1.27×1) (-23→-7=1.27×3) |
| 317332 | 52 | 0.88 | 1 | 0.71~1.28 | (-20→4=0.71×1) (-2→-28=1.28×1) (16→-15=0.72×1) (-23→-7=1.27×2) (-16→29=1.27×1) |
| 317343 | 52 | 0.94 | 1 | 0.71~1.29 | (-20→-24=1.29×1) (-20→4=0.71×1) (-2→-28=1.28×1) (16→-15=0.72×1) (-23→-7=1.27×2) |
| 317353 | 53 | 0.94 | 1 | 0.71~1.29 | (-20→-24=1.29×1) (-20→4=0.71×1) (-2→-28=1.28×1) (-23→-7=1.27×2) (-16→29=1.27×1) |
| 317363 | 54 | 1.00 | 2 | 0.71~1.29 | (-20→4=0.71×1) (-20→-24=1.28×2) (-23→-7=1.27×2) (-16→29=1.27×1) (17→-27=0.74×1) |
| 317374 | 55 | 1.09 | 2 | 0.71~1.29 | (-20→4=0.71×1) (-20→-24=1.28×2) (-23→-7=1.27×2) (-16→29=1.27×1) (17→-27=0.74×1) |
| 317384 | 53 | 0.94 | 2 | 0.70~1.29 | (-24→5=0.70×1) (-20→4=0.71×1) (-20→-24=1.28×2) (-23→-7=1.28×1) (-16→29=1.27×1) |
| 317394 | 51 | 0.82 | 1 | 0.70~1.28 | (-24→5=0.70×1) (-20→4=0.71×1) (-23→-7=1.28×1) (-16→29=1.27×1) (17→-27=0.74×1) |
| 317405 | 53 | 0.94 | 1 | 0.70~1.28 | (-24→5=0.70×1) (-20→4=0.71×1) (-23→-7=1.28×1) (-16→29=1.27×1) (4→29=0.73×1) |
| 317415 | 51 | 0.92 | 1 | 0.70~1.28 | (-24→5=0.70×1) (-20→4=0.71×1) (-23→-7=1.28×1) (-16→29=1.27×1) (4→29=0.73×1) |
| 317425 | 53 | 0.83 | 1 | 0.70~1.28 | (-24→5=0.70×1) (-20→4=0.71×1) (-23→-7=1.28×1) (4→29=0.73×1) (17→-27=0.74×1) |
| 317436 | 53 | 0.85 | 1 | 0.70~1.28 | (-24→5=0.70×1) (-20→4=0.71×1) (-23→-7=1.28×1) (4→29=0.73×1) (17→-27=0.74×1) |
| 317446 | 55 | 1.05 | 1 | 0.70~1.25 | (-24→5=0.70×1) (-20→4=0.71×1) (4→29=0.73×1) (17→-27=0.74×1) (-3→18=0.74×1) |
| 317456 | 51 | 0.78 | 1 | 0.70~1.25 | (-24→5=0.70×1) (-20→4=0.71×1) (17→-27=0.74×1) (8→-31=1.25×1) (20→31=1.25×1) |
| 317467 | 51 | 0.80 | 1 | 0.70~1.30 | (-24→5=0.70×1) (6→12=1.30×1) (17→-27=0.74×1) (8→-31=1.25×1) (20→31=1.25×1) |
| 317477 | 53 | 0.74 | 1 | 0.70~1.30 | (-24→5=0.70×1) (6→12=1.30×1) (-22→7=0.72×1) (17→-27=0.74×1) (8→-31=1.25×1) |
| 317487 | 52 | 0.60 | 2 | 0.70~1.30 | (-24→5=0.70×1) (6→12=1.30×1) (-22→7=0.72×1) (17→-27=0.74×1) (20→31=1.25×1) |
| 317498 | 50 | 0.52 | 2 | 0.72~1.30 | (6→12=1.30×1) (-21→-12=0.72×1) (17→-27=0.74×1) (24→24=1.26×1) (14→-5=1.25×1) |
| 317508 | 56 | 0.71 | 2 | 0.72~1.30 | (6→12=1.30×1) (-21→-12=0.72×1) (17→-27=0.74×1) (24→24=1.26×1) (14→-5=1.25×1) |
| 317518 | 53 | 0.70 | 1 | 0.74~1.30 | (-17→30=1.30×1) (6→12=1.30×1) (17→-27=0.74×1) (14→-5=1.25×1) (20→31=1.25×1) |
| 317529 | 51 | 0.51 | 1 | 0.75~1.30 | (-17→30=1.30×1) (6→12=1.30×1) (14→-5=1.25×1) (3→-29=0.75×1) (-17→-8=0.75×1) |
| 317539 | 50 | 0.52 | 1 | 0.72~1.30 | (-17→30=1.30×1) (-5→-16=0.72×1) (14→-5=1.25×1) (3→-29=0.75×1) (-17→-8=0.75×1) |
| 317549 | 49 | 0.63 | 1 | 0.72~1.30 | (21→-5=1.30×1) (-17→30=1.30×1) (-5→-16=0.72×1) (1→-15=0.74×1) (14→-5=1.25×1) |
| 317560 | 49 | 0.63 | 1 | 0.72~1.30 | (21→-5=1.30×1) (-17→30=1.30×1) (-5→-16=0.72×1) (18→11=0.72×1) (1→-15=0.74×1) |
| 317570 | 55 | 0.67 | 1 | 0.72~1.30 | (21→-5=1.30×1) (-17→30=1.30×1) (19→-10=1.29×1) (-5→-16=0.72×1) (18→11=0.72×1) |
| 317580 | 54 | 0.70 | 1 | 0.72~1.30 | (21→-5=1.30×1) (-17→30=1.30×1) (19→-10=1.29×1) (-5→-16=0.72×1) (18→11=0.72×1) |
| 317591 | 56 | 0.77 | 1 | 0.72~1.30 | (21→-5=1.30×1) (-17→30=1.30×1) (19→-10=1.29×1) (2→22=1.29×1) (-5→-16=0.72×1) |
| 317601 | 56 | 0.75 | 1 | 0.72~1.30 | (21→-5=1.30×1) (19→-10=1.29×1) (2→22=1.29×1) (-5→-16=0.72×1) (18→11=0.72×1) |
| 317611 | 59 | 0.83 | 1 | 0.72~1.30 | (21→-5=1.30×1) (19→-10=1.29×1) (2→22=1.29×1) (-17→-11=1.29×1) (-5→-16=0.72×1) |
| 317622 | 57 | 0.91 | 1 | 0.72~1.30 | (21→-5=1.30×1) (19→-10=1.29×1) (2→22=1.29×1) (-17→-11=1.29×1) (-5→-16=0.72×1) |
| 317632 | 58 | 0.91 | 1 | 0.71~1.30 | (21→-5=1.30×1) (19→-10=1.29×1) (2→22=1.29×1) (-17→-11=1.29×1) (-6→-5=0.71×1) |
| 317642 | 56 | 1.00 | 1 | 0.71~1.30 | (21→-5=1.30×1) (19→-10=1.29×1) (2→22=1.29×1) (-6→-5=0.71×1) (15→-3=1.27×1) |
| 317653 | 54 | 0.93 | 1 | 0.71~1.30 | (21→-5=1.30×1) (19→-10=1.29×1) (-6→-5=0.71×1) (-8→5=0.72×1) (15→-3=1.27×1) |
| 317663 | 55 | 1.00 | 1 | 0.72~1.30 | (21→-5=1.30×1) (19→-10=1.29×1) (-8→5=0.72×1) (1→-15=0.74×1) (-17→-8=0.75×1) |
| 317673 | 53 | 1.13 | 1 | 0.72~1.30 | (21→-5=1.30×1) (19→-10=1.29×1) (-8→5=0.72×1) (1→-15=0.74×1) (16→24=0.74×1) |
| 317684 | 54 | 1.00 | 1 | 0.72~1.30 | (21→-5=1.30×1) (19→-10=1.29×1) (-5→-3=1.28×1) (-6→25=0.72×1) (1→-15=0.74×1) |
| 317694 | 51 | 0.92 | 1 | 0.72~1.30 | (21→-5=1.30×1) (19→-10=1.29×1) (-5→-3=1.28×1) (-6→25=0.72×1) (1→-15=0.74×1) |
| 317704 | 50 | 0.98 | 1 | 0.72~1.30 | (21→-5=1.30×1) (19→-10=1.29×1) (-5→-3=1.28×1) (-6→25=0.72×1) (1→-15=0.74×1) |
| 317715 | 51 | 0.94 | 1 | 0.72~1.29 | (19→-10=1.29×1) (-6→25=0.72×1) (-3→-23=0.74×1) (-21→7=1.24×2) (20→-25=0.78×1) |
| 317725 | 50 | 1.02 | 1 | 0.72~1.30 | (-15→3=1.30×1) (-6→25=0.72×1) (-3→-23=0.74×1) (-1→16=0.75×1) (-21→7=1.24×2) |
| 317735 | 56 | 1.21 | 1 | 0.72~1.35 | (-15→3=1.30×1) (15→-9=1.29×1) (-6→25=0.72×1) (17→12=1.27×2) (-3→-23=0.74×1) |
| 317746 | 51 | 1.29 | 1 | 0.72~1.35 | (-15→3=1.30×1) (15→-9=1.29×1) (-6→25=0.72×1) (17→12=1.27×2) (-3→-23=0.74×1) |
| 317756 | 53 | 1.25 | 1 | 0.74~1.35 | (12→-6=1.30×1) (-15→3=1.30×1) (15→-9=1.29×1) (13→-5=1.28×1) (17→12=1.27×2) |
| 317766 | 55 | 1.31 | 1 | 0.74~1.35 | (12→-6=1.30×1) (-15→3=1.30×1) (13→-5=1.28×1) (17→12=1.27×2) (-3→-23=0.74×1) |
| 317777 | 52 | 1.15 | 1 | 0.74~1.30 | (-15→3=1.30×1) (-20→27=0.75×1) (1→-25=1.24×1) (-21→7=1.24×1) (-14→28=0.76×3) |
| 317787 | 53 | 0.98 | 1 | 0.74~1.30 | (-15→3=1.30×1) (7→31=1.26×1) (-14→28=0.75×3) (-20→27=0.75×1) (1→-25=1.24×1) |
| 317797 | 50 | 0.86 | 1 | 0.71~1.30 | (-15→3=1.30×1) (-14→8=0.71×1) (7→31=1.26×1) (16→6=0.74×1) (-14→28=0.75×3) |
| 317808 | 52 | 0.88 | 1 | 0.71~1.30 | (-15→3=1.30×1) (-14→8=0.71×1) (6→16=0.71×1) (7→31=1.26×1) (-18→2=0.75×1) |
| 317818 | 52 | 1.08 | 1 | 0.71~1.30 | (-15→3=1.30×1) (-14→8=0.71×1) (6→16=0.71×1) (17→-24=1.27×1) (-19→15=1.27×1) |
| 317828 | 53 | 0.98 | 2 | 0.71~1.37 | (-15→3=1.30×1) (6→16=0.71×1) (7→31=1.26×1) (-18→2=0.75×1) (-14→28=0.75×3) |
| 317839 | 53 | 0.89 | 1 | 0.71~1.30 | (-15→3=1.30×1) (6→16=0.71×1) (7→31=1.26×1) (-18→2=0.75×1) (-14→28=0.75×3) |
| 317849 | 50 | 0.78 | 1 | 0.71~1.30 | (-15→3=1.30×1) (6→16=0.71×1) (7→31=1.26×1) (-18→2=0.75×1) (-14→28=0.75×3) |
| 317859 | 51 | 0.82 | 1 | 0.71~1.30 | (-15→3=1.30×1) (6→16=0.71×1) (-4→-29=1.28×1) (-5→-3=0.73×1) (7→31=1.26×1) |
| 317870 | 52 | 0.85 | 1 | 0.71~1.30 | (-15→3=1.30×1) (6→16=0.71×1) (6→-29=1.29×1) (-4→-29=1.28×1) (-5→-3=0.73×1) |
| 317880 | 53 | 0.89 | 1 | 0.71~1.30 | (-15→3=1.30×1) (6→16=0.71×1) (6→-29=1.29×1) (-4→-29=1.28×1) (-5→-3=0.73×1) |
| 317890 | 56 | 1.09 | 1 | 0.71~1.30 | (-15→3=1.30×1) (16→8=1.29×1) (6→16=0.71×1) (6→-29=1.28×2) (2→23=0.72×1) |
| 317901 | 55 | 1.31 | 1 | 0.71~1.30 | (-15→3=1.30×1) (16→8=1.29×1) (6→16=0.71×1) (6→-29=1.28×2) (-4→-29=1.28×1) |
| 317911 | 54 | 1.19 | 1 | 0.71~1.30 | (-15→3=1.30×1) (16→8=1.29×1) (6→16=0.71×1) (6→-29=1.28×2) (-4→-29=1.28×1) |
| 317921 | 56 | 1.04 | 1 | 0.71~1.30 | (-15→3=1.30×1) (16→8=1.29×1) (6→16=0.71×1) (6→-29=1.28×2) (-4→-29=1.28×1) |
| 317932 | 55 | 0.84 | 1 | 0.71~1.29 | (16→8=1.29×1) (6→16=0.71×1) (6→-29=1.28×2) (22→-9=1.28×1) (-4→-29=1.28×1) |
| 317942 | 58 | 0.90 | 1 | 0.71~1.29 | (16→8=1.29×1) (6→16=0.71×1) (6→-29=1.28×2) (22→-9=1.28×1) (-4→-29=1.28×1) |
| 317952 | 60 | 0.97 | 1 | 0.71~1.29 | (16→8=1.29×1) (6→16=0.71×1) (6→-29=1.28×2) (22→-9=1.28×1) (-4→-29=1.28×1) |
| 317963 | 53 | 1.02 | 1 | 0.71~1.29 | (16→8=1.29×1) (6→16=0.71×1) (6→-29=1.28×2) (22→-9=1.28×1) (-4→-29=1.28×1) |
| 317973 | 51 | 0.98 | 1 | 0.71~1.29 | (6→16=0.71×1) (6→-29=1.29×1) (22→-9=1.28×1) (-4→-29=1.28×1) (-5→-3=0.73×1) |
| 317983 | 51 | 0.94 | 1 | 0.73~1.29 | (6→-29=1.29×1) (22→-9=1.28×1) (-3→-31=1.28×1) (-4→-29=1.28×1) (-5→-3=0.73×1) |
| 317994 | 52 | 0.81 | 1 | 0.75~1.29 | (6→-29=1.29×1) (22→-9=1.28×1) (-2→3=1.28×1) (-3→-31=1.28×1) (-13→11=1.25×1) |
| 318004 | 55 | 0.76 | 1 | 0.71~1.29 | (-6→-13=0.71×1) (-7→19=0.71×1) (6→-29=1.29×1) (-2→3=1.28×1) (-3→-31=1.28×1) |
| 318014 | 57 | 0.86 | 1 | 0.71~1.29 | (-6→-13=0.71×1) (-7→19=0.71×1) (6→-29=1.29×1) (-18→27=0.72×1) (-2→3=1.28×1) |
| 318025 | 56 | 0.96 | 1 | 0.71~1.29 | (-6→-13=0.71×1) (-3→11=0.71×1) (-7→19=0.71×1) (7→-23=1.29×1) (6→-29=1.29×1) |
| 318035 | 55 | 0.95 | 1 | 0.71~1.29 | (-6→-13=0.71×1) (-3→11=0.71×1) (-7→19=0.71×1) (7→-23=1.29×1) (6→-29=1.29×1) |
| 318045 | 59 | 1.20 | 1 | 0.71~1.29 | (-6→-13=0.71×1) (-3→11=0.71×1) (-7→19=0.71×1) (7→-23=1.29×1) (6→-29=1.29×1) |
| 318056 | 58 | 1.17 | 1 | 0.71~1.29 | (-3→11=0.71×1) (-7→19=0.71×1) (7→-23=1.29×1) (6→-29=1.29×1) (-2→3=1.28×1) |
| 318066 | 59 | 1.36 | 2 | 0.71~1.29 | (-3→11=0.71×1) (7→-23=1.29×1) (6→-29=1.29×1) (-16→16=1.29×1) (20→-25=1.28×1) |
| 318076 | 59 | 1.25 | 2 | 0.72~1.29 | (6→-29=1.29×1) (-16→16=1.29×1) (20→-25=1.28×1) (-2→3=1.28×1) (-3→-31=1.28×1) |
| 318087 | 51 | 0.90 | 2 | 0.73~1.28 | (20→-25=1.28×1) (-2→3=1.28×1) (-3→-31=1.28×1) (-8→30=1.27×1) (-18→23=0.73×1) |
| 318097 | 52 | 0.73 | 1 | 0.73~1.28 | (-2→3=1.28×1) (-3→-31=1.28×1) (-8→30=1.27×1) (-18→23=0.73×1) (10→8=1.25×1) |
| 318107 | 53 | 0.87 | 2 | 0.73~1.28 | (-2→3=1.28×1) (-3→-31=1.28×1) (-8→30=1.27×1) (-18→23=0.73×1) (10→8=1.25×1) |
| 318118 | 51 | 0.71 | 1 | 0.73~1.27 | (-8→30=1.27×1) (-18→23=0.73×1) (10→8=1.25×1) (17→-28=0.75×1) (-4→-13=1.24×1) |
| 318128 | 52 | 0.67 | 1 | 0.73~1.27 | (-8→30=1.27×1) (-18→23=0.73×1) (-4→-13=1.24×1) (19→25=0.76×1) (6→-19=1.24×1) |
| 318138 | 51 | 0.65 | 1 | 0.73~1.24 | (-18→23=0.73×1) (-23→-8=0.74×1) (-4→-13=1.24×1) (19→25=0.76×1) (6→-19=1.24×1) |
| 318149 | 51 | 0.59 | 1 | 0.73~1.24 | (-18→23=0.73×1) (-23→-8=0.74×1) (-4→-13=1.24×1) (19→25=0.76×1) (-16→25=1.24×1) |
| 318159 | 51 | 0.59 | 1 | 0.73~1.24 | (-18→23=0.73×1) (-23→-8=0.74×1) (-4→-13=1.24×1) (19→25=0.76×1) (-16→25=1.24×1) |
| 318169 | 50 | 0.54 | 1 | 0.73~1.24 | (-18→23=0.73×1) (-23→-8=0.74×1) (-4→-13=1.24×1) (19→25=0.76×1) (-16→25=1.24×1) |
| 318180 | 56 | 0.50 | 1 | 0.74~1.27 | (-18→12=1.27×1) (-23→-8=0.74×1) (3→-14=1.25×1) (19→25=0.76×1) (-20→21=1.24×1) |
| 318190 | 54 | 0.43 | 1 | 0.74~1.29 | (10→-7=1.29×1) (-23→-8=0.74×1) (3→-14=1.25×1) (-13→-3=0.76×1) (-20→-20=1.23×1) |
| 318200 | 52 | 0.50 | 1 | 0.74~1.29 | (17→-23=1.29×1) (10→-7=1.29×1) (-23→-8=0.74×1) (3→-14=1.25×1) (-13→-3=0.76×1) |
| 318211 | 54 | 0.46 | 1 | 0.74~1.29 | (17→-23=1.29×1) (10→-7=1.29×1) (-23→-8=0.74×1) (3→-14=1.25×1) (-13→-3=0.76×1) |
| 318221 | 53 | 0.51 | 1 | 0.74~1.29 | (17→-23=1.29×1) (10→-7=1.29×1) (-23→-8=0.74×1) (3→-14=1.25×1) (-13→-3=0.76×1) |
| 318231 | 54 | 0.52 | 1 | 0.74~1.29 | (17→-23=1.29×1) (-4→3=1.29×1) (10→-7=1.29×1) (-23→-8=0.74×1) (3→-14=1.25×1) |
| 318242 | 53 | 0.42 | 1 | 0.76~1.29 | (-4→3=1.29×1) (10→-7=1.29×1) (3→-14=1.25×1) (-13→-3=0.76×1) (-6→23=0.77×1) |
| 318252 | 50 | 0.38 | 1 | 0.77~1.29 | (-4→3=1.29×1) (10→-7=1.29×1) (3→-14=1.25×1) (-6→23=0.77×1) (-19→24=0.78×1) |
| 318262 | 52 | 0.46 | 1 | 0.71~1.29 | (3→14=0.71×1) (-4→3=1.29×1) (10→-7=1.29×1) (-11→-9=0.73×1) (4→-5=0.75×1) |
| 318273 | 50 | 0.46 | 1 | 0.71~1.29 | (3→14=0.71×1) (-4→3=1.29×1) (10→-7=1.29×1) (-11→-9=0.73×1) (4→-5=0.75×1) |
| 318283 | 50 | 0.62 | 1 | 0.71~1.29 | (3→14=0.71×1) (-4→3=1.29×1) (15→-6=1.29×1) (10→-7=1.29×1) (-11→-9=0.73×1) |
| 318293 | 53 | 0.58 | 1 | 0.71~1.29 | (3→14=0.71×1) (-4→3=1.29×1) (-14→10=1.29×1) (-11→-9=0.73×1) (4→-5=0.75×1) |
| 318304 | 55 | 0.67 | 1 | 0.71~1.29 | (3→14=0.71×1) (-4→3=1.29×1) (-14→10=1.29×1) (-11→-9=0.73×1) (4→-5=0.75×1) |
| 318314 | 55 | 0.85 | 1 | 0.71~1.29 | (3→14=0.71×1) (-4→3=1.29×1) (-7→29=0.71×1) (-14→10=1.29×2) (-11→-9=0.73×1) |
| 318324 | 55 | 0.87 | 1 | 0.71~1.29 | (3→14=0.71×1) (-4→3=1.29×1) (-7→29=0.71×1) (-14→10=1.29×2) (-11→-9=0.73×1) |
| 318335 | 55 | 0.82 | 1 | 0.71~1.29 | (3→14=0.71×1) (-4→3=1.29×1) (-7→29=0.71×1) (-14→10=1.29×2) (-11→-9=0.73×1) |
| 318345 | 60 | 0.97 | 1 | 0.71~1.30 | (5→-11=1.30×1) (3→14=0.71×1) (-4→3=1.29×1) (-7→29=0.71×1) (-14→10=1.29×2) |
| 318355 | 61 | 0.85 | 1 | 0.71~1.30 | (5→-11=1.30×1) (3→14=0.71×1) (-4→3=1.29×1) (-7→29=0.71×1) (-14→10=1.29×2) |
| 318366 | 61 | 0.89 | 1 | 0.71~1.30 | (5→-11=1.30×1) (3→14=0.71×1) (-4→3=1.29×1) (-7→29=0.71×1) (-14→10=1.29×2) |
| 318376 | 60 | 0.90 | 1 | 0.71~1.30 | (5→-11=1.30×1) (-4→3=1.29×1) (-7→29=0.71×1) (-14→10=1.29×2) (-11→-9=0.73×1) |
| 318386 | 63 | 0.95 | 2 | 0.73~1.30 | (5→-11=1.30×1) (-4→3=1.29×1) (-14→10=1.28×1) (-11→-9=0.73×1) (11→23=1.26×1) |
| 318397 | 64 | 0.92 | 2 | 0.73~1.30 | (5→-11=1.30×1) (-23→9=1.28×1) (-14→10=1.28×1) (-11→-9=0.73×1) (11→23=1.26×1) |
| 318407 | 63 | 0.98 | 2 | 0.72~1.30 | (5→-11=1.30×1) (-4→11=0.72×1) (-14→10=1.28×1) (-23→9=1.27×2) (-11→-9=0.73×1) |
| 318417 | 61 | 0.93 | 1 | 0.72~1.30 | (5→-11=1.30×1) (-14→30=1.30×1) (-4→11=0.72×1) (-23→9=1.28×1) (-14→10=1.28×1) |
| 318428 | 61 | 0.93 | 1 | 0.72~1.30 | (5→-11=1.30×1) (-14→30=1.30×1) (-4→11=0.72×1) (-23→9=1.28×1) (-14→10=1.28×1) |
| 318438 | 56 | 0.82 | 1 | 0.77~1.30 | (5→-11=1.30×1) (-14→30=1.30×1) (-23→9=1.28×1) (11→23=1.26×1) (5→2=1.26×1) |
| 318448 | 51 | 0.98 | 2 | 0.71~1.30 | (5→-11=1.30×1) (-8→-8=1.28×2) (-23→9=1.28×1) (7→11=0.72×3) (11→23=1.26×1) |
| 318459 | 51 | 0.88 | 2 | 0.71~1.30 | (5→-11=1.30×1) (-8→-8=1.29×1) (7→11=0.72×2) (-23→9=1.28×1) (11→23=1.26×1) |
| 318469 | 50 | 0.70 | 2 | 0.71~1.29 | (-8→-8=1.29×1) (7→11=0.72×2) (5→2=1.26×1) (12→-15=1.25×1) (20→-24=0.76×1) |
| 318479 | 51 | 0.75 | 2 | 0.71~1.29 | (-8→-8=1.29×1) (7→11=0.72×2) (12→-15=1.25×1) (-1→-31=1.23×1) (-9→21=0.79×1) |
| 318490 | 49 | 0.69 | 2 | 0.71~1.29 | (-8→-8=1.29×1) (7→11=0.72×2) (12→-15=1.25×1) (-1→-31=1.23×1) (-9→21=0.79×1) |
| 318500 | 53 | 0.60 | 1 | 0.71~1.25 | (7→11=0.71×1) (4→6=0.75×1) (12→-15=1.25×1) (-9→21=0.79×1) (5→19=1.21×1) |
| 318510 | 53 | 0.60 | 1 | 0.71~1.26 | (7→11=0.71×1) (-12→-16=1.26×1) (4→6=0.75×1) (12→-15=1.25×1) (-9→21=0.79×1) |
| 318521 | 51 | 0.47 | 1 | 0.72~1.26 | (-7→-30=0.72×1) (-12→-16=1.26×1) (4→6=0.75×1) (12→-15=1.25×1) (-14→-6=1.23×1) |
| 318531 | 51 | 0.59 | 1 | 0.72~1.26 | (-7→-30=0.72×1) (-12→-16=1.26×1) (17→3=0.75×1) (4→6=0.75×1) (12→-15=1.25×1) |
| 318541 | 52 | 0.69 | 1 | 0.72~1.26 | (-7→-30=0.72×1) (-12→-16=1.26×1) (17→3=0.75×1) (4→6=0.75×1) (12→-15=1.25×1) |
| 318552 | 51 | 0.73 | 1 | 0.72~1.26 | (-7→-30=0.72×1) (-12→-16=1.26×1) (17→3=0.75×1) (4→6=0.75×1) (12→-15=1.25×1) |
| 318562 | 51 | 0.63 | 1 | 0.72~1.26 | (-7→-30=0.72×1) (-12→-16=1.26×1) (17→3=0.75×1) (4→6=0.75×1) (22→-7=0.76×1) |
| 318572 | 51 | 0.59 | 1 | 0.72~1.26 | (-7→-30=0.72×1) (-12→-16=1.26×1) (17→3=0.75×1) (4→6=0.75×1) (22→-7=0.76×1) |
| 318583 | 50 | 0.50 | 1 | 0.75~1.26 | (-12→-16=1.26×1) (17→3=0.75×1) (4→6=0.75×1) (22→-7=0.76×1) (16→4=0.77×1) |
| 318593 | 50 | 0.46 | 1 | 0.75~1.28 | (-24→26=1.28×1) (-12→-16=1.26×1) (17→3=0.75×1) (4→6=0.75×1) (16→4=0.77×1) |
| 318603 | 53 | 0.62 | 1 | 0.72~1.28 | (-24→26=1.28×1) (-2→26=0.73×3) (3→-14=0.73×1) (-12→-16=1.26×1) (17→3=0.75×1) |
| 318614 | 53 | 0.60 | 1 | 0.71~1.28 | (21→-14=0.71×1) (-2→26=0.72×2) (-24→26=1.28×1) (-22→-12=1.27×1) (3→-14=0.74×2) |
| 318624 | 54 | 0.61 | 1 | 0.71~1.29 | (21→-14=0.71×1) (7→-7=1.29×1) (-2→26=0.72×2) (-24→26=1.28×1) (-22→-12=1.27×1) |
| 318634 | 54 | 0.70 | 1 | 0.71~1.29 | (21→-14=0.71×1) (7→-7=1.29×2) (-5→30=1.28×1) (-2→26=0.72×2) (-24→26=1.28×1) |
| 318645 | 54 | 0.72 | 1 | 0.72~1.29 | (6→12=1.29×1) (7→-7=1.29×2) (15→-8=0.72×1) (-2→26=0.72×2) (-24→26=1.28×1) |
| 318655 | 56 | 0.82 | 1 | 0.72~1.29 | (6→12=1.29×1) (7→-7=1.28×3) (15→-8=0.72×1) (-2→26=0.72×2) (-24→26=1.28×1) |
| 318665 | 54 | 0.76 | 1 | 0.72~1.29 | (6→12=1.29×1) (4→-28=0.72×1) (15→-8=0.72×1) (-2→26=0.72×2) (-24→26=1.28×1) |
| 318676 | 52 | 0.63 | 1 | 0.72~1.29 | (6→12=1.29×1) (-2→26=0.72×1) (4→-28=0.72×1) (-5→30=1.28×1) (15→-8=0.72×1) |
| 318686 | 51 | 0.59 | 1 | 0.72~1.29 | (6→12=1.29×1) (-2→26=0.72×1) (4→-28=0.72×1) (15→-8=0.72×1) (-24→26=1.28×1) |
| 318696 | 55 | 0.75 | 1 | 0.72~1.29 | (6→12=1.29×1) (-2→26=0.72×1) (4→-28=0.72×1) (15→-8=0.72×1) (-24→26=1.28×1) |
| 318707 | 52 | 0.65 | 1 | 0.72~1.28 | (-2→26=0.72×1) (4→-28=0.72×1) (-24→26=1.28×1) (17→-26=0.76×1) (16→4=0.77×1) |
| 318717 | 52 | 0.65 | 1 | 0.72~1.29 | (20→31=1.29×1) (4→-28=0.72×1) (17→-26=0.76×1) (16→4=0.77×1) (-2→-21=0.78×1) |
| 318727 | 51 | 0.61 | 1 | 0.77~1.29 | (20→31=1.29×1) (-2→-11=1.25×1) (16→4=0.77×1) (4→24=1.22×1) (-7→16=0.79×1) |
| 318738 | 53 | 0.83 | 2 | 0.74~1.29 | (20→31=1.29×1) (15→14=0.74×1) (4→6=0.75×1) (-2→-11=1.25×2) (-20→-5=0.75×1) |
| 318748 | 55 | 1.05 | 2 | 0.70~1.32 | (20→31=1.29×1) (-2→-11=1.27×3) (-19→-5=1.27×1) (-14→17=0.74×2) (15→14=0.74×1) |
| 318758 | 57 | 1.44 | 2 | 0.68~1.32 | (-22→26=0.69×2) (20→31=1.29×1) (-14→17=0.73×3) (-19→-5=1.27×1) (-2→-11=1.26×4) |
| 318769 | 51 | 0.76 | 1 | 0.68~1.29 | (-22→26=0.69×2) (20→31=1.29×1) (15→14=0.74×1) (4→6=0.75×1) (-24→6=0.76×1) |
| 318779 | 56 | 0.80 | 1 | 0.68~1.29 | (-22→26=0.69×2) (20→31=1.29×1) (-11→-11=0.73×1) (15→14=0.74×1) (4→6=0.75×1) |
| 318789 | 56 | 0.68 | 1 | 0.71~1.29 | (-22→26=0.71×1) (-9→23=1.29×1) (20→31=1.29×1) (-11→-11=0.73×1) (15→14=0.74×1) |
| 318800 | 52 | 0.58 | 1 | 0.73~1.29 | (-9→23=1.29×1) (-11→-11=0.73×1) (15→14=0.74×1) (-13→5=0.75×1) (4→6=0.75×1) |
| 318810 | 50 | 0.54 | 1 | 0.73~1.29 | (-9→23=1.29×1) (-11→-11=0.73×1) (15→14=0.74×1) (-13→5=0.75×1) (4→6=0.75×1) |
| 318820 | 50 | 0.34 | 1 | 0.74~1.29 | (-9→23=1.29×1) (15→14=0.74×1) (-13→5=0.75×1) (4→6=0.75×1) (10→-25=0.80×1) |
| 318831 | 51 | 0.39 | 1 | 0.72~1.29 | (-9→23=1.29×1) (-21→23=0.72×1) (15→14=0.74×1) (-15→-5=0.74×1) (-13→5=0.75×1) |
| 318841 | 50 | 0.36 | 1 | 0.72~1.29 | (-9→23=1.29×1) (-21→23=0.72×1) (-15→-5=0.74×1) (16→29=1.24×1) (17→-24=0.81×1) |
| 318851 | 50 | 0.48 | 1 | 0.71~1.29 | (-9→23=1.29×1) (12→-23=0.71×1) (2→3=0.72×1) (-21→23=0.72×1) (-15→-5=0.74×1) |
| 318862 | 51 | 0.51 | 1 | 0.71~1.29 | (-9→23=1.29×1) (12→-23=0.71×1) (2→3=0.72×1) (-21→23=0.72×1) (-15→-5=0.74×1) |
| 318872 | 51 | 0.59 | 1 | 0.71~1.29 | (-9→23=1.29×1) (12→-23=0.71×1) (2→3=0.72×1) (-21→23=0.72×1) (-23→7=0.75×2) |
| 318882 | 51 | 0.65 | 1 | 0.71~1.29 | (-9→23=1.29×1) (12→-23=0.71×1) (2→3=0.72×1) (-21→23=0.72×1) (-23→7=0.75×2) |
| 318893 | 52 | 0.73 | 1 | 0.64~1.28 | (12→-23=0.67×2) (21→31=1.28×1) (-21→23=0.72×1) (2→3=0.72×2) (7→-22=1.27×1) |
| 318903 | 51 | 0.71 | 1 | 0.64~1.28 | (12→-23=0.67×2) (21→31=1.28×1) (-21→23=0.72×1) (2→3=0.72×2) (7→-22=1.27×1) |
| 318913 | 52 | 0.75 | 1 | 0.64~1.28 | (12→-23=0.67×2) (-20→23=0.71×1) (21→31=1.28×1) (-21→23=0.72×1) (2→3=0.72×2) |
| 318924 | 52 | 0.77 | 1 | 0.64~1.28 | (12→-23=0.67×2) (-20→23=0.71×1) (21→31=1.28×1) (-21→23=0.72×1) (2→3=0.72×2) |
| 318934 | 54 | 0.80 | 1 | 0.64~1.28 | (12→-23=0.67×2) (21→31=1.28×1) (-20→23=0.72×2) (-21→23=0.72×1) (2→3=0.72×2) |
| 318944 | 55 | 0.78 | 1 | 0.64~1.28 | (12→-23=0.67×2) (21→31=1.28×1) (-20→23=0.72×2) (-21→23=0.72×1) (2→3=0.72×2) |
| 318955 | 57 | 0.89 | 1 | 0.64~1.44 | (5→-24=1.35×2) (12→-23=0.67×2) (21→31=1.28×1) (-20→23=0.72×3) (12→-27=0.72×1) |
| 318965 | 56 | 0.82 | 1 | 0.64~1.44 | (5→-24=1.35×2) (12→-23=0.67×2) (21→31=1.28×1) (-20→23=0.72×3) (12→-27=0.72×1) |
| 318975 | 59 | 0.90 | 2 | 0.64~1.44 | (12→-23=0.67×2) (5→-24=1.32×3) (21→31=1.28×1) (21→-4=0.72×1) (12→-27=0.72×1) |
| 318986 | 57 | 0.93 | 2 | 0.64~1.44 | (12→-23=0.67×2) (5→-24=1.32×3) (21→31=1.28×1) (21→-4=0.72×1) (12→-27=0.72×1) |
| 318996 | 56 | 0.91 | 2 | 0.64~1.44 | (12→-23=0.67×2) (5→-24=1.32×3) (21→31=1.28×1) (21→-4=0.72×1) (12→-27=0.72×1) |
| 319006 | 53 | 0.79 | 2 | 0.71~1.26 | (12→-23=0.71×1) (21→-4=0.72×1) (-20→23=0.72×2) (2→3=0.72×1) (12→-27=0.72×1) |
| 319017 | 50 | 0.80 | 2 | 0.71~1.26 | (-20→23=0.71×1) (12→-23=0.71×1) (21→-4=0.72×1) (2→3=0.72×1) (12→-27=0.72×1) |
| 319027 | 52 | 0.88 | 2 | 0.71~1.26 | (11→20=0.71×1) (-20→23=0.71×1) (12→-23=0.71×1) (21→-4=0.72×1) (2→3=0.72×1) |
| 319037 | 50 | 0.90 | 2 | 0.71~1.26 | (11→20=0.71×1) (-20→23=0.71×1) (12→-23=0.71×1) (21→-4=0.72×1) (2→3=0.72×1) |
| 319048 | 51 | 0.57 | 1 | 0.71~1.26 | (11→20=0.71×1) (-20→23=0.71×1) (12→-23=0.71×1) (21→-4=0.72×1) (2→3=0.72×1) |
| 319058 | 50 | 0.62 | 1 | 0.71~1.26 | (11→20=0.71×1) (-20→23=0.71×1) (12→-23=0.71×1) (21→-4=0.72×1) (2→3=0.72×1) |
| 319068 | 58 | 0.90 | 1 | 0.71~1.26 | (11→20=0.71×1) (12→-23=0.71×1) (21→-4=0.72×1) (-20→-19=0.72×1) (2→3=0.72×1) |
| 319079 | 59 | 0.85 | 1 | 0.71~1.28 | (11→20=0.71×1) (12→-23=0.71×1) (17→2=0.72×1) (21→-4=0.72×1) (-20→-19=0.72×1) |
| 319089 | 62 | 1.05 | 1 | 0.71~1.29 | (-22→-26=1.29×1) (12→-23=0.71×1) (17→2=0.72×1) (4→-14=0.72×2) (-20→-19=0.72×1) |
| 319099 | 61 | 1.11 | 1 | 0.71~1.29 | (-22→-26=1.29×1) (12→-23=0.71×1) (17→2=0.72×1) (4→-14=0.72×2) (-20→-19=0.72×1) |
| 319110 | 63 | 1.00 | 1 | 0.71~1.29 | (-22→-26=1.29×1) (12→-23=0.71×1) (17→2=0.72×1) (4→-14=0.72×2) (-20→-19=0.72×1) |
| 319120 | 62 | 0.92 | 1 | 0.71~1.28 | (4→-14=0.71×1) (12→-23=0.71×1) (17→2=0.72×1) (-20→-19=0.72×1) (2→3=0.72×1) |
| 319130 | 56 | 0.75 | 1 | 0.72~1.28 | (17→2=0.72×1) (-20→-19=0.72×1) (20→-17=1.28×1) (-2→25=1.28×1) (19→-19=1.27×1) |
| 319141 | 54 | 0.69 | 1 | 0.72~1.28 | (17→2=0.72×1) (-20→-19=0.72×1) (20→-17=1.28×1) (-2→25=1.28×1) (19→-19=1.27×1) |
| 319151 | 52 | 0.65 | 1 | 0.72~1.28 | (17→2=0.72×1) (-20→-19=0.72×1) (20→-17=1.28×1) (-2→25=1.28×1) (19→-19=1.27×1) |
| 319161 | 50 | 0.64 | 1 | 0.72~1.28 | (17→2=0.72×1) (-20→-19=0.72×1) (20→-17=1.28×1) (-2→25=1.28×1) (19→-19=1.27×1) |
| 319172 | 52 | 0.65 | 1 | 0.72~1.28 | (17→2=0.72×1) (-20→-19=0.72×1) (20→-17=1.28×1) (-2→25=1.28×1) (19→-19=1.27×1) |
| 319182 | 49 | 0.67 | 1 | 0.72~1.28 | (17→2=0.72×1) (-20→-19=0.72×1) (20→-17=1.28×1) (1→-30=1.25×1) (-4→8=0.75×1) |
| 319192 | 50 | 0.62 | 1 | 0.72~1.25 | (-20→-19=0.72×1) (1→-30=1.25×1) (-4→8=0.75×1) (14→-25=1.23×1) (5→-28=0.78×3) |
| 319203 | 49 | 0.63 | 1 | 0.72~1.25 | (-20→-19=0.72×1) (1→-30=1.25×1) (-4→8=0.75×1) (14→-25=1.23×1) (5→-28=0.78×3) |
| 319213 | 54 | 0.76 | 1 | 0.72~1.25 | (-20→-19=0.72×1) (19→-4=0.73×1) (-10→19=0.74×1) (15→-16=1.25×1) (1→-30=1.25×1) |
| 319223 | 54 | 0.63 | 1 | 0.72~1.25 | (-20→-19=0.72×1) (19→-4=0.73×1) (14→-19=0.74×1) (-10→19=0.74×1) (15→-16=1.25×1) |
| 319234 | 55 | 0.78 | 1 | 0.72~1.26 | (-20→-19=0.72×1) (-9→-12=0.72×1) (19→-4=0.73×1) (-18→-20=0.73×1) (4→-1=0.73×1) |
| 319244 | 53 | 0.74 | 1 | 0.72~1.26 | (-20→-19=0.72×1) (-9→-12=0.72×1) (19→-4=0.73×1) (-18→-20=0.73×1) (-6→-20=1.26×1) |
| 319254 | 51 | 0.69 | 2 | 0.72~1.27 | (-9→-12=0.73×2) (-18→19=1.27×1) (19→-4=0.73×1) (-18→-20=0.74×2) (-6→-20=1.26×2) |
| 319265 | 54 | 0.85 | 2 | 0.72~1.27 | (-9→-12=0.73×2) (-18→19=1.27×1) (19→-4=0.73×1) (-18→-20=0.74×2) (-18→9=0.74×2) |
| 319275 | 50 | 0.86 | 2 | 0.72~1.27 | (-9→-12=0.73×2) (-18→19=1.27×1) (19→-4=0.73×1) (-18→-20=0.74×2) (-18→9=0.74×2) |
| 319285 | 50 | 0.86 | 2 | 0.72~1.27 | (-9→-12=0.73×2) (-18→19=1.27×1) (19→-4=0.73×1) (-18→-20=0.74×2) (-18→9=0.74×2) |
| 319296 | 53 | 0.96 | 2 | 0.70~1.27 | (-9→-12=0.73×2) (-18→19=1.27×1) (19→-4=0.73×1) (-18→-20=0.74×2) (-18→9=0.74×2) |
| 319306 | 52 | 0.98 | 2 | 0.70~1.28 | (3→26=1.28×1) (-9→-12=0.73×2) (19→-4=0.73×1) (-18→-20=0.73×1) (-18→-16=0.73×1) |
| 319316 | 52 | 0.94 | 2 | 0.70~1.28 | (3→26=1.28×1) (-9→-12=0.73×1) (19→-4=0.73×1) (-18→-20=0.73×1) (-18→-16=0.73×1) |
| 319327 | 52 | 0.88 | 2 | 0.70~1.28 | (3→26=1.28×1) (-9→-12=0.73×1) (-18→-20=0.73×1) (-18→-16=0.73×1) (-18→9=0.74×2) |
| 319337 | 53 | 0.83 | 2 | 0.70~1.28 | (3→26=1.28×1) (-9→-12=0.73×1) (-18→-16=0.73×1) (-18→9=0.74×2) (24→19=1.26×1) |
| 319347 | 55 | 0.84 | 2 | 0.70~1.28 | (3→26=1.28×1) (-9→-12=0.73×1) (-18→-16=0.73×1) (-18→9=0.74×2) (24→19=1.26×1) |
| 319358 | 56 | 0.84 | 2 | 0.70~1.26 | (-9→-12=0.73×1) (-18→9=0.74×2) (-18→-16=0.74×2) (24→19=1.26×1) (14→-19=0.74×1) |
| 319368 | 54 | 0.81 | 2 | 0.73~1.23 | (-18→9=0.73×1) (-18→-16=0.74×2) (14→-19=0.74×1) (-16→10=0.74×1) (-17→-27=0.75×1) |
| 319378 | 54 | 0.81 | 2 | 0.73~1.23 | (-18→9=0.73×1) (-18→-16=0.74×2) (14→-19=0.74×1) (-16→10=0.74×1) (-17→-27=0.75×1) |
| 319389 | 55 | 0.89 | 2 | 0.73~1.28 | (-18→9=0.73×1) (-18→-16=0.74×2) (-16→10=0.74×1) (-17→-27=0.75×1) (-22→6=0.77×1) |
| 319399 | 55 | 0.89 | 2 | 0.71~1.28 | (23→-30=0.72×2) (-16→10=0.74×1) (-18→-16=0.75×1) (-17→-27=0.75×1) (-22→6=0.77×1) |
| 319409 | 51 | 0.90 | 2 | 0.71~1.28 | (23→-30=0.72×2) (-16→10=0.74×1) (-18→-16=0.75×1) (-17→-27=0.75×1) (-22→6=0.77×1) |
| 319420 | 50 | 0.56 | 1 | 0.71~1.23 | (23→-30=0.72×2) (-16→10=0.74×1) (-18→-16=0.75×1) (-17→-27=0.75×1) (-22→6=0.77×1) |
| 319430 | 50 | 0.62 | 1 | 0.71~1.24 | (23→-30=0.72×2) (-16→10=0.74×1) (-18→-16=0.75×1) (-17→-27=0.75×1) (19→-20=1.24×1) |
| 319440 | 51 | 0.67 | 1 | 0.71~1.24 | (23→-30=0.72×2) (-16→10=0.74×1) (-18→-16=0.75×1) (-17→-27=0.75×1) (19→-20=1.24×2) |
| 319451 | 52 | 0.71 | 1 | 0.71~1.24 | (23→-30=0.72×2) (-16→10=0.74×1) (-18→-16=0.75×1) (-17→-27=0.75×1) (19→-20=1.24×2) |
| 319461 | 53 | 0.79 | 2 | 0.71~1.51 | (-7→-28=1.38×2) (23→-30=0.72×2) (-16→10=0.74×1) (-18→-16=0.75×1) (-10→-28=0.75×1) |
| 319471 | 51 | 0.82 | 2 | 0.71~1.51 | (-7→-28=1.38×2) (23→-30=0.72×2) (-16→10=0.74×1) (-18→-16=0.75×1) (-10→-28=0.75×1) |
| 319482 | 54 | 0.85 | 2 | 0.71~1.51 | (-7→-28=1.38×2) (23→-30=0.72×2) (-16→10=0.74×1) (-18→-16=0.75×1) (-10→-28=0.75×1) |
| 319492 | 52 | 0.79 | 2 | 0.71~1.51 | (-7→-28=1.38×2) (23→-30=0.71×1) (-18→-16=0.75×1) (-10→-28=0.75×1) (7→-14=0.75×1) |
| 319502 | 52 | 0.77 | 2 | 0.71~1.51 | (-7→-28=1.38×2) (23→-30=0.71×1) (-18→-16=0.75×1) (-10→-28=0.75×1) (7→-14=0.75×1) |
| 319513 | 50 | 0.72 | 2 | 0.75~1.51 | (-7→-28=1.38×2) (-23→-11=1.27×1) (-10→-28=0.75×1) (19→-20=1.24×1) (18→23=1.24×1) |
| 319523 | 50 | 0.76 | 2 | 0.75~1.51 | (-7→-28=1.38×2) (-23→-11=1.27×1) (-10→-28=0.75×1) (19→-20=1.24×1) (18→23=1.24×1) |
| 319533 | 51 | 0.59 | 2 | 0.75~1.51 | (-7→-28=1.38×2) (-10→-28=0.75×1) (-6→19=0.75×1) (19→-20=1.24×1) (18→23=1.24×1) |
| 319544 | 53 | 0.66 | 2 | 0.75~1.51 | (-7→-28=1.51×1) (-3→-1=1.28×1) (-21→27=1.26×1) (-10→-28=0.75×1) (-6→19=0.75×1) |
| 319554 | 52 | 0.58 | 1 | 0.75~1.28 | (-3→-1=1.28×1) (-21→27=1.26×1) (-10→-28=0.75×1) (-6→19=0.75×1) (4→-14=0.75×1) |
| 319564 | 52 | 0.88 | 1 | 0.71~1.28 | (10→-20=0.71×1) (-19→6=0.72×1) (-3→-1=1.27×2) (-16→-26=0.73×1) (5→14=1.27×1) |
| 319575 | 51 | 0.80 | 1 | 0.71~1.28 | (10→-20=0.71×1) (-19→6=0.72×1) (-3→-1=1.27×2) (-16→-26=0.73×1) (5→14=1.27×1) |
| 319585 | 50 | 0.56 | 1 | 0.71~1.28 | (10→-20=0.71×1) (-3→-1=1.28×1) (-19→6=0.72×1) (-16→-26=0.73×1) (5→14=1.27×1) |
| 319595 | 52 | 0.52 | 1 | 0.72~1.28 | (-3→-1=1.28×1) (-19→6=0.72×1) (-16→-26=0.73×1) (5→14=1.27×1) (-21→27=1.26×1) |
| 319606 | 51 | 0.53 | 1 | 0.72~1.28 | (-3→-1=1.28×1) (-19→6=0.72×1) (-16→-26=0.73×1) (5→14=1.27×1) (-21→27=1.26×1) |
| 319616 | 53 | 0.51 | 1 | 0.72~1.28 | (-13→-19=0.72×1) (-3→-1=1.28×1) (5→14=1.27×1) (-21→27=1.26×1) (3→-19=1.25×1) |
| 319626 | 52 | 0.48 | 1 | 0.72~1.27 | (-13→-19=0.72×1) (5→14=1.27×1) (3→-19=1.25×1) (-6→19=0.75×1) (-19→16=1.24×1) |
| 319637 | 52 | 0.46 | 1 | 0.72~1.27 | (-13→-19=0.72×1) (5→14=1.27×1) (3→-19=1.25×1) (-6→19=0.75×1) (-19→16=1.24×1) |
| 319647 | 57 | 0.56 | 1 | 0.72~1.30 | (-18→-30=1.30×1) (-13→-19=0.72×1) (19→-23=0.73×1) (5→14=1.27×1) (-18→13=0.74×1) |
| 319657 | 59 | 0.66 | 1 | 0.72~1.30 | (-18→-30=1.30×1) (-13→-19=0.72×1) (19→-23=0.73×1) (5→14=1.27×1) (-18→13=0.74×1) |
| 319668 | 59 | 0.66 | 1 | 0.72~1.30 | (-18→-30=1.30×1) (-13→-19=0.72×1) (19→-23=0.73×1) (5→14=1.27×1) (-18→13=0.74×1) |
| 319678 | 59 | 0.69 | 1 | 0.72~1.30 | (-18→-30=1.30×1) (8→-1=1.29×1) (-13→-19=0.72×1) (19→-23=0.73×1) (5→14=1.27×1) |
| 319688 | 60 | 0.68 | 1 | 0.72~1.30 | (-18→-30=1.30×1) (8→-1=1.29×1) (-13→-19=0.72×1) (18→10=0.72×1) (19→-23=0.73×1) |
| 319699 | 59 | 0.73 | 1 | 0.72~1.30 | (-18→-30=1.29×2) (-13→-19=0.72×1) (8→-1=1.28×2) (18→10=0.72×1) (19→-23=0.73×1) |
| 319709 | 58 | 0.62 | 1 | 0.72~1.30 | (-18→-30=1.29×2) (-13→-19=0.72×1) (8→-1=1.28×2) (18→10=0.72×1) (19→-23=0.73×1) |
| 319719 | 58 | 0.72 | 1 | 0.72~1.30 | (-18→-30=1.29×3) (-13→-19=0.72×1) (8→-1=1.28×2) (18→10=0.72×1) (19→-23=0.73×1) |
| 319730 | 55 | 0.64 | 1 | 0.72~1.30 | (-17→30=1.30×1) (-18→-30=1.29×3) (-13→-19=0.72×1) (18→10=0.72×1) (24→13=0.74×1) |
| 319740 | 53 | 0.64 | 1 | 0.72~1.30 | (-17→30=1.30×1) (-18→-30=1.29×3) (18→10=0.72×1) (-2→-31=1.27×1) (24→13=0.74×1) |
| 319750 | 50 | 0.62 | 1 | 0.72~1.30 | (-17→30=1.30×1) (-18→-30=1.29×3) (18→10=0.72×1) (-2→-31=1.26×2) (-18→-12=0.75×1) |
| 319761 | 53 | 0.89 | 1 | 0.70~1.30 | (16→27=0.70×1) (-17→30=1.30×1) (-17→-17=1.29×2) (-18→-30=1.29×2) (18→10=0.72×1) |
| 319771 | 50 | 0.90 | 1 | 0.70~1.30 | (16→27=0.70×1) (-17→30=1.30×1) (-17→-17=1.29×2) (-18→-30=1.29×2) (-21→18=1.28×2) |
| 319781 | 50 | 0.90 | 1 | 0.75~1.30 | (-17→30=1.30×1) (-17→-17=1.29×3) (-18→-30=1.29×2) (-21→18=1.27×3) (-2→-31=1.26×2) |
| 319792 | 52 | 0.60 | 1 | 0.79~1.30 | (-17→-17=1.29×3) (-18→-30=1.29×2) (-21→18=1.27×3) (6→2=0.80×3) (-3→25=0.80×1) |
| 319802 | 51 | 0.49 | 1 | 0.79~1.30 | (-17→-17=1.30×1) (-18→-30=1.29×2) (-21→18=1.28×1) (6→2=0.79×1) (10→-19=0.80×2) |
| 319812 | 50 | 0.44 | 1 | 0.79~1.30 | (-17→-17=1.30×1) (-18→-30=1.29×1) (-21→18=1.28×1) (6→2=0.79×1) (10→-19=0.80×2) |
| 319823 | 50 | 0.54 | 1 | 0.78~1.30 | (-17→-17=1.30×1) (-18→-30=1.29×1) (-21→18=1.28×1) (2→31=0.78×1) (6→2=0.79×1) |
| 319833 | 52 | 0.56 | 1 | 0.74~1.30 | (-17→-17=1.30×1) (-18→-30=1.29×1) (-21→18=1.28×1) (24→11=0.74×1) (2→31=0.78×1) |
| 319843 | 54 | 0.70 | 1 | 0.74~1.30 | (-17→-17=1.30×1) (-18→-30=1.29×1) (-21→18=1.28×1) (24→11=0.74×1) (20→-4=1.26×1) |
| 319854 | 54 | 0.80 | 1 | 0.74~1.30 | (-17→-17=1.30×1) (-18→-30=1.29×1) (-21→18=1.28×1) (24→11=0.74×1) (20→-4=1.26×1) |
| 319864 | 54 | 0.74 | 1 | 0.74~1.29 | (-18→-30=1.29×1) (24→11=0.74×1) (20→-4=1.26×1) (-8→-9=0.75×1) (-2→-14=0.75×1) |
| 319874 | 53 | 0.81 | 1 | 0.74~1.29 | (-18→-30=1.29×1) (24→11=0.74×1) (20→-4=1.26×1) (-8→-9=0.75×1) (-2→-14=0.75×1) |
| 319885 | 50 | 0.80 | 1 | 0.75~1.29 | (-18→-30=1.29×1) (20→-4=1.26×1) (-8→-9=0.75×1) (8→25=0.78×1) (2→31=0.78×1) |
| 319895 | 53 | 0.75 | 1 | 0.71~1.29 | (-22→-12=1.29×1) (5→-27=0.71×1) (19→-4=1.28×1) (12→17=0.73×1) (20→-4=1.26×1) |
| 319905 | 53 | 0.81 | 1 | 0.71~1.29 | (-22→-12=1.29×1) (5→-27=0.71×1) (19→-4=1.28×1) (12→17=0.73×1) (20→-4=1.26×1) |
| 319916 | 57 | 0.77 | 1 | 0.71~1.29 | (-22→-12=1.29×1) (5→-27=0.71×1) (19→-4=1.28×1) (12→17=0.73×1) (-3→-2=1.25×1) |
| 319926 | 56 | 0.80 | 1 | 0.71~1.29 | (-22→-12=1.29×1) (5→-27=0.71×1) (19→-4=1.28×1) (12→17=0.73×1) (-3→-2=1.25×1) |
| 319936 | 58 | 0.81 | 1 | 0.71~1.29 | (-22→-12=1.29×1) (5→-27=0.71×1) (19→-4=1.28×1) (18→30=1.27×1) (12→17=0.73×1) |
| 319947 | 53 | 0.75 | 1 | 0.71~1.29 | (-22→-12=1.29×1) (5→-27=0.71×1) (19→-4=1.28×1) (18→30=1.27×1) (12→17=0.73×1) |
| 319957 | 52 | 0.73 | 1 | 0.71~1.29 | (-22→-12=1.29×1) (5→-27=0.71×1) (19→-4=1.28×1) (18→30=1.27×1) (12→17=0.73×1) |
| 319967 | 54 | 0.72 | 1 | 0.71~1.29 | (-22→-12=1.29×1) (-11→16=0.71×1) (5→-27=0.71×1) (19→-4=1.28×1) (18→30=1.27×1) |
| 319978 | 52 | 0.77 | 1 | 0.71~1.29 | (-22→-12=1.29×1) (-11→16=0.71×1) (5→-27=0.71×1) (19→-4=1.28×1) (18→30=1.27×1) |
| 319988 | 51 | 0.55 | 1 | 0.71~1.29 | (-22→-12=1.29×1) (-11→16=0.71×1) (5→-27=0.71×1) (19→-4=1.28×1) (18→30=1.27×1) |
| 319998 | 52 | 0.54 | 1 | 0.71~1.29 | (-22→-12=1.29×1) (-11→16=0.71×1) (5→-27=0.71×1) (19→-4=1.28×1) (18→30=1.27×1) |
| 320009 | 51 | 0.49 | 1 | 0.71~1.29 | (-22→-12=1.29×1) (-11→16=0.71×1) (5→-27=0.71×1) (19→-4=1.28×1) (18→30=1.27×1) |
| 320019 | 53 | 0.60 | 1 | 0.71~1.29 | (-22→-12=1.29×1) (-11→16=0.71×1) (5→-27=0.71×1) (19→-4=1.28×1) (18→30=1.27×1) |
| 320029 | 54 | 0.72 | 1 | 0.71~1.29 | (-22→-12=1.29×1) (-11→16=0.71×1) (5→-27=0.71×1) (19→-4=1.28×1) (-13→20=1.28×1) |
| 320040 | 53 | 0.94 | 1 | 0.71~1.28 | (-11→16=0.71×1) (5→-27=0.71×1) (19→-4=1.28×1) (-13→20=1.28×1) (18→30=1.27×1) |
| 320050 | 51 | 0.82 | 1 | 0.71~1.28 | (-11→16=0.71×1) (-13→20=1.28×1) (5→19=0.76×1) (1→-27=0.77×2) (23→10=1.20×1) |
| 320060 | 51 | 0.82 | 1 | 0.71~1.28 | (-11→16=0.71×1) (-13→20=1.28×1) (5→19=0.76×1) (1→-27=0.77×2) (23→10=1.20×1) |
| 320071 | 53 | 1.23 | 2 | 0.71~1.32 | (-11→16=0.71×1) (-13→20=1.28×1) (-20→25=1.28×3) (5→19=0.75×3) (1→-27=0.77×2) |
| 320081 | 50 | 0.96 | 2 | 0.71~1.32 | (-11→16=0.71×1) (-13→20=1.28×1) (-20→25=1.26×2) (5→19=0.76×2) (1→-27=0.77×2) |
| 320091 | 55 | 0.91 | 1 | 0.71~1.28 | (-11→16=0.71×1) (6→-28=1.28×1) (13→11=0.72×1) (-13→20=1.28×1) (1→-4=1.24×1) |
| 320102 | 53 | 0.92 | 1 | 0.71~1.28 | (13→-29=0.71×1) (-11→16=0.71×1) (6→-28=1.28×1) (13→11=0.72×1) (-13→20=1.28×1) |
| 320112 | 55 | 0.98 | 1 | 0.71~1.28 | (13→-29=0.71×1) (-11→16=0.71×1) (6→-28=1.28×1) (13→11=0.72×1) (-13→20=1.28×1) |
| 320122 | 56 | 1.05 | 1 | 0.70~1.28 | (-24→-4=0.70×1) (14→14=0.71×1) (13→-29=0.71×3) (-11→16=0.71×1) (6→-28=1.28×1) |
| 320133 | 59 | 1.05 | 1 | 0.70~1.28 | (-24→-4=0.70×1) (14→14=0.71×1) (13→-29=0.71×3) (-11→16=0.71×1) (6→-28=1.28×1) |
| 320143 | 61 | 1.03 | 1 | 0.70~1.28 | (-24→-4=0.70×1) (14→14=0.71×1) (13→-29=0.71×3) (-11→16=0.71×1) (6→-28=1.28×1) |
| 320153 | 58 | 0.90 | 1 | 0.71~1.28 | (14→14=0.71×1) (13→-29=0.71×2) (6→-28=1.28×1) (13→11=0.72×1) (7→26=1.25×1) |
| 320164 | 58 | 0.79 | 1 | 0.71~1.28 | (14→14=0.71×1) (13→-29=0.71×2) (6→-28=1.28×1) (16→-25=0.72×1) (13→11=0.72×1) |
| 320174 | 57 | 0.79 | 1 | 0.71~1.28 | (14→14=0.71×1) (6→-28=1.28×1) (16→-25=0.72×1) (13→-29=0.72×1) (13→11=0.72×1) |
| 320184 | 58 | 0.91 | 1 | 0.71~1.28 | (14→14=0.71×1) (6→-28=1.28×1) (16→-25=0.72×1) (13→-29=0.72×1) (13→11=0.72×1) |
| 320195 | 59 | 0.90 | 1 | 0.71~1.28 | (14→14=0.71×1) (6→-28=1.28×1) (13→-29=0.72×1) (13→11=0.72×1) (19→-8=1.28×1) |
| 320205 | 60 | 0.88 | 1 | 0.71~1.28 | (14→14=0.71×1) (6→-28=1.28×1) (13→11=0.72×1) (19→-8=1.28×1) (7→26=1.25×1) |
| 320215 | 55 | 0.87 | 1 | 0.71~1.28 | (14→14=0.71×1) (13→11=0.72×1) (19→-8=1.28×1) (7→26=1.25×1) (7→22=1.25×1) |
| 320226 | 58 | 0.95 | 1 | 0.71~1.28 | (14→14=0.71×1) (13→11=0.72×1) (19→-8=1.28×1) (17→16=0.74×1) (23→-9=0.74×1) |
| 320236 | 57 | 0.91 | 1 | 0.71~1.28 | (14→14=0.71×1) (19→-8=1.28×1) (17→16=0.74×1) (23→-9=0.74×1) (7→26=1.25×1) |
| 320246 | 52 | 0.81 | 1 | 0.71~1.28 | (14→14=0.71×1) (19→-8=1.28×1) (17→16=0.74×2) (23→-9=0.74×1) (7→22=1.25×1) |
| 320257 | 52 | 0.83 | 1 | 0.71~1.28 | (14→14=0.71×1) (19→-8=1.28×1) (17→16=0.74×2) (23→-9=0.74×1) (7→22=1.25×1) |
| 320267 | 52 | 0.83 | 1 | 0.71~1.28 | (14→14=0.71×1) (19→-8=1.28×1) (17→16=0.74×2) (23→-9=0.74×1) (7→22=1.25×1) |
| 320277 | 53 | 0.85 | 1 | 0.71~1.28 | (14→14=0.71×1) (19→-8=1.28×1) (17→16=0.74×2) (23→-9=0.74×1) (-12→-3=0.75×1) |
| 320288 | 54 | 0.89 | 1 | 0.71~1.28 | (14→14=0.71×1) (19→-8=1.28×1) (-18→20=0.73×1) (17→16=0.74×1) (1→25=1.26×1) |
| 320298 | 54 | 0.98 | 2 | 0.71~1.28 | (14→14=0.71×1) (19→-8=1.28×1) (-18→20=0.73×1) (17→16=0.74×1) (1→25=1.26×1) |
| 320308 | 52 | 1.00 | 2 | 0.71~1.28 | (14→14=0.71×1) (19→-8=1.28×1) (-18→20=0.73×1) (17→16=0.74×1) (1→25=1.26×1) |
| 320319 | 50 | 0.88 | 2 | 0.71~1.28 | (14→14=0.71×1) (19→-8=1.28×1) (-18→20=0.73×1) (17→16=0.74×1) (1→25=1.26×1) |
| 320329 | 50 | 0.68 | 1 | 0.73~1.26 | (-18→20=0.73×1) (17→16=0.74×1) (1→25=1.26×1) (23→-9=0.74×1) (-12→-3=0.75×1) |
| 320339 | 52 | 0.69 | 1 | 0.73~1.26 | (-18→20=0.73×1) (1→25=1.26×1) (23→-9=0.74×1) (-12→-3=0.75×1) (2→-6=0.76×2) |
| 320350 | 51 | 0.59 | 1 | 0.75~1.25 | (-22→-14=1.25×1) (11→19=0.75×1) (-12→-3=0.75×1) (2→-6=0.76×2) (-15→7=0.76×1) |
| 320360 | 53 | 0.85 | 2 | 0.75~1.27 | (22→5=1.26×2) (-22→-14=1.25×1) (11→19=0.75×1) (-12→-3=0.75×1) (2→-6=0.76×2) |
| 320370 | 53 | 0.74 | 2 | 0.75~1.28 | (22→5=1.26×2) (-22→-14=1.25×1) (11→19=0.75×1) (-12→-3=0.75×1) (2→-6=0.76×2) |
| 320381 | 57 | 0.93 | 2 | 0.74~1.29 | (7→9=1.29×1) (22→5=1.26×2) (-4→-19=0.74×1) (-22→-14=1.25×1) (11→19=0.75×1) |
| 320391 | 53 | 0.75 | 1 | 0.74~1.29 | (7→9=1.29×1) (-4→-19=0.74×1) (-22→-14=1.25×1) (11→19=0.75×1) (-12→-3=0.75×1) |
| 320401 | 55 | 0.71 | 1 | 0.73~1.29 | (7→9=1.29×1) (-22→7=0.73×2) (-22→-14=1.25×1) (11→19=0.75×1) (-12→-3=0.75×1) |
| 320412 | 54 | 0.72 | 1 | 0.73~1.28 | (-22→7=0.73×2) (-22→-14=1.25×1) (11→19=0.75×1) (-12→-3=0.75×1) (2→-6=0.76×2) |
| 320422 | 55 | 0.80 | 1 | 0.73~1.28 | (-22→7=0.73×2) (-22→-14=1.25×1) (11→19=0.75×1) (-12→-3=0.75×1) (2→-6=0.76×2) |
| 320432 | 50 | 0.60 | 1 | 0.75~1.28 | (-22→-14=1.25×1) (11→19=0.75×1) (2→-6=0.76×2) (20→22=1.24×2) (-4→-29=0.76×1) |
| 320443 | 53 | 0.60 | 1 | 0.75~1.28 | (-14→22=1.28×1) (-22→-14=1.25×1) (11→19=0.75×1) (2→-6=0.75×1) (20→22=1.24×2) |
| 320453 | 52 | 0.60 | 1 | 0.75~1.28 | (-22→-14=1.25×1) (11→19=0.75×1) (2→-6=0.75×1) (20→22=1.24×2) (-4→-29=0.76×1) |
| 320463 | 54 | 0.70 | 1 | 0.74~1.29 | (-14→-13=1.29×1) (10→2=0.74×1) (11→19=0.75×1) (2→-6=0.75×1) (-9→-29=0.75×1) |
| 320474 | 54 | 0.69 | 1 | 0.74~1.29 | (-14→-13=1.29×1) (10→2=0.74×1) (-8→-5=1.25×1) (11→19=0.75×1) (2→-6=0.75×1) |
| 320484 | 53 | 0.66 | 1 | 0.74~1.29 | (-14→-13=1.29×1) (10→2=0.74×1) (-8→-5=1.25×1) (11→19=0.75×1) (-9→-29=0.75×1) |
| 320494 | 51 | 0.55 | 1 | 0.74~1.29 | (-14→-13=1.29×1) (10→2=0.74×1) (-8→-5=1.25×1) (11→19=0.75×1) (-9→-29=0.75×1) |
| 320505 | 53 | 0.60 | 1 | 0.73~1.28 | (21→-1=0.73×1) (10→2=0.74×1) (-8→-5=1.25×1) (11→19=0.75×1) (-18→1=1.25×1) |
| 320515 | 50 | 0.48 | 1 | 0.73~1.25 | (21→-1=0.73×1) (-8→-5=1.25×1) (11→19=0.75×1) (-18→1=1.25×1) (-19→-19=1.22×1) |
| 320525 | 50 | 0.68 | 1 | 0.73~1.25 | (21→-1=0.73×1) (-8→-5=1.25×1) (11→19=0.75×1) (-18→1=1.25×1) (-2→-19=0.76×2) |
| 320536 | 50 | 0.60 | 1 | 0.73~1.25 | (21→-1=0.73×1) (-8→-5=1.25×1) (-18→1=1.25×1) (-2→-19=0.76×2) (-19→-19=1.22×1) |
| 320546 | 56 | 0.82 | 1 | 0.73~1.25 | (21→-1=0.73×1) (-8→-5=1.25×1) (-18→1=1.25×1) (19→22=0.76×1) (17→29=0.76×1) |
| 320556 | 54 | 0.80 | 2 | 0.73~1.25 | (21→-1=0.73×1) (-18→1=1.25×1) (-2→-19=0.76×1) (19→22=0.76×1) (17→29=0.76×1) |
| 320567 | 56 | 0.88 | 2 | 0.73~1.25 | (21→-1=0.73×1) (-18→1=1.25×1) (-2→-19=0.76×1) (19→22=0.76×1) (17→29=0.76×1) |
| 320577 | 58 | 0.97 | 2 | 0.73~1.25 | (21→-1=0.73×1) (-18→1=1.25×1) (-2→-19=0.76×1) (19→22=0.76×1) (17→29=0.76×1) |
| 320587 | 51 | 0.63 | 1 | 0.73~1.25 | (21→-1=0.73×1) (-18→1=1.25×1) (-2→-19=0.76×1) (17→29=0.76×1) (-8→-8=1.23×1) |
| 320598 | 49 | 0.53 | 1 | 0.72~1.23 | (-14→24=0.72×1) (-2→-19=0.76×1) (17→29=0.76×1) (-8→-8=1.23×1) (-19→-19=1.22×1) |
| 320608 | 52 | 0.35 | 1 | 0.72~1.23 | (-14→24=0.72×1) (-8→-8=1.23×1) (-19→-19=1.22×1) (-16→-9=0.84×1) (-4→13=1.16×1) |
| 320618 | 52 | 0.46 | 1 | 0.72~1.23 | (-14→24=0.72×1) (-8→-8=1.23×1) (-19→-19=1.22×1) (23→18=0.78×1) (4→27=0.82×1) |
| 320629 | 55 | 0.56 | 1 | 0.72~1.25 | (-14→24=0.72×1) (24→-3=0.73×1) (18→2=1.25×1) (-14→31=1.25×1) (10→22=1.23×1) |
| 320639 | 54 | 0.44 | 1 | 0.73~1.29 | (14→22=1.29×1) (24→-3=0.73×1) (18→2=1.25×1) (-14→31=1.25×1) (10→22=1.23×1) |
| 320649 | 57 | 0.65 | 1 | 0.73~1.29 | (14→22=1.29×1) (24→-3=0.73×1) (-6→16=0.73×1) (18→2=1.25×1) (-14→31=1.25×1) |
| 320660 | 58 | 0.74 | 1 | 0.73~1.30 | (-7→20=1.30×1) (14→22=1.29×1) (24→-3=0.73×1) (-6→16=0.73×1) (9→25=1.26×1) |
| 320670 | 54 | 0.63 | 1 | 0.73~1.30 | (-7→20=1.30×1) (24→-3=0.73×1) (9→25=1.26×1) (-1→-29=0.75×1) (18→2=1.25×1) |
| 320680 | 51 | 0.67 | 1 | 0.71~1.30 | (-7→20=1.30×1) (13→25=0.71×1) (24→-3=0.73×1) (9→25=1.26×1) (-1→-29=0.75×1) |
| 320691 | 51 | 0.73 | 1 | 0.71~1.30 | (-7→20=1.30×1) (13→25=0.71×1) (5→26=1.29×1) (-3→-11=1.28×1) (24→-3=0.73×1) |
| 320701 | 50 | 0.66 | 1 | 0.71~1.30 | (-7→20=1.30×1) (13→25=0.71×1) (-3→-11=1.28×1) (24→-3=0.73×1) (18→2=1.25×1) |
| 320711 | 52 | 0.83 | 1 | 0.71~1.30 | (-7→20=1.30×1) (13→25=0.71×1) (-3→-11=1.28×1) (24→-3=0.73×1) (18→2=1.25×1) |
| 320722 | 54 | 0.85 | 1 | 0.71~1.30 | (-7→20=1.30×1) (13→25=0.71×1) (-3→-11=1.28×1) (19→26=0.73×1) (24→-3=0.73×1) |
| 320732 | 56 | 1.09 | 2 | 0.70~1.30 | (21→18=0.70×1) (-7→20=1.30×1) (13→25=0.71×1) (2→18=0.71×1) (-3→-11=1.28×1) |
| 320742 | 49 | 1.04 | 2 | 0.70~1.30 | (21→18=0.70×1) (-7→20=1.30×1) (13→25=0.71×1) (2→18=0.71×1) (-3→-11=1.28×1) |
| 320753 | 50 | 0.62 | 2 | 0.70~1.30 | (21→18=0.70×1) (-7→20=1.30×1) (13→25=0.71×1) (-3→-11=1.28×1) (-18→-7=0.75×1) |
| 320763 | 50 | 0.58 | 2 | 0.70~1.30 | (-4→-15=1.30×1) (21→18=0.70×1) (-7→20=1.30×1) (13→25=0.71×1) (-3→-11=1.28×1) |
| 320773 | 51 | 0.61 | 2 | 0.70~1.30 | (-4→-15=1.30×1) (21→18=0.70×1) (-7→20=1.30×1) (13→25=0.71×1) (-3→-11=1.28×1) |
| 320784 | 53 | 0.70 | 2 | 0.70~1.30 | (-4→-15=1.30×1) (21→18=0.70×1) (-7→20=1.30×1) (13→25=0.71×1) (9→20=0.72×2) |
| 320794 | 53 | 0.72 | 2 | 0.70~1.30 | (-4→-15=1.30×1) (21→18=0.70×1) (-7→20=1.30×1) (13→25=0.71×1) (9→20=0.72×2) |
| 320804 | 52 | 0.71 | 2 | 0.70~1.30 | (-4→-15=1.30×1) (21→18=0.70×1) (-7→20=1.30×1) (13→25=0.71×1) (9→20=0.72×2) |
| 320815 | 52 | 0.65 | 1 | 0.71~1.30 | (-4→-15=1.30×1) (-7→20=1.30×1) (13→-14=1.30×1) (13→25=0.71×1) (-2→18=0.72×1) |
| 320825 | 49 | 0.67 | 1 | 0.71~1.30 | (-4→-15=1.30×1) (-7→20=1.30×1) (13→-14=1.30×1) (13→25=0.71×1) (-2→18=0.72×1) |
| 320835 | 52 | 0.73 | 1 | 0.72~1.30 | (-4→-15=1.30×1) (-7→20=1.30×1) (13→-14=1.30×1) (-2→18=0.72×1) (-14→7=1.28×1) |
| 320846 | 52 | 0.71 | 1 | 0.72~1.30 | (-7→20=1.30×1) (13→-14=1.30×1) (-2→18=0.72×1) (-14→7=1.28×1) (-7→-10=1.25×1) |
| 320856 | 54 | 0.70 | 1 | 0.72~1.30 | (-7→20=1.30×1) (13→-14=1.30×1) (-21→13=1.29×1) (-9→-7=1.29×1) (-2→18=0.72×1) |
| 320866 | 55 | 0.73 | 1 | 0.72~1.30 | (13→-14=1.30×1) (-21→13=1.29×1) (-9→-7=1.29×1) (-2→18=0.72×1) (-14→7=1.28×1) |
| 320877 | 56 | 0.79 | 1 | 0.72~1.30 | (13→-14=1.30×1) (-21→13=1.29×1) (-9→-7=1.29×1) (-2→18=0.72×1) (9→11=1.25×1) |
| 320887 | 56 | 0.75 | 1 | 0.72~1.30 | (13→-14=1.30×1) (-21→13=1.29×1) (-9→-7=1.29×1) (-2→18=0.72×1) (9→11=1.25×1) |
| 320897 | 52 | 0.75 | 1 | 0.72~1.30 | (13→-14=1.30×1) (-21→13=1.29×1) (-2→18=0.72×1) (9→11=1.25×1) (-7→-10=1.25×1) |
| 320908 | 55 | 0.85 | 1 | 0.72~1.30 | (13→-14=1.30×1) (-21→13=1.29×1) (19→-14=1.29×1) (-2→18=0.72×1) (6→9=1.28×1) |
| 320918 | 57 | 0.89 | 1 | 0.72~1.30 | (13→-14=1.30×1) (-21→13=1.29×1) (19→-14=1.28×2) (-2→18=0.72×1) (6→9=1.27×2) |
| 320928 | 51 | 0.78 | 1 | 0.72~1.29 | (19→-14=1.28×2) (-2→18=0.72×1) (-19→-8=0.72×1) (6→9=1.27×2) (1→15=1.26×1) |
| 320939 | 51 | 0.80 | 1 | 0.72~1.29 | (19→-14=1.28×2) (-2→18=0.72×1) (-19→-8=0.72×1) (6→9=1.27×2) (1→15=1.26×1) |
| 320949 | 51 | 0.96 | 2 | 0.72~1.29 | (19→-14=1.28×2) (-2→18=0.72×1) (-19→-8=0.72×1) (6→9=1.27×3) (1→15=1.26×2) |
| 320959 | 50 | 0.76 | 2 | 0.72~1.29 | (19→-14=1.29×1) (-19→-8=0.72×1) (6→9=1.27×3) (1→15=1.26×2) (-7→12=1.26×1) |
| 320970 | 50 | 0.78 | 2 | 0.72~1.29 | (19→-14=1.29×1) (-19→-8=0.72×1) (6→9=1.27×3) (1→15=1.26×2) (-7→12=1.26×1) |
| 320980 | 53 | 0.91 | 2 | 0.72~1.29 | (19→-14=1.29×1) (-19→-8=0.72×1) (11→-6=1.28×1) (-15→7=1.28×1) (6→9=1.27×2) |
| 320990 | 51 | 0.84 | 1 | 0.72~1.29 | (19→-14=1.29×1) (-24→-7=1.29×1) (-19→-8=0.72×1) (11→-6=1.28×1) (6→9=1.28×1) |
| 321001 | 50 | 0.56 | 1 | 0.77~1.28 | (11→-6=1.28×1) (6→9=1.28×1) (21→7=1.26×1) (-3→-23=1.25×1) (16→-3=0.77×1) |
| 321011 | 52 | 0.62 | 1 | 0.73~1.28 | (11→-6=1.28×1) (6→9=1.28×1) (4→14=0.73×1) (21→7=1.26×1) (-3→-23=1.25×1) |
| 321021 | 55 | 0.65 | 1 | 0.73~1.28 | (11→-6=1.28×1) (6→9=1.28×1) (4→14=0.73×1) (21→7=1.26×1) (-3→-23=1.25×1) |
| 321032 | 53 | 0.68 | 1 | 0.73~1.28 | (-8→28=1.28×1) (11→-6=1.28×1) (-13→25=1.27×1) (4→14=0.73×1) (21→7=1.26×1) |
| 321042 | 50 | 0.56 | 1 | 0.73~1.28 | (-8→28=1.28×1) (11→-6=1.28×1) (-13→25=1.27×1) (4→14=0.73×1) (-3→-23=1.25×1) |
| 321052 | 52 | 0.60 | 1 | 0.73~1.28 | (-8→28=1.28×1) (11→-6=1.28×1) (-13→25=1.27×1) (4→14=0.73×1) (-3→-23=1.25×1) |
| 321063 | 52 | 0.67 | 1 | 0.73~1.28 | (-8→28=1.28×1) (11→-6=1.28×1) (-13→25=1.27×1) (4→14=0.73×1) (-3→-23=1.25×1) |
| 321073 | 50 | 0.66 | 1 | 0.73~1.28 | (-8→28=1.28×1) (11→-6=1.28×1) (-13→25=1.27×1) (4→14=0.73×1) (-3→-23=1.25×1) |
| 321083 | 51 | 0.57 | 1 | 0.73~1.28 | (-8→28=1.28×1) (-13→25=1.27×1) (4→14=0.73×1) (-3→-23=1.25×1) (-24→-12=0.76×1) |
| 321094 | 55 | 0.75 | 1 | 0.72~1.29 | (-20→10=1.29×1) (-8→28=1.28×1) (-23→-5=0.72×1) (-13→25=1.27×1) (-10→-13=0.73×1) |
| 321104 | 53 | 0.60 | 1 | 0.72~1.29 | (-20→10=1.29×1) (-23→-5=0.72×1) (-10→-13=0.73×1) (-3→-23=1.25×1) (-23→-31=1.23×1) |
| 321114 | 53 | 0.70 | 1 | 0.72~1.29 | (-20→10=1.29×1) (-23→-5=0.72×1) (-10→-13=0.73×1) (-3→-23=1.25×1) (-23→-31=1.23×1) |
| 321125 | 56 | 0.86 | 1 | 0.73~1.29 | (-20→10=1.29×1) (-10→-13=0.73×1) (-3→-23=1.25×1) (-18→23=1.25×1) (-5→31=1.25×1) |
| 321135 | 58 | 0.86 | 1 | 0.73~1.29 | (-20→10=1.29×1) (-10→-13=0.73×1) (-3→-23=1.25×1) (-18→23=1.25×1) (-5→31=1.25×1) |
| 321145 | 58 | 0.91 | 1 | 0.73~1.29 | (-20→10=1.29×1) (-10→-13=0.73×1) (-3→-23=1.25×1) (-18→23=1.25×1) (-5→31=1.25×1) |
| 321156 | 58 | 0.86 | 1 | 0.73~1.29 | (19→26=1.29×1) (-20→10=1.29×1) (-10→-13=0.73×1) (-3→-23=1.25×1) (-18→23=1.25×1) |
| 321166 | 61 | 1.02 | 1 | 0.73~1.29 | (19→26=1.29×1) (-22→-29=1.29×1) (-20→10=1.29×1) (-10→-13=0.73×1) (12→-26=0.74×1) |
| 321176 | 62 | 1.16 | 1 | 0.73~1.40 | (-22→-29=1.29×1) (19→26=1.29×2) (-20→10=1.29×1) (-10→10=0.73×1) (-10→-13=0.73×1) |
| 321187 | 59 | 1.02 | 1 | 0.73~1.40 | (19→26=1.29×2) (-20→10=1.29×1) (-10→10=0.73×1) (-10→-13=0.73×1) (12→-26=0.74×1) |
| 321197 | 55 | 0.84 | 1 | 0.73~1.40 | (19→26=1.29×2) (-20→10=1.29×1) (-10→10=0.73×1) (-10→-13=0.73×1) (12→-26=0.74×1) |
| 321207 | 54 | 0.85 | 1 | 0.73~1.40 | (19→26=1.29×2) (-10→10=0.73×1) (12→-26=0.74×1) (-8→-23=0.74×1) (2→23=1.25×4) |
| 321218 | 54 | 0.89 | 1 | 0.73~1.40 | (-16→-27=1.30×1) (19→26=1.29×2) (-10→10=0.73×1) (21→20=0.73×1) (12→-26=0.74×1) |
| 321228 | 55 | 0.89 | 1 | 0.71~1.40 | (-16→-27=1.30×1) (-3→-25=0.71×1) (19→26=1.29×2) (-10→10=0.73×1) (20→5=0.73×1) |
| 321238 | 50 | 0.88 | 1 | 0.70~1.30 | (-6→7=0.70×1) (-16→-27=1.30×1) (-19→-30=0.71×1) (-3→-25=0.71×1) (19→26=1.28×1) |
| 321249 | 54 | 1.04 | 1 | 0.70~1.30 | (-6→7=0.70×1) (-16→-27=1.30×1) (-19→-30=0.71×1) (-3→-25=0.71×1) (19→-27=0.71×1) |
| 321259 | 56 | 1.07 | 1 | 0.70~1.30 | (-6→7=0.70×1) (-16→-27=1.30×1) (-19→-30=0.71×1) (-3→-25=0.71×1) (19→-27=0.71×1) |
| 321269 | 54 | 1.13 | 1 | 0.70~1.30 | (-6→7=0.70×1) (-16→-27=1.30×1) (-19→-30=0.71×1) (-3→-25=0.71×1) (19→-27=0.71×1) |
| 321280 | 54 | 0.96 | 1 | 0.70~1.30 | (-6→7=0.70×1) (-16→-27=1.30×1) (-19→-30=0.71×1) (-3→-25=0.71×1) (-1→-1=1.29×1) |
| 321290 | 54 | 0.91 | 1 | 0.70~1.29 | (-6→7=0.70×1) (18→13=1.29×1) (-19→-30=0.71×1) (-3→-25=0.71×1) (-1→-1=1.29×1) |
| 321300 | 49 | 0.76 | 1 | 0.70~1.29 | (-6→7=0.70×1) (18→13=1.29×1) (-19→-30=0.71×1) (-3→-25=0.71×1) (-8→-24=1.28×1) |
| 321311 | 53 | 0.83 | 1 | 0.71~1.29 | (18→13=1.29×1) (-3→-25=0.71×1) (-17→21=1.29×1) (-8→-24=1.28×1) (20→5=0.73×1) |
| 321321 | 52 | 0.73 | 1 | 0.73~1.29 | (18→13=1.29×1) (-17→21=1.29×1) (-8→-24=1.28×1) (-12→3=0.73×1) (7→9=0.73×1) |
| 321331 | 55 | 0.85 | 1 | 0.73~1.29 | (18→13=1.29×1) (-17→21=1.29×1) (-8→-24=1.28×1) (-22→-10=1.28×1) (2→4=1.28×1) |
| 321342 | 50 | 0.80 | 1 | 0.73~1.29 | (18→13=1.29×1) (-17→21=1.29×1) (-8→-24=1.28×1) (-22→-10=1.28×1) (-12→3=0.73×1) |
| 321352 | 50 | 0.88 | 1 | 0.73~1.29 | (18→13=1.29×1) (-17→21=1.29×1) (-8→-24=1.28×1) (-22→-10=1.28×1) (-12→3=0.73×1) |
| 321362 | 51 | 0.82 | 1 | 0.72~1.29 | (18→13=1.29×1) (-17→21=1.29×1) (-22→-10=1.28×1) (17→13=0.72×1) (7→9=0.73×1) |
| 321373 | 51 | 0.82 | 1 | 0.72~1.29 | (18→13=1.29×1) (-17→21=1.29×1) (-22→-10=1.28×1) (17→13=0.72×1) (-19→-19=0.73×1) |
| 321383 | 50 | 0.66 | 1 | 0.72~1.29 | (-17→21=1.29×1) (-19→-19=0.73×1) (17→13=0.73×2) (7→9=0.73×1) (-6→-1=1.25×1) |
| 321393 | 52 | 0.75 | 2 | 0.72~1.25 | (17→13=0.73×2) (7→9=0.73×1) (-19→-19=0.74×3) (-13→22=0.74×1) (13→31=1.25×1) |
| 321404 | 53 | 0.70 | 2 | 0.72~1.25 | (17→13=0.73×2) (7→9=0.73×1) (-19→-19=0.74×3) (-13→22=0.74×1) (13→31=1.25×1) |
| 321414 | 50 | 0.56 | 1 | 0.73~1.25 | (-19→-19=0.73×2) (7→9=0.73×1) (-13→22=0.74×1) (13→31=1.25×1) (-6→30=1.25×1) |
| 321424 | 51 | 0.59 | 1 | 0.73~1.30 | (-2→28=1.30×1) (-19→-19=0.73×2) (-13→22=0.74×1) (8→26=1.25×1) (13→31=1.25×1) |
| 321435 | 54 | 0.74 | 1 | 0.73~1.30 | (-16→27=1.30×1) (-2→28=1.30×1) (5→7=1.27×1) (-19→-19=0.73×2) (4→-14=1.27×1) |
| 321445 | 54 | 0.72 | 1 | 0.73~1.30 | (-16→27=1.30×1) (-2→28=1.30×1) (5→7=1.27×1) (-19→-19=0.73×2) (4→-14=1.27×1) |
| 321455 | 52 | 0.77 | 1 | 0.73~1.30 | (-16→27=1.30×1) (-2→28=1.30×1) (5→7=1.27×1) (-19→-19=0.73×2) (4→-14=1.27×1) |
| 321466 | 52 | 0.65 | 1 | 0.73~1.30 | (-16→27=1.30×1) (-2→28=1.30×1) (5→7=1.27×1) (-19→-19=0.73×2) (4→-14=1.27×1) |
| 321476 | 54 | 1.09 | 1 | 0.71~1.30 | (-16→27=1.30×1) (-2→28=1.30×1) (-6→-22=0.71×2) (5→7=1.27×1) (-19→-19=0.73×2) |
| 321486 | 53 | 1.17 | 1 | 0.71~1.30 | (-16→27=1.30×1) (-6→-22=0.72×3) (-1→16=0.72×1) (-19→-19=0.73×1) (5→7=1.27×1) |
| 321497 | 53 | 1.08 | 1 | 0.71~1.30 | (-16→27=1.30×1) (-6→-22=0.72×2) (-19→-19=0.73×1) (5→7=1.27×1) (4→-14=1.27×1) |
| 321507 | 54 | 1.06 | 1 | 0.71~1.30 | (-16→27=1.30×1) (7→-26=1.28×1) (-6→-22=0.72×2) (-19→-19=0.73×1) (5→7=1.27×1) |
| 321517 | 55 | 1.24 | 1 | 0.71~1.30 | (-16→27=1.30×1) (7→-26=1.28×1) (-6→-22=0.72×2) (-19→-19=0.73×1) (5→7=1.27×1) |
| 321528 | 55 | 1.24 | 1 | 0.71~1.30 | (-16→27=1.30×1) (-6→-22=0.71×2) (7→-26=1.28×1) (-19→-19=0.73×1) (5→7=1.27×1) |
| 321538 | 55 | 1.20 | 1 | 0.72~1.32 | (-16→27=1.30×1) (7→-26=1.28×1) (-6→-22=0.72×1) (-19→-19=0.73×1) (5→7=1.27×1) |
| 321548 | 53 | 1.36 | 1 | 0.72~1.32 | (7→-26=1.28×1) (-6→-22=0.72×1) (-19→-19=0.73×1) (-19→12=1.27×1) (21→-29=0.74×1) |
| 321559 | 52 | 1.19 | 1 | 0.73~1.32 | (7→-26=1.28×1) (-19→-19=0.73×1) (-19→12=1.27×1) (-24→7=1.27×1) (-1→9=0.75×2) |
| 321569 | 50 | 1.14 | 1 | 0.71~1.32 | (-1→-31=0.71×1) (-19→-19=0.73×1) (-19→12=1.27×1) (-24→7=1.27×1) (-17→25=1.25×1) |
| 321579 | 52 | 0.85 | 1 | 0.71~1.27 | (-1→-31=0.71×1) (-10→-24=0.72×1) (-19→-19=0.73×1) (-19→12=1.27×1) (-24→7=1.27×1) |
| 321590 | 54 | 0.91 | 1 | 0.71~1.27 | (-1→-31=0.71×1) (-10→-24=0.72×1) (-19→-19=0.73×1) (-19→12=1.27×1) (-24→7=1.27×1) |
| 321600 | 54 | 0.83 | 1 | 0.71~1.27 | (-1→-31=0.71×1) (-10→-24=0.72×1) (-19→-19=0.73×1) (-19→12=1.27×1) (-12→12=0.73×1) |
| 321610 | 50 | 0.78 | 1 | 0.71~1.27 | (-1→-31=0.71×1) (-10→-24=0.72×1) (-19→12=1.27×1) (-12→12=0.73×1) (-17→25=1.25×1) |
| 321621 | 50 | 0.62 | 1 | 0.71~1.27 | (-1→-31=0.71×1) (-19→12=1.27×1) (-12→12=0.73×1) (-17→25=1.25×1) (-11→15=0.75×1) |
| 321631 | 51 | 0.57 | 1 | 0.71~1.27 | (11→-27=0.71×1) (-19→12=1.27×1) (-12→12=0.73×1) (-7→29=0.75×1) (-11→15=0.75×1) |
| 321641 | 52 | 0.63 | 1 | 0.71~1.24 | (11→-27=0.71×1) (-12→12=0.73×1) (-7→29=0.75×1) (-11→15=0.75×1) (17→13=1.24×2) |
| 321652 | 54 | 0.76 | 1 | 0.66~1.24 | (11→-27=0.69×2) (-12→12=0.73×1) (-7→29=0.75×1) (-11→15=0.75×1) (17→13=1.24×2) |
| 321662 | 55 | 0.87 | 2 | 0.66~1.30 | (11→-27=0.69×2) (-20→22=1.30×1) (-24→24=0.71×1) (-12→12=0.73×1) (-7→29=0.75×1) |
| 321672 | 55 | 0.80 | 2 | 0.66~1.30 | (11→-27=0.69×2) (-20→22=1.30×1) (-24→24=0.71×1) (8→-15=0.73×1) (-12→12=0.73×1) |
| 321683 | 52 | 0.81 | 2 | 0.66~1.30 | (11→-27=0.69×2) (-20→22=1.30×1) (-24→24=0.71×1) (8→-15=0.73×1) (-12→12=0.73×1) |
| 321693 | 52 | 0.79 | 2 | 0.66~1.30 | (11→-27=0.69×2) (-20→22=1.30×1) (-24→24=0.71×1) (8→-15=0.73×1) (-12→12=0.73×1) |
| 321703 | 50 | 0.86 | 2 | 0.66~1.30 | (11→-27=0.69×2) (-20→22=1.30×1) (-24→24=0.71×1) (8→-15=0.73×1) (-12→12=0.73×1) |
| 321714 | 51 | 0.76 | 2 | 0.66~1.30 | (11→-27=0.69×2) (-20→22=1.30×1) (-24→24=0.71×1) (8→-15=0.73×1) (-12→12=0.73×1) |
| 321724 | 52 | 0.77 | 2 | 0.66~1.30 | (11→-27=0.69×2) (-20→22=1.30×1) (-24→24=0.71×1) (-12→12=0.73×1) (-7→29=0.75×1) |
| 321734 | 53 | 0.83 | 2 | 0.66~1.30 | (11→-27=0.69×2) (-20→22=1.30×1) (-24→24=0.71×1) (-12→12=0.73×1) (-21→2=1.26×1) |
| 321745 | 51 | 0.59 | 1 | 0.71~1.26 | (11→-27=0.71×1) (-12→12=0.73×1) (-21→2=1.26×1) (7→19=0.75×2) (17→13=1.24×1) |
| 321755 | 52 | 0.75 | 2 | 0.70~1.30 | (19→13=0.70×1) (12→29=1.30×1) (11→-27=0.71×1) (-22→7=1.26×1) (-21→2=1.25×1) |
| 321765 | 53 | 0.77 | 2 | 0.70~1.26 | (19→13=0.70×1) (11→-27=0.71×1) (-22→7=1.26×1) (7→19=0.75×2) (17→13=1.24×1) |
| 321776 | 52 | 0.77 | 2 | 0.70~1.26 | (19→13=0.70×1) (11→-27=0.71×1) (-22→7=1.26×1) (7→19=0.75×2) (17→13=1.24×1) |
| 321786 | 56 | 0.98 | 2 | 0.70~1.26 | (19→13=0.70×1) (19→1=0.72×1) (-22→-22=0.73×1) (-22→7=1.26×1) (-12→1=0.75×1) |
| 321796 | 55 | 0.95 | 2 | 0.70~1.26 | (19→13=0.70×1) (19→1=0.72×1) (-22→-22=0.73×1) (-22→7=1.26×1) (-12→1=0.75×1) |
| 321807 | 58 | 1.22 | 2 | 0.70~1.30 | (19→13=0.70×1) (19→1=0.72×1) (-22→7=1.26×1) (-12→1=0.75×1) (14→-11=0.75×1) |
| 321817 | 53 | 1.09 | 1 | 0.70~1.26 | (19→13=0.70×1) (8→4=0.72×1) (7→19=0.73×1) (-22→7=1.26×1) (-12→1=0.75×1) |
| 321827 | 52 | 0.96 | 1 | 0.72~1.25 | (8→4=0.72×1) (7→19=0.73×1) (-12→1=0.75×1) (14→-11=0.75×1) (18→-26=1.24×2) |
| 321838 | 53 | 1.04 | 1 | 0.71~1.31 | (-2→-19=0.71×1) (8→4=0.72×1) (14→-20=1.26×1) (-12→1=0.75×1) (14→-11=0.75×1) |
| 321848 | 56 | 1.14 | 1 | 0.71~1.31 | (-2→-19=0.71×1) (8→4=0.72×1) (-12→1=0.75×1) (-15→6=0.75×1) (14→-20=1.25×2) |
| 321858 | 57 | 1.07 | 1 | 0.71~1.31 | (-1→-28=0.71×1) (-2→-19=0.71×1) (8→4=0.72×1) (-12→1=0.75×1) (-15→6=0.75×1) |
| 321869 | 53 | 0.77 | 1 | 0.71~1.31 | (-1→-28=0.71×1) (-2→-19=0.71×1) (14→-20=1.26×1) (-12→1=0.75×1) (14→-11=0.75×1) |
| 321879 | 57 | 0.74 | 1 | 0.71~1.31 | (-1→-28=0.71×1) (-2→-19=0.71×1) (14→-20=1.26×1) (-12→1=0.75×1) (14→-11=0.75×1) |
| 321889 | 56 | 0.68 | 1 | 0.71~1.31 | (-1→-28=0.71×1) (-12→1=0.75×1) (14→-11=0.75×1) (17→13=1.24×3) (9→-9=0.77×1) |
| 321900 | 58 | 0.69 | 1 | 0.71~1.24 | (-1→-28=0.71×1) (-12→1=0.75×1) (14→-11=0.75×1) (17→13=1.24×2) (9→-9=0.77×1) |
| 321910 | 56 | 0.55 | 1 | 0.75~1.24 | (-12→1=0.75×1) (-16→-12=0.76×1) (17→13=1.24×1) (9→-9=0.77×1) (5→13=0.78×2) |
| 321920 | 55 | 0.58 | 1 | 0.76~1.26 | (-21→16=1.26×1) (-16→-12=0.76×1) (17→13=1.24×1) (9→-9=0.77×1) (9→23=0.78×1) |
| 321931 | 52 | 0.52 | 1 | 0.76~1.24 | (-16→-12=0.76×1) (17→13=1.24×1) (9→-9=0.77×1) (5→13=0.79×1) (-8→-17=0.79×1) |
| 321941 | 55 | 0.56 | 2 | 0.73~1.28 | (-13→-30=1.28×1) (11→29=1.27×1) (13→-15=0.73×1) (-16→-12=0.76×1) (17→13=1.24×1) |
| 321951 | 56 | 0.75 | 2 | 0.73~1.28 | (-13→-30=1.28×1) (11→29=1.27×1) (13→-15=0.74×2) (-23→3=0.74×1) (-16→-12=0.76×1) |
| 321962 | 58 | 0.88 | 2 | 0.73~1.28 | (-13→-30=1.27×2) (19→-5=1.27×1) (11→29=1.27×2) (13→-15=0.74×2) (-23→3=0.74×1) |
| 321972 | 57 | 0.79 | 2 | 0.73~1.28 | (-13→-30=1.27×2) (19→-5=1.27×1) (11→29=1.27×2) (13→-15=0.74×2) (-23→3=0.74×1) |
| 321982 | 59 | 1.05 | 2 | 0.73~1.30 | (16→2=1.29×2) (23→-8=1.29×2) (4→-11=1.28×1) (-13→-30=1.27×2) (19→-5=1.27×1) |
| 321993 | 57 | 1.18 | 2 | 0.73~1.30 | (16→2=1.29×2) (23→-8=1.29×2) (4→-11=1.28×1) (-13→-30=1.27×2) (19→-5=1.27×1) |
| 322003 | 60 | 1.45 | 2 | 0.70~1.30 | (-17→25=0.70×1) (16→2=1.29×2) (4→-11=1.28×1) (23→-8=1.28×1) (-13→-30=1.27×2) |
| 322013 | 57 | 1.54 | 2 | 0.70~1.30 | (-17→25=0.70×1) (16→2=1.29×2) (21→-8=0.72×1) (4→-11=1.28×1) (23→-8=1.28×1) |
| 322024 | 57 | 1.54 | 2 | 0.70~1.30 | (-17→25=0.70×1) (16→2=1.29×2) (-6→20=0.72×1) (21→-8=0.72×1) (4→-11=1.28×1) |
| 322034 | 52 | 1.12 | 2 | 0.72~1.30 | (16→2=1.29×2) (-6→20=0.72×1) (21→-8=0.72×1) (4→-11=1.28×1) (-13→-30=1.28×1) |
| 322044 | 52 | 1.06 | 2 | 0.72~1.30 | (-21→-16=1.29×1) (16→2=1.29×2) (-6→20=0.72×1) (4→-11=1.28×1) (19→-5=1.27×1) |
| 322055 | 54 | 1.19 | 2 | 0.71~1.30 | (16→2=1.30×1) (-21→-16=1.29×1) (10→-27=0.71×1) (-6→20=0.72×1) (19→-5=1.27×1) |
| 322065 | 54 | 1.06 | 2 | 0.71~1.30 | (16→2=1.30×1) (-21→-16=1.29×1) (-6→20=0.72×1) (10→-27=0.72×2) (10→9=1.27×2) |
| 322075 | 55 | 1.25 | 2 | 0.71~1.30 | (16→2=1.30×1) (-21→-16=1.29×1) (4→1=1.29×1) (-24→-10=1.29×1) (-6→20=0.72×1) |
| 322086 | 55 | 1.38 | 2 | 0.71~1.30 | (16→2=1.30×1) (-21→-16=1.29×1) (4→1=1.29×1) (-6→20=0.72×1) (-24→-10=1.28×2) |
| 322096 | 53 | 1.34 | 2 | 0.70~1.29 | (14→-3=0.70×1) (-19→22=0.70×1) (-21→-16=1.29×1) (4→1=1.29×1) (-24→-10=1.28×2) |
| 322106 | 56 | 1.34 | 2 | 0.70~1.29 | (14→-3=0.70×1) (-19→22=0.70×1) (-21→-16=1.29×1) (4→1=1.29×1) (-24→-10=1.28×2) |
| 322117 | 55 | 1.16 | 2 | 0.70~1.29 | (14→-3=0.70×1) (-19→22=0.70×1) (-21→-16=1.29×1) (4→1=1.29×1) (-24→-10=1.29×1) |
| 322127 | 53 | 1.26 | 2 | 0.70~1.29 | (14→-3=0.70×1) (-19→22=0.70×1) (-21→-16=1.29×1) (4→1=1.29×1) (-24→-10=1.29×1) |
| 322137 | 53 | 1.28 | 2 | 0.70~1.29 | (14→-3=0.70×1) (-19→22=0.70×1) (4→1=1.29×1) (17→11=0.71×1) (-24→-10=1.29×1) |
| 322148 | 55 | 1.31 | 2 | 0.70~1.29 | (-12→-10=0.70×1) (14→-3=0.70×1) (-19→22=0.70×1) (4→1=1.29×1) (17→11=0.71×1) |
| 322158 | 52 | 1.13 | 2 | 0.70~1.29 | (-12→-10=0.70×1) (4→1=1.29×1) (17→11=0.71×1) (-1→26=1.29×1) (13→-15=0.73×1) |
| 322168 | 53 | 1.19 | 2 | 0.70~1.33 | (-12→-10=0.70×1) (4→1=1.29×1) (17→11=0.71×1) (-1→26=1.29×1) (-12→-8=1.28×3) |
| 322179 | 52 | 1.33 | 2 | 0.70~1.33 | (-12→-10=0.70×1) (4→1=1.29×1) (17→11=0.71×1) (-1→26=1.29×1) (-12→-8=1.28×3) |
| 322189 | 51 | 1.53 | 1 | 0.70~1.33 | (-12→-10=0.70×1) (4→1=1.29×1) (17→11=0.71×1) (-1→26=1.29×1) (21→-5=0.71×1) |
| 322199 | 51 | 1.41 | 1 | 0.70~1.33 | (-12→-10=0.70×1) (-12→-8=1.30×2) (4→1=1.29×1) (17→11=0.71×1) (-1→26=1.29×1) |
| 322210 | 50 | 1.54 | 1 | 0.70~1.33 | (-12→-10=0.70×1) (-12→-8=1.30×2) (4→1=1.29×1) (17→11=0.71×1) (-1→26=1.29×1) |
| 322220 | 50 | 1.30 | 1 | 0.70~1.30 | (-12→-10=0.70×1) (7→-18=1.30×1) (3→4=1.29×1) (-1→26=1.29×1) (21→-5=0.71×1) |
| 322230 | 50 | 1.20 | 1 | 0.70~1.30 | (-12→-10=0.70×1) (7→-18=1.30×1) (3→4=1.29×1) (10→-29=1.28×1) (20→-1=1.26×2) |
| 322241 | 51 | 1.76 | 2 | 0.70~1.39 | (6→11=1.30×5) (-12→-10=0.70×1) (7→-18=1.30×1) (3→4=1.29×1) (20→-1=1.28×5) |
| 322251 | 50 | 1.94 | 2 | 0.70~1.40 | (-12→-26=1.32×2) (6→11=1.30×5) (-12→-10=0.70×1) (7→-18=1.30×1) (3→4=1.29×1) |
| 322262 | 52 | 2.21 | 2 | 0.70~1.40 | (-12→-26=1.32×2) (6→11=1.31×6) (-12→-10=0.70×1) (7→-18=1.30×1) (3→4=1.29×1) |
| 322272 | 50 | 2.12 | 2 | 0.70~1.39 | (6→11=1.31×6) (-12→-10=0.70×1) (7→-18=1.30×1) (3→4=1.29×1) (20→-1=1.27×7) |
| 322282 | 51 | 1.82 | 2 | 0.70~1.39 | (6→11=1.30×5) (-12→-10=0.70×1) (7→-18=1.30×1) (3→4=1.29×1) (-12→5=0.72×1) |
| 322293 | 50 | 1.60 | 2 | 0.70~1.39 | (-12→-10=0.70×1) (7→-18=1.30×1) (3→4=1.29×1) (6→11=1.29×4) (-12→5=0.72×1) |
| 322303 | 55 | 1.56 | 2 | 0.70~1.39 | (-12→-10=0.70×1) (6→11=1.29×4) (-12→5=0.72×1) (11→-29=1.26×1) (21→-6=1.26×1) |
| 322313 | 54 | 1.50 | 2 | 0.72~1.26 | (-12→5=0.72×1) (-24→-10=0.73×1) (11→-29=1.26×1) (21→-6=1.26×1) (20→-1=1.25×4) |
| 322324 | 54 | 1.50 | 2 | 0.70~1.26 | (21→-17=0.70×1) (-12→5=0.72×1) (-24→-10=0.73×1) (11→-29=1.26×1) (21→-6=1.26×1) |
| 322334 | 51 | 1.45 | 2 | 0.70~1.26 | (21→-17=0.70×1) (-12→5=0.72×1) (-24→-10=0.73×1) (11→-29=1.26×1) (20→-1=1.25×4) |
| 322344 | 55 | 1.65 | 2 | 0.70~1.26 | (21→-17=0.70×1) (-23→30=0.71×1) (-12→5=0.72×1) (-24→-10=0.73×1) (11→-29=1.26×1) |
| 322355 | 55 | 1.60 | 2 | 0.70~1.26 | (21→-17=0.70×1) (-23→30=0.71×1) (-12→5=0.72×1) (-24→-10=0.73×1) (20→-1=1.25×5) |
| 322365 | 58 | 1.66 | 2 | 0.70~1.27 | (21→-17=0.70×1) (-23→30=0.71×1) (-12→5=0.72×1) (2→-6=1.27×1) (-24→-10=0.73×1) |
| 322375 | 60 | 1.82 | 2 | 0.70~1.27 | (21→-17=0.70×1) (-23→30=0.71×1) (-12→5=0.72×1) (2→-6=1.27×1) (14→13=1.27×1) |
| 322386 | 59 | 1.64 | 1 | 0.70~1.29 | (21→-17=0.70×1) (-23→30=0.71×1) (-3→4=1.29×1) (-12→5=0.72×1) (2→-6=1.27×1) |
| 322396 | 63 | 1.79 | 1 | 0.70~1.29 | (21→-17=0.70×1) (5→-20=1.29×1) (-23→30=0.71×1) (-3→4=1.29×1) (-12→5=0.72×1) |
| 322406 | 58 | 1.71 | 1 | 0.70~1.29 | (21→-17=0.70×1) (5→-20=1.29×1) (-23→30=0.71×1) (-3→4=1.29×1) (22→-24=1.27×1) |
| 322417 | 60 | 1.83 | 2 | 0.65~1.30 | (3→-1=0.70×3) (4→-3=1.30×1) (21→-17=0.70×1) (5→-20=1.29×1) (-23→30=0.71×1) |
| 322427 | 61 | 1.82 | 2 | 0.65~1.30 | (3→-1=0.70×3) (4→-3=1.30×1) (5→-20=1.29×1) (-23→30=0.71×1) (-3→4=1.29×1) |
| 322437 | 66 | 1.92 | 2 | 0.65~1.30 | (3→-1=0.70×3) (-24→-16=0.70×1) (4→-3=1.30×1) (5→-20=1.29×1) (-23→30=0.71×1) |
| 322448 | 64 | 1.88 | 2 | 0.70~1.30 | (-24→-16=0.70×1) (4→-3=1.30×1) (6→21=1.29×1) (-3→4=1.29×1) (3→-1=0.71×1) |
| 322458 | 64 | 1.80 | 2 | 0.70~1.30 | (-24→-16=0.70×1) (9→22=1.30×1) (4→-3=1.30×1) (6→21=1.29×1) (-3→4=1.29×1) |
| 322468 | 63 | 1.81 | 2 | 0.70~1.30 | (-24→-16=0.70×1) (9→22=1.30×1) (4→-3=1.30×1) (15→14=1.30×1) (6→21=1.29×1) |
| 322479 | 61 | 1.75 | 2 | 0.70~1.30 | (-24→-16=0.70×1) (9→22=1.30×1) (4→-3=1.30×1) (15→14=1.30×1) (6→21=1.29×1) |
| 322489 | 58 | 1.43 | 2 | 0.70~1.30 | (-24→-16=0.70×1) (4→-3=1.30×1) (15→14=1.30×1) (6→21=1.29×1) (3→-1=0.71×1) |
| 322499 | 55 | 1.42 | 2 | 0.70~1.30 | (-24→-16=0.70×1) (4→-3=1.30×1) (15→14=1.30×1) (6→21=1.29×1) (3→-1=0.71×1) |
| 322510 | 52 | 1.23 | 2 | 0.70~1.30 | (-24→-16=0.70×1) (4→-3=1.30×1) (15→14=1.30×1) (6→21=1.29×1) (-4→13=0.72×1) |
| 322520 | 50 | 1.36 | 2 | 0.70~1.30 | (-24→-16=0.70×1) (-17→15=1.30×1) (4→-3=1.30×1) (15→14=1.30×1) (6→21=1.29×1) |
| 322530 | 51 | 1.31 | 2 | 0.70~1.30 | (-24→-16=0.70×1) (-17→15=1.30×1) (4→-3=1.30×1) (7→2=0.71×1) (-17→24=1.28×1) |
| 322541 | 51 | 1.16 | 2 | 0.70~1.30 | (-24→-16=0.70×1) (-17→15=1.30×1) (4→-3=1.30×1) (7→2=0.71×1) (-17→24=1.28×1) |
| 322551 | 51 | 1.18 | 2 | 0.70~1.30 | (-24→-16=0.70×1) (-17→15=1.30×1) (4→-3=1.30×1) (7→2=0.71×1) (-17→24=1.28×1) |
| 322561 | 50 | 1.30 | 2 | 0.70~1.30 | (-24→-16=0.70×1) (4→-3=1.30×1) (10→16=0.73×1) (10→-19=1.26×1) (24→-9=1.26×1) |
| 322572 | 52 | 1.29 | 2 | 0.70~1.30 | (-24→-16=0.70×1) (4→-3=1.30×1) (10→16=0.73×1) (10→-19=1.26×1) (24→-9=1.26×1) |
| 322582 | 56 | 1.27 | 1 | 0.72~1.26 | (14→19=0.72×1) (19→8=0.73×1) (10→-19=1.26×1) (24→-9=1.26×1) (-13→-19=1.26×1) |
| 322592 | 53 | 1.23 | 1 | 0.72~1.26 | (14→19=0.72×1) (19→8=0.73×1) (10→-19=1.26×1) (24→-9=1.26×1) (-13→-19=1.26×1) |
| 322603 | 54 | 1.28 | 1 | 0.72~1.27 | (14→19=0.72×1) (19→8=0.73×1) (-14→27=1.27×1) (21→-10=0.73×1) (10→-19=1.26×1) |
| 322613 | 51 | 1.25 | 1 | 0.72~1.26 | (14→19=0.72×1) (19→8=0.73×1) (21→-10=0.73×1) (10→-19=1.26×1) (24→-9=1.26×1) |
| 322623 | 52 | 1.42 | 1 | 0.72~1.28 | (14→19=0.72×1) (7→16=0.73×2) (21→-10=0.73×1) (5→-2=1.27×4) (10→-19=1.26×1) |
| 322634 | 55 | 1.49 | 1 | 0.72~1.28 | (14→19=0.72×1) (7→16=0.73×2) (-1→6=0.73×1) (21→-10=0.73×1) (5→-2=1.27×4) |
| 322644 | 58 | 1.59 | 2 | 0.72~1.29 | (21→-7=1.29×1) (14→19=0.72×1) (-1→6=0.73×1) (7→16=0.73×3) (21→-10=0.73×1) |
| 322654 | 58 | 1.59 | 2 | 0.72~1.29 | (21→-7=1.29×1) (14→19=0.72×1) (-1→6=0.73×1) (7→16=0.73×3) (21→-10=0.73×1) |
| 322665 | 56 | 1.55 | 2 | 0.72~1.29 | (21→-7=1.29×1) (14→19=0.72×1) (-1→6=0.73×1) (7→16=0.73×3) (21→-10=0.73×1) |
| 322675 | 57 | 1.67 | 2 | 0.72~1.29 | (21→-7=1.29×1) (14→19=0.72×1) (-1→6=0.73×1) (7→16=0.73×4) (21→-10=0.73×1) |
| 322685 | 59 | 1.66 | 1 | 0.72~1.29 | (21→-7=1.29×1) (14→19=0.72×1) (-1→6=0.73×1) (7→16=0.73×4) (21→-10=0.73×1) |
| 322696 | 60 | 1.78 | 1 | 0.71~1.28 | (13→2=0.71×1) (22→-5=1.28×1) (14→19=0.72×1) (-1→6=0.73×1) (21→-10=0.73×1) |
| 322706 | 53 | 1.47 | 1 | 0.71~1.28 | (13→2=0.71×1) (22→-5=1.28×1) (14→19=0.72×1) (-1→6=0.73×1) (21→-10=0.73×1) |
| 322716 | 51 | 1.33 | 1 | 0.71~1.27 | (13→2=0.71×1) (14→19=0.72×1) (21→-10=0.73×1) (10→-19=1.26×1) (24→-9=1.26×1) |
| 322727 | 53 | 1.17 | 1 | 0.72~1.27 | (14→19=0.72×1) (-23→5=1.27×1) (21→-10=0.73×1) (10→-19=1.26×1) (24→-9=1.26×1) |
| 322737 | 53 | 1.17 | 1 | 0.72~1.28 | (14→19=0.72×1) (17→-30=1.28×1) (21→-24=0.73×1) (-23→5=1.27×1) (21→-10=0.73×1) |
| 322747 | 50 | 1.10 | 1 | 0.72~1.28 | (14→19=0.72×1) (17→-30=1.28×1) (21→-24=0.73×1) (-23→5=1.27×1) (21→-10=0.73×1) |
| 322758 | 51 | 1.04 | 1 | 0.72~1.28 | (14→19=0.72×1) (17→-30=1.28×1) (-10→31=0.73×1) (21→-24=0.73×1) (-23→5=1.27×1) |
| 322768 | 52 | 1.00 | 1 | 0.72~1.28 | (14→19=0.72×1) (17→-30=1.28×1) (-10→31=0.73×1) (21→-24=0.73×1) (-23→5=1.27×1) |
| 322778 | 51 | 0.92 | 1 | 0.72~1.26 | (14→19=0.72×1) (3→1=0.74×1) (24→17=1.26×1) (-21→-19=0.75×1) (20→-1=1.25×1) |
| 322789 | 51 | 0.69 | 1 | 0.72~1.25 | (14→19=0.72×1) (3→1=0.74×1) (-21→-19=0.75×1) (20→-1=1.25×1) (-11→-8=0.76×2) |
| 322799 | 53 | 0.74 | 1 | 0.74~1.25 | (3→1=0.74×1) (-21→-19=0.75×1) (20→-1=1.25×1) (-18→9=1.25×1) (-11→-8=0.76×2) |
| 322809 | 54 | 0.76 | 1 | 0.74~1.25 | (-16→-7=0.74×1) (3→1=0.74×1) (-21→-19=0.75×1) (20→-1=1.25×1) (-18→9=1.25×1) |
| 322820 | 56 | 0.80 | 1 | 0.70~1.25 | (8→-28=0.70×1) (-16→-7=0.74×1) (3→1=0.74×1) (-21→-19=0.75×1) (20→-1=1.25×1) |
| 322830 | 52 | 0.71 | 1 | 0.70~1.25 | (8→-28=0.70×1) (3→1=0.74×1) (-16→-7=0.74×2) (-21→-19=0.75×1) (24→-24=1.25×1) |
| 322840 | 53 | 0.72 | 1 | 0.70~1.25 | (8→-28=0.70×1) (3→1=0.74×1) (-16→-7=0.74×2) (-21→-19=0.75×1) (24→-24=1.25×1) |
| 322851 | 52 | 0.69 | 1 | 0.70~1.25 | (8→-28=0.70×1) (3→1=0.74×1) (-16→-7=0.74×2) (-21→-19=0.75×1) (24→-24=1.25×1) |
| 322861 | 52 | 0.85 | 1 | 0.70~1.31 | (8→-28=0.70×1) (-5→-11=1.27×2) (3→1=0.74×1) (-16→-7=0.74×2) (-21→-19=0.75×1) |
| 322871 | 51 | 0.78 | 1 | 0.70~1.25 | (8→-28=0.70×1) (3→1=0.74×1) (-16→-7=0.74×2) (-21→-19=0.75×1) (24→-24=1.25×1) |
| 322882 | 53 | 0.87 | 1 | 0.70~1.47 | (24→10=1.36×2) (8→-28=0.70×1) (8→17=0.72×1) (3→1=0.74×1) (-16→-7=0.74×2) |
| 322892 | 49 | 0.82 | 1 | 0.70~1.47 | (24→10=1.36×2) (8→-28=0.70×1) (8→17=0.72×1) (3→1=0.74×1) (-16→-7=0.74×2) |
| 322902 | 50 | 0.52 | 1 | 0.70~1.47 | (24→10=1.47×1) (8→-28=0.70×1) (8→17=0.72×1) (-16→-7=0.74×2) (24→-24=1.25×1) |
| 322913 | 49 | 0.47 | 1 | 0.70~1.25 | (8→-28=0.70×1) (-16→-7=0.74×2) (24→-24=1.25×1) (-13→-19=0.75×1) (-11→-8=0.75×1) |
| 322923 | 51 | 0.47 | 1 | 0.70~1.25 | (8→-28=0.70×1) (-16→-7=0.74×2) (24→-24=1.25×1) (-13→-19=0.75×1) (-11→-8=0.75×1) |
| 322933 | 51 | 0.45 | 1 | 0.74~1.25 | (-16→-7=0.74×2) (24→-24=1.25×1) (-13→-19=0.75×1) (-11→-8=0.75×1) (-6→-28=0.75×1) |
| 322944 | 51 | 0.45 | 1 | 0.73~1.30 | (18→23=1.30×1) (9→23=0.73×1) (-16→-7=0.74×1) (24→-24=1.25×1) (-13→-19=0.75×1) |
| 322954 | 52 | 0.52 | 1 | 0.73~1.30 | (18→23=1.30×1) (12→-12=1.28×1) (9→23=0.73×1) (-16→-7=0.74×1) (24→-24=1.25×1) |
| 322964 | 50 | 0.40 | 1 | 0.73~1.30 | (18→23=1.30×1) (12→-12=1.28×1) (9→23=0.73×1) (-11→-8=0.75×1) (-6→-28=0.75×1) |
| 322975 | 51 | 0.39 | 1 | 0.73~1.30 | (18→23=1.30×1) (12→-12=1.28×1) (9→23=0.73×1) (-11→-8=0.75×1) (-6→-28=0.75×1) |
| 322985 | 55 | 0.45 | 1 | 0.73~1.30 | (18→23=1.30×1) (12→-12=1.28×1) (-14→9=0.73×1) (9→23=0.73×1) (-11→-8=0.75×1) |
| 322995 | 55 | 0.49 | 1 | 0.72~1.30 | (18→23=1.30×1) (11→-17=0.72×1) (12→-12=1.28×1) (-14→9=0.73×1) (9→23=0.73×1) |
| 323006 | 57 | 0.47 | 1 | 0.72~1.30 | (18→23=1.30×1) (11→-17=0.72×1) (-14→9=0.73×1) (9→23=0.73×1) (-11→-8=0.75×1) |
| 323016 | 56 | 0.45 | 1 | 0.71~1.24 | (3→-7=0.71×1) (11→-17=0.72×1) (-14→9=0.73×1) (-11→-8=0.75×1) (-6→-28=0.75×1) |
| 323026 | 58 | 0.60 | 1 | 0.71~1.24 | (3→-7=0.71×1) (11→-17=0.72×1) (-14→9=0.73×1) (-11→-8=0.75×1) (-6→-28=0.75×1) |
| 323037 | 58 | 0.67 | 1 | 0.71~1.29 | (16→-19=1.29×1) (3→-7=0.71×1) (11→-17=0.72×1) (-14→9=0.73×1) (-11→-8=0.75×1) |
| 323047 | 57 | 0.68 | 1 | 0.71~1.29 | (16→-19=1.29×1) (3→-7=0.71×1) (-14→9=0.73×1) (-6→-28=0.75×1) (15→-22=0.75×1) |
| 323057 | 56 | 0.79 | 1 | 0.71~1.29 | (16→-19=1.29×1) (3→-7=0.71×1) (-5→-29=0.71×1) (-13→-22=0.73×1) (-14→9=0.73×1) |
| 323068 | 55 | 0.78 | 1 | 0.71~1.29 | (16→-19=1.29×1) (-5→-29=0.71×1) (-13→-22=0.73×1) (-14→9=0.73×1) (15→-22=0.75×1) |
| 323078 | 57 | 0.79 | 1 | 0.71~1.29 | (16→-19=1.29×1) (-5→-29=0.71×1) (-13→-22=0.73×1) (-14→9=0.73×1) (15→-22=0.75×1) |
| 323088 | 57 | 0.77 | 1 | 0.73~1.29 | (16→-19=1.29×1) (-13→-22=0.73×1) (-14→9=0.73×1) (15→-22=0.75×1) (24→-11=1.24×1) |
| 323099 | 56 | 0.71 | 1 | 0.73~1.29 | (16→-19=1.29×1) (-13→-22=0.73×1) (-14→9=0.73×1) (15→-22=0.75×1) (24→-11=1.24×1) |
| 323109 | 55 | 0.71 | 1 | 0.73~1.29 | (16→-19=1.29×1) (-13→-22=0.73×1) (-14→9=0.73×1) (5→-24=0.75×1) (15→-22=0.75×1) |
| 323119 | 55 | 0.62 | 1 | 0.73~1.24 | (-13→-22=0.73×1) (-14→9=0.73×1) (5→-24=0.75×1) (15→-22=0.75×1) (24→-11=1.24×1) |
| 323130 | 55 | 0.55 | 1 | 0.73~1.24 | (-13→-22=0.73×1) (-14→9=0.73×1) (5→-24=0.75×1) (24→-11=1.24×1) (-5→21=1.24×1) |
| 323140 | 57 | 0.67 | 1 | 0.73~1.24 | (-13→-22=0.73×1) (-14→9=0.73×1) (-21→-29=0.74×1) (16→13=0.74×1) (5→-24=0.75×1) |
| 323150 | 55 | 0.69 | 1 | 0.73~1.24 | (-13→-22=0.73×1) (-21→-29=0.74×1) (16→13=0.74×1) (5→-24=0.75×1) (24→-11=1.24×1) |
| 323161 | 54 | 0.89 | 1 | 0.73~1.28 | (-23→-23=1.28×1) (-13→-22=0.73×1) (-21→-29=0.74×1) (16→13=0.74×1) (5→-24=0.75×1) |
| 323171 | 50 | 0.80 | 1 | 0.71~1.28 | (7→-6=0.71×1) (-23→-23=1.28×1) (-13→-22=0.73×1) (16→13=0.74×1) (5→-24=0.75×1) |
| 323181 | 51 | 0.82 | 1 | 0.71~1.28 | (7→-6=0.71×1) (-23→-23=1.28×1) (-13→-22=0.73×1) (-18→-6=1.26×1) (16→13=0.74×1) |
| 323192 | 51 | 0.94 | 1 | 0.71~1.30 | (1→26=1.30×1) (7→-6=0.71×1) (-7→-24=0.72×1) (-23→-23=1.28×1) (-13→-22=0.73×1) |
| 323202 | 51 | 1.12 | 1 | 0.71~1.30 | (1→26=1.30×1) (16→-6=0.71×1) (-7→-24=0.72×1) (-23→-23=1.27×2) (-13→-22=0.73×1) |
| 323212 | 53 | 1.09 | 1 | 0.71~1.30 | (1→26=1.30×1) (-23→19=0.71×1) (-7→-24=0.72×1) (-23→-23=1.27×2) (-13→-22=0.73×1) |
| 323223 | 50 | 1.04 | 1 | 0.71~1.30 | (1→26=1.30×1) (-23→19=0.71×1) (-7→-24=0.72×1) (-23→-23=1.27×2) (-13→-22=0.73×1) |
| 323233 | 50 | 0.82 | 1 | 0.72~1.28 | (-7→-24=0.72×1) (-23→-23=1.27×2) (-18→-6=1.26×1) (-13→4=1.25×1) (-24→-5=1.22×2) |
| 323243 | 53 | 0.81 | 1 | 0.72~1.28 | (-7→-24=0.72×1) (-23→-23=1.28×1) (-18→-6=1.26×1) (-1→26=0.75×1) (-13→4=1.25×1) |
| 323254 | 52 | 0.75 | 1 | 0.72~1.29 | (-3→-17=1.29×1) (-7→-24=0.72×1) (-23→-23=1.28×1) (-18→-6=1.26×1) (-1→26=0.75×1) |
| 323264 | 50 | 0.68 | 1 | 0.72~1.29 | (-3→-17=1.29×1) (-7→-24=0.72×1) (-23→-23=1.28×1) (-13→4=1.25×1) (7→-8=0.77×1) |
| 323274 | 53 | 0.87 | 1 | 0.72~1.29 | (19→14=1.29×1) (-3→-17=1.28×2) (-7→-24=0.72×1) (-23→-23=1.28×1) (-6→5=1.27×1) |
| 323285 | 54 | 0.89 | 1 | 0.72~1.29 | (19→14=1.29×1) (-7→-24=0.72×1) (-3→-17=1.28×1) (-23→-23=1.28×1) (-6→5=1.27×1) |
| 323295 | 51 | 0.94 | 1 | 0.72~1.29 | (19→14=1.29×1) (-7→-24=0.72×1) (-3→-17=1.28×1) (-23→-23=1.28×1) (-6→5=1.27×1) |
| 323305 | 52 | 0.79 | 1 | 0.75~1.29 | (19→14=1.29×1) (-3→-17=1.28×1) (-23→-23=1.28×1) (-6→5=1.27×1) (-8→-28=0.75×1) |
| 323316 | 52 | 0.79 | 1 | 0.75~1.29 | (19→14=1.29×1) (-3→-17=1.28×1) (-23→-23=1.28×1) (-6→5=1.27×1) (-8→-28=0.75×1) |
| 323326 | 52 | 0.67 | 1 | 0.75~1.29 | (19→14=1.29×1) (-3→-17=1.28×1) (-6→5=1.27×1) (-8→-28=0.75×1) (5→31=0.75×1) |
| 323336 | 52 | 0.50 | 1 | 0.72~1.29 | (19→14=1.29×1) (9→-8=0.72×1) (-3→-17=1.28×1) (-8→-28=0.75×1) (5→31=0.75×1) |
| 323347 | 53 | 0.49 | 1 | 0.72~1.29 | (19→14=1.29×1) (9→-8=0.72×1) (-3→-17=1.28×1) (-8→-28=0.75×1) (5→31=0.75×1) |
| 323357 | 51 | 0.45 | 1 | 0.72~1.25 | (9→-8=0.72×1) (-8→-28=0.75×1) (5→31=0.75×1) (15→-12=1.25×1) (-20→-27=0.77×1) |
| 323367 | 52 | 0.44 | 1 | 0.71~1.30 | (-20→-7=1.30×1) (-5→-19=0.71×1) (-6→4=1.29×1) (9→-8=0.72×1) (-8→-28=0.75×1) |
| 323378 | 56 | 0.66 | 1 | 0.71~1.30 | (-20→-7=1.30×1) (-5→-19=0.71×1) (-6→4=1.29×1) (9→-8=0.72×1) (-8→-28=0.75×1) |
| 323388 | 57 | 0.77 | 1 | 0.71~1.30 | (-20→-7=1.30×1) (-1→-28=1.30×1) (-5→-19=0.71×1) (-6→4=1.29×1) (9→-8=0.72×1) |
| 323398 | 59 | 0.83 | 1 | 0.71~1.30 | (-20→-7=1.30×1) (-1→-28=1.30×1) (-5→-19=0.71×1) (-6→4=1.29×1) (9→-8=0.72×1) |
| 323409 | 65 | 0.89 | 1 | 0.71~1.30 | (-20→-7=1.30×1) (-1→-28=1.30×1) (-5→-19=0.71×1) (-6→4=1.29×1) (-7→20=0.71×1) |
| 323419 | 65 | 1.02 | 2 | 0.71~1.30 | (-20→-7=1.30×1) (-1→-28=1.30×1) (-5→-19=0.71×1) (-6→4=1.29×1) (-7→20=0.71×1) |
| 323429 | 64 | 0.88 | 2 | 0.71~1.30 | (-20→-7=1.30×1) (-1→-28=1.30×1) (-5→-19=0.71×1) (-6→4=1.29×1) (-7→20=0.71×1) |
| 323440 | 64 | 0.86 | 2 | 0.71~1.30 | (-20→-7=1.30×1) (-1→-28=1.30×1) (-5→-19=0.71×1) (-6→4=1.29×1) (-7→20=0.71×1) |
| 323450 | 64 | 0.84 | 2 | 0.71~1.30 | (-20→-7=1.30×1) (-1→-28=1.30×1) (-5→-19=0.71×1) (-6→4=1.29×1) (-7→20=0.71×1) |
| 323460 | 61 | 0.77 | 2 | 0.71~1.30 | (-20→-7=1.30×1) (-1→-28=1.30×1) (-5→-19=0.71×1) (-6→4=1.29×1) (-7→20=0.71×1) |
| 323471 | 59 | 0.66 | 1 | 0.71~1.30 | (-20→-7=1.30×1) (-1→-28=1.30×1) (-5→-19=0.71×1) (-6→4=1.29×1) (9→-8=0.72×2) |
| 323481 | 53 | 0.55 | 1 | 0.71~1.30 | (-20→-7=1.30×1) (-5→-19=0.71×1) (9→-8=0.72×2) (18→20=1.26×1) (-21→-9=0.79×1) |
| 323491 | 50 | 0.54 | 1 | 0.71~1.30 | (-20→-7=1.30×1) (-5→-19=0.71×1) (9→-8=0.72×2) (18→20=1.26×1) (-21→-9=0.79×1) |
| 323502 | 51 | 0.55 | 1 | 0.71~1.30 | (-20→-7=1.30×1) (-5→-19=0.71×1) (6→-21=1.29×1) (9→-8=0.72×2) (-15→-10=1.26×1) |
| 323512 | 52 | 0.54 | 1 | 0.71~1.30 | (-20→-7=1.30×1) (-5→-19=0.71×1) (6→-21=1.29×1) (9→-8=0.72×2) (-15→-10=1.26×1) |
| 323522 | 51 | 0.53 | 1 | 0.71~1.30 | (-20→-7=1.30×1) (-5→-19=0.71×1) (6→-21=1.29×1) (13→29=1.28×1) (9→-8=0.72×2) |
| 323533 | 53 | 0.68 | 1 | 0.71~1.31 | (-20→-7=1.30×1) (-5→-19=0.71×1) (13→29=1.29×2) (-6→27=1.29×1) (6→-21=1.29×1) |
| 323543 | 55 | 0.64 | 1 | 0.71~1.31 | (-15→25=0.71×1) (13→29=1.29×2) (-6→27=1.29×1) (6→-21=1.29×1) (7→23=1.28×1) |
| 323553 | 55 | 0.58 | 1 | 0.71~1.29 | (-15→25=0.71×1) (-6→27=1.29×1) (6→-21=1.29×1) (7→23=1.28×1) (13→29=1.28×1) |
| 323564 | 56 | 0.59 | 1 | 0.71~1.29 | (-15→25=0.71×1) (-6→27=1.29×1) (6→-21=1.29×1) (7→23=1.28×1) (13→29=1.28×1) |
| 323574 | 57 | 0.54 | 1 | 0.71~1.29 | (-15→25=0.71×1) (6→-21=1.29×1) (7→23=1.28×1) (13→29=1.28×1) (9→-8=0.72×2) |
| 323584 | 58 | 0.53 | 1 | 0.71~1.29 | (-15→25=0.71×1) (6→-21=1.29×1) (7→23=1.28×1) (13→29=1.28×1) (9→-8=0.72×2) |
| 323595 | 60 | 0.48 | 1 | 0.72~1.29 | (6→-21=1.29×1) (7→23=1.28×1) (13→29=1.28×1) (9→-8=0.72×2) (-15→-10=1.26×1) |
| 323605 | 59 | 0.49 | 1 | 0.72~1.29 | (6→-21=1.29×1) (7→23=1.28×1) (13→29=1.28×1) (9→-8=0.72×2) (-15→-10=1.26×1) |
| 323615 | 60 | 0.52 | 1 | 0.72~1.29 | (6→-21=1.29×1) (7→23=1.28×1) (13→29=1.28×1) (9→-8=0.72×2) (-15→-10=1.26×1) |
| 323626 | 64 | 0.73 | 1 | 0.71~1.30 | (6→-21=1.29×1) (7→23=1.28×1) (9→-8=0.72×2) (-11→-13=1.27×3) (-15→-10=1.26×1) |
| 323636 | 63 | 0.78 | 1 | 0.71~1.30 | (6→-21=1.29×1) (7→23=1.28×1) (9→-8=0.72×2) (-1→24=1.28×1) (-11→-13=1.27×3) |
| 323646 | 65 | 0.72 | 1 | 0.71~1.30 | (6→-21=1.29×1) (7→23=1.28×1) (9→-8=0.72×2) (-1→24=1.28×1) (-11→-13=1.27×3) |
| 323657 | 65 | 0.66 | 1 | 0.72~1.39 | (-11→-15=1.29×3) (6→-21=1.29×1) (7→23=1.28×1) (-11→-13=1.28×2) (9→-8=0.72×2) |
| 323667 | 66 | 0.67 | 1 | 0.72~1.39 | (-11→-15=1.29×3) (6→-21=1.29×1) (7→23=1.28×1) (-11→-13=1.28×2) (9→-8=0.72×2) |
| 323677 | 63 | 0.68 | 1 | 0.72~1.39 | (-11→-15=1.29×3) (6→-21=1.29×1) (7→23=1.28×1) (-11→-13=1.28×2) (9→-8=0.72×2) |
| 323688 | 63 | 0.70 | 1 | 0.72~1.39 | (6→-21=1.29×1) (-11→-15=1.29×4) (-11→-13=1.28×1) (9→-8=0.72×2) (-1→24=1.28×1) |
| 323698 | 59 | 0.69 | 1 | 0.72~1.39 | (6→-21=1.29×1) (-11→-15=1.29×4) (-11→-13=1.28×1) (9→-8=0.72×2) (-1→24=1.28×1) |
| 323708 | 62 | 0.71 | 1 | 0.72~1.39 | (6→-21=1.29×1) (-11→-15=1.29×4) (-11→-13=1.28×1) (9→-8=0.72×2) (-1→24=1.28×1) |
| 323719 | 58 | 0.71 | 1 | 0.72~1.39 | (6→-21=1.29×1) (-11→-15=1.29×4) (9→-8=0.72×2) (-1→24=1.28×1) (3→-28=0.72×1) |
| 323729 | 58 | 0.83 | 1 | 0.72~1.39 | (6→-21=1.29×1) (-11→-15=1.29×4) (13→24=1.28×1) (9→-8=0.72×2) (-1→24=1.28×1) |
| 323739 | 58 | 0.83 | 1 | 0.72~1.39 | (-11→-15=1.29×3) (6→-21=1.29×1) (13→24=1.28×1) (9→-8=0.72×2) (-1→24=1.28×1) |
| 323750 | 56 | 0.86 | 1 | 0.72~1.39 | (-11→-15=1.29×2) (6→-21=1.29×1) (13→24=1.28×1) (3→-28=0.72×1) (9→-8=0.73×1) |
| 323760 | 55 | 0.84 | 1 | 0.72~1.39 | (-11→-15=1.29×2) (6→-21=1.29×1) (13→24=1.28×1) (3→-28=0.72×1) (9→-8=0.73×1) |
| 323770 | 55 | 0.85 | 1 | 0.73~1.39 | (-11→-15=1.29×2) (6→-21=1.29×1) (13→24=1.28×1) (9→-8=0.73×1) (-12→24=1.27×1) |
| 323781 | 53 | 0.72 | 1 | 0.73~1.30 | (13→24=1.28×1) (9→-8=0.73×1) (-12→24=1.27×1) (-20→29=1.27×1) (-11→5=1.24×2) |
| 323791 | 55 | 0.76 | 1 | 0.73~1.30 | (13→24=1.28×1) (9→-8=0.73×1) (-12→24=1.27×1) (-20→29=1.27×1) (-10→-25=0.76×1) |
| 323801 | 57 | 0.75 | 1 | 0.73~1.30 | (13→24=1.28×1) (9→-8=0.73×1) (-12→24=1.27×1) (-20→29=1.27×1) (-10→-25=0.76×1) |
| 323812 | 59 | 0.93 | 2 | 0.73~1.30 | (13→24=1.28×1) (9→-8=0.73×1) (-20→29=1.27×1) (-12→24=1.26×2) (-10→-25=0.76×1) |
| 323822 | 62 | 0.97 | 2 | 0.73~1.30 | (13→24=1.28×1) (9→-8=0.73×1) (22→-28=1.27×1) (-20→29=1.27×1) (-12→24=1.26×2) |
| 323832 | 63 | 0.98 | 2 | 0.73~1.30 | (13→24=1.28×1) (9→-8=0.73×1) (22→-28=1.27×1) (-20→29=1.27×1) (-12→24=1.26×2) |
| 323843 | 67 | 1.00 | 2 | 0.73~1.30 | (-6→25=1.30×1) (13→24=1.28×1) (9→-8=0.73×1) (22→-28=1.27×1) (-20→29=1.27×1) |
| 323853 | 69 | 1.30 | 2 | 0.73~1.30 | (-6→25=1.30×1) (13→24=1.28×1) (9→-8=0.73×1) (22→-28=1.27×1) (-12→24=1.27×1) |
| 323863 | 68 | 1.19 | 2 | 0.71~1.30 | (-6→25=1.30×1) (23→-30=0.71×1) (13→24=1.28×1) (9→-8=0.73×1) (22→-28=1.27×1) |
| 323874 | 66 | 1.27 | 2 | 0.71~1.30 | (-6→25=1.30×1) (23→-30=0.71×1) (13→24=1.28×1) (9→-8=0.73×1) (16→-7=1.27×3) |
| 323884 | 71 | 1.39 | 2 | 0.71~1.30 | (-6→25=1.30×1) (8→-14=1.30×1) (23→-30=0.71×1) (13→24=1.28×1) (9→-8=0.73×1) |
| 323894 | 69 | 1.30 | 2 | 0.73~1.30 | (-6→25=1.30×1) (8→-14=1.30×1) (13→24=1.28×1) (9→-8=0.73×1) (16→-7=1.27×3) |
| 323905 | 71 | 1.25 | 1 | 0.72~1.30 | (-6→25=1.30×1) (8→-14=1.30×1) (16→29=0.72×1) (13→24=1.28×1) (16→-7=1.28×2) |
| 323915 | 69 | 1.16 | 1 | 0.72~1.30 | (-6→25=1.30×1) (8→-14=1.30×1) (-15→24=1.29×1) (16→29=0.72×1) (13→24=1.28×1) |
| 323925 | 72 | 1.15 | 1 | 0.72~1.30 | (8→-14=1.30×1) (16→29=0.72×1) (-15→24=1.28×2) (13→24=1.28×1) (9→-8=0.73×1) |
| 323936 | 69 | 1.07 | 1 | 0.73~1.30 | (8→-14=1.30×1) (-15→24=1.28×2) (13→24=1.28×1) (9→-8=0.73×1) (16→-7=1.27×1) |
| 323946 | 64 | 0.97 | 1 | 0.73~1.30 | (8→-14=1.30×1) (-15→24=1.28×2) (13→24=1.28×1) (9→-8=0.73×1) (16→-7=1.27×1) |
| 323956 | 63 | 1.05 | 1 | 0.73~1.30 | (8→-14=1.30×1) (-15→24=1.28×2) (9→-8=0.73×1) (16→-7=1.27×1) (22→-28=1.27×1) |
| 323967 | 62 | 0.98 | 1 | 0.73~1.30 | (8→-14=1.30×1) (-16→-13=1.29×1) (-15→24=1.28×2) (9→-8=0.73×1) (16→-7=1.27×1) |
| 323977 | 56 | 0.79 | 1 | 0.73~1.30 | (-15→24=1.29×1) (-16→-13=1.29×1) (9→-8=0.73×1) (22→-28=1.27×1) (7→26=0.75×1) |
| 323987 | 57 | 0.86 | 1 | 0.73~1.30 | (-15→24=1.29×1) (-16→-13=1.29×1) (9→-8=0.73×1) (22→-28=1.27×1) (7→26=0.75×1) |
| 323998 | 57 | 0.82 | 1 | 0.73~1.30 | (-15→24=1.29×1) (-16→-13=1.29×1) (9→-8=0.73×1) (22→-28=1.27×1) (7→26=0.75×1) |
| 324008 | 57 | 0.82 | 1 | 0.73~1.30 | (-15→24=1.29×1) (-16→-13=1.29×1) (9→-8=0.73×1) (22→-28=1.27×1) (7→26=0.75×1) |
| 324018 | 55 | 0.69 | 1 | 0.73~1.30 | (-15→24=1.29×1) (-16→-13=1.29×1) (9→-8=0.73×1) (17→-23=0.73×1) (22→-28=1.27×1) |
| 324029 | 54 | 0.81 | 2 | 0.73~1.30 | (-15→24=1.29×1) (-16→-13=1.29×1) (9→-8=0.73×1) (17→-23=0.73×1) (22→-28=1.27×1) |
| 324039 | 53 | 0.77 | 2 | 0.73~1.30 | (-15→24=1.29×1) (-16→-13=1.29×1) (9→-8=0.73×1) (17→-23=0.73×1) (22→-28=1.27×1) |
| 324049 | 56 | 0.79 | 2 | 0.73~1.30 | (-15→24=1.29×1) (-16→-13=1.29×1) (9→-8=0.73×1) (17→-23=0.73×1) (22→-28=1.27×1) |
| 324060 | 56 | 0.70 | 1 | 0.73~1.30 | (-15→24=1.29×1) (-16→-13=1.29×1) (9→-8=0.73×1) (17→-23=0.73×1) (22→-28=1.27×1) |
| 324070 | 59 | 0.86 | 1 | 0.73~1.30 | (-15→24=1.29×1) (-16→-13=1.29×1) (9→-8=0.73×1) (17→-23=0.73×1) (22→-28=1.27×1) |
| 324080 | 57 | 0.96 | 1 | 0.73~1.30 | (-16→-13=1.29×1) (9→-8=0.73×1) (17→-23=0.73×1) (22→-28=1.27×1) (15→13=0.73×1) |
| 324091 | 56 | 0.95 | 1 | 0.73~1.30 | (-16→-13=1.29×1) (9→-8=0.73×1) (17→-23=0.73×1) (22→-28=1.27×1) (7→26=0.75×1) |
| 324101 | 58 | 0.93 | 1 | 0.73~1.31 | (-16→-13=1.29×1) (9→-8=0.73×1) (17→-23=0.73×1) (22→-28=1.27×1) (-24→2=0.73×1) |
| 324111 | 57 | 0.88 | 1 | 0.73~1.31 | (-16→-13=1.29×1) (9→-8=0.73×1) (17→-23=0.73×1) (22→-28=1.27×1) (-24→2=0.73×1) |
| 324122 | 56 | 0.80 | 1 | 0.73~1.31 | (-16→-13=1.29×1) (9→-8=0.73×1) (17→-23=0.73×1) (22→-28=1.27×1) (-24→2=0.73×1) |
| 324132 | 58 | 0.79 | 1 | 0.73~1.31 | (-16→-13=1.29×1) (9→-8=0.73×1) (17→-23=0.73×1) (22→-28=1.27×1) (-24→2=0.73×1) |
| 324142 | 57 | 0.77 | 1 | 0.73~1.31 | (12→13=1.29×1) (-16→-13=1.29×1) (9→-8=0.73×1) (17→-23=0.73×1) (22→-28=1.27×1) |
| 324153 | 55 | 0.75 | 1 | 0.73~1.31 | (-11→5=1.30×1) (12→13=1.29×1) (-16→-13=1.29×1) (9→-8=0.73×1) (17→-23=0.73×1) |
| 324163 | 55 | 0.69 | 1 | 0.73~1.30 | (-11→5=1.30×1) (12→13=1.29×1) (-16→-13=1.29×1) (9→-8=0.73×1) (17→-23=0.73×1) |
| 324173 | 55 | 0.67 | 1 | 0.73~1.30 | (-11→5=1.30×1) (12→13=1.29×1) (9→-8=0.73×1) (17→-23=0.73×1) (22→-28=1.27×1) |
| 324184 | 57 | 0.60 | 1 | 0.73~1.30 | (-11→5=1.30×1) (12→13=1.29×1) (9→-8=0.73×1) (22→-28=1.27×1) (21→15=0.74×1) |
| 324194 | 60 | 0.63 | 1 | 0.73~1.30 | (-11→5=1.30×1) (12→13=1.29×1) (18→-27=0.73×1) (9→-8=0.73×1) (22→-28=1.27×1) |
| 324204 | 58 | 0.66 | 1 | 0.73~1.30 | (-11→5=1.30×1) (12→13=1.29×1) (18→-27=0.73×1) (9→-8=0.73×1) (22→-28=1.27×1) |
| 324215 | 56 | 0.62 | 1 | 0.73~1.30 | (-11→5=1.30×1) (12→13=1.29×1) (18→-27=0.73×1) (9→-8=0.73×1) (22→-28=1.27×1) |
| 324225 | 55 | 0.56 | 1 | 0.73~1.30 | (-11→5=1.30×1) (12→13=1.29×1) (18→-27=0.73×1) (9→-8=0.73×1) (22→-28=1.27×1) |
| 324235 | 59 | 0.64 | 1 | 0.73~1.30 | (-11→5=1.30×1) (12→13=1.29×1) (23→4=1.27×1) (18→-27=0.73×1) (9→-8=0.73×1) |
| 324246 | 60 | 0.65 | 1 | 0.73~1.30 | (-11→5=1.30×1) (12→13=1.29×1) (23→4=1.27×1) (18→-27=0.73×1) (9→-8=0.73×1) |
| 324256 | 59 | 0.69 | 1 | 0.73~1.30 | (-11→5=1.30×1) (12→13=1.29×1) (18→-27=0.73×1) (9→-8=0.73×1) (22→-28=1.27×1) |
| 324266 | 57 | 0.58 | 1 | 0.73~1.30 | (-11→5=1.30×1) (12→13=1.29×1) (9→-8=0.73×1) (22→-28=1.27×1) (22→19=1.25×1) |
| 324277 | 60 | 0.60 | 1 | 0.73~1.30 | (-11→5=1.30×1) (12→13=1.29×1) (9→-8=0.73×1) (22→-28=1.27×1) (22→19=1.25×1) |
| 324287 | 58 | 0.57 | 1 | 0.73~1.30 | (-11→5=1.30×1) (12→13=1.29×1) (9→-8=0.73×1) (22→-28=1.27×1) (-16→1=1.24×1) |
| 324297 | 54 | 0.48 | 1 | 0.73~1.30 | (-11→5=1.30×1) (12→13=1.29×1) (9→-8=0.73×1) (22→-28=1.27×1) (-16→1=1.24×1) |
| 324308 | 55 | 0.56 | 1 | 0.73~1.30 | (-11→5=1.30×1) (12→13=1.29×1) (9→-8=0.73×1) (22→-28=1.27×1) (-16→1=1.24×1) |
| 324318 | 59 | 0.81 | 1 | 0.65~1.30 | (-2→14=0.68×3) (-11→5=1.30×1) (12→13=1.29×1) (9→-8=0.73×1) (22→-28=1.27×1) |
| 324328 | 58 | 0.90 | 1 | 0.66~1.30 | (-2→14=0.69×2) (-22→-6=0.70×1) (-11→5=1.30×1) (12→13=1.29×1) (9→-8=0.73×1) |
| 324339 | 58 | 0.90 | 1 | 0.66~1.30 | (-2→14=0.69×2) (-22→-6=0.70×1) (-11→5=1.30×1) (12→13=1.29×1) (9→-8=0.73×1) |
| 324349 | 59 | 1.00 | 1 | 0.66~1.30 | (-2→14=0.69×2) (-22→-6=0.70×1) (-11→5=1.30×1) (12→13=1.29×1) (9→-8=0.73×1) |
| 324359 | 58 | 0.86 | 1 | 0.70~1.30 | (-22→-6=0.70×1) (-11→5=1.30×1) (-2→14=0.72×1) (9→-8=0.73×1) (-5→20=1.26×1) |
| 324370 | 56 | 0.95 | 1 | 0.70~1.30 | (-22→-6=0.70×1) (-11→5=1.30×1) (-2→14=0.72×1) (6→-23=0.73×1) (9→-8=0.73×1) |
| 324380 | 53 | 0.94 | 1 | 0.70~1.30 | (-22→-6=0.70×1) (-11→5=1.30×1) (6→-23=0.73×1) (9→-8=0.73×1) (-22→31=1.27×1) |
| 324390 | 52 | 0.79 | 1 | 0.70~1.30 | (-22→-6=0.70×1) (-11→5=1.30×1) (6→-23=0.73×1) (9→-8=0.73×1) (-22→31=1.27×1) |
| 324401 | 51 | 0.71 | 1 | 0.70~1.30 | (10→16=0.70×1) (-22→-6=0.70×1) (-11→5=1.30×1) (6→-23=0.73×1) (9→-8=0.73×1) |
| 324411 | 55 | 0.84 | 1 | 0.70~1.30 | (10→16=0.70×1) (-22→-6=0.70×1) (-11→5=1.30×1) (6→-23=0.73×1) (9→-8=0.73×1) |
| 324421 | 56 | 0.66 | 2 | 0.70~1.30 | (-22→-6=0.70×1) (-11→5=1.30×1) (6→-23=0.73×1) (9→-8=0.73×1) (-17→21=0.74×1) |
| 324432 | 56 | 0.89 | 2 | 0.70~1.30 | (-22→-6=0.70×1) (-11→5=1.30×1) (6→-23=0.73×1) (9→-8=0.73×1) (-17→21=0.74×1) |
| 324442 | 58 | 0.78 | 1 | 0.70~1.30 | (-22→-6=0.70×1) (-11→5=1.30×1) (6→-23=0.73×1) (9→-8=0.73×1) (-17→21=0.74×1) |
| 324452 | 60 | 0.93 | 1 | 0.71~1.26 | (-4→-17=0.71×1) (6→-23=0.73×1) (9→-8=0.73×1) (-17→21=0.74×1) (-23→-7=1.26×1) |
| 324463 | 59 | 1.02 | 1 | 0.71~1.28 | (-4→-17=0.71×1) (15→26=0.71×1) (1→25=1.28×1) (6→-23=0.73×1) (9→-8=0.73×1) |
| 324473 | 63 | 1.30 | 2 | 0.71~1.30 | (14→27=1.30×1) (-4→-17=0.71×1) (15→26=0.71×1) (-10→-26=0.71×1) (1→25=1.28×1) |
| 324483 | 59 | 1.46 | 2 | 0.71~1.30 | (14→27=1.30×1) (-4→-17=0.71×1) (15→26=0.71×1) (-10→-26=0.71×1) (1→25=1.28×1) |
| 324494 | 57 | 1.42 | 2 | 0.71~1.30 | (14→27=1.30×1) (15→26=0.71×1) (-10→-26=0.71×1) (1→25=1.28×1) (16→14=0.72×1) |
| 324504 | 59 | 1.41 | 2 | 0.71~1.30 | (14→27=1.30×1) (6→15=0.71×1) (15→26=0.71×1) (-10→-26=0.71×1) (1→25=1.28×1) |
| 324514 | 60 | 1.37 | 2 | 0.71~1.30 | (14→27=1.30×1) (-23→-14=0.71×1) (6→15=0.71×1) (15→26=0.71×1) (-10→-26=0.71×1) |
| 324525 | 58 | 1.19 | 2 | 0.71~1.28 | (6→15=0.71×1) (15→26=0.71×1) (-23→-14=0.71×2) (1→25=1.28×1) (16→14=0.72×1) |
| 324535 | 61 | 1.25 | 2 | 0.70~1.28 | (11→-9=0.70×1) (6→15=0.71×1) (15→26=0.71×1) (-23→-14=0.71×2) (1→25=1.28×1) |
| 324545 | 58 | 1.28 | 2 | 0.70~1.28 | (11→-9=0.70×1) (6→15=0.71×1) (15→26=0.71×1) (-23→-14=0.71×2) (1→25=1.28×1) |
| 324556 | 58 | 1.14 | 2 | 0.70~1.28 | (11→-9=0.70×1) (6→15=0.71×1) (15→26=0.71×1) (1→25=1.28×1) (16→14=0.72×1) |
| 324566 | 53 | 0.83 | 2 | 0.70~1.28 | (11→-9=0.70×1) (6→15=0.71×1) (15→26=0.71×1) (1→25=1.28×1) (16→14=0.72×1) |
| 324576 | 54 | 0.87 | 2 | 0.70~1.28 | (11→-9=0.70×1) (6→15=0.71×1) (15→26=0.71×1) (1→25=1.28×1) (16→14=0.72×1) |
| 324587 | 55 | 0.89 | 2 | 0.70~1.28 | (11→-9=0.70×1) (6→15=0.71×1) (15→26=0.71×1) (1→25=1.28×1) (16→14=0.72×1) |
| 324597 | 50 | 0.80 | 2 | 0.71~1.28 | (6→15=0.71×1) (15→26=0.71×1) (1→25=1.28×1) (16→14=0.72×1) (-17→21=0.74×1) |
| 324607 | 52 | 0.77 | 2 | 0.71~1.29 | (6→15=0.71×1) (-20→-28=1.29×1) (15→26=0.71×1) (1→25=1.28×1) (16→14=0.72×1) |
| 324618 | 51 | 0.69 | 2 | 0.71~1.29 | (6→15=0.71×1) (-20→-28=1.29×1) (15→26=0.71×1) (1→25=1.28×1) (16→14=0.72×1) |
| 324628 | 51 | 0.94 | 2 | 0.71~1.29 | (6→15=0.71×1) (-20→-28=1.29×1) (15→26=0.71×1) (-9→5=1.29×1) (18→9=0.72×1) |
| 324638 | 51 | 1.12 | 2 | 0.71~1.29 | (6→15=0.71×1) (9→29=1.29×1) (-20→-28=1.29×1) (15→26=0.71×1) (-9→5=1.29×1) |
| 324649 | 56 | 1.12 | 2 | 0.71~1.29 | (6→15=0.71×1) (9→29=1.29×1) (-20→-28=1.29×1) (15→26=0.71×1) (-9→5=1.29×1) |
| 324659 | 57 | 1.09 | 2 | 0.71~1.29 | (6→15=0.71×1) (9→29=1.29×1) (-20→-28=1.29×1) (15→26=0.71×1) (-9→5=1.29×1) |
